[11:31:45] ═══ 尾盘战法 1000 轮自动寻参 (v2 直跑版) ═══
[11:31:45] 搜索空间: 25 种取值组合
[11:31:45] 默认参数: {'sample': 1000, 'top_n': 1, 'hold_days': 3, 'breadth_min': 0, 'breadth_min_soft': 0, 'sector_hot_topn': 0, 'sector_inflow_topn': 0, 'late_high_discount': 1.0, 'require_vwap_strict': False}
[11:31:45] 开始 1000 轮优化 (WIN_RATE_V2, 1年周期)…
[11:31:46] [预热] 跳过 5min 数据 (monkey-patch, 快模式)
2026-07-19 11:31:46,596 [INFO] CacheStore: Redis 已恢复,切回主用
[11:31:46] [预热] 获取股票列表…
[11:31:46] [预热] 预下载 500 只日线…
[11:31:55] 日线拉取 200/500, 命中 200 (9s)
[11:32:05] 日线拉取 400/500, 命中 400 (19s)
2026-07-19 11:32:10,983 [WARNING] [001248] 日线耗时 6.0s 超阈值
2026-07-19 11:32:12,231 [WARNING] [001365] 日线耗时 6.9s 超阈值
2026-07-19 11:32:16,913 [WARNING] 日线 001237 总闸 12s 超时,返 None
2026-07-19 11:32:16,913 [WARNING] [001237] 日线三级热备全部失败(耗时 12.0s)
2026-07-19 11:32:17,454 [WARNING] 日线 001393 总闸 12s 超时,返 None
2026-07-19 11:32:17,454 [WARNING] [001393] 日线三级热备全部失败(耗时 12.0s)
[11:32:17] 日线完成 498/500 (30.9s)
[11:32:17] [预热] 日线就绪 (498 只)
[11:32:17] [预热] 板块缓存预热…
[11:32:17] [预热] 补 159 只行业 (共 500 只)…
[11:32:17] [预热] 板块就绪 (159/159, 0 有行业, 0s)
[11:32:17] [预热] 就绪, 开始 1000 轮搜索
[11:32:17] [1/1000] 500_2_1_h2000_s3000_inf3…
2026-07-19 11:32:17,922 [INFO] 全量 2999 只, 主板 500 只 (采样 500)
2026-07-19 11:32:17,926 [INFO] 交易日历: 333 天 (20250306~20260717)
2026-07-19 11:32:18,265 [INFO] [REG] daily(sample=500) 数据质量: 覆盖率 100% (498/500), 空值 2 (0%), 日期跨度 2024-11-21 00:00:00 ~ 20260717 (874 天)
2026-07-19 11:32:18,624 [INFO] WIN_RATE_V2 因子 · irs=0.482 vm20=0.334 reversal=0.013
2026-07-19 11:32:18,626 [INFO] master panel: 195314 行 (codes=498)
2026-07-19 11:32:18,750 [INFO] 大盘过滤: 871 天 · 硬跳过 314 天 / 软跳过 203 天 (估算自 500 主板采样)
2026-07-19 11:32:20,169 [INFO] 板块映射: 500 只 (其中无板块 0 只)
2026-07-19 11:32:29,780 [INFO] 索引完成: 498 codes × 874 dates, 板块均值 3883 条目
2026-07-19 11:32:29,813 [INFO]   1年: 6套 267 笔, skipped={'no_pick': 12, 'no_t1': 0, 'no_panel': 0, 'breadth_low': 85, 'breadth_soft_no_hot': 6, 'index_late_down': 0, 'sector_late_down': 0, 'tail_vol_low': 0, 'vwap_below': 0, 'vwap_strict_uncovered': 0}
2026-07-19 11:32:29,814 [INFO] [回测 v4] 汇总开始 · 6套=267 累计t=11.9s
2026-07-19 11:32:29,815 [INFO] [回测 v4] 6套统计完 · t=11.9s
2026-07-19 11:32:29,822 [INFO] [回测 v4] 月度完 · 13月 · t=11.9s
2026-07-19 11:32:29,822 [INFO] [回测 v4] 退出原因完 · t=11.9s
2026-07-19 11:32:30,516 [INFO] [sector_breakdown] 耗时 0.7s, 267 笔
2026-07-19 11:32:30,518 [INFO] [回测 v4] 板块完 · 7 · t=12.6s
2026-07-19 11:32:30,519 [INFO] [回测 v4] 总评完 · t=12.6s
2026-07-19 11:32:30,519 [INFO] 回测 v4 完成: 6套 267 笔 · 12.6s · trail_80 胜率 70.41%
2026-07-19 11:32:30,519 [INFO] actual_10 跳过 (用户未开启) · t=12.6s
[11:32:30] [1/1000] ★ 新最佳: 累计532.3% 胜率70.4% 回撤-21.0% 盈亏比2.09 score=0.85 耗时13s
[11:32:30] [2/1000] 500_1_2_h1500_s3000_lhd0.5…
2026-07-19 11:32:30,843 [INFO] 全量 2999 只, 主板 500 只 (采样 500)
2026-07-19 11:32:30,847 [INFO] 交易日历: 333 天 (20250306~20260717)
2026-07-19 11:32:31,179 [INFO] [REG] daily(sample=500) 数据质量: 覆盖率 100% (498/500), 空值 2 (0%), 日期跨度 2024-11-21 00:00:00 ~ 20260717 (874 天)
2026-07-19 11:32:31,552 [INFO] WIN_RATE_V2 因子 · irs=0.482 vm20=0.334 reversal=0.013
2026-07-19 11:32:31,554 [INFO] master panel: 195314 行 (codes=498)
2026-07-19 11:32:31,640 [INFO] 大盘过滤: 871 天 · 硬跳过 229 天 / 软跳过 288 天 (估算自 500 主板采样)
2026-07-19 11:32:40,941 [INFO] 索引完成: 498 codes × 874 dates, 板块均值 0 条目
2026-07-19 11:32:40,972 [INFO]   1年: 6套 192 笔, skipped={'no_pick': 1, 'no_t1': 0, 'no_panel': 0, 'breadth_low': 55, 'breadth_soft_no_hot': 2, 'index_late_down': 0, 'sector_late_down': 0, 'tail_vol_low': 0, 'vwap_below': 0, 'vwap_strict_uncovered': 0}
2026-07-19 11:32:40,974 [INFO] [回测 v4] 汇总开始 · 6套=192 累计t=10.1s
2026-07-19 11:32:40,974 [INFO] [回测 v4] 6套统计完 · t=10.1s
2026-07-19 11:32:40,981 [INFO] [回测 v4] 月度完 · 13月 · t=10.1s
2026-07-19 11:32:40,981 [INFO] [回测 v4] 退出原因完 · t=10.1s
2026-07-19 11:32:41,505 [INFO] [sector_breakdown] 耗时 0.5s, 192 笔
2026-07-19 11:32:41,507 [INFO] [回测 v4] 板块完 · 7 · t=10.7s
2026-07-19 11:32:41,507 [INFO] [回测 v4] 总评完 · t=10.7s
2026-07-19 11:32:41,508 [INFO] 回测 v4 完成: 6套 192 笔 · 10.67s · trail_80 胜率 72.92%
2026-07-19 11:32:41,508 [INFO] actual_10 跳过 (用户未开启) · t=10.7s
[11:32:41] [3/1000] 500_5_3_h2000_s3000_top5_inf3_lhd0.7…
2026-07-19 11:32:41,845 [INFO] 全量 2999 只, 主板 500 只 (采样 500)
2026-07-19 11:32:41,850 [INFO] 交易日历: 333 天 (20250306~20260717)
2026-07-19 11:32:42,259 [INFO] [REG] daily(sample=500) 数据质量: 覆盖率 100% (498/500), 空值 2 (0%), 日期跨度 2024-11-21 00:00:00 ~ 20260717 (874 天)
2026-07-19 11:32:42,793 [INFO] WIN_RATE_V2 因子 · irs=0.482 vm20=0.334 reversal=0.013
2026-07-19 11:32:42,795 [INFO] master panel: 195314 行 (codes=498)
2026-07-19 11:32:42,919 [INFO] 大盘过滤: 871 天 · 硬跳过 314 天 / 软跳过 203 天 (估算自 500 主板采样)
2026-07-19 11:32:44,814 [INFO] 板块映射: 500 只 (其中无板块 0 只)
2026-07-19 11:32:55,158 [INFO] 索引完成: 498 codes × 874 dates, 板块均值 3883 条目
2026-07-19 11:32:55,188 [INFO]   1年: 6套 451 笔, skipped={'no_pick': 12, 'no_t1': 0, 'no_panel': 0, 'breadth_low': 85, 'breadth_soft_no_hot': 10, 'index_late_down': 0, 'sector_late_down': 0, 'tail_vol_low': 0, 'vwap_below': 0, 'vwap_strict_uncovered': 0}
2026-07-19 11:32:55,189 [INFO] [回测 v4] 汇总开始 · 6套=451 累计t=13.3s
2026-07-19 11:32:55,190 [INFO] [回测 v4] 6套统计完 · t=13.3s
2026-07-19 11:32:55,196 [INFO] [回测 v4] 月度完 · 13月 · t=13.4s
2026-07-19 11:32:55,196 [INFO] [回测 v4] 退出原因完 · t=13.4s
2026-07-19 11:32:56,339 [INFO] [sector_breakdown] 耗时 1.1s, 451 笔
2026-07-19 11:32:56,341 [INFO] [回测 v4] 板块完 · 7 · t=14.5s
2026-07-19 11:32:56,342 [INFO] [回测 v4] 总评完 · t=14.5s
2026-07-19 11:32:56,342 [INFO] 回测 v4 完成: 6套 451 笔 · 14.5s · trail_80 胜率 73.39%
2026-07-19 11:32:56,342 [INFO] actual_10 跳过 (用户未开启) · t=14.5s
[11:32:56] [3/1000] ★ 新最佳: 累计911.3% 胜率73.4% 回撤-17.8% 盈亏比2.31 score=1.69 耗时15s
[11:32:56] [4/1000] 500_3_2_h1500_s3000_top8_inf3_lhd0.7…
2026-07-19 11:32:56,664 [INFO] 全量 2999 只, 主板 500 只 (采样 500)
2026-07-19 11:32:56,668 [INFO] 交易日历: 333 天 (20250306~20260717)
2026-07-19 11:32:56,999 [INFO] [REG] daily(sample=500) 数据质量: 覆盖率 100% (498/500), 空值 2 (0%), 日期跨度 2024-11-21 00:00:00 ~ 20260717 (874 天)
2026-07-19 11:32:57,351 [INFO] WIN_RATE_V2 因子 · irs=0.482 vm20=0.334 reversal=0.013
2026-07-19 11:32:57,352 [INFO] master panel: 195314 行 (codes=498)
2026-07-19 11:32:57,447 [INFO] 大盘过滤: 871 天 · 硬跳过 229 天 / 软跳过 288 天 (估算自 500 主板采样)
2026-07-19 11:32:58,715 [INFO] 板块映射: 500 只 (其中无板块 0 只)
2026-07-19 11:33:08,497 [INFO] 索引完成: 498 codes × 874 dates, 板块均值 3883 条目
2026-07-19 11:33:08,531 [INFO]   1年: 6套 416 笔, skipped={'no_pick': 12, 'no_t1': 0, 'no_panel': 0, 'breadth_low': 55, 'breadth_soft_no_hot': 12, 'index_late_down': 0, 'sector_late_down': 0, 'tail_vol_low': 0, 'vwap_below': 0, 'vwap_strict_uncovered': 0}
2026-07-19 11:33:08,532 [INFO] [回测 v4] 汇总开始 · 6套=416 累计t=11.9s
2026-07-19 11:33:08,533 [INFO] [回测 v4] 6套统计完 · t=11.9s
2026-07-19 11:33:08,540 [INFO] [回测 v4] 月度完 · 13月 · t=11.9s
2026-07-19 11:33:08,540 [INFO] [回测 v4] 退出原因完 · t=11.9s
2026-07-19 11:33:09,667 [INFO] [sector_breakdown] 耗时 1.1s, 416 笔
2026-07-19 11:33:09,670 [INFO] [回测 v4] 板块完 · 7 · t=13.0s
2026-07-19 11:33:09,671 [INFO] [回测 v4] 总评完 · t=13.0s
2026-07-19 11:33:09,671 [INFO] 回测 v4 完成: 6套 416 笔 · 13.01s · trail_80 胜率 72.84%
2026-07-19 11:33:09,671 [INFO] actual_10 跳过 (用户未开启) · t=13.0s
[11:33:09] [5/1000] 500_4_2_h1500_lhd0.5…
2026-07-19 11:33:09,999 [INFO] 全量 2999 只, 主板 500 只 (采样 500)
2026-07-19 11:33:10,003 [INFO] 交易日历: 333 天 (20250306~20260717)
2026-07-19 11:33:10,325 [INFO] [REG] daily(sample=500) 数据质量: 覆盖率 100% (498/500), 空值 2 (0%), 日期跨度 2024-11-21 00:00:00 ~ 20260717 (874 天)
2026-07-19 11:33:10,697 [INFO] WIN_RATE_V2 因子 · irs=0.482 vm20=0.334 reversal=0.013
2026-07-19 11:33:10,699 [INFO] master panel: 195314 行 (codes=498)
2026-07-19 11:33:10,771 [INFO] 大盘过滤: 871 天 · 硬跳过 229 天 / 软跳过 0 天 (估算自 500 主板采样)
2026-07-19 11:33:20,221 [INFO] 索引完成: 498 codes × 874 dates, 板块均值 0 条目
2026-07-19 11:33:20,251 [INFO]   1年: 6套 681 笔, skipped={'no_pick': 3, 'no_t1': 0, 'no_panel': 0, 'breadth_low': 55, 'breadth_soft_no_hot': 0, 'index_late_down': 0, 'sector_late_down': 0, 'tail_vol_low': 0, 'vwap_below': 0, 'vwap_strict_uncovered': 0}
2026-07-19 11:33:20,253 [INFO] [回测 v4] 汇总开始 · 6套=681 累计t=10.3s
2026-07-19 11:33:20,253 [INFO] [回测 v4] 6套统计完 · t=10.3s
2026-07-19 11:33:20,260 [INFO] [回测 v4] 月度完 · 13月 · t=10.3s
2026-07-19 11:33:20,260 [INFO] [回测 v4] 退出原因完 · t=10.3s
2026-07-19 11:33:22,249 [INFO] [sector_breakdown] 耗时 2.0s, 681 笔
2026-07-19 11:33:22,252 [INFO] [回测 v4] 板块完 · 7 · t=12.3s
2026-07-19 11:33:22,252 [INFO] [回测 v4] 总评完 · t=12.3s
2026-07-19 11:33:22,252 [INFO] equity_curve 采样 681 点 (step=1)
2026-07-19 11:33:22,252 [INFO] 回测 v4 完成: 6套 681 笔 · 12.26s · trail_80 胜率 74.89%
2026-07-19 11:33:22,252 [INFO] actual_10 跳过 (用户未开启) · t=12.3s
[11:33:22] [6/1000] 500_2_1_h2000_s3000_top8_lhd0.5…
2026-07-19 11:33:22,548 [INFO] 全量 2999 只, 主板 500 只 (采样 500)
2026-07-19 11:33:22,552 [INFO] 交易日历: 333 天 (20250306~20260717)
2026-07-19 11:33:22,887 [INFO] [REG] daily(sample=500) 数据质量: 覆盖率 100% (498/500), 空值 2 (0%), 日期跨度 2024-11-21 00:00:00 ~ 20260717 (874 天)
2026-07-19 11:33:23,230 [INFO] WIN_RATE_V2 因子 · irs=0.482 vm20=0.334 reversal=0.013
2026-07-19 11:33:23,231 [INFO] master panel: 195314 行 (codes=498)
2026-07-19 11:33:23,338 [INFO] 大盘过滤: 871 天 · 硬跳过 314 天 / 软跳过 203 天 (估算自 500 主板采样)
2026-07-19 11:33:24,786 [INFO] 板块映射: 500 只 (其中无板块 0 只)
2026-07-19 11:33:34,190 [INFO] 索引完成: 498 codes × 874 dates, 板块均值 3883 条目
2026-07-19 11:33:34,219 [INFO]   1年: 6套 321 笔, skipped={'no_pick': 1, 'no_t1': 0, 'no_panel': 0, 'breadth_low': 85, 'breadth_soft_no_hot': 0, 'index_late_down': 0, 'sector_late_down': 0, 'tail_vol_low': 0, 'vwap_below': 0, 'vwap_strict_uncovered': 0}
2026-07-19 11:33:34,220 [INFO] [回测 v4] 汇总开始 · 6套=321 累计t=11.7s
2026-07-19 11:33:34,221 [INFO] [回测 v4] 6套统计完 · t=11.7s
2026-07-19 11:33:34,228 [INFO] [回测 v4] 月度完 · 13月 · t=11.7s
2026-07-19 11:33:34,228 [INFO] [回测 v4] 退出原因完 · t=11.7s
2026-07-19 11:33:35,121 [INFO] [sector_breakdown] 耗时 0.9s, 321 笔
2026-07-19 11:33:35,123 [INFO] [回测 v4] 板块完 · 7 · t=12.6s
2026-07-19 11:33:35,124 [INFO] [回测 v4] 总评完 · t=12.6s
2026-07-19 11:33:35,124 [INFO] 回测 v4 完成: 6套 321 笔 · 12.58s · trail_80 胜率 73.52%
2026-07-19 11:33:35,124 [INFO] actual_10 跳过 (用户未开启) · t=12.6s
[11:33:35] [7/1000] 500_3_1_h2000_s3000_top5_inf3_lhd0.7…
2026-07-19 11:33:35,453 [INFO] 全量 2999 只, 主板 500 只 (采样 500)
2026-07-19 11:33:35,457 [INFO] 交易日历: 333 天 (20250306~20260717)
2026-07-19 11:33:35,822 [INFO] [REG] daily(sample=500) 数据质量: 覆盖率 100% (498/500), 空值 2 (0%), 日期跨度 2024-11-21 00:00:00 ~ 20260717 (874 天)
2026-07-19 11:33:36,168 [INFO] WIN_RATE_V2 因子 · irs=0.482 vm20=0.334 reversal=0.013
2026-07-19 11:33:36,170 [INFO] master panel: 195314 行 (codes=498)
2026-07-19 11:33:36,265 [INFO] 大盘过滤: 871 天 · 硬跳过 314 天 / 软跳过 203 天 (估算自 500 主板采样)
2026-07-19 11:33:37,604 [INFO] 板块映射: 500 只 (其中无板块 0 只)
2026-07-19 11:33:47,241 [INFO] 索引完成: 498 codes × 874 dates, 板块均值 3883 条目
2026-07-19 11:33:47,270 [INFO]   1年: 6套 349 笔, skipped={'no_pick': 12, 'no_t1': 0, 'no_panel': 0, 'breadth_low': 85, 'breadth_soft_no_hot': 10, 'index_late_down': 0, 'sector_late_down': 0, 'tail_vol_low': 0, 'vwap_below': 0, 'vwap_strict_uncovered': 0}
2026-07-19 11:33:47,271 [INFO] [回测 v4] 汇总开始 · 6套=349 累计t=11.8s
2026-07-19 11:33:47,272 [INFO] [回测 v4] 6套统计完 · t=11.8s
2026-07-19 11:33:47,279 [INFO] [回测 v4] 月度完 · 13月 · t=11.8s
2026-07-19 11:33:47,279 [INFO] [回测 v4] 退出原因完 · t=11.8s
2026-07-19 11:33:48,194 [INFO] [sector_breakdown] 耗时 0.9s, 349 笔
2026-07-19 11:33:48,196 [INFO] [回测 v4] 板块完 · 7 · t=12.7s
2026-07-19 11:33:48,196 [INFO] [回测 v4] 总评完 · t=12.7s
2026-07-19 11:33:48,196 [INFO] 回测 v4 完成: 6套 349 笔 · 12.75s · trail_80 胜率 72.78%
2026-07-19 11:33:48,196 [INFO] actual_10 跳过 (用户未开启) · t=12.7s
[11:33:48] [8/1000] 500_3_3_h1500_inf3_lhd0.5…
2026-07-19 11:33:48,503 [INFO] 全量 2999 只, 主板 500 只 (采样 500)
2026-07-19 11:33:48,507 [INFO] 交易日历: 333 天 (20250306~20260717)
2026-07-19 11:33:48,820 [INFO] [REG] daily(sample=500) 数据质量: 覆盖率 100% (498/500), 空值 2 (0%), 日期跨度 2024-11-21 00:00:00 ~ 20260717 (874 天)
2026-07-19 11:33:49,183 [INFO] WIN_RATE_V2 因子 · irs=0.482 vm20=0.334 reversal=0.013
2026-07-19 11:33:49,184 [INFO] master panel: 195314 行 (codes=498)
2026-07-19 11:33:49,278 [INFO] 大盘过滤: 871 天 · 硬跳过 229 天 / 软跳过 0 天 (估算自 500 主板采样)
2026-07-19 11:33:50,506 [INFO] 板块映射: 500 只 (其中无板块 0 只)
2026-07-19 11:33:59,630 [INFO] 索引完成: 498 codes × 874 dates, 板块均值 3883 条目
2026-07-19 11:33:59,657 [INFO]   1年: 6套 416 笔, skipped={'no_pick': 24, 'no_t1': 0, 'no_panel': 0, 'breadth_low': 55, 'breadth_soft_no_hot': 0, 'index_late_down': 0, 'sector_late_down': 0, 'tail_vol_low': 0, 'vwap_below': 0, 'vwap_strict_uncovered': 0}
2026-07-19 11:33:59,658 [INFO] [回测 v4] 汇总开始 · 6套=416 累计t=11.2s
2026-07-19 11:33:59,659 [INFO] [回测 v4] 6套统计完 · t=11.2s
2026-07-19 11:33:59,665 [INFO] [回测 v4] 月度完 · 13月 · t=11.2s
2026-07-19 11:33:59,666 [INFO] [回测 v4] 退出原因完 · t=11.2s
2026-07-19 11:34:00,752 [INFO] [sector_breakdown] 耗时 1.1s, 416 笔
2026-07-19 11:34:00,755 [INFO] [回测 v4] 板块完 · 7 · t=12.3s
2026-07-19 11:34:00,755 [INFO] [回测 v4] 总评完 · t=12.3s
2026-07-19 11:34:00,755 [INFO] 回测 v4 完成: 6套 416 笔 · 12.25s · trail_80 胜率 72.84%
2026-07-19 11:34:00,755 [INFO] actual_10 跳过 (用户未开启) · t=12.3s
[11:34:01] [9/1000] 500_1_2_h1500_inf5_lhd0.7…
2026-07-19 11:34:01,065 [INFO] 全量 2999 只, 主板 500 只 (采样 500)
2026-07-19 11:34:01,069 [INFO] 交易日历: 333 天 (20250306~20260717)
2026-07-19 11:34:01,378 [INFO] [REG] daily(sample=500) 数据质量: 覆盖率 100% (498/500), 空值 2 (0%), 日期跨度 2024-11-21 00:00:00 ~ 20260717 (874 天)
2026-07-19 11:34:01,730 [INFO] WIN_RATE_V2 因子 · irs=0.482 vm20=0.334 reversal=0.013
2026-07-19 11:34:01,731 [INFO] master panel: 195314 行 (codes=498)
2026-07-19 11:34:01,826 [INFO] 大盘过滤: 871 天 · 硬跳过 229 天 / 软跳过 0 天 (估算自 500 主板采样)
2026-07-19 11:34:03,057 [INFO] 板块映射: 500 只 (其中无板块 0 只)
2026-07-19 11:34:12,355 [INFO] 索引完成: 498 codes × 874 dates, 板块均值 3883 条目
2026-07-19 11:34:12,381 [INFO]   1年: 6套 188 笔, skipped={'no_pick': 7, 'no_t1': 0, 'no_panel': 0, 'breadth_low': 55, 'breadth_soft_no_hot': 0, 'index_late_down': 0, 'sector_late_down': 0, 'tail_vol_low': 0, 'vwap_below': 0, 'vwap_strict_uncovered': 0}
2026-07-19 11:34:12,382 [INFO] [回测 v4] 汇总开始 · 6套=188 累计t=11.3s
2026-07-19 11:34:12,383 [INFO] [回测 v4] 6套统计完 · t=11.3s
2026-07-19 11:34:12,388 [INFO] [回测 v4] 月度完 · 13月 · t=11.3s
2026-07-19 11:34:12,388 [INFO] [回测 v4] 退出原因完 · t=11.3s
2026-07-19 11:34:12,894 [INFO] [sector_breakdown] 耗时 0.5s, 188 笔
2026-07-19 11:34:12,896 [INFO] [回测 v4] 板块完 · 7 · t=11.8s
2026-07-19 11:34:12,896 [INFO] [回测 v4] 总评完 · t=11.8s
2026-07-19 11:34:12,896 [INFO] 回测 v4 完成: 6套 188 笔 · 11.83s · trail_80 胜率 72.87%
2026-07-19 11:34:12,896 [INFO] actual_10 跳过 (用户未开启) · t=11.8s
[11:34:13] [10/1000] 500_1_1_h2000_s3000_top3_lhd0.7…
2026-07-19 11:34:13,195 [INFO] 全量 2999 只, 主板 500 只 (采样 500)
2026-07-19 11:34:13,200 [INFO] 交易日历: 333 天 (20250306~20260717)
2026-07-19 11:34:13,504 [INFO] [REG] daily(sample=500) 数据质量: 覆盖率 100% (498/500), 空值 2 (0%), 日期跨度 2024-11-21 00:00:00 ~ 20260717 (874 天)
2026-07-19 11:34:13,858 [INFO] WIN_RATE_V2 因子 · irs=0.482 vm20=0.334 reversal=0.013
2026-07-19 11:34:13,859 [INFO] master panel: 195314 行 (codes=498)
2026-07-19 11:34:13,928 [INFO] 大盘过滤: 871 天 · 硬跳过 314 天 / 软跳过 203 天 (估算自 500 主板采样)
2026-07-19 11:34:15,177 [INFO] 板块映射: 500 只 (其中无板块 0 只)
2026-07-19 11:34:24,306 [INFO] 索引完成: 498 codes × 874 dates, 板块均值 3883 条目
2026-07-19 11:34:24,330 [INFO]   1年: 6套 156 笔, skipped={'no_pick': 1, 'no_t1': 0, 'no_panel': 0, 'breadth_low': 85, 'breadth_soft_no_hot': 8, 'index_late_down': 0, 'sector_late_down': 0, 'tail_vol_low': 0, 'vwap_below': 0, 'vwap_strict_uncovered': 0}
2026-07-19 11:34:24,331 [INFO] [回测 v4] 汇总开始 · 6套=156 累计t=11.1s
2026-07-19 11:34:24,331 [INFO] [回测 v4] 6套统计完 · t=11.1s
2026-07-19 11:34:24,337 [INFO] [回测 v4] 月度完 · 13月 · t=11.1s
2026-07-19 11:34:24,338 [INFO] [回测 v4] 退出原因完 · t=11.1s
2026-07-19 11:34:24,732 [INFO] [sector_breakdown] 耗时 0.4s, 156 笔
2026-07-19 11:34:24,734 [INFO] [回测 v4] 板块完 · 7 · t=11.5s
2026-07-19 11:34:24,735 [INFO] [回测 v4] 总评完 · t=11.5s
2026-07-19 11:34:24,735 [INFO] 回测 v4 完成: 6套 156 笔 · 11.54s · trail_80 胜率 75.0%
2026-07-19 11:34:24,735 [INFO] actual_10 跳过 (用户未开启) · t=11.5s
[11:34:25] [11/1000] 500_1_1_h1500_s3000_top8…
2026-07-19 11:34:25,037 [INFO] 全量 2999 只, 主板 500 只 (采样 500)
2026-07-19 11:34:25,041 [INFO] 交易日历: 333 天 (20250306~20260717)
2026-07-19 11:34:25,350 [INFO] [REG] daily(sample=500) 数据质量: 覆盖率 100% (498/500), 空值 2 (0%), 日期跨度 2024-11-21 00:00:00 ~ 20260717 (874 天)
2026-07-19 11:34:25,722 [INFO] WIN_RATE_V2 因子 · irs=0.482 vm20=0.334 reversal=0.013
2026-07-19 11:34:25,723 [INFO] master panel: 195314 行 (codes=498)
2026-07-19 11:34:25,796 [INFO] 大盘过滤: 871 天 · 硬跳过 229 天 / 软跳过 288 天 (估算自 500 主板采样)
2026-07-19 11:34:27,044 [INFO] 板块映射: 500 只 (其中无板块 0 只)
2026-07-19 11:34:36,156 [INFO] 索引完成: 498 codes × 874 dates, 板块均值 3883 条目
2026-07-19 11:34:36,186 [INFO]   1年: 6套 192 笔, skipped={'no_pick': 1, 'no_t1': 0, 'no_panel': 0, 'breadth_low': 55, 'breadth_soft_no_hot': 2, 'index_late_down': 0, 'sector_late_down': 0, 'tail_vol_low': 0, 'vwap_below': 0, 'vwap_strict_uncovered': 0}
2026-07-19 11:34:36,187 [INFO] [回测 v4] 汇总开始 · 6套=192 累计t=11.2s
2026-07-19 11:34:36,187 [INFO] [回测 v4] 6套统计完 · t=11.2s
2026-07-19 11:34:36,193 [INFO] [回测 v4] 月度完 · 13月 · t=11.2s
2026-07-19 11:34:36,193 [INFO] [回测 v4] 退出原因完 · t=11.2s
2026-07-19 11:34:36,661 [INFO] [sector_breakdown] 耗时 0.5s, 192 笔
2026-07-19 11:34:36,664 [INFO] [回测 v4] 板块完 · 7 · t=11.6s
2026-07-19 11:34:36,664 [INFO] [回测 v4] 总评完 · t=11.6s
2026-07-19 11:34:36,664 [INFO] 回测 v4 完成: 6套 192 笔 · 11.63s · trail_80 胜率 72.92%
2026-07-19 11:34:36,664 [INFO] actual_10 跳过 (用户未开启) · t=11.6s
[11:34:36] [12/1000] 500_5_1_h2000_s3000_top5_inf3…
2026-07-19 11:34:36,961 [INFO] 全量 2999 只, 主板 500 只 (采样 500)
2026-07-19 11:34:36,965 [INFO] 交易日历: 333 天 (20250306~20260717)
2026-07-19 11:34:37,277 [INFO] [REG] daily(sample=500) 数据质量: 覆盖率 100% (498/500), 空值 2 (0%), 日期跨度 2024-11-21 00:00:00 ~ 20260717 (874 天)
2026-07-19 11:34:37,628 [INFO] WIN_RATE_V2 因子 · irs=0.482 vm20=0.334 reversal=0.013
2026-07-19 11:34:37,629 [INFO] master panel: 195314 行 (codes=498)
2026-07-19 11:34:37,704 [INFO] 大盘过滤: 871 天 · 硬跳过 314 天 / 软跳过 203 天 (估算自 500 主板采样)
2026-07-19 11:34:38,970 [INFO] 板块映射: 500 只 (其中无板块 0 只)
2026-07-19 11:34:48,430 [INFO] 索引完成: 498 codes × 874 dates, 板块均值 3883 条目
2026-07-19 11:34:48,454 [INFO]   1年: 6套 451 笔, skipped={'no_pick': 12, 'no_t1': 0, 'no_panel': 0, 'breadth_low': 85, 'breadth_soft_no_hot': 10, 'index_late_down': 0, 'sector_late_down': 0, 'tail_vol_low': 0, 'vwap_below': 0, 'vwap_strict_uncovered': 0}
2026-07-19 11:34:48,456 [INFO] [回测 v4] 汇总开始 · 6套=451 累计t=11.5s
2026-07-19 11:34:48,456 [INFO] [回测 v4] 6套统计完 · t=11.5s
2026-07-19 11:34:48,463 [INFO] [回测 v4] 月度完 · 13月 · t=11.5s
2026-07-19 11:34:48,463 [INFO] [回测 v4] 退出原因完 · t=11.5s
2026-07-19 11:34:49,589 [INFO] [sector_breakdown] 耗时 1.1s, 451 笔
2026-07-19 11:34:49,592 [INFO] [回测 v4] 板块完 · 7 · t=12.6s
2026-07-19 11:34:49,592 [INFO] [回测 v4] 总评完 · t=12.6s
2026-07-19 11:34:49,592 [INFO] 回测 v4 完成: 6套 451 笔 · 12.63s · trail_80 胜率 73.39%
2026-07-19 11:34:49,592 [INFO] actual_10 跳过 (用户未开启) · t=12.6s
[11:34:49] [12/1000] ★ 新最佳: 累计1173.1% 胜率73.4% 回撤-15.1% 盈亏比2.69 score=2.75 耗时13s
[11:34:49] [13/1000] 500_3_3_h1500_s3000_top5_inf3…
2026-07-19 11:34:49,896 [INFO] 全量 2999 只, 主板 500 只 (采样 500)
2026-07-19 11:34:49,900 [INFO] 交易日历: 333 天 (20250306~20260717)
2026-07-19 11:34:50,209 [INFO] [REG] daily(sample=500) 数据质量: 覆盖率 100% (498/500), 空值 2 (0%), 日期跨度 2024-11-21 00:00:00 ~ 20260717 (874 天)
2026-07-19 11:34:50,534 [INFO] WIN_RATE_V2 因子 · irs=0.482 vm20=0.334 reversal=0.013
2026-07-19 11:34:50,536 [INFO] master panel: 195314 行 (codes=498)
2026-07-19 11:34:50,627 [INFO] 大盘过滤: 871 天 · 硬跳过 229 天 / 软跳过 288 天 (估算自 500 主板采样)
2026-07-19 11:34:51,904 [INFO] 板块映射: 500 只 (其中无板块 0 只)
2026-07-19 11:35:01,437 [INFO] 索引完成: 498 codes × 874 dates, 板块均值 3883 条目
2026-07-19 11:35:01,464 [INFO]   1年: 6套 400 笔, skipped={'no_pick': 12, 'no_t1': 0, 'no_panel': 0, 'breadth_low': 55, 'breadth_soft_no_hot': 16, 'index_late_down': 0, 'sector_late_down': 0, 'tail_vol_low': 0, 'vwap_below': 0, 'vwap_strict_uncovered': 0}
2026-07-19 11:35:01,465 [INFO] [回测 v4] 汇总开始 · 6套=400 累计t=11.6s
2026-07-19 11:35:01,465 [INFO] [回测 v4] 6套统计完 · t=11.6s
2026-07-19 11:35:01,472 [INFO] [回测 v4] 月度完 · 13月 · t=11.6s
2026-07-19 11:35:01,472 [INFO] [回测 v4] 退出原因完 · t=11.6s
2026-07-19 11:35:02,500 [INFO] [sector_breakdown] 耗时 1.0s, 400 笔
2026-07-19 11:35:02,503 [INFO] [回测 v4] 板块完 · 7 · t=12.6s
2026-07-19 11:35:02,503 [INFO] [回测 v4] 总评完 · t=12.6s
2026-07-19 11:35:02,503 [INFO] 回测 v4 完成: 6套 400 笔 · 12.61s · trail_80 胜率 73.25%
2026-07-19 11:35:02,503 [INFO] actual_10 跳过 (用户未开启) · t=12.6s
[11:35:02] [14/1000] 500_2_3_h2000_s3000_top8_inf3_lhd0.5…
2026-07-19 11:35:02,793 [INFO] 全量 2999 只, 主板 500 只 (采样 500)
2026-07-19 11:35:02,797 [INFO] 交易日历: 333 天 (20250306~20260717)
2026-07-19 11:35:03,113 [INFO] [REG] daily(sample=500) 数据质量: 覆盖率 100% (498/500), 空值 2 (0%), 日期跨度 2024-11-21 00:00:00 ~ 20260717 (874 天)
2026-07-19 11:35:03,474 [INFO] WIN_RATE_V2 因子 · irs=0.482 vm20=0.334 reversal=0.013
2026-07-19 11:35:03,475 [INFO] master panel: 195314 行 (codes=498)
2026-07-19 11:35:03,546 [INFO] 大盘过滤: 871 天 · 硬跳过 314 天 / 软跳过 203 天 (估算自 500 主板采样)
2026-07-19 11:35:04,782 [INFO] 板块映射: 500 只 (其中无板块 0 只)
2026-07-19 11:35:14,065 [INFO] 索引完成: 498 codes × 874 dates, 板块均值 3883 条目
2026-07-19 11:35:14,089 [INFO]   1年: 6套 267 笔, skipped={'no_pick': 12, 'no_t1': 0, 'no_panel': 0, 'breadth_low': 85, 'breadth_soft_no_hot': 6, 'index_late_down': 0, 'sector_late_down': 0, 'tail_vol_low': 0, 'vwap_below': 0, 'vwap_strict_uncovered': 0}
2026-07-19 11:35:14,090 [INFO] [回测 v4] 汇总开始 · 6套=267 累计t=11.3s
2026-07-19 11:35:14,091 [INFO] [回测 v4] 6套统计完 · t=11.3s
2026-07-19 11:35:14,097 [INFO] [回测 v4] 月度完 · 13月 · t=11.3s
2026-07-19 11:35:14,097 [INFO] [回测 v4] 退出原因完 · t=11.3s
2026-07-19 11:35:14,830 [INFO] [sector_breakdown] 耗时 0.7s, 267 笔
2026-07-19 11:35:14,832 [INFO] [回测 v4] 板块完 · 7 · t=12.0s
2026-07-19 11:35:14,833 [INFO] [回测 v4] 总评完 · t=12.0s
2026-07-19 11:35:14,833 [INFO] 回测 v4 完成: 6套 267 笔 · 12.04s · trail_80 胜率 70.41%
2026-07-19 11:35:14,833 [INFO] actual_10 跳过 (用户未开启) · t=12.0s
[11:35:15] [15/1000] 500_4_1_h2000_s3000_top3_lhd0.7…
2026-07-19 11:35:15,155 [INFO] 全量 2999 只, 主板 500 只 (采样 500)
2026-07-19 11:35:15,159 [INFO] 交易日历: 333 天 (20250306~20260717)
2026-07-19 11:35:15,474 [INFO] [REG] daily(sample=500) 数据质量: 覆盖率 100% (498/500), 空值 2 (0%), 日期跨度 2024-11-21 00:00:00 ~ 20260717 (874 天)
2026-07-19 11:35:15,810 [INFO] WIN_RATE_V2 因子 · irs=0.482 vm20=0.334 reversal=0.013
2026-07-19 11:35:15,812 [INFO] master panel: 195314 行 (codes=498)
2026-07-19 11:35:15,884 [INFO] 大盘过滤: 871 天 · 硬跳过 314 天 / 软跳过 203 天 (估算自 500 主板采样)
2026-07-19 11:35:17,240 [INFO] 板块映射: 500 只 (其中无板块 0 只)
2026-07-19 11:35:26,563 [INFO] 索引完成: 498 codes × 874 dates, 板块均值 3883 条目
2026-07-19 11:35:26,590 [INFO]   1年: 6套 515 笔, skipped={'no_pick': 1, 'no_t1': 0, 'no_panel': 0, 'breadth_low': 85, 'breadth_soft_no_hot': 8, 'index_late_down': 0, 'sector_late_down': 0, 'tail_vol_low': 0, 'vwap_below': 0, 'vwap_strict_uncovered': 0}
2026-07-19 11:35:26,591 [INFO] [回测 v4] 汇总开始 · 6套=515 累计t=11.4s
2026-07-19 11:35:26,592 [INFO] [回测 v4] 6套统计完 · t=11.4s
2026-07-19 11:35:26,599 [INFO] [回测 v4] 月度完 · 13月 · t=11.4s
2026-07-19 11:35:26,599 [INFO] [回测 v4] 退出原因完 · t=11.4s
2026-07-19 11:35:27,978 [INFO] [sector_breakdown] 耗时 1.4s, 515 笔
2026-07-19 11:35:27,981 [INFO] [回测 v4] 板块完 · 7 · t=12.8s
2026-07-19 11:35:27,981 [INFO] [回测 v4] 总评完 · t=12.8s
2026-07-19 11:35:27,981 [INFO] equity_curve 采样 515 点 (step=1)
2026-07-19 11:35:27,981 [INFO] 回测 v4 完成: 6套 515 笔 · 12.83s · trail_80 胜率 74.37%
2026-07-19 11:35:27,981 [INFO] actual_10 跳过 (用户未开启) · t=12.8s
[11:35:28] [16/1000] 500_5_3_h1500_inf5_lhd0.7…
2026-07-19 11:35:28,305 [INFO] 全量 2999 只, 主板 500 只 (采样 500)
2026-07-19 11:35:28,309 [INFO] 交易日历: 333 天 (20250306~20260717)
2026-07-19 11:35:28,634 [INFO] [REG] daily(sample=500) 数据质量: 覆盖率 100% (498/500), 空值 2 (0%), 日期跨度 2024-11-21 00:00:00 ~ 20260717 (874 天)
2026-07-19 11:35:28,978 [INFO] WIN_RATE_V2 因子 · irs=0.482 vm20=0.334 reversal=0.013
2026-07-19 11:35:28,980 [INFO] master panel: 195314 行 (codes=498)
2026-07-19 11:35:29,089 [INFO] 大盘过滤: 871 天 · 硬跳过 229 天 / 软跳过 0 天 (估算自 500 主板采样)
2026-07-19 11:35:30,401 [INFO] 板块映射: 500 只 (其中无板块 0 只)
2026-07-19 11:35:39,519 [INFO] 索引完成: 498 codes × 874 dates, 板块均值 3883 条目
2026-07-19 11:35:39,548 [INFO]   1年: 6套 687 笔, skipped={'no_pick': 7, 'no_t1': 0, 'no_panel': 0, 'breadth_low': 55, 'breadth_soft_no_hot': 0, 'index_late_down': 0, 'sector_late_down': 0, 'tail_vol_low': 0, 'vwap_below': 0, 'vwap_strict_uncovered': 0}
2026-07-19 11:35:39,549 [INFO] [回测 v4] 汇总开始 · 6套=687 累计t=11.2s
2026-07-19 11:35:39,550 [INFO] [回测 v4] 6套统计完 · t=11.2s
2026-07-19 11:35:39,557 [INFO] [回测 v4] 月度完 · 13月 · t=11.3s
2026-07-19 11:35:39,557 [INFO] [回测 v4] 退出原因完 · t=11.3s
2026-07-19 11:35:41,469 [INFO] [sector_breakdown] 耗时 1.9s, 687 笔
2026-07-19 11:35:41,472 [INFO] [回测 v4] 板块完 · 7 · t=13.2s
2026-07-19 11:35:41,472 [INFO] [回测 v4] 总评完 · t=13.2s
2026-07-19 11:35:41,472 [INFO] equity_curve 采样 687 点 (step=1)
2026-07-19 11:35:41,472 [INFO] 回测 v4 完成: 6套 687 笔 · 13.17s · trail_80 胜率 74.09%
2026-07-19 11:35:41,472 [INFO] actual_10 跳过 (用户未开启) · t=13.2s
[11:35:41] [17/1000] 500_5_2_h2000_s3000_top8_inf3_lhd0.5…
2026-07-19 11:35:41,773 [INFO] 全量 2999 只, 主板 500 只 (采样 500)
2026-07-19 11:35:41,777 [INFO] 交易日历: 333 天 (20250306~20260717)
2026-07-19 11:35:42,089 [INFO] [REG] daily(sample=500) 数据质量: 覆盖率 100% (498/500), 空值 2 (0%), 日期跨度 2024-11-21 00:00:00 ~ 20260717 (874 天)
2026-07-19 11:35:42,411 [INFO] WIN_RATE_V2 因子 · irs=0.482 vm20=0.334 reversal=0.013
2026-07-19 11:35:42,412 [INFO] master panel: 195314 行 (codes=498)
2026-07-19 11:35:42,509 [INFO] 大盘过滤: 871 天 · 硬跳过 314 天 / 软跳过 203 天 (估算自 500 主板采样)
2026-07-19 11:35:43,881 [INFO] 板块映射: 500 只 (其中无板块 0 只)
2026-07-19 11:35:53,157 [INFO] 索引完成: 498 codes × 874 dates, 板块均值 3883 条目
2026-07-19 11:35:53,188 [INFO]   1年: 6套 470 笔, skipped={'no_pick': 12, 'no_t1': 0, 'no_panel': 0, 'breadth_low': 85, 'breadth_soft_no_hot': 6, 'index_late_down': 0, 'sector_late_down': 0, 'tail_vol_low': 0, 'vwap_below': 0, 'vwap_strict_uncovered': 0}
2026-07-19 11:35:53,189 [INFO] [回测 v4] 汇总开始 · 6套=470 累计t=11.4s
2026-07-19 11:35:53,190 [INFO] [回测 v4] 6套统计完 · t=11.4s
2026-07-19 11:35:53,197 [INFO] [回测 v4] 月度完 · 13月 · t=11.4s
2026-07-19 11:35:53,197 [INFO] [回测 v4] 退出原因完 · t=11.4s
2026-07-19 11:35:54,454 [INFO] [sector_breakdown] 耗时 1.3s, 470 笔
2026-07-19 11:35:54,457 [INFO] [回测 v4] 板块完 · 7 · t=12.7s
2026-07-19 11:35:54,457 [INFO] [回测 v4] 总评完 · t=12.7s
2026-07-19 11:35:54,457 [INFO] 回测 v4 完成: 6套 470 笔 · 12.69s · trail_80 胜率 72.77%
2026-07-19 11:35:54,457 [INFO] actual_10 跳过 (用户未开启) · t=12.7s
[11:35:54] [18/1000] 500_1_2_h2000_s3000_top8_inf5…
2026-07-19 11:35:54,745 [INFO] 全量 2999 只, 主板 500 只 (采样 500)
2026-07-19 11:35:54,749 [INFO] 交易日历: 333 天 (20250306~20260717)
2026-07-19 11:35:55,059 [INFO] [REG] daily(sample=500) 数据质量: 覆盖率 100% (498/500), 空值 2 (0%), 日期跨度 2024-11-21 00:00:00 ~ 20260717 (874 天)
2026-07-19 11:35:55,405 [INFO] WIN_RATE_V2 因子 · irs=0.482 vm20=0.334 reversal=0.013
2026-07-19 11:35:55,407 [INFO] master panel: 195314 行 (codes=498)
2026-07-19 11:35:55,500 [INFO] 大盘过滤: 871 天 · 硬跳过 314 天 / 软跳过 203 天 (估算自 500 主板采样)
2026-07-19 11:35:56,816 [INFO] 板块映射: 500 只 (其中无板块 0 只)
2026-07-19 11:36:06,088 [INFO] 索引完成: 498 codes × 874 dates, 板块均值 3883 条目
2026-07-19 11:36:06,113 [INFO]   1年: 6套 161 笔, skipped={'no_pick': 2, 'no_t1': 0, 'no_panel': 0, 'breadth_low': 85, 'breadth_soft_no_hot': 2, 'index_late_down': 0, 'sector_late_down': 0, 'tail_vol_low': 0, 'vwap_below': 0, 'vwap_strict_uncovered': 0}
2026-07-19 11:36:06,113 [INFO] [回测 v4] 汇总开始 · 6套=161 累计t=11.4s
2026-07-19 11:36:06,114 [INFO] [回测 v4] 6套统计完 · t=11.4s
2026-07-19 11:36:06,120 [INFO] [回测 v4] 月度完 · 13月 · t=11.4s
2026-07-19 11:36:06,120 [INFO] [回测 v4] 退出原因完 · t=11.4s
2026-07-19 11:36:06,523 [INFO] [sector_breakdown] 耗时 0.4s, 161 笔
2026-07-19 11:36:06,525 [INFO] [回测 v4] 板块完 · 7 · t=11.8s
2026-07-19 11:36:06,526 [INFO] [回测 v4] 总评完 · t=11.8s
2026-07-19 11:36:06,526 [INFO] 回测 v4 完成: 6套 161 笔 · 11.78s · trail_80 胜率 72.67%
2026-07-19 11:36:06,526 [INFO] actual_10 跳过 (用户未开启) · t=11.8s
[11:36:06] [19/1000] 500_3_1_h2000_s3000_inf5…
2026-07-19 11:36:06,824 [INFO] 全量 2999 只, 主板 500 只 (采样 500)
2026-07-19 11:36:06,828 [INFO] 交易日历: 333 天 (20250306~20260717)
2026-07-19 11:36:07,140 [INFO] [REG] daily(sample=500) 数据质量: 覆盖率 100% (498/500), 空值 2 (0%), 日期跨度 2024-11-21 00:00:00 ~ 20260717 (874 天)
2026-07-19 11:36:07,504 [INFO] WIN_RATE_V2 因子 · irs=0.482 vm20=0.334 reversal=0.013
2026-07-19 11:36:07,505 [INFO] master panel: 195314 行 (codes=498)
2026-07-19 11:36:07,575 [INFO] 大盘过滤: 871 天 · 硬跳过 314 天 / 软跳过 203 天 (估算自 500 主板采样)
2026-07-19 11:36:08,786 [INFO] 板块映射: 500 只 (其中无板块 0 只)
2026-07-19 11:36:17,941 [INFO] 索引完成: 498 codes × 874 dates, 板块均值 3883 条目
2026-07-19 11:36:17,967 [INFO]   1年: 6套 431 笔, skipped={'no_pick': 2, 'no_t1': 0, 'no_panel': 0, 'breadth_low': 85, 'breadth_soft_no_hot': 2, 'index_late_down': 0, 'sector_late_down': 0, 'tail_vol_low': 0, 'vwap_below': 0, 'vwap_strict_uncovered': 0}
2026-07-19 11:36:17,968 [INFO] [回测 v4] 汇总开始 · 6套=431 累计t=11.1s
2026-07-19 11:36:17,969 [INFO] [回测 v4] 6套统计完 · t=11.1s
2026-07-19 11:36:17,975 [INFO] [回测 v4] 月度完 · 13月 · t=11.2s
2026-07-19 11:36:17,975 [INFO] [回测 v4] 退出原因完 · t=11.2s
2026-07-19 11:36:19,026 [INFO] [sector_breakdown] 耗时 1.1s, 431 笔
2026-07-19 11:36:19,029 [INFO] [回测 v4] 板块完 · 7 · t=12.2s
2026-07-19 11:36:19,029 [INFO] [回测 v4] 总评完 · t=12.2s
2026-07-19 11:36:19,029 [INFO] 回测 v4 完成: 6套 431 笔 · 12.21s · trail_80 胜率 73.78%
2026-07-19 11:36:19,029 [INFO] actual_10 跳过 (用户未开启) · t=12.2s
[11:36:19] [20/1000] 500_4_2_h1500…
2026-07-19 11:36:19,331 [INFO] 全量 2999 只, 主板 500 只 (采样 500)
2026-07-19 11:36:19,335 [INFO] 交易日历: 333 天 (20250306~20260717)
2026-07-19 11:36:19,662 [INFO] [REG] daily(sample=500) 数据质量: 覆盖率 100% (498/500), 空值 2 (0%), 日期跨度 2024-11-21 00:00:00 ~ 20260717 (874 天)
2026-07-19 11:36:19,989 [INFO] WIN_RATE_V2 因子 · irs=0.482 vm20=0.334 reversal=0.013
2026-07-19 11:36:19,990 [INFO] master panel: 195314 行 (codes=498)
2026-07-19 11:36:20,086 [INFO] 大盘过滤: 871 天 · 硬跳过 229 天 / 软跳过 0 天 (估算自 500 主板采样)
2026-07-19 11:36:28,764 [INFO] 索引完成: 498 codes × 874 dates, 板块均值 0 条目
2026-07-19 11:36:28,793 [INFO]   1年: 6套 681 笔, skipped={'no_pick': 3, 'no_t1': 0, 'no_panel': 0, 'breadth_low': 55, 'breadth_soft_no_hot': 0, 'index_late_down': 0, 'sector_late_down': 0, 'tail_vol_low': 0, 'vwap_below': 0, 'vwap_strict_uncovered': 0}
2026-07-19 11:36:28,794 [INFO] [回测 v4] 汇总开始 · 6套=681 累计t=9.5s
2026-07-19 11:36:28,795 [INFO] [回测 v4] 6套统计完 · t=9.5s
2026-07-19 11:36:28,802 [INFO] [回测 v4] 月度完 · 13月 · t=9.5s
2026-07-19 11:36:28,802 [INFO] [回测 v4] 退出原因完 · t=9.5s
2026-07-19 11:36:30,519 [INFO] [sector_breakdown] 耗时 1.7s, 681 笔
2026-07-19 11:36:30,522 [INFO] [回测 v4] 板块完 · 7 · t=11.2s
2026-07-19 11:36:30,522 [INFO] [回测 v4] 总评完 · t=11.2s
2026-07-19 11:36:30,522 [INFO] equity_curve 采样 681 点 (step=1)
2026-07-19 11:36:30,522 [INFO] 回测 v4 完成: 6套 681 笔 · 11.19s · trail_80 胜率 74.89%
2026-07-19 11:36:30,522 [INFO] actual_10 跳过 (用户未开启) · t=11.2s
[11:36:30] [21/1000] 500_3_2_h2000_s3000_top3_inf3_lhd0.5…
2026-07-19 11:36:30,842 [INFO] 全量 2999 只, 主板 500 只 (采样 500)
2026-07-19 11:36:30,846 [INFO] 交易日历: 333 天 (20250306~20260717)
2026-07-19 11:36:31,163 [INFO] [REG] daily(sample=500) 数据质量: 覆盖率 100% (498/500), 空值 2 (0%), 日期跨度 2024-11-21 00:00:00 ~ 20260717 (874 天)
2026-07-19 11:36:31,517 [INFO] WIN_RATE_V2 因子 · irs=0.482 vm20=0.334 reversal=0.013
2026-07-19 11:36:31,519 [INFO] master panel: 195314 行 (codes=498)
2026-07-19 11:36:31,667 [INFO] 大盘过滤: 871 天 · 硬跳过 314 天 / 软跳过 203 天 (估算自 500 主板采样)
2026-07-19 11:36:33,153 [INFO] 板块映射: 500 只 (其中无板块 0 只)
2026-07-19 11:36:42,564 [INFO] 索引完成: 498 codes × 874 dates, 板块均值 3883 条目
2026-07-19 11:36:42,589 [INFO]   1年: 6套 309 笔, skipped={'no_pick': 12, 'no_t1': 0, 'no_panel': 0, 'breadth_low': 85, 'breadth_soft_no_hot': 21, 'index_late_down': 0, 'sector_late_down': 0, 'tail_vol_low': 0, 'vwap_below': 0, 'vwap_strict_uncovered': 0}
2026-07-19 11:36:42,590 [INFO] [回测 v4] 汇总开始 · 6套=309 累计t=11.7s
2026-07-19 11:36:42,590 [INFO] [回测 v4] 6套统计完 · t=11.7s
2026-07-19 11:36:42,597 [INFO] [回测 v4] 月度完 · 13月 · t=11.8s
2026-07-19 11:36:42,597 [INFO] [回测 v4] 退出原因完 · t=11.8s
2026-07-19 11:36:43,431 [INFO] [sector_breakdown] 耗时 0.8s, 309 笔
2026-07-19 11:36:43,433 [INFO] [回测 v4] 板块完 · 7 · t=12.6s
2026-07-19 11:36:43,433 [INFO] [回测 v4] 总评完 · t=12.6s
2026-07-19 11:36:43,433 [INFO] 回测 v4 完成: 6套 309 笔 · 12.59s · trail_80 胜率 72.82%
2026-07-19 11:36:43,433 [INFO] actual_10 跳过 (用户未开启) · t=12.6s
[11:36:43] [22/1000] 500_5_2_h2000_s3000_top5_lhd0.7…
2026-07-19 11:36:43,727 [INFO] 全量 2999 只, 主板 500 只 (采样 500)
2026-07-19 11:36:43,731 [INFO] 交易日历: 333 天 (20250306~20260717)
2026-07-19 11:36:44,051 [INFO] [REG] daily(sample=500) 数据质量: 覆盖率 100% (498/500), 空值 2 (0%), 日期跨度 2024-11-21 00:00:00 ~ 20260717 (874 天)
2026-07-19 11:36:44,382 [INFO] WIN_RATE_V2 因子 · irs=0.482 vm20=0.334 reversal=0.013
2026-07-19 11:36:44,383 [INFO] master panel: 195314 行 (codes=498)
2026-07-19 11:36:44,454 [INFO] 大盘过滤: 871 天 · 硬跳过 314 天 / 软跳过 203 天 (估算自 500 主板采样)
2026-07-19 11:36:45,720 [INFO] 板块映射: 500 只 (其中无板块 0 只)
2026-07-19 11:36:55,337 [INFO] 索引完成: 498 codes × 874 dates, 板块均值 3883 条目
2026-07-19 11:36:55,377 [INFO]   1年: 6套 668 笔, skipped={'no_pick': 1, 'no_t1': 0, 'no_panel': 0, 'breadth_low': 85, 'breadth_soft_no_hot': 0, 'index_late_down': 0, 'sector_late_down': 0, 'tail_vol_low': 0, 'vwap_below': 0, 'vwap_strict_uncovered': 0}
2026-07-19 11:36:55,378 [INFO] [回测 v4] 汇总开始 · 6套=668 累计t=11.7s
2026-07-19 11:36:55,379 [INFO] [回测 v4] 6套统计完 · t=11.7s
2026-07-19 11:36:55,386 [INFO] [回测 v4] 月度完 · 13月 · t=11.7s
2026-07-19 11:36:55,386 [INFO] [回测 v4] 退出原因完 · t=11.7s
2026-07-19 11:36:57,147 [INFO] [sector_breakdown] 耗时 1.8s, 668 笔
2026-07-19 11:36:57,150 [INFO] [回测 v4] 板块完 · 7 · t=13.4s
2026-07-19 11:36:57,150 [INFO] [回测 v4] 总评完 · t=13.4s
2026-07-19 11:36:57,150 [INFO] equity_curve 采样 668 点 (step=1)
2026-07-19 11:36:57,150 [INFO] 回测 v4 完成: 6套 668 笔 · 13.42s · trail_80 胜率 75.0%
2026-07-19 11:36:57,150 [INFO] actual_10 跳过 (用户未开启) · t=13.4s
[11:36:57] [23/1000] 500_1_2_h1500_s3000_top5_inf3…
2026-07-19 11:36:57,452 [INFO] 全量 2999 只, 主板 500 只 (采样 500)
2026-07-19 11:36:57,457 [INFO] 交易日历: 333 天 (20250306~20260717)
2026-07-19 11:36:57,772 [INFO] [REG] daily(sample=500) 数据质量: 覆盖率 100% (498/500), 空值 2 (0%), 日期跨度 2024-11-21 00:00:00 ~ 20260717 (874 天)
2026-07-19 11:36:58,094 [INFO] WIN_RATE_V2 因子 · irs=0.482 vm20=0.334 reversal=0.013
2026-07-19 11:36:58,095 [INFO] master panel: 195314 行 (codes=498)
2026-07-19 11:36:58,192 [INFO] 大盘过滤: 871 天 · 硬跳过 229 天 / 软跳过 288 天 (估算自 500 主板采样)
2026-07-19 11:36:59,448 [INFO] 板块映射: 500 只 (其中无板块 0 只)
2026-07-19 11:37:08,758 [INFO] 索引完成: 498 codes × 874 dates, 板块均值 3883 条目
2026-07-19 11:37:08,785 [INFO]   1年: 6套 167 笔, skipped={'no_pick': 12, 'no_t1': 0, 'no_panel': 0, 'breadth_low': 55, 'breadth_soft_no_hot': 16, 'index_late_down': 0, 'sector_late_down': 0, 'tail_vol_low': 0, 'vwap_below': 0, 'vwap_strict_uncovered': 0}
2026-07-19 11:37:08,786 [INFO] [回测 v4] 汇总开始 · 6套=167 累计t=11.3s
2026-07-19 11:37:08,787 [INFO] [回测 v4] 6套统计完 · t=11.3s
2026-07-19 11:37:08,793 [INFO] [回测 v4] 月度完 · 13月 · t=11.3s
2026-07-19 11:37:08,793 [INFO] [回测 v4] 退出原因完 · t=11.3s
2026-07-19 11:37:09,245 [INFO] [sector_breakdown] 耗时 0.5s, 167 笔
2026-07-19 11:37:09,247 [INFO] [回测 v4] 板块完 · 7 · t=11.8s
2026-07-19 11:37:09,247 [INFO] [回测 v4] 总评完 · t=11.8s
2026-07-19 11:37:09,247 [INFO] 回测 v4 完成: 6套 167 笔 · 11.8s · trail_80 胜率 71.26%
2026-07-19 11:37:09,247 [INFO] actual_10 跳过 (用户未开启) · t=11.8s
[11:37:09] [24/1000] 500_1_1_h2000_s3000_top3_inf5…
2026-07-19 11:37:09,540 [INFO] 全量 2999 只, 主板 500 只 (采样 500)
2026-07-19 11:37:09,544 [INFO] 交易日历: 333 天 (20250306~20260717)
2026-07-19 11:37:09,866 [INFO] [REG] daily(sample=500) 数据质量: 覆盖率 100% (498/500), 空值 2 (0%), 日期跨度 2024-11-21 00:00:00 ~ 20260717 (874 天)
2026-07-19 11:37:10,219 [INFO] WIN_RATE_V2 因子 · irs=0.482 vm20=0.334 reversal=0.013
2026-07-19 11:37:10,220 [INFO] master panel: 195314 行 (codes=498)
2026-07-19 11:37:10,290 [INFO] 大盘过滤: 871 天 · 硬跳过 314 天 / 软跳过 203 天 (估算自 500 主板采样)
2026-07-19 11:37:11,542 [INFO] 板块映射: 500 只 (其中无板块 0 只)
2026-07-19 11:37:21,009 [INFO] 索引完成: 498 codes × 874 dates, 板块均值 3883 条目
2026-07-19 11:37:21,033 [INFO]   1年: 6套 150 笔, skipped={'no_pick': 2, 'no_t1': 0, 'no_panel': 0, 'breadth_low': 85, 'breadth_soft_no_hot': 13, 'index_late_down': 0, 'sector_late_down': 0, 'tail_vol_low': 0, 'vwap_below': 0, 'vwap_strict_uncovered': 0}
2026-07-19 11:37:21,034 [INFO] [回测 v4] 汇总开始 · 6套=150 累计t=11.5s
2026-07-19 11:37:21,035 [INFO] [回测 v4] 6套统计完 · t=11.5s
2026-07-19 11:37:21,041 [INFO] [回测 v4] 月度完 · 13月 · t=11.5s
2026-07-19 11:37:21,041 [INFO] [回测 v4] 退出原因完 · t=11.5s
2026-07-19 11:37:21,462 [INFO] [sector_breakdown] 耗时 0.4s, 150 笔
2026-07-19 11:37:21,464 [INFO] [回测 v4] 板块完 · 7 · t=11.9s
2026-07-19 11:37:21,464 [INFO] [回测 v4] 总评完 · t=11.9s
2026-07-19 11:37:21,464 [INFO] 回测 v4 完成: 6套 150 笔 · 11.93s · trail_80 胜率 74.67%
2026-07-19 11:37:21,464 [INFO] actual_10 跳过 (用户未开启) · t=11.9s
[11:37:21] [25/1000] 500_2_1_h1500_s3000_lhd0.5…
2026-07-19 11:37:21,792 [INFO] 全量 2999 只, 主板 500 只 (采样 500)
2026-07-19 11:37:21,797 [INFO] 交易日历: 333 天 (20250306~20260717)
2026-07-19 11:37:22,119 [INFO] [REG] daily(sample=500) 数据质量: 覆盖率 100% (498/500), 空值 2 (0%), 日期跨度 2024-11-21 00:00:00 ~ 20260717 (874 天)
2026-07-19 11:37:22,473 [INFO] WIN_RATE_V2 因子 · irs=0.482 vm20=0.334 reversal=0.013
2026-07-19 11:37:22,475 [INFO] master panel: 195314 行 (codes=498)
2026-07-19 11:37:22,542 [INFO] 大盘过滤: 871 天 · 硬跳过 229 天 / 软跳过 288 天 (估算自 500 主板采样)
2026-07-19 11:37:31,190 [INFO] 索引完成: 498 codes × 874 dates, 板块均值 0 条目
2026-07-19 11:37:31,218 [INFO]   1年: 6套 376 笔, skipped={'no_pick': 1, 'no_t1': 0, 'no_panel': 0, 'breadth_low': 55, 'breadth_soft_no_hot': 2, 'index_late_down': 0, 'sector_late_down': 0, 'tail_vol_low': 0, 'vwap_below': 0, 'vwap_strict_uncovered': 0}
2026-07-19 11:37:31,219 [INFO] [回测 v4] 汇总开始 · 6套=376 累计t=9.4s
2026-07-19 11:37:31,220 [INFO] [回测 v4] 6套统计完 · t=9.4s
2026-07-19 11:37:31,226 [INFO] [回测 v4] 月度完 · 13月 · t=9.4s
2026-07-19 11:37:31,226 [INFO] [回测 v4] 退出原因完 · t=9.4s
2026-07-19 11:37:32,120 [INFO] [sector_breakdown] 耗时 0.9s, 376 笔
2026-07-19 11:37:32,123 [INFO] [回测 v4] 板块完 · 7 · t=10.3s
2026-07-19 11:37:32,123 [INFO] [回测 v4] 总评完 · t=10.3s
2026-07-19 11:37:32,123 [INFO] 回测 v4 完成: 6套 376 笔 · 10.33s · trail_80 胜率 73.4%
2026-07-19 11:37:32,123 [INFO] actual_10 跳过 (用户未开启) · t=10.3s
[11:37:32] [26/1000] 500_4_3…
2026-07-19 11:37:32,418 [INFO] 全量 2999 只, 主板 500 只 (采样 500)
2026-07-19 11:37:32,422 [INFO] 交易日历: 333 天 (20250306~20260717)
2026-07-19 11:37:32,735 [INFO] [REG] daily(sample=500) 数据质量: 覆盖率 100% (498/500), 空值 2 (0%), 日期跨度 2024-11-21 00:00:00 ~ 20260717 (874 天)
2026-07-19 11:37:33,113 [INFO] WIN_RATE_V2 因子 · irs=0.482 vm20=0.334 reversal=0.013
2026-07-19 11:37:33,114 [INFO] master panel: 195314 行 (codes=498)
2026-07-19 11:37:41,748 [INFO] 索引完成: 498 codes × 874 dates, 板块均值 0 条目
2026-07-19 11:37:41,787 [INFO]   1年: 6套 814 笔, skipped={'no_pick': 7, 'no_t1': 0, 'no_panel': 0, 'breadth_low': 0, 'breadth_soft_no_hot': 0, 'index_late_down': 0, 'sector_late_down': 0, 'tail_vol_low': 0, 'vwap_below': 0, 'vwap_strict_uncovered': 0}
2026-07-19 11:37:41,789 [INFO] [回测 v4] 汇总开始 · 6套=814 累计t=9.4s
2026-07-19 11:37:41,790 [INFO] [回测 v4] 6套统计完 · t=9.4s
2026-07-19 11:37:41,797 [INFO] [回测 v4] 月度完 · 13月 · t=9.4s
2026-07-19 11:37:41,798 [INFO] [回测 v4] 退出原因完 · t=9.4s
2026-07-19 11:37:43,808 [INFO] [sector_breakdown] 耗时 2.0s, 814 笔
2026-07-19 11:37:43,811 [INFO] [回测 v4] 板块完 · 7 · t=11.4s
2026-07-19 11:37:43,812 [INFO] [回测 v4] 总评完 · t=11.4s
2026-07-19 11:37:43,812 [INFO] equity_curve 采样 814 点 (step=1)
2026-07-19 11:37:43,812 [INFO] 回测 v4 完成: 6套 814 笔 · 11.39s · trail_80 胜率 73.34%
2026-07-19 11:37:43,812 [INFO] actual_10 跳过 (用户未开启) · t=11.4s
[11:37:44] [27/1000] 500_2_1_h2000_s3000_top3…
2026-07-19 11:37:44,141 [INFO] 全量 2999 只, 主板 500 只 (采样 500)
2026-07-19 11:37:44,145 [INFO] 交易日历: 333 天 (20250306~20260717)
2026-07-19 11:37:44,517 [INFO] [REG] daily(sample=500) 数据质量: 覆盖率 100% (498/500), 空值 2 (0%), 日期跨度 2024-11-21 00:00:00 ~ 20260717 (874 天)
2026-07-19 11:37:44,881 [INFO] WIN_RATE_V2 因子 · irs=0.482 vm20=0.334 reversal=0.013
2026-07-19 11:37:44,883 [INFO] master panel: 195314 行 (codes=498)
2026-07-19 11:37:44,992 [INFO] 大盘过滤: 871 天 · 硬跳过 314 天 / 软跳过 203 天 (估算自 500 主板采样)
2026-07-19 11:37:46,296 [INFO] 板块映射: 500 只 (其中无板块 0 只)
2026-07-19 11:37:55,783 [INFO] 索引完成: 498 codes × 874 dates, 板块均值 3883 条目
2026-07-19 11:37:55,807 [INFO]   1年: 6套 297 笔, skipped={'no_pick': 1, 'no_t1': 0, 'no_panel': 0, 'breadth_low': 85, 'breadth_soft_no_hot': 8, 'index_late_down': 0, 'sector_late_down': 0, 'tail_vol_low': 0, 'vwap_below': 0, 'vwap_strict_uncovered': 0}
2026-07-19 11:37:55,808 [INFO] [回测 v4] 汇总开始 · 6套=297 累计t=11.7s
2026-07-19 11:37:55,809 [INFO] [回测 v4] 6套统计完 · t=11.7s
2026-07-19 11:37:55,815 [INFO] [回测 v4] 月度完 · 13月 · t=11.7s
2026-07-19 11:37:55,815 [INFO] [回测 v4] 退出原因完 · t=11.7s
2026-07-19 11:37:56,631 [INFO] [sector_breakdown] 耗时 0.8s, 297 笔
2026-07-19 11:37:56,633 [INFO] [回测 v4] 板块完 · 7 · t=12.5s
2026-07-19 11:37:56,634 [INFO] [回测 v4] 总评完 · t=12.5s
2026-07-19 11:37:56,634 [INFO] 回测 v4 完成: 6套 297 笔 · 12.49s · trail_80 胜率 75.08%
2026-07-19 11:37:56,634 [INFO] actual_10 跳过 (用户未开启) · t=12.5s
[11:37:56] [28/1000] 500_1_2_h1500_s3000_top8_inf3_lhd0.5…
2026-07-19 11:37:56,974 [INFO] 全量 2999 只, 主板 500 只 (采样 500)
2026-07-19 11:37:56,978 [INFO] 交易日历: 333 天 (20250306~20260717)
2026-07-19 11:37:57,324 [INFO] [REG] daily(sample=500) 数据质量: 覆盖率 100% (498/500), 空值 2 (0%), 日期跨度 2024-11-21 00:00:00 ~ 20260717 (874 天)
2026-07-19 11:37:57,700 [INFO] WIN_RATE_V2 因子 · irs=0.482 vm20=0.334 reversal=0.013
2026-07-19 11:37:57,702 [INFO] master panel: 195314 行 (codes=498)
2026-07-19 11:37:57,808 [INFO] 大盘过滤: 871 天 · 硬跳过 229 天 / 软跳过 288 天 (估算自 500 主板采样)
2026-07-19 11:37:59,379 [INFO] 板块映射: 500 只 (其中无板块 0 只)
2026-07-19 11:38:08,816 [INFO] 索引完成: 498 codes × 874 dates, 板块均值 3883 条目
2026-07-19 11:38:08,842 [INFO]   1年: 6套 171 笔, skipped={'no_pick': 12, 'no_t1': 0, 'no_panel': 0, 'breadth_low': 55, 'breadth_soft_no_hot': 12, 'index_late_down': 0, 'sector_late_down': 0, 'tail_vol_low': 0, 'vwap_below': 0, 'vwap_strict_uncovered': 0}
2026-07-19 11:38:08,843 [INFO] [回测 v4] 汇总开始 · 6套=171 累计t=11.9s
2026-07-19 11:38:08,843 [INFO] [回测 v4] 6套统计完 · t=11.9s
2026-07-19 11:38:08,849 [INFO] [回测 v4] 月度完 · 13月 · t=11.9s
2026-07-19 11:38:08,849 [INFO] [回测 v4] 退出原因完 · t=11.9s
2026-07-19 11:38:09,282 [INFO] [sector_breakdown] 耗时 0.4s, 171 笔
2026-07-19 11:38:09,284 [INFO] [回测 v4] 板块完 · 7 · t=12.3s
2026-07-19 11:38:09,284 [INFO] [回测 v4] 总评完 · t=12.3s
2026-07-19 11:38:09,284 [INFO] 回测 v4 完成: 6套 171 笔 · 12.31s · trail_80 胜率 70.76%
2026-07-19 11:38:09,284 [INFO] actual_10 跳过 (用户未开启) · t=12.3s
[11:38:09] [29/1000] 500_1_2_h1500_s3000_top3_inf5_lhd0.5…
2026-07-19 11:38:09,587 [INFO] 全量 2999 只, 主板 500 只 (采样 500)
2026-07-19 11:38:09,590 [INFO] 交易日历: 333 天 (20250306~20260717)
2026-07-19 11:38:09,912 [INFO] [REG] daily(sample=500) 数据质量: 覆盖率 100% (498/500), 空值 2 (0%), 日期跨度 2024-11-21 00:00:00 ~ 20260717 (874 天)
2026-07-19 11:38:10,308 [INFO] WIN_RATE_V2 因子 · irs=0.482 vm20=0.334 reversal=0.013
2026-07-19 11:38:10,309 [INFO] master panel: 195314 行 (codes=498)
2026-07-19 11:38:10,381 [INFO] 大盘过滤: 871 天 · 硬跳过 229 天 / 软跳过 288 天 (估算自 500 主板采样)
2026-07-19 11:38:11,719 [INFO] 板块映射: 500 只 (其中无板块 0 只)
2026-07-19 11:38:21,235 [INFO] 索引完成: 498 codes × 874 dates, 板块均值 3883 条目
2026-07-19 11:38:21,279 [INFO]   1年: 6套 174 笔, skipped={'no_pick': 2, 'no_t1': 0, 'no_panel': 0, 'breadth_low': 55, 'breadth_soft_no_hot': 19, 'index_late_down': 0, 'sector_late_down': 0, 'tail_vol_low': 0, 'vwap_below': 0, 'vwap_strict_uncovered': 0}
2026-07-19 11:38:21,280 [INFO] [回测 v4] 汇总开始 · 6套=174 累计t=11.7s
2026-07-19 11:38:21,281 [INFO] [回测 v4] 6套统计完 · t=11.7s
2026-07-19 11:38:21,288 [INFO] [回测 v4] 月度完 · 13月 · t=11.7s
2026-07-19 11:38:21,289 [INFO] [回测 v4] 退出原因完 · t=11.7s
2026-07-19 11:38:21,747 [INFO] [sector_breakdown] 耗时 0.5s, 174 笔
2026-07-19 11:38:21,750 [INFO] [回测 v4] 板块完 · 7 · t=12.2s
2026-07-19 11:38:21,750 [INFO] [回测 v4] 总评完 · t=12.2s
2026-07-19 11:38:21,750 [INFO] 回测 v4 完成: 6套 174 笔 · 12.16s · trail_80 胜率 75.86%
2026-07-19 11:38:21,750 [INFO] actual_10 跳过 (用户未开启) · t=12.2s
[11:38:22] [30/1000] 500_5_3_h2000_s3000_top5_inf3_lhd0.5…
2026-07-19 11:38:22,051 [INFO] 全量 2999 只, 主板 500 只 (采样 500)
2026-07-19 11:38:22,055 [INFO] 交易日历: 333 天 (20250306~20260717)
2026-07-19 11:38:22,403 [INFO] [REG] daily(sample=500) 数据质量: 覆盖率 100% (498/500), 空值 2 (0%), 日期跨度 2024-11-21 00:00:00 ~ 20260717 (874 天)
2026-07-19 11:38:22,772 [INFO] WIN_RATE_V2 因子 · irs=0.482 vm20=0.334 reversal=0.013
2026-07-19 11:38:22,773 [INFO] master panel: 195314 行 (codes=498)
2026-07-19 11:38:22,846 [INFO] 大盘过滤: 871 天 · 硬跳过 314 天 / 软跳过 203 天 (估算自 500 主板采样)
2026-07-19 11:38:24,165 [INFO] 板块映射: 500 只 (其中无板块 0 只)
2026-07-19 11:38:33,476 [INFO] 索引完成: 498 codes × 874 dates, 板块均值 3883 条目
2026-07-19 11:38:33,500 [INFO]   1年: 6套 451 笔, skipped={'no_pick': 12, 'no_t1': 0, 'no_panel': 0, 'breadth_low': 85, 'breadth_soft_no_hot': 10, 'index_late_down': 0, 'sector_late_down': 0, 'tail_vol_low': 0, 'vwap_below': 0, 'vwap_strict_uncovered': 0}
2026-07-19 11:38:33,502 [INFO] [回测 v4] 汇总开始 · 6套=451 累计t=11.5s
2026-07-19 11:38:33,503 [INFO] [回测 v4] 6套统计完 · t=11.5s
2026-07-19 11:38:33,509 [INFO] [回测 v4] 月度完 · 13月 · t=11.5s
2026-07-19 11:38:33,509 [INFO] [回测 v4] 退出原因完 · t=11.5s
2026-07-19 11:38:34,738 [INFO] [sector_breakdown] 耗时 1.2s, 451 笔
2026-07-19 11:38:34,741 [INFO] [回测 v4] 板块完 · 7 · t=12.7s
2026-07-19 11:38:34,741 [INFO] [回测 v4] 总评完 · t=12.7s
2026-07-19 11:38:34,742 [INFO] 回测 v4 完成: 6套 451 笔 · 12.69s · trail_80 胜率 73.39%
2026-07-19 11:38:34,742 [INFO] actual_10 跳过 (用户未开启) · t=12.7s
[11:38:35] [31/1000] 500_4_3_h2000_s3000_top3_inf5…
2026-07-19 11:38:35,040 [INFO] 全量 2999 只, 主板 500 只 (采样 500)
2026-07-19 11:38:35,044 [INFO] 交易日历: 333 天 (20250306~20260717)
2026-07-19 11:38:35,366 [INFO] [REG] daily(sample=500) 数据质量: 覆盖率 100% (498/500), 空值 2 (0%), 日期跨度 2024-11-21 00:00:00 ~ 20260717 (874 天)
2026-07-19 11:38:35,707 [INFO] WIN_RATE_V2 因子 · irs=0.482 vm20=0.334 reversal=0.013
2026-07-19 11:38:35,708 [INFO] master panel: 195314 行 (codes=498)
2026-07-19 11:38:35,778 [INFO] 大盘过滤: 871 天 · 硬跳过 314 天 / 软跳过 203 天 (估算自 500 主板采样)
2026-07-19 11:38:37,079 [INFO] 板块映射: 500 只 (其中无板块 0 只)
2026-07-19 11:38:46,606 [INFO] 索引完成: 498 codes × 874 dates, 板块均值 3883 条目
2026-07-19 11:38:46,631 [INFO]   1年: 6套 455 笔, skipped={'no_pick': 2, 'no_t1': 0, 'no_panel': 0, 'breadth_low': 85, 'breadth_soft_no_hot': 13, 'index_late_down': 0, 'sector_late_down': 0, 'tail_vol_low': 0, 'vwap_below': 0, 'vwap_strict_uncovered': 0}
2026-07-19 11:38:46,632 [INFO] [回测 v4] 汇总开始 · 6套=455 累计t=11.6s
2026-07-19 11:38:46,633 [INFO] [回测 v4] 6套统计完 · t=11.6s
2026-07-19 11:38:46,639 [INFO] [回测 v4] 月度完 · 13月 · t=11.6s
2026-07-19 11:38:46,639 [INFO] [回测 v4] 退出原因完 · t=11.6s
2026-07-19 11:38:47,814 [INFO] [sector_breakdown] 耗时 1.2s, 455 笔
2026-07-19 11:38:47,817 [INFO] [回测 v4] 板块完 · 7 · t=12.8s
2026-07-19 11:38:47,817 [INFO] [回测 v4] 总评完 · t=12.8s
2026-07-19 11:38:47,817 [INFO] 回测 v4 完成: 6套 455 笔 · 12.78s · trail_80 胜率 72.97%
2026-07-19 11:38:47,817 [INFO] actual_10 跳过 (用户未开启) · t=12.8s
[11:38:48] [32/1000] 500_2_3_h1500_inf3_lhd0.7…
2026-07-19 11:38:48,118 [INFO] 全量 2999 只, 主板 500 只 (采样 500)
2026-07-19 11:38:48,122 [INFO] 交易日历: 333 天 (20250306~20260717)
2026-07-19 11:38:48,437 [INFO] [REG] daily(sample=500) 数据质量: 覆盖率 100% (498/500), 空值 2 (0%), 日期跨度 2024-11-21 00:00:00 ~ 20260717 (874 天)
2026-07-19 11:38:48,792 [INFO] WIN_RATE_V2 因子 · irs=0.482 vm20=0.334 reversal=0.013
2026-07-19 11:38:48,793 [INFO] master panel: 195314 行 (codes=498)
2026-07-19 11:38:48,903 [INFO] 大盘过滤: 871 天 · 硬跳过 229 天 / 软跳过 0 天 (估算自 500 主板采样)
2026-07-19 11:38:50,315 [INFO] 板块映射: 500 只 (其中无板块 0 只)
2026-07-19 11:38:59,764 [INFO] 索引完成: 498 codes × 874 dates, 板块均值 3883 条目
2026-07-19 11:38:59,792 [INFO]   1年: 6套 312 笔, skipped={'no_pick': 24, 'no_t1': 0, 'no_panel': 0, 'breadth_low': 55, 'breadth_soft_no_hot': 0, 'index_late_down': 0, 'sector_late_down': 0, 'tail_vol_low': 0, 'vwap_below': 0, 'vwap_strict_uncovered': 0}
2026-07-19 11:38:59,793 [INFO] [回测 v4] 汇总开始 · 6套=312 累计t=11.7s
2026-07-19 11:38:59,794 [INFO] [回测 v4] 6套统计完 · t=11.7s
2026-07-19 11:38:59,800 [INFO] [回测 v4] 月度完 · 13月 · t=11.7s
2026-07-19 11:38:59,800 [INFO] [回测 v4] 退出原因完 · t=11.7s
2026-07-19 11:39:00,663 [INFO] [sector_breakdown] 耗时 0.9s, 312 笔
2026-07-19 11:39:00,665 [INFO] [回测 v4] 板块完 · 7 · t=12.5s
2026-07-19 11:39:00,665 [INFO] [回测 v4] 总评完 · t=12.5s
2026-07-19 11:39:00,665 [INFO] 回测 v4 完成: 6套 312 笔 · 12.55s · trail_80 胜率 71.47%
2026-07-19 11:39:00,665 [INFO] actual_10 跳过 (用户未开启) · t=12.5s
[11:39:00] [33/1000] 500_3_1_h2000_s3000_top8_inf5…
2026-07-19 11:39:00,963 [INFO] 全量 2999 只, 主板 500 只 (采样 500)
2026-07-19 11:39:00,967 [INFO] 交易日历: 333 天 (20250306~20260717)
2026-07-19 11:39:01,279 [INFO] [REG] daily(sample=500) 数据质量: 覆盖率 100% (498/500), 空值 2 (0%), 日期跨度 2024-11-21 00:00:00 ~ 20260717 (874 天)
2026-07-19 11:39:01,666 [INFO] WIN_RATE_V2 因子 · irs=0.482 vm20=0.334 reversal=0.013
2026-07-19 11:39:01,667 [INFO] master panel: 195314 行 (codes=498)
2026-07-19 11:39:01,741 [INFO] 大盘过滤: 871 天 · 硬跳过 314 天 / 软跳过 203 天 (估算自 500 主板采样)
2026-07-19 11:39:03,068 [INFO] 板块映射: 500 只 (其中无板块 0 只)
2026-07-19 11:39:12,509 [INFO] 索引完成: 498 codes × 874 dates, 板块均值 3883 条目
2026-07-19 11:39:12,539 [INFO]   1年: 6套 431 笔, skipped={'no_pick': 2, 'no_t1': 0, 'no_panel': 0, 'breadth_low': 85, 'breadth_soft_no_hot': 2, 'index_late_down': 0, 'sector_late_down': 0, 'tail_vol_low': 0, 'vwap_below': 0, 'vwap_strict_uncovered': 0}
2026-07-19 11:39:12,540 [INFO] [回测 v4] 汇总开始 · 6套=431 累计t=11.6s
2026-07-19 11:39:12,541 [INFO] [回测 v4] 6套统计完 · t=11.6s
2026-07-19 11:39:12,547 [INFO] [回测 v4] 月度完 · 13月 · t=11.6s
2026-07-19 11:39:12,548 [INFO] [回测 v4] 退出原因完 · t=11.6s
2026-07-19 11:39:13,795 [INFO] [sector_breakdown] 耗时 1.2s, 431 笔
2026-07-19 11:39:13,798 [INFO] [回测 v4] 板块完 · 7 · t=12.8s
2026-07-19 11:39:13,798 [INFO] [回测 v4] 总评完 · t=12.8s
2026-07-19 11:39:13,798 [INFO] 回测 v4 完成: 6套 431 笔 · 12.84s · trail_80 胜率 73.78%
2026-07-19 11:39:13,798 [INFO] actual_10 跳过 (用户未开启) · t=12.8s
[11:39:14] [34/1000] 500_3_2_inf3…
2026-07-19 11:39:14,107 [INFO] 全量 2999 只, 主板 500 只 (采样 500)
2026-07-19 11:39:14,111 [INFO] 交易日历: 333 天 (20250306~20260717)
2026-07-19 11:39:14,429 [INFO] [REG] daily(sample=500) 数据质量: 覆盖率 100% (498/500), 空值 2 (0%), 日期跨度 2024-11-21 00:00:00 ~ 20260717 (874 天)
2026-07-19 11:39:14,771 [INFO] WIN_RATE_V2 因子 · irs=0.482 vm20=0.334 reversal=0.013
2026-07-19 11:39:14,772 [INFO] master panel: 195314 行 (codes=498)
2026-07-19 11:39:16,122 [INFO] 板块映射: 500 只 (其中无板块 0 只)
2026-07-19 11:39:25,368 [INFO] 索引完成: 498 codes × 874 dates, 板块均值 3883 条目
2026-07-19 11:39:25,403 [INFO]   1年: 6套 482 笔, skipped={'no_pick': 45, 'no_t1': 0, 'no_panel': 0, 'breadth_low': 0, 'breadth_soft_no_hot': 0, 'index_late_down': 0, 'sector_late_down': 0, 'tail_vol_low': 0, 'vwap_below': 0, 'vwap_strict_uncovered': 0}
2026-07-19 11:39:25,404 [INFO] [回测 v4] 汇总开始 · 6套=482 累计t=11.3s
2026-07-19 11:39:25,405 [INFO] [回测 v4] 6套统计完 · t=11.3s
2026-07-19 11:39:25,411 [INFO] [回测 v4] 月度完 · 13月 · t=11.3s
2026-07-19 11:39:25,411 [INFO] [回测 v4] 退出原因完 · t=11.3s
2026-07-19 11:39:26,726 [INFO] [sector_breakdown] 耗时 1.3s, 482 笔
2026-07-19 11:39:26,728 [INFO] [回测 v4] 板块完 · 7 · t=12.6s
2026-07-19 11:39:26,729 [INFO] [回测 v4] 总评完 · t=12.6s
2026-07-19 11:39:26,729 [INFO] 回测 v4 完成: 6套 482 笔 · 12.62s · trail_80 胜率 72.41%
2026-07-19 11:39:26,729 [INFO] actual_10 跳过 (用户未开启) · t=12.6s
[11:39:27] [35/1000] 500_3_1_lhd0.5…
2026-07-19 11:39:27,040 [INFO] 全量 2999 只, 主板 500 只 (采样 500)
2026-07-19 11:39:27,044 [INFO] 交易日历: 333 天 (20250306~20260717)
2026-07-19 11:39:27,370 [INFO] [REG] daily(sample=500) 数据质量: 覆盖率 100% (498/500), 空值 2 (0%), 日期跨度 2024-11-21 00:00:00 ~ 20260717 (874 天)
2026-07-19 11:39:27,749 [INFO] WIN_RATE_V2 因子 · irs=0.482 vm20=0.334 reversal=0.013
2026-07-19 11:39:27,751 [INFO] master panel: 195314 行 (codes=498)
2026-07-19 11:39:36,575 [INFO] 索引完成: 498 codes × 874 dates, 板块均值 0 条目
2026-07-19 11:39:36,611 [INFO]   1年: 6套 658 笔, skipped={'no_pick': 7, 'no_t1': 0, 'no_panel': 0, 'breadth_low': 0, 'breadth_soft_no_hot': 0, 'index_late_down': 0, 'sector_late_down': 0, 'tail_vol_low': 0, 'vwap_below': 0, 'vwap_strict_uncovered': 0}
2026-07-19 11:39:36,613 [INFO] [回测 v4] 汇总开始 · 6套=658 累计t=9.6s
2026-07-19 11:39:36,614 [INFO] [回测 v4] 6套统计完 · t=9.6s
2026-07-19 11:39:36,620 [INFO] [回测 v4] 月度完 · 13月 · t=9.6s
2026-07-19 11:39:36,621 [INFO] [回测 v4] 退出原因完 · t=9.6s
2026-07-19 11:39:38,371 [INFO] [sector_breakdown] 耗时 1.8s, 658 笔
2026-07-19 11:39:38,374 [INFO] [回测 v4] 板块完 · 7 · t=11.3s
2026-07-19 11:39:38,374 [INFO] [回测 v4] 总评完 · t=11.3s
2026-07-19 11:39:38,374 [INFO] equity_curve 采样 658 点 (step=1)
2026-07-19 11:39:38,374 [INFO] 回测 v4 完成: 6套 658 笔 · 11.34s · trail_80 胜率 72.04%
2026-07-19 11:39:38,374 [INFO] actual_10 跳过 (用户未开启) · t=11.3s
[11:39:38] [36/1000] 500_5_3_h1500_s3000_top3_inf5_lhd0.5…
2026-07-19 11:39:38,692 [INFO] 全量 2999 只, 主板 500 只 (采样 500)
2026-07-19 11:39:38,696 [INFO] 交易日历: 333 天 (20250306~20260717)
2026-07-19 11:39:39,029 [INFO] [REG] daily(sample=500) 数据质量: 覆盖率 100% (498/500), 空值 2 (0%), 日期跨度 2024-11-21 00:00:00 ~ 20260717 (874 天)
2026-07-19 11:39:39,382 [INFO] WIN_RATE_V2 因子 · irs=0.482 vm20=0.334 reversal=0.013
2026-07-19 11:39:39,384 [INFO] master panel: 195314 行 (codes=498)
2026-07-19 11:39:39,504 [INFO] 大盘过滤: 871 天 · 硬跳过 229 天 / 软跳过 288 天 (估算自 500 主板采样)
2026-07-19 11:39:41,193 [INFO] 板块映射: 500 只 (其中无板块 0 只)
2026-07-19 11:39:51,439 [INFO] 索引完成: 498 codes × 874 dates, 板块均值 3883 条目
2026-07-19 11:39:51,475 [INFO]   1年: 6套 565 笔, skipped={'no_pick': 2, 'no_t1': 0, 'no_panel': 0, 'breadth_low': 55, 'breadth_soft_no_hot': 19, 'index_late_down': 0, 'sector_late_down': 0, 'tail_vol_low': 0, 'vwap_below': 0, 'vwap_strict_uncovered': 0}
2026-07-19 11:39:51,477 [INFO] [回测 v4] 汇总开始 · 6套=565 累计t=12.8s
2026-07-19 11:39:51,477 [INFO] [回测 v4] 6套统计完 · t=12.8s
2026-07-19 11:39:51,485 [INFO] [回测 v4] 月度完 · 13月 · t=12.8s
2026-07-19 11:39:51,485 [INFO] [回测 v4] 退出原因完 · t=12.8s
2026-07-19 11:39:53,078 [INFO] [sector_breakdown] 耗时 1.6s, 565 笔
2026-07-19 11:39:53,081 [INFO] [回测 v4] 板块完 · 7 · t=14.4s
2026-07-19 11:39:53,081 [INFO] [回测 v4] 总评完 · t=14.4s
2026-07-19 11:39:53,081 [INFO] equity_curve 采样 565 点 (step=1)
2026-07-19 11:39:53,081 [INFO] 回测 v4 完成: 6套 565 笔 · 14.39s · trail_80 胜率 74.34%
2026-07-19 11:39:53,081 [INFO] actual_10 跳过 (用户未开启) · t=14.4s
[11:39:53] [37/1000] 500_2_2_h1500_inf3_lhd0.5…
2026-07-19 11:39:53,485 [INFO] 全量 2999 只, 主板 500 只 (采样 500)
2026-07-19 11:39:53,489 [INFO] 交易日历: 333 天 (20250306~20260717)
2026-07-19 11:39:53,832 [INFO] [REG] daily(sample=500) 数据质量: 覆盖率 100% (498/500), 空值 2 (0%), 日期跨度 2024-11-21 00:00:00 ~ 20260717 (874 天)
2026-07-19 11:39:54,221 [INFO] WIN_RATE_V2 因子 · irs=0.482 vm20=0.334 reversal=0.013
2026-07-19 11:39:54,223 [INFO] master panel: 195314 行 (codes=498)
2026-07-19 11:39:54,335 [INFO] 大盘过滤: 871 天 · 硬跳过 229 天 / 软跳过 0 天 (估算自 500 主板采样)
2026-07-19 11:39:55,822 [INFO] 板块映射: 500 只 (其中无板块 0 只)
2026-07-19 11:40:05,475 [INFO] 索引完成: 498 codes × 874 dates, 板块均值 3883 条目
2026-07-19 11:40:05,505 [INFO]   1年: 6套 312 笔, skipped={'no_pick': 24, 'no_t1': 0, 'no_panel': 0, 'breadth_low': 55, 'breadth_soft_no_hot': 0, 'index_late_down': 0, 'sector_late_down': 0, 'tail_vol_low': 0, 'vwap_below': 0, 'vwap_strict_uncovered': 0}
2026-07-19 11:40:05,506 [INFO] [回测 v4] 汇总开始 · 6套=312 累计t=12.0s
2026-07-19 11:40:05,506 [INFO] [回测 v4] 6套统计完 · t=12.0s
2026-07-19 11:40:05,513 [INFO] [回测 v4] 月度完 · 13月 · t=12.0s
2026-07-19 11:40:05,513 [INFO] [回测 v4] 退出原因完 · t=12.0s
2026-07-19 11:40:06,420 [INFO] [sector_breakdown] 耗时 0.9s, 312 笔
2026-07-19 11:40:06,423 [INFO] [回测 v4] 板块完 · 7 · t=12.9s
2026-07-19 11:40:06,423 [INFO] [回测 v4] 总评完 · t=12.9s
2026-07-19 11:40:06,423 [INFO] 回测 v4 完成: 6套 312 笔 · 12.95s · trail_80 胜率 71.47%
2026-07-19 11:40:06,423 [INFO] actual_10 跳过 (用户未开启) · t=12.9s
[11:40:06] [38/1000] 500_3_2_h2000_s3000_top8_inf5…
2026-07-19 11:40:06,744 [INFO] 全量 2999 只, 主板 500 只 (采样 500)
2026-07-19 11:40:06,748 [INFO] 交易日历: 333 天 (20250306~20260717)
2026-07-19 11:40:07,071 [INFO] [REG] daily(sample=500) 数据质量: 覆盖率 100% (498/500), 空值 2 (0%), 日期跨度 2024-11-21 00:00:00 ~ 20260717 (874 天)
2026-07-19 11:40:07,471 [INFO] WIN_RATE_V2 因子 · irs=0.482 vm20=0.334 reversal=0.013
2026-07-19 11:40:07,472 [INFO] master panel: 195314 行 (codes=498)
2026-07-19 11:40:07,542 [INFO] 大盘过滤: 871 天 · 硬跳过 314 天 / 软跳过 203 天 (估算自 500 主板采样)
2026-07-19 11:40:08,917 [INFO] 板块映射: 500 只 (其中无板块 0 只)
2026-07-19 11:40:19,066 [INFO] 索引完成: 498 codes × 874 dates, 板块均值 3883 条目
2026-07-19 11:40:19,101 [INFO]   1年: 6套 431 笔, skipped={'no_pick': 2, 'no_t1': 0, 'no_panel': 0, 'breadth_low': 85, 'breadth_soft_no_hot': 2, 'index_late_down': 0, 'sector_late_down': 0, 'tail_vol_low': 0, 'vwap_below': 0, 'vwap_strict_uncovered': 0}
2026-07-19 11:40:19,102 [INFO] [回测 v4] 汇总开始 · 6套=431 累计t=12.4s
2026-07-19 11:40:19,103 [INFO] [回测 v4] 6套统计完 · t=12.4s
2026-07-19 11:40:19,112 [INFO] [回测 v4] 月度完 · 13月 · t=12.4s
2026-07-19 11:40:19,113 [INFO] [回测 v4] 退出原因完 · t=12.4s
2026-07-19 11:40:20,474 [INFO] [sector_breakdown] 耗时 1.4s, 431 笔
2026-07-19 11:40:20,480 [INFO] [回测 v4] 板块完 · 7 · t=13.7s
2026-07-19 11:40:20,480 [INFO] [回测 v4] 总评完 · t=13.7s
2026-07-19 11:40:20,480 [INFO] 回测 v4 完成: 6套 431 笔 · 13.74s · trail_80 胜率 73.78%
2026-07-19 11:40:20,480 [INFO] actual_10 跳过 (用户未开启) · t=13.7s
[11:40:21] [39/1000] 500_5_1_h1500_lhd0.7…
2026-07-19 11:40:21,102 [INFO] 全量 2999 只, 主板 500 只 (采样 500)
2026-07-19 11:40:21,106 [INFO] 交易日历: 333 天 (20250306~20260717)
2026-07-19 11:40:21,707 [INFO] [REG] daily(sample=500) 数据质量: 覆盖率 100% (498/500), 空值 2 (0%), 日期跨度 2024-11-21 00:00:00 ~ 20260717 (874 天)
2026-07-19 11:40:22,212 [INFO] WIN_RATE_V2 因子 · irs=0.482 vm20=0.334 reversal=0.013
2026-07-19 11:40:22,216 [INFO] master panel: 195314 行 (codes=498)
2026-07-19 11:40:22,351 [INFO] 大盘过滤: 871 天 · 硬跳过 229 天 / 软跳过 0 天 (估算自 500 主板采样)
2026-07-19 11:40:31,775 [INFO] 索引完成: 498 codes × 874 dates, 板块均值 0 条目
2026-07-19 11:40:31,804 [INFO]   1年: 6套 794 笔, skipped={'no_pick': 3, 'no_t1': 0, 'no_panel': 0, 'breadth_low': 55, 'breadth_soft_no_hot': 0, 'index_late_down': 0, 'sector_late_down': 0, 'tail_vol_low': 0, 'vwap_below': 0, 'vwap_strict_uncovered': 0}
2026-07-19 11:40:31,805 [INFO] [回测 v4] 汇总开始 · 6套=794 累计t=10.7s
2026-07-19 11:40:31,806 [INFO] [回测 v4] 6套统计完 · t=10.7s
2026-07-19 11:40:31,814 [INFO] [回测 v4] 月度完 · 13月 · t=10.7s
2026-07-19 11:40:31,814 [INFO] [回测 v4] 退出原因完 · t=10.7s
2026-07-19 11:40:34,074 [INFO] [sector_breakdown] 耗时 2.3s, 794 笔
2026-07-19 11:40:34,077 [INFO] [回测 v4] 板块完 · 7 · t=13.0s
2026-07-19 11:40:34,077 [INFO] [回测 v4] 总评完 · t=13.0s
2026-07-19 11:40:34,077 [INFO] equity_curve 采样 794 点 (step=1)
2026-07-19 11:40:34,077 [INFO] 回测 v4 完成: 6套 794 笔 · 12.98s · trail_80 胜率 75.06%
2026-07-19 11:40:34,077 [INFO] actual_10 跳过 (用户未开启) · t=13.0s
[11:40:34] [40/1000] 500_3_2_h2000_s3000_top8…
2026-07-19 11:40:34,418 [INFO] 全量 2999 只, 主板 500 只 (采样 500)
2026-07-19 11:40:34,421 [INFO] 交易日历: 333 天 (20250306~20260717)
2026-07-19 11:40:34,776 [INFO] [REG] daily(sample=500) 数据质量: 覆盖率 100% (498/500), 空值 2 (0%), 日期跨度 2024-11-21 00:00:00 ~ 20260717 (874 天)
2026-07-19 11:40:35,131 [INFO] WIN_RATE_V2 因子 · irs=0.482 vm20=0.334 reversal=0.013
2026-07-19 11:40:35,132 [INFO] master panel: 195314 行 (codes=498)
2026-07-19 11:40:35,215 [INFO] 大盘过滤: 871 天 · 硬跳过 314 天 / 软跳过 203 天 (估算自 500 主板采样)
2026-07-19 11:40:36,639 [INFO] 板块映射: 500 只 (其中无板块 0 只)
2026-07-19 11:40:46,453 [INFO] 索引完成: 498 codes × 874 dates, 板块均值 3883 条目
2026-07-19 11:40:46,478 [INFO]   1年: 6套 462 笔, skipped={'no_pick': 1, 'no_t1': 0, 'no_panel': 0, 'breadth_low': 85, 'breadth_soft_no_hot': 0, 'index_late_down': 0, 'sector_late_down': 0, 'tail_vol_low': 0, 'vwap_below': 0, 'vwap_strict_uncovered': 0}
2026-07-19 11:40:46,479 [INFO] [回测 v4] 汇总开始 · 6套=462 累计t=12.1s
2026-07-19 11:40:46,480 [INFO] [回测 v4] 6套统计完 · t=12.1s
2026-07-19 11:40:46,487 [INFO] [回测 v4] 月度完 · 13月 · t=12.1s
2026-07-19 11:40:46,487 [INFO] [回测 v4] 退出原因完 · t=12.1s
2026-07-19 11:40:47,941 [INFO] [sector_breakdown] 耗时 1.5s, 462 笔
2026-07-19 11:40:47,944 [INFO] [回测 v4] 板块完 · 7 · t=13.5s
2026-07-19 11:40:47,944 [INFO] [回测 v4] 总评完 · t=13.5s
2026-07-19 11:40:47,944 [INFO] 回测 v4 完成: 6套 462 笔 · 13.53s · trail_80 胜率 73.59%
2026-07-19 11:40:47,944 [INFO] actual_10 跳过 (用户未开启) · t=13.5s
[11:40:48] [41/1000] 500_1_3_h1500_s3000_inf3…
2026-07-19 11:40:48,260 [INFO] 全量 2999 只, 主板 500 只 (采样 500)
2026-07-19 11:40:48,264 [INFO] 交易日历: 333 天 (20250306~20260717)
2026-07-19 11:40:48,590 [INFO] [REG] daily(sample=500) 数据质量: 覆盖率 100% (498/500), 空值 2 (0%), 日期跨度 2024-11-21 00:00:00 ~ 20260717 (874 天)
2026-07-19 11:40:48,922 [INFO] WIN_RATE_V2 因子 · irs=0.482 vm20=0.334 reversal=0.013
2026-07-19 11:40:48,923 [INFO] master panel: 195314 行 (codes=498)
2026-07-19 11:40:49,041 [INFO] 大盘过滤: 871 天 · 硬跳过 229 天 / 软跳过 288 天 (估算自 500 主板采样)
2026-07-19 11:40:50,483 [INFO] 板块映射: 500 只 (其中无板块 0 只)
2026-07-19 11:40:59,751 [INFO] 索引完成: 498 codes × 874 dates, 板块均值 3883 条目
2026-07-19 11:40:59,778 [INFO]   1年: 6套 171 笔, skipped={'no_pick': 12, 'no_t1': 0, 'no_panel': 0, 'breadth_low': 55, 'breadth_soft_no_hot': 12, 'index_late_down': 0, 'sector_late_down': 0, 'tail_vol_low': 0, 'vwap_below': 0, 'vwap_strict_uncovered': 0}
2026-07-19 11:40:59,779 [INFO] [回测 v4] 汇总开始 · 6套=171 累计t=11.5s
2026-07-19 11:40:59,780 [INFO] [回测 v4] 6套统计完 · t=11.5s
2026-07-19 11:40:59,786 [INFO] [回测 v4] 月度完 · 13月 · t=11.5s
2026-07-19 11:40:59,786 [INFO] [回测 v4] 退出原因完 · t=11.5s
2026-07-19 11:41:00,237 [INFO] [sector_breakdown] 耗时 0.5s, 171 笔
2026-07-19 11:41:00,239 [INFO] [回测 v4] 板块完 · 7 · t=12.0s
2026-07-19 11:41:00,239 [INFO] [回测 v4] 总评完 · t=12.0s
2026-07-19 11:41:00,239 [INFO] 回测 v4 完成: 6套 171 笔 · 11.98s · trail_80 胜率 70.76%
2026-07-19 11:41:00,239 [INFO] actual_10 跳过 (用户未开启) · t=12.0s
[11:41:00] [42/1000] 500_1_1_h1500_inf5_lhd0.5…
2026-07-19 11:41:00,560 [INFO] 全量 2999 只, 主板 500 只 (采样 500)
2026-07-19 11:41:00,563 [INFO] 交易日历: 333 天 (20250306~20260717)
2026-07-19 11:41:00,879 [INFO] [REG] daily(sample=500) 数据质量: 覆盖率 100% (498/500), 空值 2 (0%), 日期跨度 2024-11-21 00:00:00 ~ 20260717 (874 天)
2026-07-19 11:41:01,216 [INFO] WIN_RATE_V2 因子 · irs=0.482 vm20=0.334 reversal=0.013
2026-07-19 11:41:01,217 [INFO] master panel: 195314 行 (codes=498)
2026-07-19 11:41:01,326 [INFO] 大盘过滤: 871 天 · 硬跳过 229 天 / 软跳过 0 天 (估算自 500 主板采样)
2026-07-19 11:41:02,610 [INFO] 板块映射: 500 只 (其中无板块 0 只)
2026-07-19 11:41:11,781 [INFO] 索引完成: 498 codes × 874 dates, 板块均值 3883 条目
2026-07-19 11:41:11,808 [INFO]   1年: 6套 188 笔, skipped={'no_pick': 7, 'no_t1': 0, 'no_panel': 0, 'breadth_low': 55, 'breadth_soft_no_hot': 0, 'index_late_down': 0, 'sector_late_down': 0, 'tail_vol_low': 0, 'vwap_below': 0, 'vwap_strict_uncovered': 0}
2026-07-19 11:41:11,808 [INFO] [回测 v4] 汇总开始 · 6套=188 累计t=11.3s
2026-07-19 11:41:11,809 [INFO] [回测 v4] 6套统计完 · t=11.3s
2026-07-19 11:41:11,815 [INFO] [回测 v4] 月度完 · 13月 · t=11.3s
2026-07-19 11:41:11,815 [INFO] [回测 v4] 退出原因完 · t=11.3s
2026-07-19 11:41:12,282 [INFO] [sector_breakdown] 耗时 0.5s, 188 笔
2026-07-19 11:41:12,284 [INFO] [回测 v4] 板块完 · 7 · t=11.7s
2026-07-19 11:41:12,284 [INFO] [回测 v4] 总评完 · t=11.7s
2026-07-19 11:41:12,284 [INFO] 回测 v4 完成: 6套 188 笔 · 11.73s · trail_80 胜率 72.87%
2026-07-19 11:41:12,284 [INFO] actual_10 跳过 (用户未开启) · t=11.7s
[11:41:12] [43/1000] 500_2_2_h2000_inf3…
2026-07-19 11:41:12,571 [INFO] 全量 2999 只, 主板 500 只 (采样 500)
2026-07-19 11:41:12,575 [INFO] 交易日历: 333 天 (20250306~20260717)
2026-07-19 11:41:12,891 [INFO] [REG] daily(sample=500) 数据质量: 覆盖率 100% (498/500), 空值 2 (0%), 日期跨度 2024-11-21 00:00:00 ~ 20260717 (874 天)
2026-07-19 11:41:13,209 [INFO] WIN_RATE_V2 因子 · irs=0.482 vm20=0.334 reversal=0.013
2026-07-19 11:41:13,210 [INFO] master panel: 195314 行 (codes=498)
2026-07-19 11:41:13,307 [INFO] 大盘过滤: 871 天 · 硬跳过 314 天 / 软跳过 0 天 (估算自 500 主板采样)
2026-07-19 11:41:14,503 [INFO] 板块映射: 500 只 (其中无板块 0 只)
2026-07-19 11:41:23,652 [INFO] 索引完成: 498 codes × 874 dates, 板块均值 3883 条目
2026-07-19 11:41:23,675 [INFO]   1年: 6套 267 笔, skipped={'no_pick': 18, 'no_t1': 0, 'no_panel': 0, 'breadth_low': 85, 'breadth_soft_no_hot': 0, 'index_late_down': 0, 'sector_late_down': 0, 'tail_vol_low': 0, 'vwap_below': 0, 'vwap_strict_uncovered': 0}
2026-07-19 11:41:23,676 [INFO] [回测 v4] 汇总开始 · 6套=267 累计t=11.1s
2026-07-19 11:41:23,676 [INFO] [回测 v4] 6套统计完 · t=11.1s
2026-07-19 11:41:23,683 [INFO] [回测 v4] 月度完 · 13月 · t=11.1s
2026-07-19 11:41:23,683 [INFO] [回测 v4] 退出原因完 · t=11.1s
2026-07-19 11:41:24,360 [INFO] [sector_breakdown] 耗时 0.7s, 267 笔
2026-07-19 11:41:24,362 [INFO] [回测 v4] 板块完 · 7 · t=11.8s
2026-07-19 11:41:24,362 [INFO] [回测 v4] 总评完 · t=11.8s
2026-07-19 11:41:24,362 [INFO] 回测 v4 完成: 6套 267 笔 · 11.79s · trail_80 胜率 70.41%
2026-07-19 11:41:24,362 [INFO] actual_10 跳过 (用户未开启) · t=11.8s
[11:41:24] [44/1000] 500_5_1_h2000_s3000_top5_lhd0.7…
2026-07-19 11:41:24,683 [INFO] 全量 2999 只, 主板 500 只 (采样 500)
2026-07-19 11:41:24,686 [INFO] 交易日历: 333 天 (20250306~20260717)
2026-07-19 11:41:24,999 [INFO] [REG] daily(sample=500) 数据质量: 覆盖率 100% (498/500), 空值 2 (0%), 日期跨度 2024-11-21 00:00:00 ~ 20260717 (874 天)
2026-07-19 11:41:25,356 [INFO] WIN_RATE_V2 因子 · irs=0.482 vm20=0.334 reversal=0.013
2026-07-19 11:41:25,358 [INFO] master panel: 195314 行 (codes=498)
2026-07-19 11:41:25,455 [INFO] 大盘过滤: 871 天 · 硬跳过 314 天 / 软跳过 203 天 (估算自 500 主板采样)
2026-07-19 11:41:26,737 [INFO] 板块映射: 500 只 (其中无板块 0 只)
2026-07-19 11:41:37,524 [INFO] 索引完成: 498 codes × 874 dates, 板块均值 3883 条目
2026-07-19 11:41:37,561 [INFO]   1年: 6套 668 笔, skipped={'no_pick': 1, 'no_t1': 0, 'no_panel': 0, 'breadth_low': 85, 'breadth_soft_no_hot': 0, 'index_late_down': 0, 'sector_late_down': 0, 'tail_vol_low': 0, 'vwap_below': 0, 'vwap_strict_uncovered': 0}
2026-07-19 11:41:37,563 [INFO] [回测 v4] 汇总开始 · 6套=668 累计t=12.9s
2026-07-19 11:41:37,564 [INFO] [回测 v4] 6套统计完 · t=12.9s
2026-07-19 11:41:37,571 [INFO] [回测 v4] 月度完 · 13月 · t=12.9s
2026-07-19 11:41:37,571 [INFO] [回测 v4] 退出原因完 · t=12.9s
2026-07-19 11:41:39,386 [INFO] [sector_breakdown] 耗时 1.8s, 668 笔
2026-07-19 11:41:39,391 [INFO] [回测 v4] 板块完 · 7 · t=14.7s
2026-07-19 11:41:39,391 [INFO] [回测 v4] 总评完 · t=14.7s
2026-07-19 11:41:39,391 [INFO] equity_curve 采样 668 点 (step=1)
2026-07-19 11:41:39,391 [INFO] 回测 v4 完成: 6套 668 笔 · 14.71s · trail_80 胜率 75.0%
2026-07-19 11:41:39,391 [INFO] actual_10 跳过 (用户未开启) · t=14.7s
[11:41:39] [45/1000] 500_3_1_h2000_s3000_top3_lhd0.5…
2026-07-19 11:41:39,864 [INFO] 全量 2999 只, 主板 500 只 (采样 500)
2026-07-19 11:41:39,868 [INFO] 交易日历: 333 天 (20250306~20260717)
2026-07-19 11:41:40,255 [INFO] [REG] daily(sample=500) 数据质量: 覆盖率 100% (498/500), 空值 2 (0%), 日期跨度 2024-11-21 00:00:00 ~ 20260717 (874 天)
2026-07-19 11:41:40,606 [INFO] WIN_RATE_V2 因子 · irs=0.482 vm20=0.334 reversal=0.013
2026-07-19 11:41:40,608 [INFO] master panel: 195314 行 (codes=498)
2026-07-19 11:41:40,725 [INFO] 大盘过滤: 871 天 · 硬跳过 314 天 / 软跳过 203 天 (估算自 500 主板采样)
2026-07-19 11:41:41,999 [INFO] 板块映射: 500 只 (其中无板块 0 只)
2026-07-19 11:41:51,785 [INFO] 索引完成: 498 codes × 874 dates, 板块均值 3883 条目
2026-07-19 11:41:51,811 [INFO]   1年: 6套 418 笔, skipped={'no_pick': 1, 'no_t1': 0, 'no_panel': 0, 'breadth_low': 85, 'breadth_soft_no_hot': 8, 'index_late_down': 0, 'sector_late_down': 0, 'tail_vol_low': 0, 'vwap_below': 0, 'vwap_strict_uncovered': 0}
2026-07-19 11:41:51,813 [INFO] [回测 v4] 汇总开始 · 6套=418 累计t=12.0s
2026-07-19 11:41:51,814 [INFO] [回测 v4] 6套统计完 · t=12.0s
2026-07-19 11:41:51,821 [INFO] [回测 v4] 月度完 · 13月 · t=12.0s
2026-07-19 11:41:51,821 [INFO] [回测 v4] 退出原因完 · t=12.0s
2026-07-19 11:41:53,047 [INFO] [sector_breakdown] 耗时 1.2s, 418 笔
2026-07-19 11:41:53,053 [INFO] [回测 v4] 板块完 · 7 · t=13.2s
2026-07-19 11:41:53,055 [INFO] [回测 v4] 总评完 · t=13.2s
2026-07-19 11:41:53,055 [INFO] 回测 v4 完成: 6套 418 笔 · 13.19s · trail_80 胜率 74.64%
2026-07-19 11:41:53,055 [INFO] actual_10 跳过 (用户未开启) · t=13.2s
[11:41:53] [46/1000] 500_2_2_h1500_inf5…
2026-07-19 11:41:53,412 [INFO] 全量 2999 只, 主板 500 只 (采样 500)
2026-07-19 11:41:53,416 [INFO] 交易日历: 333 天 (20250306~20260717)
2026-07-19 11:41:53,745 [INFO] [REG] daily(sample=500) 数据质量: 覆盖率 100% (498/500), 空值 2 (0%), 日期跨度 2024-11-21 00:00:00 ~ 20260717 (874 天)
2026-07-19 11:41:54,133 [INFO] WIN_RATE_V2 因子 · irs=0.482 vm20=0.334 reversal=0.013
2026-07-19 11:41:54,134 [INFO] master panel: 195314 行 (codes=498)
2026-07-19 11:41:54,203 [INFO] 大盘过滤: 871 天 · 硬跳过 229 天 / 软跳过 0 天 (估算自 500 主板采样)
2026-07-19 11:41:55,488 [INFO] 板块映射: 500 只 (其中无板块 0 只)
2026-07-19 11:42:05,148 [INFO] 索引完成: 498 codes × 874 dates, 板块均值 3883 条目
2026-07-19 11:42:05,206 [INFO]   1年: 6套 362 笔, skipped={'no_pick': 7, 'no_t1': 0, 'no_panel': 0, 'breadth_low': 55, 'breadth_soft_no_hot': 0, 'index_late_down': 0, 'sector_late_down': 0, 'tail_vol_low': 0, 'vwap_below': 0, 'vwap_strict_uncovered': 0}
2026-07-19 11:42:05,210 [INFO] [回测 v4] 汇总开始 · 6套=362 累计t=11.8s
2026-07-19 11:42:05,211 [INFO] [回测 v4] 6套统计完 · t=11.8s
2026-07-19 11:42:05,218 [INFO] [回测 v4] 月度完 · 13月 · t=11.8s
2026-07-19 11:42:05,218 [INFO] [回测 v4] 退出原因完 · t=11.8s
2026-07-19 11:42:06,464 [INFO] [sector_breakdown] 耗时 1.2s, 362 笔
2026-07-19 11:42:06,467 [INFO] [回测 v4] 板块完 · 7 · t=13.1s
2026-07-19 11:42:06,467 [INFO] [回测 v4] 总评完 · t=13.1s
2026-07-19 11:42:06,467 [INFO] 回测 v4 完成: 6套 362 笔 · 13.06s · trail_80 胜率 72.93%
2026-07-19 11:42:06,467 [INFO] actual_10 跳过 (用户未开启) · t=13.1s
[11:42:06] [47/1000] 500_5_2_h2000_s3000_top3_inf5_lhd0.7…
2026-07-19 11:42:06,850 [INFO] 全量 2999 只, 主板 500 只 (采样 500)
2026-07-19 11:42:06,854 [INFO] 交易日历: 333 天 (20250306~20260717)
2026-07-19 11:42:07,171 [INFO] [REG] daily(sample=500) 数据质量: 覆盖率 100% (498/500), 空值 2 (0%), 日期跨度 2024-11-21 00:00:00 ~ 20260717 (874 天)
2026-07-19 11:42:07,583 [INFO] WIN_RATE_V2 因子 · irs=0.482 vm20=0.334 reversal=0.013
2026-07-19 11:42:07,584 [INFO] master panel: 195314 行 (codes=498)
2026-07-19 11:42:07,670 [INFO] 大盘过滤: 871 天 · 硬跳过 314 天 / 软跳过 203 天 (估算自 500 主板采样)
2026-07-19 11:42:08,928 [INFO] 板块映射: 500 只 (其中无板块 0 只)
2026-07-19 11:42:18,781 [INFO] 索引完成: 498 codes × 874 dates, 板块均值 3883 条目
2026-07-19 11:42:18,807 [INFO]   1年: 6套 514 笔, skipped={'no_pick': 2, 'no_t1': 0, 'no_panel': 0, 'breadth_low': 85, 'breadth_soft_no_hot': 13, 'index_late_down': 0, 'sector_late_down': 0, 'tail_vol_low': 0, 'vwap_below': 0, 'vwap_strict_uncovered': 0}
2026-07-19 11:42:18,808 [INFO] [回测 v4] 汇总开始 · 6套=514 累计t=12.0s
2026-07-19 11:42:18,809 [INFO] [回测 v4] 6套统计完 · t=12.0s
2026-07-19 11:42:18,815 [INFO] [回测 v4] 月度完 · 13月 · t=12.0s
2026-07-19 11:42:18,815 [INFO] [回测 v4] 退出原因完 · t=12.0s
2026-07-19 11:42:20,168 [INFO] [sector_breakdown] 耗时 1.4s, 514 笔
2026-07-19 11:42:20,171 [INFO] [回测 v4] 板块完 · 7 · t=13.3s
2026-07-19 11:42:20,171 [INFO] [回测 v4] 总评完 · t=13.3s
2026-07-19 11:42:20,171 [INFO] equity_curve 采样 514 点 (step=1)
2026-07-19 11:42:20,171 [INFO] 回测 v4 完成: 6套 514 笔 · 13.32s · trail_80 胜率 73.74%
2026-07-19 11:42:20,171 [INFO] actual_10 跳过 (用户未开启) · t=13.3s
[11:42:20] [48/1000] 500_2_2_h1500…
2026-07-19 11:42:20,499 [INFO] 全量 2999 只, 主板 500 只 (采样 500)
2026-07-19 11:42:20,502 [INFO] 交易日历: 333 天 (20250306~20260717)
2026-07-19 11:42:20,823 [INFO] [REG] daily(sample=500) 数据质量: 覆盖率 100% (498/500), 空值 2 (0%), 日期跨度 2024-11-21 00:00:00 ~ 20260717 (874 天)
2026-07-19 11:42:21,187 [INFO] WIN_RATE_V2 因子 · irs=0.482 vm20=0.334 reversal=0.013
2026-07-19 11:42:21,189 [INFO] master panel: 195314 行 (codes=498)
2026-07-19 11:42:21,257 [INFO] 大盘过滤: 871 天 · 硬跳过 229 天 / 软跳过 0 天 (估算自 500 主板采样)
2026-07-19 11:42:30,291 [INFO] 索引完成: 498 codes × 874 dates, 板块均值 0 条目
2026-07-19 11:42:30,323 [INFO]   1年: 6套 376 笔, skipped={'no_pick': 3, 'no_t1': 0, 'no_panel': 0, 'breadth_low': 55, 'breadth_soft_no_hot': 0, 'index_late_down': 0, 'sector_late_down': 0, 'tail_vol_low': 0, 'vwap_below': 0, 'vwap_strict_uncovered': 0}
2026-07-19 11:42:30,324 [INFO] [回测 v4] 汇总开始 · 6套=376 累计t=9.8s
2026-07-19 11:42:30,325 [INFO] [回测 v4] 6套统计完 · t=9.8s
2026-07-19 11:42:30,331 [INFO] [回测 v4] 月度完 · 13月 · t=9.8s
2026-07-19 11:42:30,331 [INFO] [回测 v4] 退出原因完 · t=9.8s
2026-07-19 11:42:31,244 [INFO] [sector_breakdown] 耗时 0.9s, 376 笔
2026-07-19 11:42:31,246 [INFO] [回测 v4] 板块完 · 7 · t=10.7s
2026-07-19 11:42:31,247 [INFO] [回测 v4] 总评完 · t=10.7s
2026-07-19 11:42:31,247 [INFO] 回测 v4 完成: 6套 376 笔 · 10.75s · trail_80 胜率 73.4%
2026-07-19 11:42:31,247 [INFO] actual_10 跳过 (用户未开启) · t=10.7s
[11:42:31] [49/1000] 500_4_2_h2000_s3000_top8_inf3_lhd0.5…
2026-07-19 11:42:31,546 [INFO] 全量 2999 只, 主板 500 只 (采样 500)
2026-07-19 11:42:31,550 [INFO] 交易日历: 333 天 (20250306~20260717)
2026-07-19 11:42:31,920 [INFO] [REG] daily(sample=500) 数据质量: 覆盖率 100% (498/500), 空值 2 (0%), 日期跨度 2024-11-21 00:00:00 ~ 20260717 (874 天)
2026-07-19 11:42:32,355 [INFO] WIN_RATE_V2 因子 · irs=0.482 vm20=0.334 reversal=0.013
2026-07-19 11:42:32,357 [INFO] master panel: 195314 行 (codes=498)
2026-07-19 11:42:32,430 [INFO] 大盘过滤: 871 天 · 硬跳过 314 天 / 软跳过 203 天 (估算自 500 主板采样)
2026-07-19 11:42:33,788 [INFO] 板块映射: 500 只 (其中无板块 0 只)
2026-07-19 11:42:43,414 [INFO] 索引完成: 498 codes × 874 dates, 板块均值 3883 条目
2026-07-19 11:42:43,440 [INFO]   1年: 6套 425 笔, skipped={'no_pick': 12, 'no_t1': 0, 'no_panel': 0, 'breadth_low': 85, 'breadth_soft_no_hot': 6, 'index_late_down': 0, 'sector_late_down': 0, 'tail_vol_low': 0, 'vwap_below': 0, 'vwap_strict_uncovered': 0}
2026-07-19 11:42:43,441 [INFO] [回测 v4] 汇总开始 · 6套=425 累计t=11.9s
2026-07-19 11:42:43,442 [INFO] [回测 v4] 6套统计完 · t=11.9s
2026-07-19 11:42:43,449 [INFO] [回测 v4] 月度完 · 13月 · t=11.9s
2026-07-19 11:42:43,449 [INFO] [回测 v4] 退出原因完 · t=11.9s
2026-07-19 11:42:44,628 [INFO] [sector_breakdown] 耗时 1.2s, 425 笔
2026-07-19 11:42:44,631 [INFO] [回测 v4] 板块完 · 7 · t=13.1s
2026-07-19 11:42:44,631 [INFO] [回测 v4] 总评完 · t=13.1s
2026-07-19 11:42:44,631 [INFO] 回测 v4 完成: 6套 425 笔 · 13.09s · trail_80 胜率 72.71%
2026-07-19 11:42:44,631 [INFO] actual_10 跳过 (用户未开启) · t=13.1s
[11:42:44] [50/1000] 500_4_2_h1500_s3000_inf3…
2026-07-19 11:42:44,957 [INFO] 全量 2999 只, 主板 500 只 (采样 500)
2026-07-19 11:42:44,961 [INFO] 交易日历: 333 天 (20250306~20260717)
2026-07-19 11:42:45,303 [INFO] [REG] daily(sample=500) 数据质量: 覆盖率 100% (498/500), 空值 2 (0%), 日期跨度 2024-11-21 00:00:00 ~ 20260717 (874 天)
2026-07-19 11:42:45,661 [INFO] WIN_RATE_V2 因子 · irs=0.482 vm20=0.334 reversal=0.013
2026-07-19 11:42:45,662 [INFO] master panel: 195314 行 (codes=498)
2026-07-19 11:42:45,732 [INFO] 大盘过滤: 871 天 · 硬跳过 229 天 / 软跳过 288 天 (估算自 500 主板采样)
2026-07-19 11:42:47,081 [INFO] 板块映射: 500 只 (其中无板块 0 只)
2026-07-19 11:42:56,938 [INFO] 索引完成: 498 codes × 874 dates, 板块均值 3883 条目
2026-07-19 11:42:56,992 [INFO]   1年: 6套 486 笔, skipped={'no_pick': 12, 'no_t1': 0, 'no_panel': 0, 'breadth_low': 55, 'breadth_soft_no_hot': 12, 'index_late_down': 0, 'sector_late_down': 0, 'tail_vol_low': 0, 'vwap_below': 0, 'vwap_strict_uncovered': 0}
2026-07-19 11:42:56,994 [INFO] [回测 v4] 汇总开始 · 6套=486 累计t=12.0s
2026-07-19 11:42:56,995 [INFO] [回测 v4] 6套统计完 · t=12.0s
2026-07-19 11:42:57,003 [INFO] [回测 v4] 月度完 · 13月 · t=12.0s
2026-07-19 11:42:57,003 [INFO] [回测 v4] 退出原因完 · t=12.0s
2026-07-19 11:42:58,372 [INFO] [sector_breakdown] 耗时 1.4s, 486 笔
2026-07-19 11:42:58,375 [INFO] [回测 v4] 板块完 · 7 · t=13.4s
2026-07-19 11:42:58,375 [INFO] [回测 v4] 总评完 · t=13.4s
2026-07-19 11:42:58,375 [INFO] 回测 v4 完成: 6套 486 笔 · 13.42s · trail_80 胜率 73.25%
2026-07-19 11:42:58,375 [INFO] actual_10 跳过 (用户未开启) · t=13.4s
[11:42:58] [50/1000] checkpoint · 最佳 score=2.75 · 成功 50/50 (100%) · 已用 673s · 预计剩余 213min
[11:42:58] [51/1000] 500_2_3_h1500…
2026-07-19 11:42:58,709 [INFO] 全量 2999 只, 主板 500 只 (采样 500)
2026-07-19 11:42:58,713 [INFO] 交易日历: 333 天 (20250306~20260717)
2026-07-19 11:42:59,041 [INFO] [REG] daily(sample=500) 数据质量: 覆盖率 100% (498/500), 空值 2 (0%), 日期跨度 2024-11-21 00:00:00 ~ 20260717 (874 天)
2026-07-19 11:42:59,413 [INFO] WIN_RATE_V2 因子 · irs=0.482 vm20=0.334 reversal=0.013
2026-07-19 11:42:59,415 [INFO] master panel: 195314 行 (codes=498)
2026-07-19 11:42:59,486 [INFO] 大盘过滤: 871 天 · 硬跳过 229 天 / 软跳过 0 天 (估算自 500 主板采样)
2026-07-19 11:43:08,499 [INFO] 索引完成: 498 codes × 874 dates, 板块均值 0 条目
2026-07-19 11:43:08,530 [INFO]   1年: 6套 376 笔, skipped={'no_pick': 3, 'no_t1': 0, 'no_panel': 0, 'breadth_low': 55, 'breadth_soft_no_hot': 0, 'index_late_down': 0, 'sector_late_down': 0, 'tail_vol_low': 0, 'vwap_below': 0, 'vwap_strict_uncovered': 0}
2026-07-19 11:43:08,531 [INFO] [回测 v4] 汇总开始 · 6套=376 累计t=9.8s
2026-07-19 11:43:08,531 [INFO] [回测 v4] 6套统计完 · t=9.8s
2026-07-19 11:43:08,537 [INFO] [回测 v4] 月度完 · 13月 · t=9.8s
2026-07-19 11:43:08,537 [INFO] [回测 v4] 退出原因完 · t=9.8s
2026-07-19 11:43:09,559 [INFO] [sector_breakdown] 耗时 1.0s, 376 笔
2026-07-19 11:43:09,562 [INFO] [回测 v4] 板块完 · 7 · t=10.9s
2026-07-19 11:43:09,562 [INFO] [回测 v4] 总评完 · t=10.9s
2026-07-19 11:43:09,562 [INFO] 回测 v4 完成: 6套 376 笔 · 10.86s · trail_80 胜率 73.4%
2026-07-19 11:43:09,562 [INFO] actual_10 跳过 (用户未开启) · t=10.9s
[11:43:09] [52/1000] 500_5_3_inf3…
2026-07-19 11:43:09,861 [INFO] 全量 2999 只, 主板 500 只 (采样 500)
2026-07-19 11:43:09,865 [INFO] 交易日历: 333 天 (20250306~20260717)
2026-07-19 11:43:10,184 [INFO] [REG] daily(sample=500) 数据质量: 覆盖率 100% (498/500), 空值 2 (0%), 日期跨度 2024-11-21 00:00:00 ~ 20260717 (874 天)
2026-07-19 11:43:10,511 [INFO] WIN_RATE_V2 因子 · irs=0.482 vm20=0.334 reversal=0.013
2026-07-19 11:43:10,512 [INFO] master panel: 195314 行 (codes=498)
2026-07-19 11:43:11,874 [INFO] 板块映射: 500 只 (其中无板块 0 只)
2026-07-19 11:43:21,209 [INFO] 索引完成: 498 codes × 874 dates, 板块均值 3883 条目
2026-07-19 11:43:21,247 [INFO]   1年: 6套 609 笔, skipped={'no_pick': 45, 'no_t1': 0, 'no_panel': 0, 'breadth_low': 0, 'breadth_soft_no_hot': 0, 'index_late_down': 0, 'sector_late_down': 0, 'tail_vol_low': 0, 'vwap_below': 0, 'vwap_strict_uncovered': 0}
2026-07-19 11:43:21,249 [INFO] [回测 v4] 汇总开始 · 6套=609 累计t=11.4s
2026-07-19 11:43:21,250 [INFO] [回测 v4] 6套统计完 · t=11.4s
2026-07-19 11:43:21,257 [INFO] [回测 v4] 月度完 · 13月 · t=11.4s
2026-07-19 11:43:21,258 [INFO] [回测 v4] 退出原因完 · t=11.4s
2026-07-19 11:43:22,904 [INFO] [sector_breakdown] 耗时 1.6s, 609 笔
2026-07-19 11:43:22,907 [INFO] [回测 v4] 板块完 · 7 · t=13.0s
2026-07-19 11:43:22,907 [INFO] [回测 v4] 总评完 · t=13.0s
2026-07-19 11:43:22,907 [INFO] equity_curve 采样 609 点 (step=1)
2026-07-19 11:43:22,907 [INFO] 回测 v4 完成: 6套 609 笔 · 13.05s · trail_80 胜率 73.07%
2026-07-19 11:43:22,907 [INFO] actual_10 跳过 (用户未开启) · t=13.0s
[11:43:23] [53/1000] 500_3_1_h2000_s3000_top5_inf5_lhd0.7…
2026-07-19 11:43:23,235 [INFO] 全量 2999 只, 主板 500 只 (采样 500)
2026-07-19 11:43:23,239 [INFO] 交易日历: 333 天 (20250306~20260717)
2026-07-19 11:43:23,563 [INFO] [REG] daily(sample=500) 数据质量: 覆盖率 100% (498/500), 空值 2 (0%), 日期跨度 2024-11-21 00:00:00 ~ 20260717 (874 天)
2026-07-19 11:43:23,913 [INFO] WIN_RATE_V2 因子 · irs=0.482 vm20=0.334 reversal=0.013
2026-07-19 11:43:23,914 [INFO] master panel: 195314 行 (codes=498)
2026-07-19 11:43:24,023 [INFO] 大盘过滤: 871 天 · 硬跳过 314 天 / 软跳过 203 天 (估算自 500 主板采样)
2026-07-19 11:43:25,381 [INFO] 板块映射: 500 只 (其中无板块 0 只)
2026-07-19 11:43:34,905 [INFO] 索引完成: 498 codes × 874 dates, 板块均值 3883 条目
2026-07-19 11:43:34,930 [INFO]   1年: 6套 420 笔, skipped={'no_pick': 2, 'no_t1': 0, 'no_panel': 0, 'breadth_low': 85, 'breadth_soft_no_hot': 3, 'index_late_down': 0, 'sector_late_down': 0, 'tail_vol_low': 0, 'vwap_below': 0, 'vwap_strict_uncovered': 0}
2026-07-19 11:43:34,931 [INFO] [回测 v4] 汇总开始 · 6套=420 累计t=11.7s
2026-07-19 11:43:34,932 [INFO] [回测 v4] 6套统计完 · t=11.7s
2026-07-19 11:43:34,938 [INFO] [回测 v4] 月度完 · 13月 · t=11.7s
2026-07-19 11:43:34,938 [INFO] [回测 v4] 退出原因完 · t=11.7s
2026-07-19 11:43:36,288 [INFO] [sector_breakdown] 耗时 1.3s, 420 笔
2026-07-19 11:43:36,290 [INFO] [回测 v4] 板块完 · 7 · t=13.1s
2026-07-19 11:43:36,290 [INFO] [回测 v4] 总评完 · t=13.1s
2026-07-19 11:43:36,290 [INFO] 回测 v4 完成: 6套 420 笔 · 13.06s · trail_80 胜率 74.52%
2026-07-19 11:43:36,290 [INFO] actual_10 跳过 (用户未开启) · t=13.1s
[11:43:36] [54/1000] 500_1_2_h1500_lhd0.5…
2026-07-19 11:43:36,625 [INFO] 全量 2999 只, 主板 500 只 (采样 500)
2026-07-19 11:43:36,629 [INFO] 交易日历: 333 天 (20250306~20260717)
2026-07-19 11:43:36,966 [INFO] [REG] daily(sample=500) 数据质量: 覆盖率 100% (498/500), 空值 2 (0%), 日期跨度 2024-11-21 00:00:00 ~ 20260717 (874 天)
2026-07-19 11:43:37,303 [INFO] WIN_RATE_V2 因子 · irs=0.482 vm20=0.334 reversal=0.013
2026-07-19 11:43:37,305 [INFO] master panel: 195314 行 (codes=498)
2026-07-19 11:43:37,408 [INFO] 大盘过滤: 871 天 · 硬跳过 229 天 / 软跳过 0 天 (估算自 500 主板采样)
2026-07-19 11:43:46,377 [INFO] 索引完成: 498 codes × 874 dates, 板块均值 0 条目
2026-07-19 11:43:46,405 [INFO]   1年: 6套 192 笔, skipped={'no_pick': 3, 'no_t1': 0, 'no_panel': 0, 'breadth_low': 55, 'breadth_soft_no_hot': 0, 'index_late_down': 0, 'sector_late_down': 0, 'tail_vol_low': 0, 'vwap_below': 0, 'vwap_strict_uncovered': 0}
2026-07-19 11:43:46,406 [INFO] [回测 v4] 汇总开始 · 6套=192 累计t=9.8s
2026-07-19 11:43:46,407 [INFO] [回测 v4] 6套统计完 · t=9.8s
2026-07-19 11:43:46,412 [INFO] [回测 v4] 月度完 · 13月 · t=9.8s
2026-07-19 11:43:46,413 [INFO] [回测 v4] 退出原因完 · t=9.8s
2026-07-19 11:43:46,992 [INFO] [sector_breakdown] 耗时 0.6s, 192 笔
2026-07-19 11:43:46,994 [INFO] [回测 v4] 板块完 · 7 · t=10.4s
2026-07-19 11:43:46,995 [INFO] [回测 v4] 总评完 · t=10.4s
2026-07-19 11:43:46,995 [INFO] 回测 v4 完成: 6套 192 笔 · 10.37s · trail_80 胜率 72.92%
2026-07-19 11:43:46,995 [INFO] actual_10 跳过 (用户未开启) · t=10.4s
[11:43:47] [55/1000] 500_4_2_h1500_s3000_top5_inf5_lhd0.5…
2026-07-19 11:43:47,299 [INFO] 全量 2999 只, 主板 500 只 (采样 500)
2026-07-19 11:43:47,303 [INFO] 交易日历: 333 天 (20250306~20260717)
2026-07-19 11:43:47,645 [INFO] [REG] daily(sample=500) 数据质量: 覆盖率 100% (498/500), 空值 2 (0%), 日期跨度 2024-11-21 00:00:00 ~ 20260717 (874 天)
2026-07-19 11:43:48,008 [INFO] WIN_RATE_V2 因子 · irs=0.482 vm20=0.334 reversal=0.013
2026-07-19 11:43:48,009 [INFO] master panel: 195314 行 (codes=498)
2026-07-19 11:43:48,080 [INFO] 大盘过滤: 871 天 · 硬跳过 229 天 / 软跳过 288 天 (估算自 500 主板采样)
2026-07-19 11:43:49,500 [INFO] 板块映射: 500 只 (其中无板块 0 只)
2026-07-19 11:43:58,906 [INFO] 索引完成: 498 codes × 874 dates, 板块均值 3883 条目
2026-07-19 11:43:58,937 [INFO]   1年: 6套 584 笔, skipped={'no_pick': 2, 'no_t1': 0, 'no_panel': 0, 'breadth_low': 55, 'breadth_soft_no_hot': 6, 'index_late_down': 0, 'sector_late_down': 0, 'tail_vol_low': 0, 'vwap_below': 0, 'vwap_strict_uncovered': 0}
2026-07-19 11:43:58,938 [INFO] [回测 v4] 汇总开始 · 6套=584 累计t=11.6s
2026-07-19 11:43:58,939 [INFO] [回测 v4] 6套统计完 · t=11.6s
2026-07-19 11:43:58,946 [INFO] [回测 v4] 月度完 · 13月 · t=11.6s
2026-07-19 11:43:58,946 [INFO] [回测 v4] 退出原因完 · t=11.6s
2026-07-19 11:44:00,603 [INFO] [sector_breakdown] 耗时 1.7s, 584 笔
2026-07-19 11:44:00,606 [INFO] [回测 v4] 板块完 · 7 · t=13.3s
2026-07-19 11:44:00,606 [INFO] [回测 v4] 总评完 · t=13.3s
2026-07-19 11:44:00,606 [INFO] equity_curve 采样 584 点 (step=1)
2026-07-19 11:44:00,607 [INFO] 回测 v4 完成: 6套 584 笔 · 13.31s · trail_80 胜率 73.46%
2026-07-19 11:44:00,607 [INFO] actual_10 跳过 (用户未开启) · t=13.3s
[11:44:00] [56/1000] 500_4_1_h1500_s3000_inf5_lhd0.5…
2026-07-19 11:44:00,956 [INFO] 全量 2999 只, 主板 500 只 (采样 500)
2026-07-19 11:44:00,960 [INFO] 交易日历: 333 天 (20250306~20260717)
2026-07-19 11:44:01,305 [INFO] [REG] daily(sample=500) 数据质量: 覆盖率 100% (498/500), 空值 2 (0%), 日期跨度 2024-11-21 00:00:00 ~ 20260717 (874 天)
2026-07-19 11:44:01,665 [INFO] WIN_RATE_V2 因子 · irs=0.482 vm20=0.334 reversal=0.013
2026-07-19 11:44:01,667 [INFO] master panel: 195314 行 (codes=498)
2026-07-19 11:44:01,735 [INFO] 大盘过滤: 871 天 · 硬跳过 229 天 / 软跳过 288 天 (估算自 500 主板采样)
2026-07-19 11:44:03,231 [INFO] 板块映射: 500 只 (其中无板块 0 只)
2026-07-19 11:44:12,607 [INFO] 索引完成: 498 codes × 874 dates, 板块均值 3883 条目
2026-07-19 11:44:12,640 [INFO]   1年: 6套 604 笔, skipped={'no_pick': 2, 'no_t1': 0, 'no_panel': 0, 'breadth_low': 55, 'breadth_soft_no_hot': 5, 'index_late_down': 0, 'sector_late_down': 0, 'tail_vol_low': 0, 'vwap_below': 0, 'vwap_strict_uncovered': 0}
2026-07-19 11:44:12,642 [INFO] [回测 v4] 汇总开始 · 6套=604 累计t=11.7s
2026-07-19 11:44:12,645 [INFO] [回测 v4] 6套统计完 · t=11.7s
2026-07-19 11:44:12,652 [INFO] [回测 v4] 月度完 · 13月 · t=11.7s
2026-07-19 11:44:12,652 [INFO] [回测 v4] 退出原因完 · t=11.7s
2026-07-19 11:44:14,310 [INFO] [sector_breakdown] 耗时 1.7s, 604 笔
2026-07-19 11:44:14,312 [INFO] [回测 v4] 板块完 · 7 · t=13.4s
2026-07-19 11:44:14,313 [INFO] [回测 v4] 总评完 · t=13.4s
2026-07-19 11:44:14,313 [INFO] equity_curve 采样 604 点 (step=1)
2026-07-19 11:44:14,313 [INFO] 回测 v4 完成: 6套 604 笔 · 13.36s · trail_80 胜率 73.34%
2026-07-19 11:44:14,313 [INFO] actual_10 跳过 (用户未开启) · t=13.4s
[11:44:14] [57/1000] 500_3_2_h1500_s3000_top8_inf5_lhd0.7…
2026-07-19 11:44:14,638 [INFO] 全量 2999 只, 主板 500 只 (采样 500)
2026-07-19 11:44:14,642 [INFO] 交易日历: 333 天 (20250306~20260717)
2026-07-19 11:44:14,930 [INFO] [REG] daily(sample=500) 数据质量: 覆盖率 100% (498/500), 空值 2 (0%), 日期跨度 2024-11-21 00:00:00 ~ 20260717 (874 天)
2026-07-19 11:44:15,325 [INFO] WIN_RATE_V2 因子 · irs=0.482 vm20=0.334 reversal=0.013
2026-07-19 11:44:15,326 [INFO] master panel: 195314 行 (codes=498)
2026-07-19 11:44:15,402 [INFO] 大盘过滤: 871 天 · 硬跳过 229 天 / 软跳过 288 天 (估算自 500 主板采样)
2026-07-19 11:44:16,713 [INFO] 板块映射: 500 只 (其中无板块 0 只)
2026-07-19 11:44:26,240 [INFO] 索引完成: 498 codes × 874 dates, 板块均值 3883 条目
2026-07-19 11:44:26,274 [INFO]   1年: 6套 498 笔, skipped={'no_pick': 2, 'no_t1': 0, 'no_panel': 0, 'breadth_low': 55, 'breadth_soft_no_hot': 5, 'index_late_down': 0, 'sector_late_down': 0, 'tail_vol_low': 0, 'vwap_below': 0, 'vwap_strict_uncovered': 0}
2026-07-19 11:44:26,275 [INFO] [回测 v4] 汇总开始 · 6套=498 累计t=11.6s
2026-07-19 11:44:26,276 [INFO] [回测 v4] 6套统计完 · t=11.6s
2026-07-19 11:44:26,283 [INFO] [回测 v4] 月度完 · 13月 · t=11.6s
2026-07-19 11:44:26,283 [INFO] [回测 v4] 退出原因完 · t=11.6s
2026-07-19 11:44:27,574 [INFO] [sector_breakdown] 耗时 1.3s, 498 笔
2026-07-19 11:44:27,577 [INFO] [回测 v4] 板块完 · 7 · t=12.9s
2026-07-19 11:44:27,577 [INFO] [回测 v4] 总评完 · t=12.9s
2026-07-19 11:44:27,577 [INFO] 回测 v4 完成: 6套 498 笔 · 12.94s · trail_80 胜率 74.5%
2026-07-19 11:44:27,577 [INFO] actual_10 跳过 (用户未开启) · t=12.9s
[11:44:27] [58/1000] 500_2_3_lhd0.7…
2026-07-19 11:44:27,930 [INFO] 全量 2999 只, 主板 500 只 (采样 500)
2026-07-19 11:44:27,934 [INFO] 交易日历: 333 天 (20250306~20260717)
2026-07-19 11:44:28,316 [INFO] [REG] daily(sample=500) 数据质量: 覆盖率 100% (498/500), 空值 2 (0%), 日期跨度 2024-11-21 00:00:00 ~ 20260717 (874 天)
2026-07-19 11:44:28,666 [INFO] WIN_RATE_V2 因子 · irs=0.482 vm20=0.334 reversal=0.013
2026-07-19 11:44:28,668 [INFO] master panel: 195314 行 (codes=498)
2026-07-19 11:44:37,502 [INFO] 索引完成: 498 codes × 874 dates, 板块均值 0 条目
2026-07-19 11:44:37,538 [INFO]   1年: 6套 466 笔, skipped={'no_pick': 7, 'no_t1': 0, 'no_panel': 0, 'breadth_low': 0, 'breadth_soft_no_hot': 0, 'index_late_down': 0, 'sector_late_down': 0, 'tail_vol_low': 0, 'vwap_below': 0, 'vwap_strict_uncovered': 0}
2026-07-19 11:44:37,540 [INFO] [回测 v4] 汇总开始 · 6套=466 累计t=9.6s
2026-07-19 11:44:37,540 [INFO] [回测 v4] 6套统计完 · t=9.6s
2026-07-19 11:44:37,547 [INFO] [回测 v4] 月度完 · 13月 · t=9.6s
2026-07-19 11:44:37,547 [INFO] [回测 v4] 退出原因完 · t=9.6s
2026-07-19 11:44:38,703 [INFO] [sector_breakdown] 耗时 1.2s, 466 笔
2026-07-19 11:44:38,705 [INFO] [回测 v4] 板块完 · 7 · t=10.8s
2026-07-19 11:44:38,706 [INFO] [回测 v4] 总评完 · t=10.8s
2026-07-19 11:44:38,706 [INFO] 回测 v4 完成: 6套 466 笔 · 10.78s · trail_80 胜率 71.67%
2026-07-19 11:44:38,706 [INFO] actual_10 跳过 (用户未开启) · t=10.8s
[11:44:38] [59/1000] 500_5_2_h2000_inf3_lhd0.7…
2026-07-19 11:44:38,995 [INFO] 全量 2999 只, 主板 500 只 (采样 500)
2026-07-19 11:44:38,999 [INFO] 交易日历: 333 天 (20250306~20260717)
2026-07-19 11:44:39,311 [INFO] [REG] daily(sample=500) 数据质量: 覆盖率 100% (498/500), 空值 2 (0%), 日期跨度 2024-11-21 00:00:00 ~ 20260717 (874 天)
2026-07-19 11:44:39,644 [INFO] WIN_RATE_V2 因子 · irs=0.482 vm20=0.334 reversal=0.013
2026-07-19 11:44:39,645 [INFO] master panel: 195314 行 (codes=498)
2026-07-19 11:44:39,751 [INFO] 大盘过滤: 871 天 · 硬跳过 314 天 / 软跳过 0 天 (估算自 500 主板采样)
2026-07-19 11:44:40,970 [INFO] 板块映射: 500 只 (其中无板块 0 只)
2026-07-19 11:44:49,996 [INFO] 索引完成: 498 codes × 874 dates, 板块均值 3883 条目
2026-07-19 11:44:50,022 [INFO]   1年: 6套 470 笔, skipped={'no_pick': 18, 'no_t1': 0, 'no_panel': 0, 'breadth_low': 85, 'breadth_soft_no_hot': 0, 'index_late_down': 0, 'sector_late_down': 0, 'tail_vol_low': 0, 'vwap_below': 0, 'vwap_strict_uncovered': 0}
2026-07-19 11:44:50,023 [INFO] [回测 v4] 汇总开始 · 6套=470 累计t=11.0s
2026-07-19 11:44:50,024 [INFO] [回测 v4] 6套统计完 · t=11.0s
2026-07-19 11:44:50,030 [INFO] [回测 v4] 月度完 · 13月 · t=11.0s
2026-07-19 11:44:50,030 [INFO] [回测 v4] 退出原因完 · t=11.0s
2026-07-19 11:44:51,276 [INFO] [sector_breakdown] 耗时 1.2s, 470 笔
2026-07-19 11:44:51,279 [INFO] [回测 v4] 板块完 · 7 · t=12.3s
2026-07-19 11:44:51,279 [INFO] [回测 v4] 总评完 · t=12.3s
2026-07-19 11:44:51,279 [INFO] 回测 v4 完成: 6套 470 笔 · 12.29s · trail_80 胜率 72.77%
2026-07-19 11:44:51,279 [INFO] actual_10 跳过 (用户未开启) · t=12.3s
[11:44:51] [60/1000] 500_3_3_h2000_lhd0.5…
2026-07-19 11:44:51,578 [INFO] 全量 2999 只, 主板 500 只 (采样 500)
2026-07-19 11:44:51,582 [INFO] 交易日历: 333 天 (20250306~20260717)
2026-07-19 11:44:51,929 [INFO] [REG] daily(sample=500) 数据质量: 覆盖率 100% (498/500), 空值 2 (0%), 日期跨度 2024-11-21 00:00:00 ~ 20260717 (874 天)
2026-07-19 11:44:52,257 [INFO] WIN_RATE_V2 因子 · irs=0.482 vm20=0.334 reversal=0.013
2026-07-19 11:44:52,258 [INFO] master panel: 195314 行 (codes=498)
2026-07-19 11:44:52,364 [INFO] 大盘过滤: 871 天 · 硬跳过 314 天 / 软跳过 0 天 (估算自 500 主板采样)
2026-07-19 11:45:01,013 [INFO] 索引完成: 498 codes × 874 dates, 板块均值 0 条目
2026-07-19 11:45:01,038 [INFO]   1年: 6套 462 笔, skipped={'no_pick': 1, 'no_t1': 0, 'no_panel': 0, 'breadth_low': 85, 'breadth_soft_no_hot': 0, 'index_late_down': 0, 'sector_late_down': 0, 'tail_vol_low': 0, 'vwap_below': 0, 'vwap_strict_uncovered': 0}
2026-07-19 11:45:01,039 [INFO] [回测 v4] 汇总开始 · 6套=462 累计t=9.5s
2026-07-19 11:45:01,040 [INFO] [回测 v4] 6套统计完 · t=9.5s
2026-07-19 11:45:01,067 [INFO] [回测 v4] 月度完 · 13月 · t=9.5s
2026-07-19 11:45:01,067 [INFO] [回测 v4] 退出原因完 · t=9.5s
2026-07-19 11:45:02,227 [INFO] [sector_breakdown] 耗时 1.2s, 462 笔
2026-07-19 11:45:02,229 [INFO] [回测 v4] 板块完 · 7 · t=10.7s
2026-07-19 11:45:02,230 [INFO] [回测 v4] 总评完 · t=10.7s
2026-07-19 11:45:02,230 [INFO] 回测 v4 完成: 6套 462 笔 · 10.65s · trail_80 胜率 73.59%
2026-07-19 11:45:02,230 [INFO] actual_10 跳过 (用户未开启) · t=10.7s
[11:45:02] [61/1000] 500_4_3_h2000_s3000_top5_inf5_lhd0.7…
2026-07-19 11:45:02,515 [INFO] 全量 2999 只, 主板 500 只 (采样 500)
2026-07-19 11:45:02,518 [INFO] 交易日历: 333 天 (20250306~20260717)
2026-07-19 11:45:02,835 [INFO] [REG] daily(sample=500) 数据质量: 覆盖率 100% (498/500), 空值 2 (0%), 日期跨度 2024-11-21 00:00:00 ~ 20260717 (874 天)
2026-07-19 11:45:03,198 [INFO] WIN_RATE_V2 因子 · irs=0.482 vm20=0.334 reversal=0.013
2026-07-19 11:45:03,200 [INFO] master panel: 195314 行 (codes=498)
2026-07-19 11:45:03,273 [INFO] 大盘过滤: 871 天 · 硬跳过 314 天 / 软跳过 203 天 (估算自 500 主板采样)
2026-07-19 11:45:04,570 [INFO] 板块映射: 500 只 (其中无板块 0 只)
2026-07-19 11:45:13,906 [INFO] 索引完成: 498 codes × 874 dates, 板块均值 3883 条目
2026-07-19 11:45:13,930 [INFO]   1年: 6套 514 笔, skipped={'no_pick': 2, 'no_t1': 0, 'no_panel': 0, 'breadth_low': 85, 'breadth_soft_no_hot': 3, 'index_late_down': 0, 'sector_late_down': 0, 'tail_vol_low': 0, 'vwap_below': 0, 'vwap_strict_uncovered': 0}
2026-07-19 11:45:13,932 [INFO] [回测 v4] 汇总开始 · 6套=514 累计t=11.4s
2026-07-19 11:45:13,932 [INFO] [回测 v4] 6套统计完 · t=11.4s
2026-07-19 11:45:13,939 [INFO] [回测 v4] 月度完 · 13月 · t=11.4s
2026-07-19 11:45:13,939 [INFO] [回测 v4] 退出原因完 · t=11.4s
2026-07-19 11:45:15,252 [INFO] [sector_breakdown] 耗时 1.3s, 514 笔
2026-07-19 11:45:15,255 [INFO] [回测 v4] 板块完 · 7 · t=12.7s
2026-07-19 11:45:15,255 [INFO] [回测 v4] 总评完 · t=12.7s
2026-07-19 11:45:15,256 [INFO] equity_curve 采样 514 点 (step=1)
2026-07-19 11:45:15,256 [INFO] 回测 v4 完成: 6套 514 笔 · 12.74s · trail_80 胜率 73.15%
2026-07-19 11:45:15,256 [INFO] actual_10 跳过 (用户未开启) · t=12.7s
[11:45:15] [62/1000] 500_1_3_h1500_s3000_lhd0.5…
2026-07-19 11:45:15,559 [INFO] 全量 2999 只, 主板 500 只 (采样 500)
2026-07-19 11:45:15,563 [INFO] 交易日历: 333 天 (20250306~20260717)
2026-07-19 11:45:15,894 [INFO] [REG] daily(sample=500) 数据质量: 覆盖率 100% (498/500), 空值 2 (0%), 日期跨度 2024-11-21 00:00:00 ~ 20260717 (874 天)
2026-07-19 11:45:16,243 [INFO] WIN_RATE_V2 因子 · irs=0.482 vm20=0.334 reversal=0.013
2026-07-19 11:45:16,245 [INFO] master panel: 195314 行 (codes=498)
2026-07-19 11:45:16,313 [INFO] 大盘过滤: 871 天 · 硬跳过 229 天 / 软跳过 288 天 (估算自 500 主板采样)
2026-07-19 11:45:24,969 [INFO] 索引完成: 498 codes × 874 dates, 板块均值 0 条目
2026-07-19 11:45:24,996 [INFO]   1年: 6套 192 笔, skipped={'no_pick': 1, 'no_t1': 0, 'no_panel': 0, 'breadth_low': 55, 'breadth_soft_no_hot': 2, 'index_late_down': 0, 'sector_late_down': 0, 'tail_vol_low': 0, 'vwap_below': 0, 'vwap_strict_uncovered': 0}
2026-07-19 11:45:24,996 [INFO] [回测 v4] 汇总开始 · 6套=192 累计t=9.4s
2026-07-19 11:45:24,997 [INFO] [回测 v4] 6套统计完 · t=9.4s
2026-07-19 11:45:25,003 [INFO] [回测 v4] 月度完 · 13月 · t=9.4s
2026-07-19 11:45:25,003 [INFO] [回测 v4] 退出原因完 · t=9.4s
2026-07-19 11:45:25,491 [INFO] [sector_breakdown] 耗时 0.5s, 192 笔
2026-07-19 11:45:25,493 [INFO] [回测 v4] 板块完 · 7 · t=9.9s
2026-07-19 11:45:25,493 [INFO] [回测 v4] 总评完 · t=9.9s
2026-07-19 11:45:25,493 [INFO] 回测 v4 完成: 6套 192 笔 · 9.94s · trail_80 胜率 72.92%
2026-07-19 11:45:25,493 [INFO] actual_10 跳过 (用户未开启) · t=9.9s
[11:45:25] [63/1000] 500_3_3_h1500_inf5_lhd0.7…
2026-07-19 11:45:25,821 [INFO] 全量 2999 只, 主板 500 只 (采样 500)
2026-07-19 11:45:25,825 [INFO] 交易日历: 333 天 (20250306~20260717)
2026-07-19 11:45:26,123 [INFO] [REG] daily(sample=500) 数据质量: 覆盖率 100% (498/500), 空值 2 (0%), 日期跨度 2024-11-21 00:00:00 ~ 20260717 (874 天)
2026-07-19 11:45:26,498 [INFO] WIN_RATE_V2 因子 · irs=0.482 vm20=0.334 reversal=0.013
2026-07-19 11:45:26,499 [INFO] master panel: 195314 行 (codes=498)
2026-07-19 11:45:26,567 [INFO] 大盘过滤: 871 天 · 硬跳过 229 天 / 软跳过 0 天 (估算自 500 主板采样)
2026-07-19 11:45:27,792 [INFO] 板块映射: 500 只 (其中无板块 0 只)
2026-07-19 11:45:36,923 [INFO] 索引完成: 498 codes × 874 dates, 板块均值 3883 条目
2026-07-19 11:45:36,950 [INFO]   1年: 6套 498 笔, skipped={'no_pick': 7, 'no_t1': 0, 'no_panel': 0, 'breadth_low': 55, 'breadth_soft_no_hot': 0, 'index_late_down': 0, 'sector_late_down': 0, 'tail_vol_low': 0, 'vwap_below': 0, 'vwap_strict_uncovered': 0}
2026-07-19 11:45:36,951 [INFO] [回测 v4] 汇总开始 · 6套=498 累计t=11.2s
2026-07-19 11:45:36,952 [INFO] [回测 v4] 6套统计完 · t=11.2s
2026-07-19 11:45:36,958 [INFO] [回测 v4] 月度完 · 13月 · t=11.2s
2026-07-19 11:45:36,958 [INFO] [回测 v4] 退出原因完 · t=11.2s
2026-07-19 11:45:38,213 [INFO] [sector_breakdown] 耗时 1.3s, 498 笔
2026-07-19 11:45:38,216 [INFO] [回测 v4] 板块完 · 7 · t=12.4s
2026-07-19 11:45:38,216 [INFO] [回测 v4] 总评完 · t=12.4s
2026-07-19 11:45:38,216 [INFO] 回测 v4 完成: 6套 498 笔 · 12.43s · trail_80 胜率 74.5%
2026-07-19 11:45:38,216 [INFO] actual_10 跳过 (用户未开启) · t=12.4s
[11:45:38] [64/1000] 500_1_3_h2000_s3000_top3_lhd0.7…
2026-07-19 11:45:38,542 [INFO] 全量 2999 只, 主板 500 只 (采样 500)
2026-07-19 11:45:38,546 [INFO] 交易日历: 333 天 (20250306~20260717)
2026-07-19 11:45:38,864 [INFO] [REG] daily(sample=500) 数据质量: 覆盖率 100% (498/500), 空值 2 (0%), 日期跨度 2024-11-21 00:00:00 ~ 20260717 (874 天)
2026-07-19 11:45:39,203 [INFO] WIN_RATE_V2 因子 · irs=0.482 vm20=0.334 reversal=0.013
2026-07-19 11:45:39,204 [INFO] master panel: 195314 行 (codes=498)
2026-07-19 11:45:39,313 [INFO] 大盘过滤: 871 天 · 硬跳过 314 天 / 软跳过 203 天 (估算自 500 主板采样)
2026-07-19 11:45:40,592 [INFO] 板块映射: 500 只 (其中无板块 0 只)
2026-07-19 11:45:50,557 [INFO] 索引完成: 498 codes × 874 dates, 板块均值 3883 条目
2026-07-19 11:45:50,580 [INFO]   1年: 6套 156 笔, skipped={'no_pick': 1, 'no_t1': 0, 'no_panel': 0, 'breadth_low': 85, 'breadth_soft_no_hot': 8, 'index_late_down': 0, 'sector_late_down': 0, 'tail_vol_low': 0, 'vwap_below': 0, 'vwap_strict_uncovered': 0}
2026-07-19 11:45:50,581 [INFO] [回测 v4] 汇总开始 · 6套=156 累计t=12.0s
2026-07-19 11:45:50,582 [INFO] [回测 v4] 6套统计完 · t=12.0s
2026-07-19 11:45:50,588 [INFO] [回测 v4] 月度完 · 13月 · t=12.0s
2026-07-19 11:45:50,588 [INFO] [回测 v4] 退出原因完 · t=12.0s
2026-07-19 11:45:51,005 [INFO] [sector_breakdown] 耗时 0.4s, 156 笔
2026-07-19 11:45:51,008 [INFO] [回测 v4] 板块完 · 7 · t=12.5s
2026-07-19 11:45:51,008 [INFO] [回测 v4] 总评完 · t=12.5s
2026-07-19 11:45:51,008 [INFO] 回测 v4 完成: 6套 156 笔 · 12.47s · trail_80 胜率 75.0%
2026-07-19 11:45:51,008 [INFO] actual_10 跳过 (用户未开启) · t=12.5s
[11:45:51] [65/1000] 500_4_2_h1500_s3000_top8_inf5_lhd0.5…
2026-07-19 11:45:51,360 [INFO] 全量 2999 只, 主板 500 只 (采样 500)
2026-07-19 11:45:51,364 [INFO] 交易日历: 333 天 (20250306~20260717)
2026-07-19 11:45:51,706 [INFO] [REG] daily(sample=500) 数据质量: 覆盖率 100% (498/500), 空值 2 (0%), 日期跨度 2024-11-21 00:00:00 ~ 20260717 (874 天)
2026-07-19 11:45:52,084 [INFO] WIN_RATE_V2 因子 · irs=0.482 vm20=0.334 reversal=0.013
2026-07-19 11:45:52,086 [INFO] master panel: 195314 行 (codes=498)
2026-07-19 11:45:52,203 [INFO] 大盘过滤: 871 天 · 硬跳过 229 天 / 软跳过 288 天 (估算自 500 主板采样)
2026-07-19 11:45:53,538 [INFO] 板块映射: 500 只 (其中无板块 0 只)
2026-07-19 11:46:03,420 [INFO] 索引完成: 498 codes × 874 dates, 板块均值 3883 条目
2026-07-19 11:46:03,450 [INFO]   1年: 6套 604 笔, skipped={'no_pick': 2, 'no_t1': 0, 'no_panel': 0, 'breadth_low': 55, 'breadth_soft_no_hot': 5, 'index_late_down': 0, 'sector_late_down': 0, 'tail_vol_low': 0, 'vwap_below': 0, 'vwap_strict_uncovered': 0}
2026-07-19 11:46:03,451 [INFO] [回测 v4] 汇总开始 · 6套=604 累计t=12.1s
2026-07-19 11:46:03,452 [INFO] [回测 v4] 6套统计完 · t=12.1s
2026-07-19 11:46:03,459 [INFO] [回测 v4] 月度完 · 13月 · t=12.1s
2026-07-19 11:46:03,459 [INFO] [回测 v4] 退出原因完 · t=12.1s
2026-07-19 11:46:05,097 [INFO] [sector_breakdown] 耗时 1.6s, 604 笔
2026-07-19 11:46:05,100 [INFO] [回测 v4] 板块完 · 7 · t=13.7s
2026-07-19 11:46:05,101 [INFO] [回测 v4] 总评完 · t=13.7s
2026-07-19 11:46:05,101 [INFO] equity_curve 采样 604 点 (step=1)
2026-07-19 11:46:05,101 [INFO] 回测 v4 完成: 6套 604 笔 · 13.74s · trail_80 胜率 73.34%
2026-07-19 11:46:05,102 [INFO] actual_10 跳过 (用户未开启) · t=13.7s
[11:46:05] [66/1000] 500_4_2_h2000_s3000…
2026-07-19 11:46:05,419 [INFO] 全量 2999 只, 主板 500 只 (采样 500)
2026-07-19 11:46:05,423 [INFO] 交易日历: 333 天 (20250306~20260717)
2026-07-19 11:46:05,748 [INFO] [REG] daily(sample=500) 数据质量: 覆盖率 100% (498/500), 空值 2 (0%), 日期跨度 2024-11-21 00:00:00 ~ 20260717 (874 天)
2026-07-19 11:46:06,085 [INFO] WIN_RATE_V2 因子 · irs=0.482 vm20=0.334 reversal=0.013
2026-07-19 11:46:06,086 [INFO] master panel: 195314 行 (codes=498)
2026-07-19 11:46:06,157 [INFO] 大盘过滤: 871 天 · 硬跳过 314 天 / 软跳过 203 天 (估算自 500 主板采样)
2026-07-19 11:46:15,191 [INFO] 索引完成: 498 codes × 874 dates, 板块均值 0 条目
2026-07-19 11:46:15,218 [INFO]   1年: 6套 587 笔, skipped={'no_pick': 1, 'no_t1': 0, 'no_panel': 0, 'breadth_low': 85, 'breadth_soft_no_hot': 0, 'index_late_down': 0, 'sector_late_down': 0, 'tail_vol_low': 0, 'vwap_below': 0, 'vwap_strict_uncovered': 0}
2026-07-19 11:46:15,219 [INFO] [回测 v4] 汇总开始 · 6套=587 累计t=9.8s
2026-07-19 11:46:15,220 [INFO] [回测 v4] 6套统计完 · t=9.8s
2026-07-19 11:46:15,227 [INFO] [回测 v4] 月度完 · 13月 · t=9.8s
2026-07-19 11:46:15,227 [INFO] [回测 v4] 退出原因完 · t=9.8s
2026-07-19 11:46:16,760 [INFO] [sector_breakdown] 耗时 1.5s, 587 笔
2026-07-19 11:46:16,763 [INFO] [回测 v4] 板块完 · 7 · t=11.3s
2026-07-19 11:46:16,763 [INFO] [回测 v4] 总评完 · t=11.3s
2026-07-19 11:46:16,763 [INFO] equity_curve 采样 587 点 (step=1)
2026-07-19 11:46:16,763 [INFO] 回测 v4 完成: 6套 587 笔 · 11.35s · trail_80 胜率 74.96%
2026-07-19 11:46:16,763 [INFO] actual_10 跳过 (用户未开启) · t=11.3s
[11:46:17] [67/1000] 500_1_1_h1500_s3000_top5_lhd0.5…
2026-07-19 11:46:17,073 [INFO] 全量 2999 只, 主板 500 只 (采样 500)
2026-07-19 11:46:17,077 [INFO] 交易日历: 333 天 (20250306~20260717)
2026-07-19 11:46:17,401 [INFO] [REG] daily(sample=500) 数据质量: 覆盖率 100% (498/500), 空值 2 (0%), 日期跨度 2024-11-21 00:00:00 ~ 20260717 (874 天)
2026-07-19 11:46:17,751 [INFO] WIN_RATE_V2 因子 · irs=0.482 vm20=0.334 reversal=0.013
2026-07-19 11:46:17,753 [INFO] master panel: 195314 行 (codes=498)
2026-07-19 11:46:17,824 [INFO] 大盘过滤: 871 天 · 硬跳过 229 天 / 软跳过 288 天 (估算自 500 主板采样)
2026-07-19 11:46:19,122 [INFO] 板块映射: 500 只 (其中无板块 0 只)
2026-07-19 11:46:28,893 [INFO] 索引完成: 498 codes × 874 dates, 板块均值 3883 条目
2026-07-19 11:46:28,925 [INFO]   1年: 6套 192 笔, skipped={'no_pick': 1, 'no_t1': 0, 'no_panel': 0, 'breadth_low': 55, 'breadth_soft_no_hot': 2, 'index_late_down': 0, 'sector_late_down': 0, 'tail_vol_low': 0, 'vwap_below': 0, 'vwap_strict_uncovered': 0}
2026-07-19 11:46:28,926 [INFO] [回测 v4] 汇总开始 · 6套=192 累计t=11.9s
2026-07-19 11:46:28,926 [INFO] [回测 v4] 6套统计完 · t=11.9s
2026-07-19 11:46:28,933 [INFO] [回测 v4] 月度完 · 13月 · t=11.9s
2026-07-19 11:46:28,934 [INFO] [回测 v4] 退出原因完 · t=11.9s
2026-07-19 11:46:29,437 [INFO] [sector_breakdown] 耗时 0.5s, 192 笔
2026-07-19 11:46:29,439 [INFO] [回测 v4] 板块完 · 7 · t=12.4s
2026-07-19 11:46:29,439 [INFO] [回测 v4] 总评完 · t=12.4s
2026-07-19 11:46:29,439 [INFO] 回测 v4 完成: 6套 192 笔 · 12.37s · trail_80 胜率 72.4%
2026-07-19 11:46:29,439 [INFO] actual_10 跳过 (用户未开启) · t=12.4s
[11:46:29] [68/1000] 500_1_3_h1500_s3000_top8_inf5_lhd0.7…
2026-07-19 11:46:29,749 [INFO] 全量 2999 只, 主板 500 只 (采样 500)
2026-07-19 11:46:29,754 [INFO] 交易日历: 333 天 (20250306~20260717)
2026-07-19 11:46:30,039 [INFO] [REG] daily(sample=500) 数据质量: 覆盖率 100% (498/500), 空值 2 (0%), 日期跨度 2024-11-21 00:00:00 ~ 20260717 (874 天)
2026-07-19 11:46:30,409 [INFO] WIN_RATE_V2 因子 · irs=0.482 vm20=0.334 reversal=0.013
2026-07-19 11:46:30,411 [INFO] master panel: 195314 行 (codes=498)
2026-07-19 11:46:30,480 [INFO] 大盘过滤: 871 天 · 硬跳过 229 天 / 软跳过 288 天 (估算自 500 主板采样)
2026-07-19 11:46:31,823 [INFO] 板块映射: 500 只 (其中无板块 0 只)
2026-07-19 11:46:41,382 [INFO] 索引完成: 498 codes × 874 dates, 板块均值 3883 条目
2026-07-19 11:46:41,410 [INFO]   1年: 6套 188 笔, skipped={'no_pick': 2, 'no_t1': 0, 'no_panel': 0, 'breadth_low': 55, 'breadth_soft_no_hot': 5, 'index_late_down': 0, 'sector_late_down': 0, 'tail_vol_low': 0, 'vwap_below': 0, 'vwap_strict_uncovered': 0}
2026-07-19 11:46:41,411 [INFO] [回测 v4] 汇总开始 · 6套=188 累计t=11.7s
2026-07-19 11:46:41,411 [INFO] [回测 v4] 6套统计完 · t=11.7s
2026-07-19 11:46:41,418 [INFO] [回测 v4] 月度完 · 13月 · t=11.7s
2026-07-19 11:46:41,418 [INFO] [回测 v4] 退出原因完 · t=11.7s
2026-07-19 11:46:41,969 [INFO] [sector_breakdown] 耗时 0.6s, 188 笔
2026-07-19 11:46:41,971 [INFO] [回测 v4] 板块完 · 7 · t=12.2s
2026-07-19 11:46:41,971 [INFO] [回测 v4] 总评完 · t=12.2s
2026-07-19 11:46:41,971 [INFO] 回测 v4 完成: 6套 188 笔 · 12.22s · trail_80 胜率 72.87%
2026-07-19 11:46:41,971 [INFO] actual_10 跳过 (用户未开启) · t=12.2s
[11:46:42] [69/1000] 500_4_1_h1500_s3000_lhd0.7…
2026-07-19 11:46:42,290 [INFO] 全量 2999 只, 主板 500 只 (采样 500)
2026-07-19 11:46:42,294 [INFO] 交易日历: 333 天 (20250306~20260717)
2026-07-19 11:46:42,624 [INFO] [REG] daily(sample=500) 数据质量: 覆盖率 100% (498/500), 空值 2 (0%), 日期跨度 2024-11-21 00:00:00 ~ 20260717 (874 天)
2026-07-19 11:46:43,024 [INFO] WIN_RATE_V2 因子 · irs=0.482 vm20=0.334 reversal=0.013
2026-07-19 11:46:43,026 [INFO] master panel: 195314 行 (codes=498)
2026-07-19 11:46:43,095 [INFO] 大盘过滤: 871 天 · 硬跳过 229 天 / 软跳过 288 天 (估算自 500 主板采样)
2026-07-19 11:46:51,950 [INFO] 索引完成: 498 codes × 874 dates, 板块均值 0 条目
2026-07-19 11:46:51,983 [INFO]   1年: 6套 681 笔, skipped={'no_pick': 1, 'no_t1': 0, 'no_panel': 0, 'breadth_low': 55, 'breadth_soft_no_hot': 2, 'index_late_down': 0, 'sector_late_down': 0, 'tail_vol_low': 0, 'vwap_below': 0, 'vwap_strict_uncovered': 0}
2026-07-19 11:46:51,984 [INFO] [回测 v4] 汇总开始 · 6套=681 累计t=9.7s
2026-07-19 11:46:51,986 [INFO] [回测 v4] 6套统计完 · t=9.7s
2026-07-19 11:46:51,992 [INFO] [回测 v4] 月度完 · 13月 · t=9.7s
2026-07-19 11:46:51,993 [INFO] [回测 v4] 退出原因完 · t=9.7s
2026-07-19 11:46:53,875 [INFO] [sector_breakdown] 耗时 1.9s, 681 笔
2026-07-19 11:46:53,879 [INFO] [回测 v4] 板块完 · 7 · t=11.6s
2026-07-19 11:46:53,879 [INFO] [回测 v4] 总评完 · t=11.6s
2026-07-19 11:46:53,879 [INFO] equity_curve 采样 681 点 (step=1)
2026-07-19 11:46:53,879 [INFO] 回测 v4 完成: 6套 681 笔 · 11.59s · trail_80 胜率 74.89%
2026-07-19 11:46:53,879 [INFO] actual_10 跳过 (用户未开启) · t=11.6s
[11:46:54] [70/1000] 500_5_1_h1500_s3000_inf3…
2026-07-19 11:46:54,197 [INFO] 全量 2999 只, 主板 500 只 (采样 500)
2026-07-19 11:46:54,201 [INFO] 交易日历: 333 天 (20250306~20260717)
2026-07-19 11:46:54,538 [INFO] [REG] daily(sample=500) 数据质量: 覆盖率 100% (498/500), 空值 2 (0%), 日期跨度 2024-11-21 00:00:00 ~ 20260717 (874 天)
2026-07-19 11:46:54,896 [INFO] WIN_RATE_V2 因子 · irs=0.482 vm20=0.334 reversal=0.013
2026-07-19 11:46:54,897 [INFO] master panel: 195314 行 (codes=498)
2026-07-19 11:46:55,005 [INFO] 大盘过滤: 871 天 · 硬跳过 229 天 / 软跳过 288 天 (估算自 500 主板采样)
2026-07-19 11:46:56,368 [INFO] 板块映射: 500 只 (其中无板块 0 只)
2026-07-19 11:47:05,777 [INFO] 索引完成: 498 codes × 874 dates, 板块均值 3883 条目
2026-07-19 11:47:05,807 [INFO]   1年: 6套 535 笔, skipped={'no_pick': 12, 'no_t1': 0, 'no_panel': 0, 'breadth_low': 55, 'breadth_soft_no_hot': 12, 'index_late_down': 0, 'sector_late_down': 0, 'tail_vol_low': 0, 'vwap_below': 0, 'vwap_strict_uncovered': 0}
2026-07-19 11:47:05,808 [INFO] [回测 v4] 汇总开始 · 6套=535 累计t=11.6s
2026-07-19 11:47:05,809 [INFO] [回测 v4] 6套统计完 · t=11.6s
2026-07-19 11:47:05,817 [INFO] [回测 v4] 月度完 · 13月 · t=11.6s
2026-07-19 11:47:05,817 [INFO] [回测 v4] 退出原因完 · t=11.6s
2026-07-19 11:47:07,203 [INFO] [sector_breakdown] 耗时 1.4s, 535 笔
2026-07-19 11:47:07,206 [INFO] [回测 v4] 板块完 · 7 · t=13.0s
2026-07-19 11:47:07,207 [INFO] [回测 v4] 总评完 · t=13.0s
2026-07-19 11:47:07,207 [INFO] equity_curve 采样 535 点 (step=1)
2026-07-19 11:47:07,207 [INFO] 回测 v4 完成: 6套 535 笔 · 13.01s · trail_80 胜率 73.27%
2026-07-19 11:47:07,207 [INFO] actual_10 跳过 (用户未开启) · t=13.0s
[11:47:07] [70/1000] ★ 新最佳: 累计1295.8% 胜率73.3% 回撤-13.9% 盈亏比2.49 score=3.06 耗时13s
[11:47:07] [71/1000] 500_2_2_h1500_s3000_top5_inf5…
2026-07-19 11:47:07,533 [INFO] 全量 2999 只, 主板 500 只 (采样 500)
2026-07-19 11:47:07,537 [INFO] 交易日历: 333 天 (20250306~20260717)
2026-07-19 11:47:07,869 [INFO] [REG] daily(sample=500) 数据质量: 覆盖率 100% (498/500), 空值 2 (0%), 日期跨度 2024-11-21 00:00:00 ~ 20260717 (874 天)
2026-07-19 11:47:08,220 [INFO] WIN_RATE_V2 因子 · irs=0.482 vm20=0.334 reversal=0.013
2026-07-19 11:47:08,221 [INFO] master panel: 195314 行 (codes=498)
2026-07-19 11:47:08,292 [INFO] 大盘过滤: 871 天 · 硬跳过 229 天 / 软跳过 288 天 (估算自 500 主板采样)
2026-07-19 11:47:09,579 [INFO] 板块映射: 500 只 (其中无板块 0 只)
2026-07-19 11:47:19,237 [INFO] 索引完成: 498 codes × 874 dates, 板块均值 3883 条目
2026-07-19 11:47:19,264 [INFO]   1年: 6套 352 笔, skipped={'no_pick': 2, 'no_t1': 0, 'no_panel': 0, 'breadth_low': 55, 'breadth_soft_no_hot': 6, 'index_late_down': 0, 'sector_late_down': 0, 'tail_vol_low': 0, 'vwap_below': 0, 'vwap_strict_uncovered': 0}
2026-07-19 11:47:19,265 [INFO] [回测 v4] 汇总开始 · 6套=352 累计t=11.7s
2026-07-19 11:47:19,266 [INFO] [回测 v4] 6套统计完 · t=11.7s
2026-07-19 11:47:19,272 [INFO] [回测 v4] 月度完 · 13月 · t=11.7s
2026-07-19 11:47:19,272 [INFO] [回测 v4] 退出原因完 · t=11.7s
2026-07-19 11:47:20,178 [INFO] [sector_breakdown] 耗时 0.9s, 352 笔
2026-07-19 11:47:20,180 [INFO] [回测 v4] 板块完 · 7 · t=12.6s
2026-07-19 11:47:20,181 [INFO] [回测 v4] 总评完 · t=12.6s
2026-07-19 11:47:20,181 [INFO] 回测 v4 完成: 6套 352 笔 · 12.65s · trail_80 胜率 72.73%
2026-07-19 11:47:20,181 [INFO] actual_10 跳过 (用户未开启) · t=12.6s
[11:47:20] [72/1000] 500_3_2_lhd0.7…
2026-07-19 11:47:20,502 [INFO] 全量 2999 只, 主板 500 只 (采样 500)
2026-07-19 11:47:20,506 [INFO] 交易日历: 333 天 (20250306~20260717)
2026-07-19 11:47:20,831 [INFO] [REG] daily(sample=500) 数据质量: 覆盖率 100% (498/500), 空值 2 (0%), 日期跨度 2024-11-21 00:00:00 ~ 20260717 (874 天)
2026-07-19 11:47:21,184 [INFO] WIN_RATE_V2 因子 · irs=0.482 vm20=0.334 reversal=0.013
2026-07-19 11:47:21,186 [INFO] master panel: 195314 行 (codes=498)
2026-07-19 11:47:30,149 [INFO] 索引完成: 498 codes × 874 dates, 板块均值 0 条目
2026-07-19 11:47:30,182 [INFO]   1年: 6套 658 笔, skipped={'no_pick': 7, 'no_t1': 0, 'no_panel': 0, 'breadth_low': 0, 'breadth_soft_no_hot': 0, 'index_late_down': 0, 'sector_late_down': 0, 'tail_vol_low': 0, 'vwap_below': 0, 'vwap_strict_uncovered': 0}
2026-07-19 11:47:30,184 [INFO] [回测 v4] 汇总开始 · 6套=658 累计t=9.7s
2026-07-19 11:47:30,185 [INFO] [回测 v4] 6套统计完 · t=9.7s
2026-07-19 11:47:30,192 [INFO] [回测 v4] 月度完 · 13月 · t=9.7s
2026-07-19 11:47:30,192 [INFO] [回测 v4] 退出原因完 · t=9.7s
2026-07-19 11:47:31,907 [INFO] [sector_breakdown] 耗时 1.7s, 658 笔
2026-07-19 11:47:31,910 [INFO] [回测 v4] 板块完 · 7 · t=11.4s
2026-07-19 11:47:31,910 [INFO] [回测 v4] 总评完 · t=11.4s
2026-07-19 11:47:31,910 [INFO] equity_curve 采样 658 点 (step=1)
2026-07-19 11:47:31,910 [INFO] 回测 v4 完成: 6套 658 笔 · 11.41s · trail_80 胜率 72.04%
2026-07-19 11:47:31,910 [INFO] actual_10 跳过 (用户未开启) · t=11.4s
[11:47:32] [73/1000] 500_5_2_h1500_s3000_inf5_lhd0.5…
2026-07-19 11:47:32,253 [INFO] 全量 2999 只, 主板 500 只 (采样 500)
2026-07-19 11:47:32,257 [INFO] 交易日历: 333 天 (20250306~20260717)
2026-07-19 11:47:32,579 [INFO] [REG] daily(sample=500) 数据质量: 覆盖率 100% (498/500), 空值 2 (0%), 日期跨度 2024-11-21 00:00:00 ~ 20260717 (874 天)
2026-07-19 11:47:32,944 [INFO] WIN_RATE_V2 因子 · irs=0.482 vm20=0.334 reversal=0.013
2026-07-19 11:47:32,947 [INFO] master panel: 195314 行 (codes=498)
2026-07-19 11:47:33,054 [INFO] 大盘过滤: 871 天 · 硬跳过 229 天 / 软跳过 288 天 (估算自 500 主板采样)
2026-07-19 11:47:34,275 [INFO] 板块映射: 500 只 (其中无板块 0 只)
2026-07-19 11:47:43,427 [INFO] 索引完成: 498 codes × 874 dates, 板块均值 3883 条目
2026-07-19 11:47:43,457 [INFO]   1年: 6套 687 笔, skipped={'no_pick': 2, 'no_t1': 0, 'no_panel': 0, 'breadth_low': 55, 'breadth_soft_no_hot': 5, 'index_late_down': 0, 'sector_late_down': 0, 'tail_vol_low': 0, 'vwap_below': 0, 'vwap_strict_uncovered': 0}
2026-07-19 11:47:43,458 [INFO] [回测 v4] 汇总开始 · 6套=687 累计t=11.2s
2026-07-19 11:47:43,459 [INFO] [回测 v4] 6套统计完 · t=11.2s
2026-07-19 11:47:43,467 [INFO] [回测 v4] 月度完 · 13月 · t=11.2s
2026-07-19 11:47:43,467 [INFO] [回测 v4] 退出原因完 · t=11.2s
2026-07-19 11:47:45,397 [INFO] [sector_breakdown] 耗时 1.9s, 687 笔
2026-07-19 11:47:45,400 [INFO] [回测 v4] 板块完 · 7 · t=13.1s
2026-07-19 11:47:45,401 [INFO] [回测 v4] 总评完 · t=13.2s
2026-07-19 11:47:45,401 [INFO] equity_curve 采样 687 点 (step=1)
2026-07-19 11:47:45,401 [INFO] 回测 v4 完成: 6套 687 笔 · 13.15s · trail_80 胜率 74.09%
2026-07-19 11:47:45,401 [INFO] actual_10 跳过 (用户未开启) · t=13.2s
[11:47:45] [74/1000] 500_1_2_h1500_s3000_top8…
2026-07-19 11:47:45,721 [INFO] 全量 2999 只, 主板 500 只 (采样 500)
2026-07-19 11:47:45,725 [INFO] 交易日历: 333 天 (20250306~20260717)
2026-07-19 11:47:46,066 [INFO] [REG] daily(sample=500) 数据质量: 覆盖率 100% (498/500), 空值 2 (0%), 日期跨度 2024-11-21 00:00:00 ~ 20260717 (874 天)
2026-07-19 11:47:46,427 [INFO] WIN_RATE_V2 因子 · irs=0.482 vm20=0.334 reversal=0.013
2026-07-19 11:47:46,428 [INFO] master panel: 195314 行 (codes=498)
2026-07-19 11:47:46,502 [INFO] 大盘过滤: 871 天 · 硬跳过 229 天 / 软跳过 288 天 (估算自 500 主板采样)
2026-07-19 11:47:47,804 [INFO] 板块映射: 500 只 (其中无板块 0 只)
2026-07-19 11:47:56,882 [INFO] 索引完成: 498 codes × 874 dates, 板块均值 3883 条目
2026-07-19 11:47:56,908 [INFO]   1年: 6套 192 笔, skipped={'no_pick': 1, 'no_t1': 0, 'no_panel': 0, 'breadth_low': 55, 'breadth_soft_no_hot': 2, 'index_late_down': 0, 'sector_late_down': 0, 'tail_vol_low': 0, 'vwap_below': 0, 'vwap_strict_uncovered': 0}
2026-07-19 11:47:56,909 [INFO] [回测 v4] 汇总开始 · 6套=192 累计t=11.2s
2026-07-19 11:47:56,910 [INFO] [回测 v4] 6套统计完 · t=11.2s
2026-07-19 11:47:56,916 [INFO] [回测 v4] 月度完 · 13月 · t=11.2s
2026-07-19 11:47:56,916 [INFO] [回测 v4] 退出原因完 · t=11.2s
2026-07-19 11:47:57,439 [INFO] [sector_breakdown] 耗时 0.5s, 192 笔
2026-07-19 11:47:57,441 [INFO] [回测 v4] 板块完 · 7 · t=11.7s
2026-07-19 11:47:57,441 [INFO] [回测 v4] 总评完 · t=11.7s
2026-07-19 11:47:57,441 [INFO] 回测 v4 完成: 6套 192 笔 · 11.72s · trail_80 胜率 72.92%
2026-07-19 11:47:57,441 [INFO] actual_10 跳过 (用户未开启) · t=11.7s
[11:47:57] [75/1000] 500_3_2_h1500_s3000_inf3_lhd0.5…
2026-07-19 11:47:57,740 [INFO] 全量 2999 只, 主板 500 只 (采样 500)
2026-07-19 11:47:57,744 [INFO] 交易日历: 333 天 (20250306~20260717)
2026-07-19 11:47:58,060 [INFO] [REG] daily(sample=500) 数据质量: 覆盖率 100% (498/500), 空值 2 (0%), 日期跨度 2024-11-21 00:00:00 ~ 20260717 (874 天)
2026-07-19 11:47:58,393 [INFO] WIN_RATE_V2 因子 · irs=0.482 vm20=0.334 reversal=0.013
2026-07-19 11:47:58,394 [INFO] master panel: 195314 行 (codes=498)
2026-07-19 11:47:58,520 [INFO] 大盘过滤: 871 天 · 硬跳过 229 天 / 软跳过 288 天 (估算自 500 主板采样)
2026-07-19 11:47:59,769 [INFO] 板块映射: 500 只 (其中无板块 0 只)
2026-07-19 11:48:08,949 [INFO] 索引完成: 498 codes × 874 dates, 板块均值 3883 条目
2026-07-19 11:48:08,975 [INFO]   1年: 6套 416 笔, skipped={'no_pick': 12, 'no_t1': 0, 'no_panel': 0, 'breadth_low': 55, 'breadth_soft_no_hot': 12, 'index_late_down': 0, 'sector_late_down': 0, 'tail_vol_low': 0, 'vwap_below': 0, 'vwap_strict_uncovered': 0}
2026-07-19 11:48:08,976 [INFO] [回测 v4] 汇总开始 · 6套=416 累计t=11.2s
2026-07-19 11:48:08,977 [INFO] [回测 v4] 6套统计完 · t=11.2s
2026-07-19 11:48:08,983 [INFO] [回测 v4] 月度完 · 13月 · t=11.2s
2026-07-19 11:48:08,983 [INFO] [回测 v4] 退出原因完 · t=11.2s
2026-07-19 11:48:10,030 [INFO] [sector_breakdown] 耗时 1.0s, 416 笔
2026-07-19 11:48:10,032 [INFO] [回测 v4] 板块完 · 7 · t=12.3s
2026-07-19 11:48:10,033 [INFO] [回测 v4] 总评完 · t=12.3s
2026-07-19 11:48:10,033 [INFO] 回测 v4 完成: 6套 416 笔 · 12.29s · trail_80 胜率 72.84%
2026-07-19 11:48:10,033 [INFO] actual_10 跳过 (用户未开启) · t=12.3s
[11:48:10] [76/1000] 500_1_2_h2000_inf5_lhd0.5…
2026-07-19 11:48:10,334 [INFO] 全量 2999 只, 主板 500 只 (采样 500)
2026-07-19 11:48:10,338 [INFO] 交易日历: 333 天 (20250306~20260717)
2026-07-19 11:48:10,669 [INFO] [REG] daily(sample=500) 数据质量: 覆盖率 100% (498/500), 空值 2 (0%), 日期跨度 2024-11-21 00:00:00 ~ 20260717 (874 天)
2026-07-19 11:48:11,021 [INFO] WIN_RATE_V2 因子 · irs=0.482 vm20=0.334 reversal=0.013
2026-07-19 11:48:11,022 [INFO] master panel: 195314 行 (codes=498)
2026-07-19 11:48:11,136 [INFO] 大盘过滤: 871 天 · 硬跳过 314 天 / 软跳过 0 天 (估算自 500 主板采样)
2026-07-19 11:48:12,404 [INFO] 板块映射: 500 只 (其中无板块 0 只)
2026-07-19 11:48:21,640 [INFO] 索引完成: 498 codes × 874 dates, 板块均值 3883 条目
2026-07-19 11:48:21,663 [INFO]   1年: 6套 161 笔, skipped={'no_pick': 4, 'no_t1': 0, 'no_panel': 0, 'breadth_low': 85, 'breadth_soft_no_hot': 0, 'index_late_down': 0, 'sector_late_down': 0, 'tail_vol_low': 0, 'vwap_below': 0, 'vwap_strict_uncovered': 0}
2026-07-19 11:48:21,664 [INFO] [回测 v4] 汇总开始 · 6套=161 累计t=11.3s
2026-07-19 11:48:21,665 [INFO] [回测 v4] 6套统计完 · t=11.3s
2026-07-19 11:48:21,671 [INFO] [回测 v4] 月度完 · 13月 · t=11.3s
2026-07-19 11:48:21,671 [INFO] [回测 v4] 退出原因完 · t=11.3s
2026-07-19 11:48:22,113 [INFO] [sector_breakdown] 耗时 0.4s, 161 笔
2026-07-19 11:48:22,115 [INFO] [回测 v4] 板块完 · 7 · t=11.8s
2026-07-19 11:48:22,115 [INFO] [回测 v4] 总评完 · t=11.8s
2026-07-19 11:48:22,115 [INFO] 回测 v4 完成: 6套 161 笔 · 11.78s · trail_80 胜率 72.67%
2026-07-19 11:48:22,115 [INFO] actual_10 跳过 (用户未开启) · t=11.8s
[11:48:22] [77/1000] 500_2_1_h2000_s3000_top3_inf5…
2026-07-19 11:48:22,429 [INFO] 全量 2999 只, 主板 500 只 (采样 500)
2026-07-19 11:48:22,433 [INFO] 交易日历: 333 天 (20250306~20260717)
2026-07-19 11:48:22,771 [INFO] [REG] daily(sample=500) 数据质量: 覆盖率 100% (498/500), 空值 2 (0%), 日期跨度 2024-11-21 00:00:00 ~ 20260717 (874 天)
2026-07-19 11:48:23,113 [INFO] WIN_RATE_V2 因子 · irs=0.482 vm20=0.334 reversal=0.013
2026-07-19 11:48:23,114 [INFO] master panel: 195314 行 (codes=498)
2026-07-19 11:48:23,194 [INFO] 大盘过滤: 871 天 · 硬跳过 314 天 / 软跳过 203 天 (估算自 500 主板采样)
2026-07-19 11:48:24,511 [INFO] 板块映射: 500 只 (其中无板块 0 只)
2026-07-19 11:48:33,739 [INFO] 索引完成: 498 codes × 874 dates, 板块均值 3883 条目
2026-07-19 11:48:33,761 [INFO]   1年: 6套 277 笔, skipped={'no_pick': 2, 'no_t1': 0, 'no_panel': 0, 'breadth_low': 85, 'breadth_soft_no_hot': 13, 'index_late_down': 0, 'sector_late_down': 0, 'tail_vol_low': 0, 'vwap_below': 0, 'vwap_strict_uncovered': 0}
2026-07-19 11:48:33,762 [INFO] [回测 v4] 汇总开始 · 6套=277 累计t=11.3s
2026-07-19 11:48:33,763 [INFO] [回测 v4] 6套统计完 · t=11.3s
2026-07-19 11:48:33,769 [INFO] [回测 v4] 月度完 · 13月 · t=11.3s
2026-07-19 11:48:33,769 [INFO] [回测 v4] 退出原因完 · t=11.3s
2026-07-19 11:48:34,478 [INFO] [sector_breakdown] 耗时 0.7s, 277 笔
2026-07-19 11:48:34,481 [INFO] [回测 v4] 板块完 · 7 · t=12.1s
2026-07-19 11:48:34,481 [INFO] [回测 v4] 总评完 · t=12.1s
2026-07-19 11:48:34,481 [INFO] 回测 v4 完成: 6套 277 笔 · 12.05s · trail_80 胜率 73.29%
2026-07-19 11:48:34,481 [INFO] actual_10 跳过 (用户未开启) · t=12.1s
[11:48:34] [78/1000] 500_1_2_h1500_inf3_lhd0.5…
2026-07-19 11:48:34,783 [INFO] 全量 2999 只, 主板 500 只 (采样 500)
2026-07-19 11:48:34,787 [INFO] 交易日历: 333 天 (20250306~20260717)
2026-07-19 11:48:35,110 [INFO] [REG] daily(sample=500) 数据质量: 覆盖率 100% (498/500), 空值 2 (0%), 日期跨度 2024-11-21 00:00:00 ~ 20260717 (874 天)
2026-07-19 11:48:35,482 [INFO] WIN_RATE_V2 因子 · irs=0.482 vm20=0.334 reversal=0.013
2026-07-19 11:48:35,484 [INFO] master panel: 195314 行 (codes=498)
2026-07-19 11:48:35,553 [INFO] 大盘过滤: 871 天 · 硬跳过 229 天 / 软跳过 0 天 (估算自 500 主板采样)
2026-07-19 11:48:36,814 [INFO] 板块映射: 500 只 (其中无板块 0 只)
2026-07-19 11:48:45,905 [INFO] 索引完成: 498 codes × 874 dates, 板块均值 3883 条目
2026-07-19 11:48:45,930 [INFO]   1年: 6套 171 笔, skipped={'no_pick': 24, 'no_t1': 0, 'no_panel': 0, 'breadth_low': 55, 'breadth_soft_no_hot': 0, 'index_late_down': 0, 'sector_late_down': 0, 'tail_vol_low': 0, 'vwap_below': 0, 'vwap_strict_uncovered': 0}
2026-07-19 11:48:45,931 [INFO] [回测 v4] 汇总开始 · 6套=171 累计t=11.2s
2026-07-19 11:48:45,931 [INFO] [回测 v4] 6套统计完 · t=11.2s
2026-07-19 11:48:45,937 [INFO] [回测 v4] 月度完 · 13月 · t=11.2s
2026-07-19 11:48:45,937 [INFO] [回测 v4] 退出原因完 · t=11.2s
2026-07-19 11:48:46,401 [INFO] [sector_breakdown] 耗时 0.5s, 171 笔
2026-07-19 11:48:46,403 [INFO] [回测 v4] 板块完 · 7 · t=11.6s
2026-07-19 11:48:46,403 [INFO] [回测 v4] 总评完 · t=11.6s
2026-07-19 11:48:46,403 [INFO] 回测 v4 完成: 6套 171 笔 · 11.62s · trail_80 胜率 70.76%
2026-07-19 11:48:46,403 [INFO] actual_10 跳过 (用户未开启) · t=11.6s
[11:48:46] [79/1000] 500_3_2_h1500_s3000_top5…
2026-07-19 11:48:46,700 [INFO] 全量 2999 只, 主板 500 只 (采样 500)
2026-07-19 11:48:46,704 [INFO] 交易日历: 333 天 (20250306~20260717)
2026-07-19 11:48:47,007 [INFO] [REG] daily(sample=500) 数据质量: 覆盖率 100% (498/500), 空值 2 (0%), 日期跨度 2024-11-21 00:00:00 ~ 20260717 (874 天)
2026-07-19 11:48:47,341 [INFO] WIN_RATE_V2 因子 · irs=0.482 vm20=0.334 reversal=0.013
2026-07-19 11:48:47,343 [INFO] master panel: 195314 行 (codes=498)
2026-07-19 11:48:47,411 [INFO] 大盘过滤: 871 天 · 硬跳过 229 天 / 软跳过 288 天 (估算自 500 主板采样)
2026-07-19 11:48:48,764 [INFO] 板块映射: 500 只 (其中无板块 0 只)
2026-07-19 11:48:57,881 [INFO] 索引完成: 498 codes × 874 dates, 板块均值 3883 条目
2026-07-19 11:48:57,909 [INFO]   1年: 6套 528 笔, skipped={'no_pick': 1, 'no_t1': 0, 'no_panel': 0, 'breadth_low': 55, 'breadth_soft_no_hot': 2, 'index_late_down': 0, 'sector_late_down': 0, 'tail_vol_low': 0, 'vwap_below': 0, 'vwap_strict_uncovered': 0}
2026-07-19 11:48:57,910 [INFO] [回测 v4] 汇总开始 · 6套=528 累计t=11.2s
2026-07-19 11:48:57,911 [INFO] [回测 v4] 6套统计完 · t=11.2s
2026-07-19 11:48:57,917 [INFO] [回测 v4] 月度完 · 13月 · t=11.2s
2026-07-19 11:48:57,917 [INFO] [回测 v4] 退出原因完 · t=11.2s
2026-07-19 11:48:59,315 [INFO] [sector_breakdown] 耗时 1.4s, 528 笔
2026-07-19 11:48:59,318 [INFO] [回测 v4] 板块完 · 7 · t=12.6s
2026-07-19 11:48:59,318 [INFO] [回测 v4] 总评完 · t=12.6s
2026-07-19 11:48:59,318 [INFO] equity_curve 采样 528 点 (step=1)
2026-07-19 11:48:59,318 [INFO] 回测 v4 完成: 6套 528 笔 · 12.62s · trail_80 胜率 75.0%
2026-07-19 11:48:59,318 [INFO] actual_10 跳过 (用户未开启) · t=12.6s
[11:48:59] [80/1000] 500_1_1_h2000_s3000_top3_inf3…
2026-07-19 11:48:59,628 [INFO] 全量 2999 只, 主板 500 只 (采样 500)
2026-07-19 11:48:59,632 [INFO] 交易日历: 333 天 (20250306~20260717)
2026-07-19 11:48:59,952 [INFO] [REG] daily(sample=500) 数据质量: 覆盖率 100% (498/500), 空值 2 (0%), 日期跨度 2024-11-21 00:00:00 ~ 20260717 (874 天)
2026-07-19 11:49:00,297 [INFO] WIN_RATE_V2 因子 · irs=0.482 vm20=0.334 reversal=0.013
2026-07-19 11:49:00,298 [INFO] master panel: 195314 行 (codes=498)
2026-07-19 11:49:00,368 [INFO] 大盘过滤: 871 天 · 硬跳过 314 天 / 软跳过 203 天 (估算自 500 主板采样)
2026-07-19 11:49:01,665 [INFO] 板块映射: 500 只 (其中无板块 0 只)
2026-07-19 11:49:10,935 [INFO] 索引完成: 498 codes × 874 dates, 板块均值 3883 条目
2026-07-19 11:49:10,957 [INFO]   1年: 6套 132 笔, skipped={'no_pick': 12, 'no_t1': 0, 'no_panel': 0, 'breadth_low': 85, 'breadth_soft_no_hot': 21, 'index_late_down': 0, 'sector_late_down': 0, 'tail_vol_low': 0, 'vwap_below': 0, 'vwap_strict_uncovered': 0}
2026-07-19 11:49:10,958 [INFO] [回测 v4] 汇总开始 · 6套=132 累计t=11.3s
2026-07-19 11:49:10,958 [INFO] [回测 v4] 6套统计完 · t=11.3s
2026-07-19 11:49:10,964 [INFO] [回测 v4] 月度完 · 13月 · t=11.3s
2026-07-19 11:49:10,964 [INFO] [回测 v4] 退出原因完 · t=11.3s
2026-07-19 11:49:11,312 [INFO] [sector_breakdown] 耗时 0.3s, 132 笔
2026-07-19 11:49:11,314 [INFO] [回测 v4] 板块完 · 7 · t=11.7s
2026-07-19 11:49:11,314 [INFO] [回测 v4] 总评完 · t=11.7s
2026-07-19 11:49:11,314 [INFO] 回测 v4 完成: 6套 132 笔 · 11.69s · trail_80 胜率 74.24%
2026-07-19 11:49:11,314 [INFO] actual_10 跳过 (用户未开启) · t=11.7s
[11:49:11] [81/1000] 500_5_1_h1500_inf3_lhd0.7…
2026-07-19 11:49:11,613 [INFO] 全量 2999 只, 主板 500 只 (采样 500)
2026-07-19 11:49:11,617 [INFO] 交易日历: 333 天 (20250306~20260717)
2026-07-19 11:49:11,935 [INFO] [REG] daily(sample=500) 数据质量: 覆盖率 100% (498/500), 空值 2 (0%), 日期跨度 2024-11-21 00:00:00 ~ 20260717 (874 天)
2026-07-19 11:49:12,269 [INFO] WIN_RATE_V2 因子 · irs=0.482 vm20=0.334 reversal=0.013
2026-07-19 11:49:12,270 [INFO] master panel: 195314 行 (codes=498)
2026-07-19 11:49:12,375 [INFO] 大盘过滤: 871 天 · 硬跳过 229 天 / 软跳过 0 天 (估算自 500 主板采样)
2026-07-19 11:49:13,627 [INFO] 板块映射: 500 只 (其中无板块 0 只)
2026-07-19 11:49:22,605 [INFO] 索引完成: 498 codes × 874 dates, 板块均值 3883 条目
2026-07-19 11:49:22,636 [INFO]   1年: 6套 535 笔, skipped={'no_pick': 24, 'no_t1': 0, 'no_panel': 0, 'breadth_low': 55, 'breadth_soft_no_hot': 0, 'index_late_down': 0, 'sector_late_down': 0, 'tail_vol_low': 0, 'vwap_below': 0, 'vwap_strict_uncovered': 0}
2026-07-19 11:49:22,639 [INFO] [回测 v4] 汇总开始 · 6套=535 累计t=11.0s
2026-07-19 11:49:22,640 [INFO] [回测 v4] 6套统计完 · t=11.0s
2026-07-19 11:49:22,647 [INFO] [回测 v4] 月度完 · 13月 · t=11.0s
2026-07-19 11:49:22,647 [INFO] [回测 v4] 退出原因完 · t=11.0s
2026-07-19 11:49:24,003 [INFO] [sector_breakdown] 耗时 1.4s, 535 笔
2026-07-19 11:49:24,005 [INFO] [回测 v4] 板块完 · 7 · t=12.4s
2026-07-19 11:49:24,006 [INFO] [回测 v4] 总评完 · t=12.4s
2026-07-19 11:49:24,006 [INFO] equity_curve 采样 535 点 (step=1)
2026-07-19 11:49:24,006 [INFO] 回测 v4 完成: 6套 535 笔 · 12.39s · trail_80 胜率 73.27%
2026-07-19 11:49:24,006 [INFO] actual_10 跳过 (用户未开启) · t=12.4s
[11:49:24] [82/1000] 500_1_1_h2000_s3000_inf5_lhd0.5…
2026-07-19 11:49:24,315 [INFO] 全量 2999 只, 主板 500 只 (采样 500)
2026-07-19 11:49:24,319 [INFO] 交易日历: 333 天 (20250306~20260717)
2026-07-19 11:49:24,651 [INFO] [REG] daily(sample=500) 数据质量: 覆盖率 100% (498/500), 空值 2 (0%), 日期跨度 2024-11-21 00:00:00 ~ 20260717 (874 天)
2026-07-19 11:49:24,992 [INFO] WIN_RATE_V2 因子 · irs=0.482 vm20=0.334 reversal=0.013
2026-07-19 11:49:24,994 [INFO] master panel: 195314 行 (codes=498)
2026-07-19 11:49:25,062 [INFO] 大盘过滤: 871 天 · 硬跳过 314 天 / 软跳过 203 天 (估算自 500 主板采样)
2026-07-19 11:49:26,329 [INFO] 板块映射: 500 只 (其中无板块 0 只)
2026-07-19 11:49:35,345 [INFO] 索引完成: 498 codes × 874 dates, 板块均值 3883 条目
2026-07-19 11:49:35,370 [INFO]   1年: 6套 161 笔, skipped={'no_pick': 2, 'no_t1': 0, 'no_panel': 0, 'breadth_low': 85, 'breadth_soft_no_hot': 2, 'index_late_down': 0, 'sector_late_down': 0, 'tail_vol_low': 0, 'vwap_below': 0, 'vwap_strict_uncovered': 0}
2026-07-19 11:49:35,370 [INFO] [回测 v4] 汇总开始 · 6套=161 累计t=11.1s
2026-07-19 11:49:35,371 [INFO] [回测 v4] 6套统计完 · t=11.1s
2026-07-19 11:49:35,377 [INFO] [回测 v4] 月度完 · 13月 · t=11.1s
2026-07-19 11:49:35,377 [INFO] [回测 v4] 退出原因完 · t=11.1s
2026-07-19 11:49:35,793 [INFO] [sector_breakdown] 耗时 0.4s, 161 笔
2026-07-19 11:49:35,796 [INFO] [回测 v4] 板块完 · 7 · t=11.5s
2026-07-19 11:49:35,796 [INFO] [回测 v4] 总评完 · t=11.5s
2026-07-19 11:49:35,796 [INFO] 回测 v4 完成: 6套 161 笔 · 11.48s · trail_80 胜率 72.67%
2026-07-19 11:49:35,796 [INFO] actual_10 跳过 (用户未开启) · t=11.5s
[11:49:36] [83/1000] 500_4_3_h1500_s3000_top3_lhd0.7…
2026-07-19 11:49:36,098 [INFO] 全量 2999 只, 主板 500 只 (采样 500)
2026-07-19 11:49:36,102 [INFO] 交易日历: 333 天 (20250306~20260717)
2026-07-19 11:49:36,424 [INFO] [REG] daily(sample=500) 数据质量: 覆盖率 100% (498/500), 空值 2 (0%), 日期跨度 2024-11-21 00:00:00 ~ 20260717 (874 天)
2026-07-19 11:49:36,759 [INFO] WIN_RATE_V2 因子 · irs=0.482 vm20=0.334 reversal=0.013
2026-07-19 11:49:36,761 [INFO] master panel: 195314 行 (codes=498)
2026-07-19 11:49:36,876 [INFO] 大盘过滤: 871 天 · 硬跳过 229 天 / 软跳过 288 天 (估算自 500 主板采样)
2026-07-19 11:49:38,088 [INFO] 板块映射: 500 只 (其中无板块 0 只)
2026-07-19 11:49:47,134 [INFO] 索引完成: 498 codes × 874 dates, 板块均值 3883 条目
2026-07-19 11:49:47,161 [INFO]   1年: 6套 577 笔, skipped={'no_pick': 1, 'no_t1': 0, 'no_panel': 0, 'breadth_low': 55, 'breadth_soft_no_hot': 11, 'index_late_down': 0, 'sector_late_down': 0, 'tail_vol_low': 0, 'vwap_below': 0, 'vwap_strict_uncovered': 0}
2026-07-19 11:49:47,162 [INFO] [回测 v4] 汇总开始 · 6套=577 累计t=11.1s
2026-07-19 11:49:47,163 [INFO] [回测 v4] 6套统计完 · t=11.1s
2026-07-19 11:49:47,170 [INFO] [回测 v4] 月度完 · 13月 · t=11.1s
2026-07-19 11:49:47,170 [INFO] [回测 v4] 退出原因完 · t=11.1s
2026-07-19 11:49:48,627 [INFO] [sector_breakdown] 耗时 1.5s, 577 笔
2026-07-19 11:49:48,630 [INFO] [回测 v4] 板块完 · 7 · t=12.5s
2026-07-19 11:49:48,630 [INFO] [回测 v4] 总评完 · t=12.5s
2026-07-19 11:49:48,630 [INFO] equity_curve 采样 577 点 (step=1)
2026-07-19 11:49:48,630 [INFO] 回测 v4 完成: 6套 577 笔 · 12.53s · trail_80 胜率 74.87%
2026-07-19 11:49:48,630 [INFO] actual_10 跳过 (用户未开启) · t=12.5s
[11:49:48] [84/1000] 500_4_2_h2000_s3000_top8_lhd0.7…
2026-07-19 11:49:48,953 [INFO] 全量 2999 只, 主板 500 只 (采样 500)
2026-07-19 11:49:48,957 [INFO] 交易日历: 333 天 (20250306~20260717)
2026-07-19 11:49:49,287 [INFO] [REG] daily(sample=500) 数据质量: 覆盖率 100% (498/500), 空值 2 (0%), 日期跨度 2024-11-21 00:00:00 ~ 20260717 (874 天)
2026-07-19 11:49:49,628 [INFO] WIN_RATE_V2 因子 · irs=0.482 vm20=0.334 reversal=0.013
2026-07-19 11:49:49,629 [INFO] master panel: 195314 行 (codes=498)
2026-07-19 11:49:49,698 [INFO] 大盘过滤: 871 天 · 硬跳过 314 天 / 软跳过 203 天 (估算自 500 主板采样)
2026-07-19 11:49:50,938 [INFO] 板块映射: 500 只 (其中无板块 0 只)
2026-07-19 11:49:59,922 [INFO] 索引完成: 498 codes × 874 dates, 板块均值 3883 条目
2026-07-19 11:49:59,948 [INFO]   1年: 6套 587 笔, skipped={'no_pick': 1, 'no_t1': 0, 'no_panel': 0, 'breadth_low': 85, 'breadth_soft_no_hot': 0, 'index_late_down': 0, 'sector_late_down': 0, 'tail_vol_low': 0, 'vwap_below': 0, 'vwap_strict_uncovered': 0}
2026-07-19 11:49:59,950 [INFO] [回测 v4] 汇总开始 · 6套=587 累计t=11.0s
2026-07-19 11:49:59,951 [INFO] [回测 v4] 6套统计完 · t=11.0s
2026-07-19 11:49:59,957 [INFO] [回测 v4] 月度完 · 13月 · t=11.0s
2026-07-19 11:49:59,957 [INFO] [回测 v4] 退出原因完 · t=11.0s
2026-07-19 11:50:01,525 [INFO] [sector_breakdown] 耗时 1.6s, 587 笔
2026-07-19 11:50:01,527 [INFO] [回测 v4] 板块完 · 7 · t=12.6s
2026-07-19 11:50:01,528 [INFO] [回测 v4] 总评完 · t=12.6s
2026-07-19 11:50:01,528 [INFO] equity_curve 采样 587 点 (step=1)
2026-07-19 11:50:01,528 [INFO] 回测 v4 完成: 6套 587 笔 · 12.58s · trail_80 胜率 74.96%
2026-07-19 11:50:01,528 [INFO] actual_10 跳过 (用户未开启) · t=12.6s
[11:50:01] [85/1000] 500_4_1_h1500_inf3…
2026-07-19 11:50:01,847 [INFO] 全量 2999 只, 主板 500 只 (采样 500)
2026-07-19 11:50:01,851 [INFO] 交易日历: 333 天 (20250306~20260717)
2026-07-19 11:50:02,144 [INFO] [REG] daily(sample=500) 数据质量: 覆盖率 100% (498/500), 空值 2 (0%), 日期跨度 2024-11-21 00:00:00 ~ 20260717 (874 天)
2026-07-19 11:50:02,478 [INFO] WIN_RATE_V2 因子 · irs=0.482 vm20=0.334 reversal=0.013
2026-07-19 11:50:02,480 [INFO] master panel: 195314 行 (codes=498)
2026-07-19 11:50:02,592 [INFO] 大盘过滤: 871 天 · 硬跳过 229 天 / 软跳过 0 天 (估算自 500 主板采样)
2026-07-19 11:50:03,839 [INFO] 板块映射: 500 只 (其中无板块 0 只)
2026-07-19 11:50:12,663 [INFO] 索引完成: 498 codes × 874 dates, 板块均值 3883 条目
2026-07-19 11:50:12,689 [INFO]   1年: 6套 486 笔, skipped={'no_pick': 24, 'no_t1': 0, 'no_panel': 0, 'breadth_low': 55, 'breadth_soft_no_hot': 0, 'index_late_down': 0, 'sector_late_down': 0, 'tail_vol_low': 0, 'vwap_below': 0, 'vwap_strict_uncovered': 0}
2026-07-19 11:50:12,690 [INFO] [回测 v4] 汇总开始 · 6套=486 累计t=10.8s
2026-07-19 11:50:12,691 [INFO] [回测 v4] 6套统计完 · t=10.8s
2026-07-19 11:50:12,697 [INFO] [回测 v4] 月度完 · 13月 · t=10.9s
2026-07-19 11:50:12,697 [INFO] [回测 v4] 退出原因完 · t=10.9s
2026-07-19 11:50:13,913 [INFO] [sector_breakdown] 耗时 1.2s, 486 笔
2026-07-19 11:50:13,916 [INFO] [回测 v4] 板块完 · 7 · t=12.1s
2026-07-19 11:50:13,916 [INFO] [回测 v4] 总评完 · t=12.1s
2026-07-19 11:50:13,916 [INFO] 回测 v4 完成: 6套 486 笔 · 12.07s · trail_80 胜率 73.25%
2026-07-19 11:50:13,916 [INFO] actual_10 跳过 (用户未开启) · t=12.1s
[11:50:14] [86/1000] 500_2_1_h2000_s3000_top5…
2026-07-19 11:50:14,223 [INFO] 全量 2999 只, 主板 500 只 (采样 500)
2026-07-19 11:50:14,227 [INFO] 交易日历: 333 天 (20250306~20260717)
2026-07-19 11:50:14,546 [INFO] [REG] daily(sample=500) 数据质量: 覆盖率 100% (498/500), 空值 2 (0%), 日期跨度 2024-11-21 00:00:00 ~ 20260717 (874 天)
2026-07-19 11:50:14,921 [INFO] WIN_RATE_V2 因子 · irs=0.482 vm20=0.334 reversal=0.013
2026-07-19 11:50:14,923 [INFO] master panel: 195314 行 (codes=498)
2026-07-19 11:50:14,993 [INFO] 大盘过滤: 871 天 · 硬跳过 314 天 / 软跳过 203 天 (估算自 500 主板采样)
2026-07-19 11:50:16,237 [INFO] 板块映射: 500 只 (其中无板块 0 只)
2026-07-19 11:50:25,443 [INFO] 索引完成: 498 codes × 874 dates, 板块均值 3883 条目
2026-07-19 11:50:25,467 [INFO]   1年: 6套 317 笔, skipped={'no_pick': 1, 'no_t1': 0, 'no_panel': 0, 'breadth_low': 85, 'breadth_soft_no_hot': 0, 'index_late_down': 0, 'sector_late_down': 0, 'tail_vol_low': 0, 'vwap_below': 0, 'vwap_strict_uncovered': 0}
2026-07-19 11:50:25,468 [INFO] [回测 v4] 汇总开始 · 6套=317 累计t=11.2s
2026-07-19 11:50:25,469 [INFO] [回测 v4] 6套统计完 · t=11.2s
2026-07-19 11:50:25,475 [INFO] [回测 v4] 月度完 · 13月 · t=11.3s
2026-07-19 11:50:25,475 [INFO] [回测 v4] 退出原因完 · t=11.3s
2026-07-19 11:50:26,288 [INFO] [sector_breakdown] 耗时 0.8s, 317 笔
2026-07-19 11:50:26,290 [INFO] [回测 v4] 板块完 · 7 · t=12.1s
2026-07-19 11:50:26,291 [INFO] [回测 v4] 总评完 · t=12.1s
2026-07-19 11:50:26,291 [INFO] 回测 v4 完成: 6套 317 笔 · 12.07s · trail_80 胜率 72.87%
2026-07-19 11:50:26,291 [INFO] actual_10 跳过 (用户未开启) · t=12.1s
[11:50:26] [87/1000] 500_3_1_h1500_s3000_inf3…
2026-07-19 11:50:26,598 [INFO] 全量 2999 只, 主板 500 只 (采样 500)
2026-07-19 11:50:26,602 [INFO] 交易日历: 333 天 (20250306~20260717)
2026-07-19 11:50:26,874 [INFO] [REG] daily(sample=500) 数据质量: 覆盖率 100% (498/500), 空值 2 (0%), 日期跨度 2024-11-21 00:00:00 ~ 20260717 (874 天)
2026-07-19 11:50:27,250 [INFO] WIN_RATE_V2 因子 · irs=0.482 vm20=0.334 reversal=0.013
2026-07-19 11:50:27,251 [INFO] master panel: 195314 行 (codes=498)
2026-07-19 11:50:27,320 [INFO] 大盘过滤: 871 天 · 硬跳过 229 天 / 软跳过 288 天 (估算自 500 主板采样)
2026-07-19 11:50:28,551 [INFO] 板块映射: 500 只 (其中无板块 0 只)
2026-07-19 11:50:37,507 [INFO] 索引完成: 498 codes × 874 dates, 板块均值 3883 条目
2026-07-19 11:50:37,538 [INFO]   1年: 6套 416 笔, skipped={'no_pick': 12, 'no_t1': 0, 'no_panel': 0, 'breadth_low': 55, 'breadth_soft_no_hot': 12, 'index_late_down': 0, 'sector_late_down': 0, 'tail_vol_low': 0, 'vwap_below': 0, 'vwap_strict_uncovered': 0}
2026-07-19 11:50:37,539 [INFO] [回测 v4] 汇总开始 · 6套=416 累计t=10.9s
2026-07-19 11:50:37,540 [INFO] [回测 v4] 6套统计完 · t=10.9s
2026-07-19 11:50:37,546 [INFO] [回测 v4] 月度完 · 13月 · t=10.9s
2026-07-19 11:50:37,546 [INFO] [回测 v4] 退出原因完 · t=10.9s
2026-07-19 11:50:38,679 [INFO] [sector_breakdown] 耗时 1.1s, 416 笔
2026-07-19 11:50:38,682 [INFO] [回测 v4] 板块完 · 7 · t=12.1s
2026-07-19 11:50:38,682 [INFO] [回测 v4] 总评完 · t=12.1s
2026-07-19 11:50:38,682 [INFO] 回测 v4 完成: 6套 416 笔 · 12.09s · trail_80 胜率 72.84%
2026-07-19 11:50:38,682 [INFO] actual_10 跳过 (用户未开启) · t=12.1s
[11:50:39] [88/1000] 500_5_1_h2000_s3000_inf5_lhd0.7…
2026-07-19 11:50:39,003 [INFO] 全量 2999 只, 主板 500 只 (采样 500)
2026-07-19 11:50:39,008 [INFO] 交易日历: 333 天 (20250306~20260717)
2026-07-19 11:50:39,349 [INFO] [REG] daily(sample=500) 数据质量: 覆盖率 100% (498/500), 空值 2 (0%), 日期跨度 2024-11-21 00:00:00 ~ 20260717 (874 天)
2026-07-19 11:50:39,713 [INFO] WIN_RATE_V2 因子 · irs=0.482 vm20=0.334 reversal=0.013
2026-07-19 11:50:39,714 [INFO] master panel: 195314 行 (codes=498)
2026-07-19 11:50:39,787 [INFO] 大盘过滤: 871 天 · 硬跳过 314 天 / 软跳过 203 天 (估算自 500 主板采样)
2026-07-19 11:50:41,104 [INFO] 板块映射: 500 只 (其中无板块 0 只)
2026-07-19 11:50:50,291 [INFO] 索引完成: 498 codes × 874 dates, 板块均值 3883 条目
2026-07-19 11:50:50,321 [INFO]   1年: 6套 605 笔, skipped={'no_pick': 2, 'no_t1': 0, 'no_panel': 0, 'breadth_low': 85, 'breadth_soft_no_hot': 2, 'index_late_down': 0, 'sector_late_down': 0, 'tail_vol_low': 0, 'vwap_below': 0, 'vwap_strict_uncovered': 0}
2026-07-19 11:50:50,322 [INFO] [回测 v4] 汇总开始 · 6套=605 累计t=11.3s
2026-07-19 11:50:50,323 [INFO] [回测 v4] 6套统计完 · t=11.3s
2026-07-19 11:50:50,330 [INFO] [回测 v4] 月度完 · 13月 · t=11.3s
2026-07-19 11:50:50,330 [INFO] [回测 v4] 退出原因完 · t=11.3s
2026-07-19 11:50:51,923 [INFO] [sector_breakdown] 耗时 1.6s, 605 笔
2026-07-19 11:50:51,926 [INFO] [回测 v4] 板块完 · 7 · t=12.9s
2026-07-19 11:50:51,926 [INFO] [回测 v4] 总评完 · t=12.9s
2026-07-19 11:50:51,926 [INFO] equity_curve 采样 605 点 (step=1)
2026-07-19 11:50:51,926 [INFO] 回测 v4 完成: 6套 605 笔 · 12.93s · trail_80 胜率 73.72%
2026-07-19 11:50:51,926 [INFO] actual_10 跳过 (用户未开启) · t=12.9s
[11:50:52] [89/1000] 500_3_2_lhd0.5…
2026-07-19 11:50:52,239 [INFO] 全量 2999 只, 主板 500 只 (采样 500)
2026-07-19 11:50:52,243 [INFO] 交易日历: 333 天 (20250306~20260717)
2026-07-19 11:50:52,568 [INFO] [REG] daily(sample=500) 数据质量: 覆盖率 100% (498/500), 空值 2 (0%), 日期跨度 2024-11-21 00:00:00 ~ 20260717 (874 天)
2026-07-19 11:50:52,917 [INFO] WIN_RATE_V2 因子 · irs=0.482 vm20=0.334 reversal=0.013
2026-07-19 11:50:52,919 [INFO] master panel: 195314 行 (codes=498)
2026-07-19 11:51:01,651 [INFO] 索引完成: 498 codes × 874 dates, 板块均值 0 条目
2026-07-19 11:51:01,685 [INFO]   1年: 6套 658 笔, skipped={'no_pick': 7, 'no_t1': 0, 'no_panel': 0, 'breadth_low': 0, 'breadth_soft_no_hot': 0, 'index_late_down': 0, 'sector_late_down': 0, 'tail_vol_low': 0, 'vwap_below': 0, 'vwap_strict_uncovered': 0}
2026-07-19 11:51:01,686 [INFO] [回测 v4] 汇总开始 · 6套=658 累计t=9.4s
2026-07-19 11:51:01,687 [INFO] [回测 v4] 6套统计完 · t=9.4s
2026-07-19 11:51:01,694 [INFO] [回测 v4] 月度完 · 13月 · t=9.5s
2026-07-19 11:51:01,694 [INFO] [回测 v4] 退出原因完 · t=9.5s
2026-07-19 11:51:03,441 [INFO] [sector_breakdown] 耗时 1.7s, 658 笔
2026-07-19 11:51:03,444 [INFO] [回测 v4] 板块完 · 7 · t=11.2s
2026-07-19 11:51:03,445 [INFO] [回测 v4] 总评完 · t=11.2s
2026-07-19 11:51:03,445 [INFO] equity_curve 采样 658 点 (step=1)
2026-07-19 11:51:03,445 [INFO] 回测 v4 完成: 6套 658 笔 · 11.21s · trail_80 胜率 72.04%
2026-07-19 11:51:03,445 [INFO] actual_10 跳过 (用户未开启) · t=11.2s
[11:51:03] [90/1000] 500_5_3_h2000_s3000_top5…
2026-07-19 11:51:03,774 [INFO] 全量 2999 只, 主板 500 只 (采样 500)
2026-07-19 11:51:03,778 [INFO] 交易日历: 333 天 (20250306~20260717)
2026-07-19 11:51:04,120 [INFO] [REG] daily(sample=500) 数据质量: 覆盖率 100% (498/500), 空值 2 (0%), 日期跨度 2024-11-21 00:00:00 ~ 20260717 (874 天)
2026-07-19 11:51:04,468 [INFO] WIN_RATE_V2 因子 · irs=0.482 vm20=0.334 reversal=0.013
2026-07-19 11:51:04,469 [INFO] master panel: 195314 行 (codes=498)
2026-07-19 11:51:04,539 [INFO] 大盘过滤: 871 天 · 硬跳过 314 天 / 软跳过 203 天 (估算自 500 主板采样)
2026-07-19 11:51:05,893 [INFO] 板块映射: 500 只 (其中无板块 0 只)
2026-07-19 11:51:15,031 [INFO] 索引完成: 498 codes × 874 dates, 板块均值 3883 条目
2026-07-19 11:51:15,059 [INFO]   1年: 6套 668 笔, skipped={'no_pick': 1, 'no_t1': 0, 'no_panel': 0, 'breadth_low': 85, 'breadth_soft_no_hot': 0, 'index_late_down': 0, 'sector_late_down': 0, 'tail_vol_low': 0, 'vwap_below': 0, 'vwap_strict_uncovered': 0}
2026-07-19 11:51:15,060 [INFO] [回测 v4] 汇总开始 · 6套=668 累计t=11.3s
2026-07-19 11:51:15,061 [INFO] [回测 v4] 6套统计完 · t=11.3s
2026-07-19 11:51:15,068 [INFO] [回测 v4] 月度完 · 13月 · t=11.3s
2026-07-19 11:51:15,068 [INFO] [回测 v4] 退出原因完 · t=11.3s
2026-07-19 11:51:16,840 [INFO] [sector_breakdown] 耗时 1.8s, 668 笔
2026-07-19 11:51:16,843 [INFO] [回测 v4] 板块完 · 7 · t=13.1s
2026-07-19 11:51:16,843 [INFO] [回测 v4] 总评完 · t=13.1s
2026-07-19 11:51:16,843 [INFO] equity_curve 采样 668 点 (step=1)
2026-07-19 11:51:16,843 [INFO] 回测 v4 完成: 6套 668 笔 · 13.07s · trail_80 胜率 75.0%
2026-07-19 11:51:16,843 [INFO] actual_10 跳过 (用户未开启) · t=13.1s
[11:51:17] [90/1000] ★ 新最佳: 累计1859.4% 胜率75.0% 回撤-16.4% 盈亏比2.82 score=4.06 耗时13s
[11:51:17] [91/1000] 500_4_1_h2000_s3000_top5_inf5_lhd0.7…
2026-07-19 11:51:17,179 [INFO] 全量 2999 只, 主板 500 只 (采样 500)
2026-07-19 11:51:17,183 [INFO] 交易日历: 333 天 (20250306~20260717)
2026-07-19 11:51:17,519 [INFO] [REG] daily(sample=500) 数据质量: 覆盖率 100% (498/500), 空值 2 (0%), 日期跨度 2024-11-21 00:00:00 ~ 20260717 (874 天)
2026-07-19 11:51:17,860 [INFO] WIN_RATE_V2 因子 · irs=0.482 vm20=0.334 reversal=0.013
2026-07-19 11:51:17,862 [INFO] master panel: 195314 行 (codes=498)
2026-07-19 11:51:17,934 [INFO] 大盘过滤: 871 天 · 硬跳过 314 天 / 软跳过 203 天 (估算自 500 主板采样)
2026-07-19 11:51:19,241 [INFO] 板块映射: 500 只 (其中无板块 0 只)
2026-07-19 11:51:28,645 [INFO] 索引完成: 498 codes × 874 dates, 板块均值 3883 条目
2026-07-19 11:51:28,670 [INFO]   1年: 6套 514 笔, skipped={'no_pick': 2, 'no_t1': 0, 'no_panel': 0, 'breadth_low': 85, 'breadth_soft_no_hot': 3, 'index_late_down': 0, 'sector_late_down': 0, 'tail_vol_low': 0, 'vwap_below': 0, 'vwap_strict_uncovered': 0}
2026-07-19 11:51:28,671 [INFO] [回测 v4] 汇总开始 · 6套=514 累计t=11.5s
2026-07-19 11:51:28,672 [INFO] [回测 v4] 6套统计完 · t=11.5s
2026-07-19 11:51:28,679 [INFO] [回测 v4] 月度完 · 13月 · t=11.5s
2026-07-19 11:51:28,679 [INFO] [回测 v4] 退出原因完 · t=11.5s
2026-07-19 11:51:30,026 [INFO] [sector_breakdown] 耗时 1.3s, 514 笔
2026-07-19 11:51:30,028 [INFO] [回测 v4] 板块完 · 7 · t=12.9s
2026-07-19 11:51:30,029 [INFO] [回测 v4] 总评完 · t=12.9s
2026-07-19 11:51:30,029 [INFO] equity_curve 采样 514 点 (step=1)
2026-07-19 11:51:30,029 [INFO] 回测 v4 完成: 6套 514 笔 · 12.85s · trail_80 胜率 73.15%
2026-07-19 11:51:30,029 [INFO] actual_10 跳过 (用户未开启) · t=12.9s
[11:51:30] [92/1000] 500_5_3_h1500_s3000_inf3_lhd0.5…
2026-07-19 11:51:30,336 [INFO] 全量 2999 只, 主板 500 只 (采样 500)
2026-07-19 11:51:30,340 [INFO] 交易日历: 333 天 (20250306~20260717)
2026-07-19 11:51:30,618 [INFO] [REG] daily(sample=500) 数据质量: 覆盖率 100% (498/500), 空值 2 (0%), 日期跨度 2024-11-21 00:00:00 ~ 20260717 (874 天)
2026-07-19 11:51:30,997 [INFO] WIN_RATE_V2 因子 · irs=0.482 vm20=0.334 reversal=0.013
2026-07-19 11:51:30,999 [INFO] master panel: 195314 行 (codes=498)
2026-07-19 11:51:31,066 [INFO] 大盘过滤: 871 天 · 硬跳过 229 天 / 软跳过 288 天 (估算自 500 主板采样)
2026-07-19 11:51:32,359 [INFO] 板块映射: 500 只 (其中无板块 0 只)
2026-07-19 11:51:41,412 [INFO] 索引完成: 498 codes × 874 dates, 板块均值 3883 条目
2026-07-19 11:51:41,440 [INFO]   1年: 6套 535 笔, skipped={'no_pick': 12, 'no_t1': 0, 'no_panel': 0, 'breadth_low': 55, 'breadth_soft_no_hot': 12, 'index_late_down': 0, 'sector_late_down': 0, 'tail_vol_low': 0, 'vwap_below': 0, 'vwap_strict_uncovered': 0}
2026-07-19 11:51:41,441 [INFO] [回测 v4] 汇总开始 · 6套=535 累计t=11.1s
2026-07-19 11:51:41,442 [INFO] [回测 v4] 6套统计完 · t=11.1s
2026-07-19 11:51:41,448 [INFO] [回测 v4] 月度完 · 13月 · t=11.1s
2026-07-19 11:51:41,448 [INFO] [回测 v4] 退出原因完 · t=11.1s
2026-07-19 11:51:42,799 [INFO] [sector_breakdown] 耗时 1.4s, 535 笔
2026-07-19 11:51:42,802 [INFO] [回测 v4] 板块完 · 7 · t=12.5s
2026-07-19 11:51:42,802 [INFO] [回测 v4] 总评完 · t=12.5s
2026-07-19 11:51:42,802 [INFO] equity_curve 采样 535 点 (step=1)
2026-07-19 11:51:42,802 [INFO] 回测 v4 完成: 6套 535 笔 · 12.47s · trail_80 胜率 73.27%
2026-07-19 11:51:42,802 [INFO] actual_10 跳过 (用户未开启) · t=12.5s
[11:51:43] [93/1000] 500_3_3_h1500_s3000_top3_inf3_lhd0.7…
2026-07-19 11:51:43,115 [INFO] 全量 2999 只, 主板 500 只 (采样 500)
2026-07-19 11:51:43,119 [INFO] 交易日历: 333 天 (20250306~20260717)
2026-07-19 11:51:43,447 [INFO] [REG] daily(sample=500) 数据质量: 覆盖率 100% (498/500), 空值 2 (0%), 日期跨度 2024-11-21 00:00:00 ~ 20260717 (874 天)
2026-07-19 11:51:43,792 [INFO] WIN_RATE_V2 因子 · irs=0.482 vm20=0.334 reversal=0.013
2026-07-19 11:51:43,794 [INFO] master panel: 195314 行 (codes=498)
2026-07-19 11:51:43,865 [INFO] 大盘过滤: 871 天 · 硬跳过 229 天 / 软跳过 288 天 (估算自 500 主板采样)
2026-07-19 11:51:45,096 [INFO] 板块映射: 500 只 (其中无板块 0 只)
2026-07-19 11:51:54,764 [INFO] 索引完成: 498 codes × 874 dates, 板块均值 3883 条目
2026-07-19 11:51:54,796 [INFO]   1年: 6套 346 笔, skipped={'no_pick': 12, 'no_t1': 0, 'no_panel': 0, 'breadth_low': 55, 'breadth_soft_no_hot': 31, 'index_late_down': 0, 'sector_late_down': 0, 'tail_vol_low': 0, 'vwap_below': 0, 'vwap_strict_uncovered': 0}
2026-07-19 11:51:54,797 [INFO] [回测 v4] 汇总开始 · 6套=346 累计t=11.7s
2026-07-19 11:51:54,798 [INFO] [回测 v4] 6套统计完 · t=11.7s
2026-07-19 11:51:54,804 [INFO] [回测 v4] 月度完 · 13月 · t=11.7s
2026-07-19 11:51:54,804 [INFO] [回测 v4] 退出原因完 · t=11.7s
2026-07-19 11:51:55,699 [INFO] [sector_breakdown] 耗时 0.9s, 346 笔
2026-07-19 11:51:55,701 [INFO] [回测 v4] 板块完 · 7 · t=12.6s
2026-07-19 11:51:55,701 [INFO] [回测 v4] 总评完 · t=12.6s
2026-07-19 11:51:55,701 [INFO] 回测 v4 完成: 6套 346 笔 · 12.59s · trail_80 胜率 74.28%
2026-07-19 11:51:55,701 [INFO] actual_10 跳过 (用户未开启) · t=12.6s
[11:51:56] [94/1000] 500_3_3_h1500_s3000_top8_lhd0.7…
2026-07-19 11:51:56,068 [INFO] 全量 2999 只, 主板 500 只 (采样 500)
2026-07-19 11:51:56,072 [INFO] 交易日历: 333 天 (20250306~20260717)
2026-07-19 11:51:56,385 [INFO] [REG] daily(sample=500) 数据质量: 覆盖率 100% (498/500), 空值 2 (0%), 日期跨度 2024-11-21 00:00:00 ~ 20260717 (874 天)
2026-07-19 11:51:56,812 [INFO] WIN_RATE_V2 因子 · irs=0.482 vm20=0.334 reversal=0.013
2026-07-19 11:51:56,813 [INFO] master panel: 195314 行 (codes=498)
2026-07-19 11:51:56,904 [INFO] 大盘过滤: 871 天 · 硬跳过 229 天 / 软跳过 288 天 (估算自 500 主板采样)
2026-07-19 11:51:58,265 [INFO] 板块映射: 500 只 (其中无板块 0 只)
2026-07-19 11:52:08,203 [INFO] 索引完成: 498 codes × 874 dates, 板块均值 3883 条目
2026-07-19 11:52:08,236 [INFO]   1年: 6套 540 笔, skipped={'no_pick': 1, 'no_t1': 0, 'no_panel': 0, 'breadth_low': 55, 'breadth_soft_no_hot': 2, 'index_late_down': 0, 'sector_late_down': 0, 'tail_vol_low': 0, 'vwap_below': 0, 'vwap_strict_uncovered': 0}
2026-07-19 11:52:08,238 [INFO] [回测 v4] 汇总开始 · 6套=540 累计t=12.2s
2026-07-19 11:52:08,239 [INFO] [回测 v4] 6套统计完 · t=12.2s
2026-07-19 11:52:08,249 [INFO] [回测 v4] 月度完 · 13月 · t=12.2s
2026-07-19 11:52:08,249 [INFO] [回测 v4] 退出原因完 · t=12.2s
2026-07-19 11:52:09,735 [INFO] [sector_breakdown] 耗时 1.5s, 540 笔
2026-07-19 11:52:09,738 [INFO] [回测 v4] 板块完 · 7 · t=13.7s
2026-07-19 11:52:09,739 [INFO] [回测 v4] 总评完 · t=13.7s
2026-07-19 11:52:09,739 [INFO] equity_curve 采样 540 点 (step=1)
2026-07-19 11:52:09,739 [INFO] 回测 v4 完成: 6套 540 笔 · 13.67s · trail_80 胜率 73.89%
2026-07-19 11:52:09,739 [INFO] actual_10 跳过 (用户未开启) · t=13.7s
[11:52:10] [95/1000] 500_3_3_h1500_s3000_top3_lhd0.7…
2026-07-19 11:52:10,120 [INFO] 全量 2999 只, 主板 500 只 (采样 500)
2026-07-19 11:52:10,125 [INFO] 交易日历: 333 天 (20250306~20260717)
2026-07-19 11:52:10,512 [INFO] [REG] daily(sample=500) 数据质量: 覆盖率 100% (498/500), 空值 2 (0%), 日期跨度 2024-11-21 00:00:00 ~ 20260717 (874 天)
2026-07-19 11:52:11,009 [INFO] WIN_RATE_V2 因子 · irs=0.482 vm20=0.334 reversal=0.013
2026-07-19 11:52:11,011 [INFO] master panel: 195314 行 (codes=498)
2026-07-19 11:52:11,141 [INFO] 大盘过滤: 871 天 · 硬跳过 229 天 / 软跳过 288 天 (估算自 500 主板采样)
2026-07-19 11:52:12,424 [INFO] 板块映射: 500 只 (其中无板块 0 只)
2026-07-19 11:52:22,092 [INFO] 索引完成: 498 codes × 874 dates, 板块均值 3883 条目
2026-07-19 11:52:22,125 [INFO]   1年: 6套 475 笔, skipped={'no_pick': 1, 'no_t1': 0, 'no_panel': 0, 'breadth_low': 55, 'breadth_soft_no_hot': 11, 'index_late_down': 0, 'sector_late_down': 0, 'tail_vol_low': 0, 'vwap_below': 0, 'vwap_strict_uncovered': 0}
2026-07-19 11:52:22,126 [INFO] [回测 v4] 汇总开始 · 6套=475 累计t=12.0s
2026-07-19 11:52:22,127 [INFO] [回测 v4] 6套统计完 · t=12.0s
2026-07-19 11:52:22,133 [INFO] [回测 v4] 月度完 · 13月 · t=12.0s
2026-07-19 11:52:22,133 [INFO] [回测 v4] 退出原因完 · t=12.0s
2026-07-19 11:52:23,408 [INFO] [sector_breakdown] 耗时 1.3s, 475 笔
2026-07-19 11:52:23,410 [INFO] [回测 v4] 板块完 · 7 · t=13.3s
2026-07-19 11:52:23,411 [INFO] [回测 v4] 总评完 · t=13.3s
2026-07-19 11:52:23,411 [INFO] 回测 v4 完成: 6套 475 笔 · 13.29s · trail_80 胜率 75.58%
2026-07-19 11:52:23,411 [INFO] actual_10 跳过 (用户未开启) · t=13.3s
[11:52:23] [96/1000] 500_4_1_h1500_s3000_top8_lhd0.5…
2026-07-19 11:52:23,805 [INFO] 全量 2999 只, 主板 500 只 (采样 500)
2026-07-19 11:52:23,809 [INFO] 交易日历: 333 天 (20250306~20260717)
2026-07-19 11:52:24,194 [INFO] [REG] daily(sample=500) 数据质量: 覆盖率 100% (498/500), 空值 2 (0%), 日期跨度 2024-11-21 00:00:00 ~ 20260717 (874 天)
2026-07-19 11:52:24,602 [INFO] WIN_RATE_V2 因子 · irs=0.482 vm20=0.334 reversal=0.013
2026-07-19 11:52:24,603 [INFO] master panel: 195314 行 (codes=498)
2026-07-19 11:52:24,697 [INFO] 大盘过滤: 871 天 · 硬跳过 229 天 / 软跳过 288 天 (估算自 500 主板采样)
2026-07-19 11:52:26,054 [INFO] 板块映射: 500 只 (其中无板块 0 只)
2026-07-19 11:52:35,738 [INFO] 索引完成: 498 codes × 874 dates, 板块均值 3883 条目
2026-07-19 11:52:35,770 [INFO]   1年: 6套 681 笔, skipped={'no_pick': 1, 'no_t1': 0, 'no_panel': 0, 'breadth_low': 55, 'breadth_soft_no_hot': 2, 'index_late_down': 0, 'sector_late_down': 0, 'tail_vol_low': 0, 'vwap_below': 0, 'vwap_strict_uncovered': 0}
2026-07-19 11:52:35,772 [INFO] [回测 v4] 汇总开始 · 6套=681 累计t=12.0s
2026-07-19 11:52:35,773 [INFO] [回测 v4] 6套统计完 · t=12.0s
2026-07-19 11:52:35,780 [INFO] [回测 v4] 月度完 · 13月 · t=12.0s
2026-07-19 11:52:35,780 [INFO] [回测 v4] 退出原因完 · t=12.0s
2026-07-19 11:52:37,579 [INFO] [sector_breakdown] 耗时 1.8s, 681 笔
2026-07-19 11:52:37,583 [INFO] [回测 v4] 板块完 · 7 · t=13.8s
2026-07-19 11:52:37,583 [INFO] [回测 v4] 总评完 · t=13.8s
2026-07-19 11:52:37,583 [INFO] equity_curve 采样 681 点 (step=1)
2026-07-19 11:52:37,583 [INFO] 回测 v4 完成: 6套 681 笔 · 13.78s · trail_80 胜率 74.89%
2026-07-19 11:52:37,583 [INFO] actual_10 跳过 (用户未开启) · t=13.8s
[11:52:37] [97/1000] 500_2_1_h1500_s3000_top5_inf5_lhd0.7…
2026-07-19 11:52:37,974 [INFO] 全量 2999 只, 主板 500 只 (采样 500)
2026-07-19 11:52:37,979 [INFO] 交易日历: 333 天 (20250306~20260717)
2026-07-19 11:52:38,353 [INFO] [REG] daily(sample=500) 数据质量: 覆盖率 100% (498/500), 空值 2 (0%), 日期跨度 2024-11-21 00:00:00 ~ 20260717 (874 天)
2026-07-19 11:52:38,732 [INFO] WIN_RATE_V2 因子 · irs=0.482 vm20=0.334 reversal=0.013
2026-07-19 11:52:38,733 [INFO] master panel: 195314 行 (codes=498)
2026-07-19 11:52:38,808 [INFO] 大盘过滤: 871 天 · 硬跳过 229 天 / 软跳过 288 天 (估算自 500 主板采样)
2026-07-19 11:52:40,124 [INFO] 板块映射: 500 只 (其中无板块 0 只)
2026-07-19 11:52:50,284 [INFO] 索引完成: 498 codes × 874 dates, 板块均值 3883 条目
2026-07-19 11:52:50,316 [INFO]   1年: 6套 352 笔, skipped={'no_pick': 2, 'no_t1': 0, 'no_panel': 0, 'breadth_low': 55, 'breadth_soft_no_hot': 6, 'index_late_down': 0, 'sector_late_down': 0, 'tail_vol_low': 0, 'vwap_below': 0, 'vwap_strict_uncovered': 0}
2026-07-19 11:52:50,317 [INFO] [回测 v4] 汇总开始 · 6套=352 累计t=12.3s
2026-07-19 11:52:50,317 [INFO] [回测 v4] 6套统计完 · t=12.3s
2026-07-19 11:52:50,324 [INFO] [回测 v4] 月度完 · 13月 · t=12.4s
2026-07-19 11:52:50,324 [INFO] [回测 v4] 退出原因完 · t=12.4s
2026-07-19 11:52:51,240 [INFO] [sector_breakdown] 耗时 0.9s, 352 笔
2026-07-19 11:52:51,243 [INFO] [回测 v4] 板块完 · 7 · t=13.3s
2026-07-19 11:52:51,244 [INFO] [回测 v4] 总评完 · t=13.3s
2026-07-19 11:52:51,244 [INFO] 回测 v4 完成: 6套 352 笔 · 13.27s · trail_80 胜率 72.73%
2026-07-19 11:52:51,244 [INFO] actual_10 跳过 (用户未开启) · t=13.3s
[11:52:51] [98/1000] 500_4_1_lhd0.7…
2026-07-19 11:52:51,629 [INFO] 全量 2999 只, 主板 500 只 (采样 500)
2026-07-19 11:52:51,633 [INFO] 交易日历: 333 天 (20250306~20260717)
2026-07-19 11:52:51,941 [INFO] [REG] daily(sample=500) 数据质量: 覆盖率 100% (498/500), 空值 2 (0%), 日期跨度 2024-11-21 00:00:00 ~ 20260717 (874 天)
2026-07-19 11:52:52,380 [INFO] WIN_RATE_V2 因子 · irs=0.482 vm20=0.334 reversal=0.013
2026-07-19 11:52:52,381 [INFO] master panel: 195314 行 (codes=498)
2026-07-19 11:53:01,561 [INFO] 索引完成: 498 codes × 874 dates, 板块均值 0 条目
2026-07-19 11:53:01,604 [INFO]   1年: 6套 814 笔, skipped={'no_pick': 7, 'no_t1': 0, 'no_panel': 0, 'breadth_low': 0, 'breadth_soft_no_hot': 0, 'index_late_down': 0, 'sector_late_down': 0, 'tail_vol_low': 0, 'vwap_below': 0, 'vwap_strict_uncovered': 0}
2026-07-19 11:53:01,605 [INFO] [回测 v4] 汇总开始 · 6套=814 累计t=10.0s
2026-07-19 11:53:01,607 [INFO] [回测 v4] 6套统计完 · t=10.0s
2026-07-19 11:53:01,616 [INFO] [回测 v4] 月度完 · 13月 · t=10.0s
2026-07-19 11:53:01,616 [INFO] [回测 v4] 退出原因完 · t=10.0s
2026-07-19 11:53:03,760 [INFO] [sector_breakdown] 耗时 2.1s, 814 笔
2026-07-19 11:53:03,763 [INFO] [回测 v4] 板块完 · 7 · t=12.1s
2026-07-19 11:53:03,764 [INFO] [回测 v4] 总评完 · t=12.1s
2026-07-19 11:53:03,764 [INFO] equity_curve 采样 814 点 (step=1)
2026-07-19 11:53:03,764 [INFO] 回测 v4 完成: 6套 814 笔 · 12.14s · trail_80 胜率 73.34%
2026-07-19 11:53:03,764 [INFO] actual_10 跳过 (用户未开启) · t=12.1s
[11:53:04] [99/1000] 500_1_3_h2000_s3000…
2026-07-19 11:53:04,146 [INFO] 全量 2999 只, 主板 500 只 (采样 500)
2026-07-19 11:53:04,150 [INFO] 交易日历: 333 天 (20250306~20260717)
2026-07-19 11:53:04,466 [INFO] [REG] daily(sample=500) 数据质量: 覆盖率 100% (498/500), 空值 2 (0%), 日期跨度 2024-11-21 00:00:00 ~ 20260717 (874 天)
2026-07-19 11:53:04,917 [INFO] WIN_RATE_V2 因子 · irs=0.482 vm20=0.334 reversal=0.013
2026-07-19 11:53:04,918 [INFO] master panel: 195314 行 (codes=498)
2026-07-19 11:53:04,994 [INFO] 大盘过滤: 871 天 · 硬跳过 314 天 / 软跳过 203 天 (估算自 500 主板采样)
2026-07-19 11:53:14,331 [INFO] 索引完成: 498 codes × 874 dates, 板块均值 0 条目
2026-07-19 11:53:14,360 [INFO]   1年: 6套 164 笔, skipped={'no_pick': 1, 'no_t1': 0, 'no_panel': 0, 'breadth_low': 85, 'breadth_soft_no_hot': 0, 'index_late_down': 0, 'sector_late_down': 0, 'tail_vol_low': 0, 'vwap_below': 0, 'vwap_strict_uncovered': 0}
2026-07-19 11:53:14,361 [INFO] [回测 v4] 汇总开始 · 6套=164 累计t=10.2s
2026-07-19 11:53:14,361 [INFO] [回测 v4] 6套统计完 · t=10.2s
2026-07-19 11:53:14,368 [INFO] [回测 v4] 月度完 · 13月 · t=10.2s
2026-07-19 11:53:14,368 [INFO] [回测 v4] 退出原因完 · t=10.2s
2026-07-19 11:53:14,829 [INFO] [sector_breakdown] 耗时 0.5s, 164 笔
2026-07-19 11:53:14,832 [INFO] [回测 v4] 板块完 · 7 · t=10.7s
2026-07-19 11:53:14,832 [INFO] [回测 v4] 总评完 · t=10.7s
2026-07-19 11:53:14,832 [INFO] 回测 v4 完成: 6套 164 笔 · 10.69s · trail_80 胜率 73.17%
2026-07-19 11:53:14,832 [INFO] actual_10 跳过 (用户未开启) · t=10.7s
[11:53:15] [100/1000] 500_5_2_h1500…
2026-07-19 11:53:15,253 [INFO] 全量 2999 只, 主板 500 只 (采样 500)
2026-07-19 11:53:15,257 [INFO] 交易日历: 333 天 (20250306~20260717)
2026-07-19 11:53:15,673 [INFO] [REG] daily(sample=500) 数据质量: 覆盖率 100% (498/500), 空值 2 (0%), 日期跨度 2024-11-21 00:00:00 ~ 20260717 (874 天)
2026-07-19 11:53:16,084 [INFO] WIN_RATE_V2 因子 · irs=0.482 vm20=0.334 reversal=0.013
2026-07-19 11:53:16,086 [INFO] master panel: 195314 行 (codes=498)
2026-07-19 11:53:16,163 [INFO] 大盘过滤: 871 天 · 硬跳过 229 天 / 软跳过 0 天 (估算自 500 主板采样)
2026-07-19 11:53:25,735 [INFO] 索引完成: 498 codes × 874 dates, 板块均值 0 条目
2026-07-19 11:53:25,771 [INFO]   1年: 6套 794 笔, skipped={'no_pick': 3, 'no_t1': 0, 'no_panel': 0, 'breadth_low': 55, 'breadth_soft_no_hot': 0, 'index_late_down': 0, 'sector_late_down': 0, 'tail_vol_low': 0, 'vwap_below': 0, 'vwap_strict_uncovered': 0}
2026-07-19 11:53:25,773 [INFO] [回测 v4] 汇总开始 · 6套=794 累计t=10.5s
2026-07-19 11:53:25,775 [INFO] [回测 v4] 6套统计完 · t=10.5s
2026-07-19 11:53:25,782 [INFO] [回测 v4] 月度完 · 13月 · t=10.5s
2026-07-19 11:53:25,782 [INFO] [回测 v4] 退出原因完 · t=10.5s
2026-07-19 11:53:28,253 [INFO] [sector_breakdown] 耗时 2.5s, 794 笔
2026-07-19 11:53:28,256 [INFO] [回测 v4] 板块完 · 7 · t=13.0s
2026-07-19 11:53:28,257 [INFO] [回测 v4] 总评完 · t=13.0s
2026-07-19 11:53:28,257 [INFO] equity_curve 采样 794 点 (step=1)
2026-07-19 11:53:28,257 [INFO] 回测 v4 完成: 6套 794 笔 · 13.01s · trail_80 胜率 75.06%
2026-07-19 11:53:28,257 [INFO] actual_10 跳过 (用户未开启) · t=13.0s
[11:53:28] [100/1000] checkpoint · 最佳 score=4.06 · 成功 100/100 (100%) · 已用 1303s · 预计剩余 195min
[11:53:28] [101/1000] 500_2_2_h1500_s3000_top5_lhd0.5…
2026-07-19 11:53:28,690 [INFO] 全量 2999 只, 主板 500 只 (采样 500)
2026-07-19 11:53:28,695 [INFO] 交易日历: 333 天 (20250306~20260717)
2026-07-19 11:53:29,022 [INFO] [REG] daily(sample=500) 数据质量: 覆盖率 100% (498/500), 空值 2 (0%), 日期跨度 2024-11-21 00:00:00 ~ 20260717 (874 天)
2026-07-19 11:53:29,434 [INFO] WIN_RATE_V2 因子 · irs=0.482 vm20=0.334 reversal=0.013
2026-07-19 11:53:29,435 [INFO] master panel: 195314 行 (codes=498)
2026-07-19 11:53:29,580 [INFO] 大盘过滤: 871 天 · 硬跳过 229 天 / 软跳过 288 天 (估算自 500 主板采样)
2026-07-19 11:53:31,090 [INFO] 板块映射: 500 只 (其中无板块 0 只)
2026-07-19 11:53:41,086 [INFO] 索引完成: 498 codes × 874 dates, 板块均值 3883 条目
2026-07-19 11:53:41,122 [INFO]   1年: 6套 370 笔, skipped={'no_pick': 1, 'no_t1': 0, 'no_panel': 0, 'breadth_low': 55, 'breadth_soft_no_hot': 2, 'index_late_down': 0, 'sector_late_down': 0, 'tail_vol_low': 0, 'vwap_below': 0, 'vwap_strict_uncovered': 0}
2026-07-19 11:53:41,124 [INFO] [回测 v4] 汇总开始 · 6套=370 累计t=12.4s
2026-07-19 11:53:41,125 [INFO] [回测 v4] 6套统计完 · t=12.4s
2026-07-19 11:53:41,131 [INFO] [回测 v4] 月度完 · 13月 · t=12.4s
2026-07-19 11:53:41,131 [INFO] [回测 v4] 退出原因完 · t=12.4s
2026-07-19 11:53:42,243 [INFO] [sector_breakdown] 耗时 1.1s, 370 笔
2026-07-19 11:53:42,246 [INFO] [回测 v4] 板块完 · 7 · t=13.6s
2026-07-19 11:53:42,246 [INFO] [回测 v4] 总评完 · t=13.6s
2026-07-19 11:53:42,246 [INFO] 回测 v4 完成: 6套 370 笔 · 13.56s · trail_80 胜率 73.24%
2026-07-19 11:53:42,246 [INFO] actual_10 跳过 (用户未开启) · t=13.6s
[11:53:42] [102/1000] 500_5_2_h2000_inf5_lhd0.5…
2026-07-19 11:53:42,620 [INFO] 全量 2999 只, 主板 500 只 (采样 500)
2026-07-19 11:53:42,624 [INFO] 交易日历: 333 天 (20250306~20260717)
2026-07-19 11:53:43,001 [INFO] [REG] daily(sample=500) 数据质量: 覆盖率 100% (498/500), 空值 2 (0%), 日期跨度 2024-11-21 00:00:00 ~ 20260717 (874 天)
2026-07-19 11:53:43,412 [INFO] WIN_RATE_V2 因子 · irs=0.482 vm20=0.334 reversal=0.013
2026-07-19 11:53:43,413 [INFO] master panel: 195314 行 (codes=498)
2026-07-19 11:53:43,489 [INFO] 大盘过滤: 871 天 · 硬跳过 314 天 / 软跳过 0 天 (估算自 500 主板采样)
2026-07-19 11:53:44,971 [INFO] 板块映射: 500 只 (其中无板块 0 只)
2026-07-19 11:53:54,712 [INFO] 索引完成: 498 codes × 874 dates, 板块均值 3883 条目
2026-07-19 11:53:54,745 [INFO]   1年: 6套 605 笔, skipped={'no_pick': 4, 'no_t1': 0, 'no_panel': 0, 'breadth_low': 85, 'breadth_soft_no_hot': 0, 'index_late_down': 0, 'sector_late_down': 0, 'tail_vol_low': 0, 'vwap_below': 0, 'vwap_strict_uncovered': 0}
2026-07-19 11:53:54,746 [INFO] [回测 v4] 汇总开始 · 6套=605 累计t=12.1s
2026-07-19 11:53:54,747 [INFO] [回测 v4] 6套统计完 · t=12.1s
2026-07-19 11:53:54,755 [INFO] [回测 v4] 月度完 · 13月 · t=12.1s
2026-07-19 11:53:54,755 [INFO] [回测 v4] 退出原因完 · t=12.1s
2026-07-19 11:53:56,598 [INFO] [sector_breakdown] 耗时 1.8s, 605 笔
2026-07-19 11:53:56,601 [INFO] [回测 v4] 板块完 · 7 · t=14.0s
2026-07-19 11:53:56,601 [INFO] [回测 v4] 总评完 · t=14.0s
2026-07-19 11:53:56,601 [INFO] equity_curve 采样 605 点 (step=1)
2026-07-19 11:53:56,601 [INFO] 回测 v4 完成: 6套 605 笔 · 13.98s · trail_80 胜率 73.72%
2026-07-19 11:53:56,601 [INFO] actual_10 跳过 (用户未开启) · t=14.0s
[11:53:56] [103/1000] 500_5_2_h1500_s3000_inf5_lhd0.7…
2026-07-19 11:53:56,993 [INFO] 全量 2999 只, 主板 500 只 (采样 500)
2026-07-19 11:53:56,998 [INFO] 交易日历: 333 天 (20250306~20260717)
2026-07-19 11:53:57,367 [INFO] [REG] daily(sample=500) 数据质量: 覆盖率 100% (498/500), 空值 2 (0%), 日期跨度 2024-11-21 00:00:00 ~ 20260717 (874 天)
2026-07-19 11:53:57,756 [INFO] WIN_RATE_V2 因子 · irs=0.482 vm20=0.334 reversal=0.013
2026-07-19 11:53:57,757 [INFO] master panel: 195314 行 (codes=498)
2026-07-19 11:53:57,831 [INFO] 大盘过滤: 871 天 · 硬跳过 229 天 / 软跳过 288 天 (估算自 500 主板采样)
2026-07-19 11:53:59,372 [INFO] 板块映射: 500 只 (其中无板块 0 只)
2026-07-19 11:54:08,939 [INFO] 索引完成: 498 codes × 874 dates, 板块均值 3883 条目
2026-07-19 11:54:08,972 [INFO]   1年: 6套 687 笔, skipped={'no_pick': 2, 'no_t1': 0, 'no_panel': 0, 'breadth_low': 55, 'breadth_soft_no_hot': 5, 'index_late_down': 0, 'sector_late_down': 0, 'tail_vol_low': 0, 'vwap_below': 0, 'vwap_strict_uncovered': 0}
2026-07-19 11:54:08,974 [INFO] [回测 v4] 汇总开始 · 6套=687 累计t=12.0s
2026-07-19 11:54:08,975 [INFO] [回测 v4] 6套统计完 · t=12.0s
2026-07-19 11:54:08,982 [INFO] [回测 v4] 月度完 · 13月 · t=12.0s
2026-07-19 11:54:08,982 [INFO] [回测 v4] 退出原因完 · t=12.0s
2026-07-19 11:54:10,976 [INFO] [sector_breakdown] 耗时 2.0s, 687 笔
2026-07-19 11:54:10,980 [INFO] [回测 v4] 板块完 · 7 · t=14.0s
2026-07-19 11:54:10,980 [INFO] [回测 v4] 总评完 · t=14.0s
2026-07-19 11:54:10,980 [INFO] equity_curve 采样 687 点 (step=1)
2026-07-19 11:54:10,980 [INFO] 回测 v4 完成: 6套 687 笔 · 13.99s · trail_80 胜率 74.09%
2026-07-19 11:54:10,980 [INFO] actual_10 跳过 (用户未开启) · t=14.0s
[11:54:11] [104/1000] 500_2_3_inf3_lhd0.7…
2026-07-19 11:54:11,358 [INFO] 全量 2999 只, 主板 500 只 (采样 500)
2026-07-19 11:54:11,362 [INFO] 交易日历: 333 天 (20250306~20260717)
2026-07-19 11:54:11,677 [INFO] [REG] daily(sample=500) 数据质量: 覆盖率 100% (498/500), 空值 2 (0%), 日期跨度 2024-11-21 00:00:00 ~ 20260717 (874 天)
2026-07-19 11:54:12,116 [INFO] WIN_RATE_V2 因子 · irs=0.482 vm20=0.334 reversal=0.013
2026-07-19 11:54:12,117 [INFO] master panel: 195314 行 (codes=498)
2026-07-19 11:54:13,581 [INFO] 板块映射: 500 只 (其中无板块 0 只)
2026-07-19 11:54:22,888 [INFO] 索引完成: 498 codes × 874 dates, 板块均值 3883 条目
2026-07-19 11:54:22,926 [INFO]   1年: 6套 368 笔, skipped={'no_pick': 45, 'no_t1': 0, 'no_panel': 0, 'breadth_low': 0, 'breadth_soft_no_hot': 0, 'index_late_down': 0, 'sector_late_down': 0, 'tail_vol_low': 0, 'vwap_below': 0, 'vwap_strict_uncovered': 0}
2026-07-19 11:54:22,927 [INFO] [回测 v4] 汇总开始 · 6套=368 累计t=11.6s
2026-07-19 11:54:22,928 [INFO] [回测 v4] 6套统计完 · t=11.6s
2026-07-19 11:54:22,935 [INFO] [回测 v4] 月度完 · 13月 · t=11.6s
2026-07-19 11:54:22,935 [INFO] [回测 v4] 退出原因完 · t=11.6s
2026-07-19 11:54:23,975 [INFO] [sector_breakdown] 耗时 1.0s, 368 笔
2026-07-19 11:54:23,978 [INFO] [回测 v4] 板块完 · 7 · t=12.6s
2026-07-19 11:54:23,978 [INFO] [回测 v4] 总评完 · t=12.6s
2026-07-19 11:54:23,978 [INFO] 回测 v4 完成: 6套 368 笔 · 12.62s · trail_80 胜率 71.2%
2026-07-19 11:54:23,978 [INFO] actual_10 跳过 (用户未开启) · t=12.6s
[11:54:24] [105/1000] 500_2_3_h1500_s3000_top8_lhd0.5…
2026-07-19 11:54:24,373 [INFO] 全量 2999 只, 主板 500 只 (采样 500)
2026-07-19 11:54:24,377 [INFO] 交易日历: 333 天 (20250306~20260717)
2026-07-19 11:54:24,699 [INFO] [REG] daily(sample=500) 数据质量: 覆盖率 100% (498/500), 空值 2 (0%), 日期跨度 2024-11-21 00:00:00 ~ 20260717 (874 天)
2026-07-19 11:54:25,164 [INFO] WIN_RATE_V2 因子 · irs=0.482 vm20=0.334 reversal=0.013
2026-07-19 11:54:25,165 [INFO] master panel: 195314 行 (codes=498)
2026-07-19 11:54:25,239 [INFO] 大盘过滤: 871 天 · 硬跳过 229 天 / 软跳过 288 天 (估算自 500 主板采样)
2026-07-19 11:54:26,748 [INFO] 板块映射: 500 只 (其中无板块 0 只)
2026-07-19 11:54:35,797 [INFO] 索引完成: 498 codes × 874 dates, 板块均值 3883 条目
2026-07-19 11:54:35,826 [INFO]   1年: 6套 376 笔, skipped={'no_pick': 1, 'no_t1': 0, 'no_panel': 0, 'breadth_low': 55, 'breadth_soft_no_hot': 2, 'index_late_down': 0, 'sector_late_down': 0, 'tail_vol_low': 0, 'vwap_below': 0, 'vwap_strict_uncovered': 0}
2026-07-19 11:54:35,827 [INFO] [回测 v4] 汇总开始 · 6套=376 累计t=11.5s
2026-07-19 11:54:35,827 [INFO] [回测 v4] 6套统计完 · t=11.5s
2026-07-19 11:54:35,833 [INFO] [回测 v4] 月度完 · 13月 · t=11.5s
2026-07-19 11:54:35,833 [INFO] [回测 v4] 退出原因完 · t=11.5s
2026-07-19 11:54:36,812 [INFO] [sector_breakdown] 耗时 1.0s, 376 笔
2026-07-19 11:54:36,814 [INFO] [回测 v4] 板块完 · 7 · t=12.4s
2026-07-19 11:54:36,815 [INFO] [回测 v4] 总评完 · t=12.4s
2026-07-19 11:54:36,815 [INFO] 回测 v4 完成: 6套 376 笔 · 12.44s · trail_80 胜率 73.4%
2026-07-19 11:54:36,815 [INFO] actual_10 跳过 (用户未开启) · t=12.4s
[11:54:37] [106/1000] 500_2_3_h1500_s3000_top8_inf5_lhd0.5…
2026-07-19 11:54:37,124 [INFO] 全量 2999 只, 主板 500 只 (采样 500)
2026-07-19 11:54:37,128 [INFO] 交易日历: 333 天 (20250306~20260717)
2026-07-19 11:54:37,450 [INFO] [REG] daily(sample=500) 数据质量: 覆盖率 100% (498/500), 空值 2 (0%), 日期跨度 2024-11-21 00:00:00 ~ 20260717 (874 天)
2026-07-19 11:54:37,793 [INFO] WIN_RATE_V2 因子 · irs=0.482 vm20=0.334 reversal=0.013
2026-07-19 11:54:37,794 [INFO] master panel: 195314 行 (codes=498)
2026-07-19 11:54:37,862 [INFO] 大盘过滤: 871 天 · 硬跳过 229 天 / 软跳过 288 天 (估算自 500 主板采样)
2026-07-19 11:54:39,153 [INFO] 板块映射: 500 只 (其中无板块 0 只)
2026-07-19 11:54:48,698 [INFO] 索引完成: 498 codes × 874 dates, 板块均值 3883 条目
2026-07-19 11:54:48,725 [INFO]   1年: 6套 362 笔, skipped={'no_pick': 2, 'no_t1': 0, 'no_panel': 0, 'breadth_low': 55, 'breadth_soft_no_hot': 5, 'index_late_down': 0, 'sector_late_down': 0, 'tail_vol_low': 0, 'vwap_below': 0, 'vwap_strict_uncovered': 0}
2026-07-19 11:54:48,726 [INFO] [回测 v4] 汇总开始 · 6套=362 累计t=11.6s
2026-07-19 11:54:48,727 [INFO] [回测 v4] 6套统计完 · t=11.6s
2026-07-19 11:54:48,733 [INFO] [回测 v4] 月度完 · 13月 · t=11.6s
2026-07-19 11:54:48,733 [INFO] [回测 v4] 退出原因完 · t=11.6s
2026-07-19 11:54:49,632 [INFO] [sector_breakdown] 耗时 0.9s, 362 笔
2026-07-19 11:54:49,635 [INFO] [回测 v4] 板块完 · 7 · t=12.5s
2026-07-19 11:54:49,635 [INFO] [回测 v4] 总评完 · t=12.5s
2026-07-19 11:54:49,635 [INFO] 回测 v4 完成: 6套 362 笔 · 12.51s · trail_80 胜率 72.93%
2026-07-19 11:54:49,635 [INFO] actual_10 跳过 (用户未开启) · t=12.5s
[11:54:49] [107/1000] 500_1_3_h2000_s3000_top5…
2026-07-19 11:54:49,960 [INFO] 全量 2999 只, 主板 500 只 (采样 500)
2026-07-19 11:54:49,965 [INFO] 交易日历: 333 天 (20250306~20260717)
2026-07-19 11:54:50,291 [INFO] [REG] daily(sample=500) 数据质量: 覆盖率 100% (498/500), 空值 2 (0%), 日期跨度 2024-11-21 00:00:00 ~ 20260717 (874 天)
2026-07-19 11:54:50,653 [INFO] WIN_RATE_V2 因子 · irs=0.482 vm20=0.334 reversal=0.013
2026-07-19 11:54:50,654 [INFO] master panel: 195314 行 (codes=498)
2026-07-19 11:54:50,725 [INFO] 大盘过滤: 871 天 · 硬跳过 314 天 / 软跳过 203 天 (估算自 500 主板采样)
2026-07-19 11:54:51,990 [INFO] 板块映射: 500 只 (其中无板块 0 只)
2026-07-19 11:55:01,478 [INFO] 索引完成: 498 codes × 874 dates, 板块均值 3883 条目
2026-07-19 11:55:01,502 [INFO]   1年: 6套 164 笔, skipped={'no_pick': 1, 'no_t1': 0, 'no_panel': 0, 'breadth_low': 85, 'breadth_soft_no_hot': 0, 'index_late_down': 0, 'sector_late_down': 0, 'tail_vol_low': 0, 'vwap_below': 0, 'vwap_strict_uncovered': 0}
2026-07-19 11:55:01,503 [INFO] [回测 v4] 汇总开始 · 6套=164 累计t=11.5s
2026-07-19 11:55:01,503 [INFO] [回测 v4] 6套统计完 · t=11.5s
2026-07-19 11:55:01,509 [INFO] [回测 v4] 月度完 · 13月 · t=11.6s
2026-07-19 11:55:01,509 [INFO] [回测 v4] 退出原因完 · t=11.6s
2026-07-19 11:55:01,906 [INFO] [sector_breakdown] 耗时 0.4s, 164 笔
2026-07-19 11:55:01,908 [INFO] [回测 v4] 板块完 · 7 · t=11.9s
2026-07-19 11:55:01,908 [INFO] [回测 v4] 总评完 · t=11.9s
2026-07-19 11:55:01,908 [INFO] 回测 v4 完成: 6套 164 笔 · 11.95s · trail_80 胜率 71.95%
2026-07-19 11:55:01,908 [INFO] actual_10 跳过 (用户未开启) · t=11.9s
[11:55:02] [108/1000] 500_4_3_inf5_lhd0.5…
2026-07-19 11:55:02,267 [INFO] 全量 2999 只, 主板 500 只 (采样 500)
2026-07-19 11:55:02,270 [INFO] 交易日历: 333 天 (20250306~20260717)
2026-07-19 11:55:02,552 [INFO] [REG] daily(sample=500) 数据质量: 覆盖率 100% (498/500), 空值 2 (0%), 日期跨度 2024-11-21 00:00:00 ~ 20260717 (874 天)
2026-07-19 11:55:02,922 [INFO] WIN_RATE_V2 因子 · irs=0.482 vm20=0.334 reversal=0.013
2026-07-19 11:55:02,924 [INFO] master panel: 195314 行 (codes=498)
2026-07-19 11:55:04,190 [INFO] 板块映射: 500 只 (其中无板块 0 只)
2026-07-19 11:55:13,241 [INFO] 索引完成: 498 codes × 874 dates, 板块均值 3883 条目
2026-07-19 11:55:13,275 [INFO]   1年: 6套 708 笔, skipped={'no_pick': 15, 'no_t1': 0, 'no_panel': 0, 'breadth_low': 0, 'breadth_soft_no_hot': 0, 'index_late_down': 0, 'sector_late_down': 0, 'tail_vol_low': 0, 'vwap_below': 0, 'vwap_strict_uncovered': 0}
2026-07-19 11:55:13,276 [INFO] [回测 v4] 汇总开始 · 6套=708 累计t=11.1s
2026-07-19 11:55:13,277 [INFO] [回测 v4] 6套统计完 · t=11.1s
2026-07-19 11:55:13,284 [INFO] [回测 v4] 月度完 · 13月 · t=11.1s
2026-07-19 11:55:13,284 [INFO] [回测 v4] 退出原因完 · t=11.1s
2026-07-19 11:55:14,983 [INFO] [sector_breakdown] 耗时 1.7s, 708 笔
2026-07-19 11:55:14,986 [INFO] [回测 v4] 板块完 · 7 · t=12.8s
2026-07-19 11:55:14,986 [INFO] [回测 v4] 总评完 · t=12.8s
2026-07-19 11:55:14,986 [INFO] equity_curve 采样 708 点 (step=1)
2026-07-19 11:55:14,986 [INFO] 回测 v4 完成: 6套 708 笔 · 12.76s · trail_80 胜率 72.18%
2026-07-19 11:55:14,986 [INFO] actual_10 跳过 (用户未开启) · t=12.8s
[11:55:15] [109/1000] 500_5_3_h1500_s3000_top5_inf5_lhd0.5…
2026-07-19 11:55:15,372 [INFO] 全量 2999 只, 主板 500 只 (采样 500)
2026-07-19 11:55:15,375 [INFO] 交易日历: 333 天 (20250306~20260717)
2026-07-19 11:55:15,704 [INFO] [REG] daily(sample=500) 数据质量: 覆盖率 100% (498/500), 空值 2 (0%), 日期跨度 2024-11-21 00:00:00 ~ 20260717 (874 天)
2026-07-19 11:55:16,148 [INFO] WIN_RATE_V2 因子 · irs=0.482 vm20=0.334 reversal=0.013
2026-07-19 11:55:16,149 [INFO] master panel: 195314 行 (codes=498)
2026-07-19 11:55:16,220 [INFO] 大盘过滤: 871 天 · 硬跳过 229 天 / 软跳过 288 天 (估算自 500 主板采样)
2026-07-19 11:55:17,477 [INFO] 板块映射: 500 只 (其中无板块 0 只)
2026-07-19 11:55:26,763 [INFO] 索引完成: 498 codes × 874 dates, 板块均值 3883 条目
2026-07-19 11:55:26,793 [INFO]   1年: 6套 660 笔, skipped={'no_pick': 2, 'no_t1': 0, 'no_panel': 0, 'breadth_low': 55, 'breadth_soft_no_hot': 6, 'index_late_down': 0, 'sector_late_down': 0, 'tail_vol_low': 0, 'vwap_below': 0, 'vwap_strict_uncovered': 0}
2026-07-19 11:55:26,794 [INFO] [回测 v4] 汇总开始 · 6套=660 累计t=11.4s
2026-07-19 11:55:26,795 [INFO] [回测 v4] 6套统计完 · t=11.4s
2026-07-19 11:55:26,802 [INFO] [回测 v4] 月度完 · 13月 · t=11.4s
2026-07-19 11:55:26,802 [INFO] [回测 v4] 退出原因完 · t=11.4s
2026-07-19 11:55:28,409 [INFO] [sector_breakdown] 耗时 1.6s, 660 笔
2026-07-19 11:55:28,412 [INFO] [回测 v4] 板块完 · 7 · t=13.0s
2026-07-19 11:55:28,412 [INFO] [回测 v4] 总评完 · t=13.0s
2026-07-19 11:55:28,412 [INFO] equity_curve 采样 660 点 (step=1)
2026-07-19 11:55:28,412 [INFO] 回测 v4 完成: 6套 660 笔 · 13.04s · trail_80 胜率 73.94%
2026-07-19 11:55:28,412 [INFO] actual_10 跳过 (用户未开启) · t=13.0s
[11:55:28] [110/1000] 500_1_1_h1500_inf5…
2026-07-19 11:55:28,736 [INFO] 全量 2999 只, 主板 500 只 (采样 500)
2026-07-19 11:55:28,740 [INFO] 交易日历: 333 天 (20250306~20260717)
2026-07-19 11:55:29,073 [INFO] [REG] daily(sample=500) 数据质量: 覆盖率 100% (498/500), 空值 2 (0%), 日期跨度 2024-11-21 00:00:00 ~ 20260717 (874 天)
2026-07-19 11:55:29,422 [INFO] WIN_RATE_V2 因子 · irs=0.482 vm20=0.334 reversal=0.013
2026-07-19 11:55:29,423 [INFO] master panel: 195314 行 (codes=498)
2026-07-19 11:55:29,493 [INFO] 大盘过滤: 871 天 · 硬跳过 229 天 / 软跳过 0 天 (估算自 500 主板采样)
2026-07-19 11:55:30,689 [INFO] 板块映射: 500 只 (其中无板块 0 只)
2026-07-19 11:55:39,741 [INFO] 索引完成: 498 codes × 874 dates, 板块均值 3883 条目
2026-07-19 11:55:39,770 [INFO]   1年: 6套 188 笔, skipped={'no_pick': 7, 'no_t1': 0, 'no_panel': 0, 'breadth_low': 55, 'breadth_soft_no_hot': 0, 'index_late_down': 0, 'sector_late_down': 0, 'tail_vol_low': 0, 'vwap_below': 0, 'vwap_strict_uncovered': 0}
2026-07-19 11:55:39,771 [INFO] [回测 v4] 汇总开始 · 6套=188 累计t=11.0s
2026-07-19 11:55:39,771 [INFO] [回测 v4] 6套统计完 · t=11.0s
2026-07-19 11:55:39,777 [INFO] [回测 v4] 月度完 · 13月 · t=11.0s
2026-07-19 11:55:39,778 [INFO] [回测 v4] 退出原因完 · t=11.0s
2026-07-19 11:55:40,221 [INFO] [sector_breakdown] 耗时 0.4s, 188 笔
2026-07-19 11:55:40,224 [INFO] [回测 v4] 板块完 · 7 · t=11.5s
2026-07-19 11:55:40,224 [INFO] [回测 v4] 总评完 · t=11.5s
2026-07-19 11:55:40,224 [INFO] 回测 v4 完成: 6套 188 笔 · 11.49s · trail_80 胜率 72.87%
2026-07-19 11:55:40,224 [INFO] actual_10 跳过 (用户未开启) · t=11.5s
[11:55:40] [111/1000] 500_1_1_h2000_s3000_top3_lhd0.5…
2026-07-19 11:55:40,549 [INFO] 全量 2999 只, 主板 500 只 (采样 500)
2026-07-19 11:55:40,553 [INFO] 交易日历: 333 天 (20250306~20260717)
2026-07-19 11:55:40,897 [INFO] [REG] daily(sample=500) 数据质量: 覆盖率 100% (498/500), 空值 2 (0%), 日期跨度 2024-11-21 00:00:00 ~ 20260717 (874 天)
2026-07-19 11:55:41,265 [INFO] WIN_RATE_V2 因子 · irs=0.482 vm20=0.334 reversal=0.013
2026-07-19 11:55:41,266 [INFO] master panel: 195314 行 (codes=498)
2026-07-19 11:55:41,338 [INFO] 大盘过滤: 871 天 · 硬跳过 314 天 / 软跳过 203 天 (估算自 500 主板采样)
2026-07-19 11:55:42,502 [INFO] 板块映射: 500 只 (其中无板块 0 只)
2026-07-19 11:55:51,747 [INFO] 索引完成: 498 codes × 874 dates, 板块均值 3883 条目
2026-07-19 11:55:51,773 [INFO]   1年: 6套 156 笔, skipped={'no_pick': 1, 'no_t1': 0, 'no_panel': 0, 'breadth_low': 85, 'breadth_soft_no_hot': 8, 'index_late_down': 0, 'sector_late_down': 0, 'tail_vol_low': 0, 'vwap_below': 0, 'vwap_strict_uncovered': 0}
2026-07-19 11:55:51,774 [INFO] [回测 v4] 汇总开始 · 6套=156 累计t=11.2s
2026-07-19 11:55:51,774 [INFO] [回测 v4] 6套统计完 · t=11.2s
2026-07-19 11:55:51,781 [INFO] [回测 v4] 月度完 · 13月 · t=11.2s
2026-07-19 11:55:51,781 [INFO] [回测 v4] 退出原因完 · t=11.2s
2026-07-19 11:55:52,191 [INFO] [sector_breakdown] 耗时 0.4s, 156 笔
2026-07-19 11:55:52,193 [INFO] [回测 v4] 板块完 · 7 · t=11.6s
2026-07-19 11:55:52,193 [INFO] [回测 v4] 总评完 · t=11.6s
2026-07-19 11:55:52,193 [INFO] 回测 v4 完成: 6套 156 笔 · 11.65s · trail_80 胜率 75.0%
2026-07-19 11:55:52,193 [INFO] actual_10 跳过 (用户未开启) · t=11.6s
[11:55:52] [112/1000] 500_5_1_h1500_s3000…
2026-07-19 11:55:52,528 [INFO] 全量 2999 只, 主板 500 只 (采样 500)
2026-07-19 11:55:52,532 [INFO] 交易日历: 333 天 (20250306~20260717)
2026-07-19 11:55:52,891 [INFO] [REG] daily(sample=500) 数据质量: 覆盖率 100% (498/500), 空值 2 (0%), 日期跨度 2024-11-21 00:00:00 ~ 20260717 (874 天)
2026-07-19 11:55:53,269 [INFO] WIN_RATE_V2 因子 · irs=0.482 vm20=0.334 reversal=0.013
2026-07-19 11:55:53,270 [INFO] master panel: 195314 行 (codes=498)
2026-07-19 11:55:53,342 [INFO] 大盘过滤: 871 天 · 硬跳过 229 天 / 软跳过 288 天 (估算自 500 主板采样)
2026-07-19 11:56:02,160 [INFO] 索引完成: 498 codes × 874 dates, 板块均值 0 条目
2026-07-19 11:56:02,191 [INFO]   1年: 6套 794 笔, skipped={'no_pick': 1, 'no_t1': 0, 'no_panel': 0, 'breadth_low': 55, 'breadth_soft_no_hot': 2, 'index_late_down': 0, 'sector_late_down': 0, 'tail_vol_low': 0, 'vwap_below': 0, 'vwap_strict_uncovered': 0}
2026-07-19 11:56:02,193 [INFO] [回测 v4] 汇总开始 · 6套=794 累计t=9.7s
2026-07-19 11:56:02,194 [INFO] [回测 v4] 6套统计完 · t=9.7s
2026-07-19 11:56:02,200 [INFO] [回测 v4] 月度完 · 13月 · t=9.7s
2026-07-19 11:56:02,200 [INFO] [回测 v4] 退出原因完 · t=9.7s
2026-07-19 11:56:04,299 [INFO] [sector_breakdown] 耗时 2.1s, 794 笔
2026-07-19 11:56:04,302 [INFO] [回测 v4] 板块完 · 7 · t=11.8s
2026-07-19 11:56:04,302 [INFO] [回测 v4] 总评完 · t=11.8s
2026-07-19 11:56:04,302 [INFO] equity_curve 采样 794 点 (step=1)
2026-07-19 11:56:04,302 [INFO] 回测 v4 完成: 6套 794 笔 · 11.78s · trail_80 胜率 75.06%
2026-07-19 11:56:04,302 [INFO] actual_10 跳过 (用户未开启) · t=11.8s
[11:56:04] [113/1000] 500_2_1_h2000_s3000_top8_inf5_lhd0.7…
2026-07-19 11:56:04,632 [INFO] 全量 2999 只, 主板 500 只 (采样 500)
2026-07-19 11:56:04,636 [INFO] 交易日历: 333 天 (20250306~20260717)
2026-07-19 11:56:04,944 [INFO] [REG] daily(sample=500) 数据质量: 覆盖率 100% (498/500), 空值 2 (0%), 日期跨度 2024-11-21 00:00:00 ~ 20260717 (874 天)
2026-07-19 11:56:05,327 [INFO] WIN_RATE_V2 因子 · irs=0.482 vm20=0.334 reversal=0.013
2026-07-19 11:56:05,328 [INFO] master panel: 195314 行 (codes=498)
2026-07-19 11:56:05,463 [INFO] 大盘过滤: 871 天 · 硬跳过 314 天 / 软跳过 203 天 (估算自 500 主板采样)
2026-07-19 11:56:06,688 [INFO] 板块映射: 500 只 (其中无板块 0 只)
2026-07-19 11:56:15,903 [INFO] 索引完成: 498 codes × 874 dates, 板块均值 3883 条目
2026-07-19 11:56:15,927 [INFO]   1年: 6套 310 笔, skipped={'no_pick': 2, 'no_t1': 0, 'no_panel': 0, 'breadth_low': 85, 'breadth_soft_no_hot': 2, 'index_late_down': 0, 'sector_late_down': 0, 'tail_vol_low': 0, 'vwap_below': 0, 'vwap_strict_uncovered': 0}
2026-07-19 11:56:15,928 [INFO] [回测 v4] 汇总开始 · 6套=310 累计t=11.3s
2026-07-19 11:56:15,928 [INFO] [回测 v4] 6套统计完 · t=11.3s
2026-07-19 11:56:15,934 [INFO] [回测 v4] 月度完 · 13月 · t=11.3s
2026-07-19 11:56:15,934 [INFO] [回测 v4] 退出原因完 · t=11.3s
2026-07-19 11:56:16,832 [INFO] [sector_breakdown] 耗时 0.9s, 310 笔
2026-07-19 11:56:16,834 [INFO] [回测 v4] 板块完 · 7 · t=12.2s
2026-07-19 11:56:16,834 [INFO] [回测 v4] 总评完 · t=12.2s
2026-07-19 11:56:16,834 [INFO] 回测 v4 完成: 6套 310 笔 · 12.2s · trail_80 胜率 72.26%
2026-07-19 11:56:16,834 [INFO] actual_10 跳过 (用户未开启) · t=12.2s
[11:56:17] [114/1000] 500_2_2_inf3_lhd0.7…
2026-07-19 11:56:17,153 [INFO] 全量 2999 只, 主板 500 只 (采样 500)
2026-07-19 11:56:17,157 [INFO] 交易日历: 333 天 (20250306~20260717)
2026-07-19 11:56:17,439 [INFO] [REG] daily(sample=500) 数据质量: 覆盖率 100% (498/500), 空值 2 (0%), 日期跨度 2024-11-21 00:00:00 ~ 20260717 (874 天)
2026-07-19 11:56:17,835 [INFO] WIN_RATE_V2 因子 · irs=0.482 vm20=0.334 reversal=0.013
2026-07-19 11:56:17,836 [INFO] master panel: 195314 行 (codes=498)
2026-07-19 11:56:19,307 [INFO] 板块映射: 500 只 (其中无板块 0 只)
2026-07-19 11:56:28,362 [INFO] 索引完成: 498 codes × 874 dates, 板块均值 3883 条目
2026-07-19 11:56:28,395 [INFO]   1年: 6套 368 笔, skipped={'no_pick': 45, 'no_t1': 0, 'no_panel': 0, 'breadth_low': 0, 'breadth_soft_no_hot': 0, 'index_late_down': 0, 'sector_late_down': 0, 'tail_vol_low': 0, 'vwap_below': 0, 'vwap_strict_uncovered': 0}
2026-07-19 11:56:28,396 [INFO] [回测 v4] 汇总开始 · 6套=368 累计t=11.2s
2026-07-19 11:56:28,396 [INFO] [回测 v4] 6套统计完 · t=11.2s
2026-07-19 11:56:28,403 [INFO] [回测 v4] 月度完 · 13月 · t=11.3s
2026-07-19 11:56:28,403 [INFO] [回测 v4] 退出原因完 · t=11.3s
2026-07-19 11:56:29,545 [INFO] [sector_breakdown] 耗时 1.1s, 368 笔
2026-07-19 11:56:29,547 [INFO] [回测 v4] 板块完 · 7 · t=12.4s
2026-07-19 11:56:29,547 [INFO] [回测 v4] 总评完 · t=12.4s
2026-07-19 11:56:29,547 [INFO] 回测 v4 完成: 6套 368 笔 · 12.4s · trail_80 胜率 71.2%
2026-07-19 11:56:29,547 [INFO] actual_10 跳过 (用户未开启) · t=12.4s
[11:56:29] [115/1000] 500_5_3_h1500_s3000_top8_lhd0.7…
2026-07-19 11:56:29,871 [INFO] 全量 2999 只, 主板 500 只 (采样 500)
2026-07-19 11:56:29,874 [INFO] 交易日历: 333 天 (20250306~20260717)
2026-07-19 11:56:30,216 [INFO] [REG] daily(sample=500) 数据质量: 覆盖率 100% (498/500), 空值 2 (0%), 日期跨度 2024-11-21 00:00:00 ~ 20260717 (874 天)
2026-07-19 11:56:30,586 [INFO] WIN_RATE_V2 因子 · irs=0.482 vm20=0.334 reversal=0.013
2026-07-19 11:56:30,588 [INFO] master panel: 195314 行 (codes=498)
2026-07-19 11:56:30,656 [INFO] 大盘过滤: 871 天 · 硬跳过 229 天 / 软跳过 288 天 (估算自 500 主板采样)
2026-07-19 11:56:32,100 [INFO] 板块映射: 500 只 (其中无板块 0 只)
2026-07-19 11:56:41,037 [INFO] 索引完成: 498 codes × 874 dates, 板块均值 3883 条目
2026-07-19 11:56:41,069 [INFO]   1年: 6套 794 笔, skipped={'no_pick': 1, 'no_t1': 0, 'no_panel': 0, 'breadth_low': 55, 'breadth_soft_no_hot': 2, 'index_late_down': 0, 'sector_late_down': 0, 'tail_vol_low': 0, 'vwap_below': 0, 'vwap_strict_uncovered': 0}
2026-07-19 11:56:41,071 [INFO] [回测 v4] 汇总开始 · 6套=794 累计t=11.2s
2026-07-19 11:56:41,072 [INFO] [回测 v4] 6套统计完 · t=11.2s
2026-07-19 11:56:41,079 [INFO] [回测 v4] 月度完 · 13月 · t=11.2s
2026-07-19 11:56:41,079 [INFO] [回测 v4] 退出原因完 · t=11.2s
2026-07-19 11:56:43,385 [INFO] [sector_breakdown] 耗时 2.3s, 794 笔
2026-07-19 11:56:43,388 [INFO] [回测 v4] 板块完 · 7 · t=13.5s
2026-07-19 11:56:43,389 [INFO] [回测 v4] 总评完 · t=13.5s
2026-07-19 11:56:43,389 [INFO] equity_curve 采样 794 点 (step=1)
2026-07-19 11:56:43,389 [INFO] 回测 v4 完成: 6套 794 笔 · 13.52s · trail_80 胜率 75.06%
2026-07-19 11:56:43,389 [INFO] actual_10 跳过 (用户未开启) · t=13.5s
[11:56:43] [116/1000] 500_5_2_h1500_inf3_lhd0.5…
2026-07-19 11:56:43,702 [INFO] 全量 2999 只, 主板 500 只 (采样 500)
2026-07-19 11:56:43,705 [INFO] 交易日历: 333 天 (20250306~20260717)
2026-07-19 11:56:44,028 [INFO] [REG] daily(sample=500) 数据质量: 覆盖率 100% (498/500), 空值 2 (0%), 日期跨度 2024-11-21 00:00:00 ~ 20260717 (874 天)
2026-07-19 11:56:44,369 [INFO] WIN_RATE_V2 因子 · irs=0.482 vm20=0.334 reversal=0.013
2026-07-19 11:56:44,370 [INFO] master panel: 195314 行 (codes=498)
2026-07-19 11:56:44,437 [INFO] 大盘过滤: 871 天 · 硬跳过 229 天 / 软跳过 0 天 (估算自 500 主板采样)
2026-07-19 11:56:45,867 [INFO] 板块映射: 500 只 (其中无板块 0 只)
2026-07-19 11:56:54,847 [INFO] 索引完成: 498 codes × 874 dates, 板块均值 3883 条目
2026-07-19 11:56:54,879 [INFO]   1年: 6套 535 笔, skipped={'no_pick': 24, 'no_t1': 0, 'no_panel': 0, 'breadth_low': 55, 'breadth_soft_no_hot': 0, 'index_late_down': 0, 'sector_late_down': 0, 'tail_vol_low': 0, 'vwap_below': 0, 'vwap_strict_uncovered': 0}
2026-07-19 11:56:54,880 [INFO] [回测 v4] 汇总开始 · 6套=535 累计t=11.2s
2026-07-19 11:56:54,881 [INFO] [回测 v4] 6套统计完 · t=11.2s
2026-07-19 11:56:54,888 [INFO] [回测 v4] 月度完 · 13月 · t=11.2s
2026-07-19 11:56:54,888 [INFO] [回测 v4] 退出原因完 · t=11.2s
2026-07-19 11:56:56,340 [INFO] [sector_breakdown] 耗时 1.5s, 535 笔
2026-07-19 11:56:56,343 [INFO] [回测 v4] 板块完 · 7 · t=12.6s
2026-07-19 11:56:56,343 [INFO] [回测 v4] 总评完 · t=12.6s
2026-07-19 11:56:56,343 [INFO] equity_curve 采样 535 点 (step=1)
2026-07-19 11:56:56,343 [INFO] 回测 v4 完成: 6套 535 笔 · 12.64s · trail_80 胜率 73.27%
2026-07-19 11:56:56,343 [INFO] actual_10 跳过 (用户未开启) · t=12.6s
[11:56:56] [117/1000] 500_5_3_h1500_inf3…
2026-07-19 11:56:56,673 [INFO] 全量 2999 只, 主板 500 只 (采样 500)
2026-07-19 11:56:56,677 [INFO] 交易日历: 333 天 (20250306~20260717)
2026-07-19 11:56:57,006 [INFO] [REG] daily(sample=500) 数据质量: 覆盖率 100% (498/500), 空值 2 (0%), 日期跨度 2024-11-21 00:00:00 ~ 20260717 (874 天)
2026-07-19 11:56:57,349 [INFO] WIN_RATE_V2 因子 · irs=0.482 vm20=0.334 reversal=0.013
2026-07-19 11:56:57,350 [INFO] master panel: 195314 行 (codes=498)
2026-07-19 11:56:57,417 [INFO] 大盘过滤: 871 天 · 硬跳过 229 天 / 软跳过 0 天 (估算自 500 主板采样)
2026-07-19 11:56:58,676 [INFO] 板块映射: 500 只 (其中无板块 0 只)
2026-07-19 11:57:07,665 [INFO] 索引完成: 498 codes × 874 dates, 板块均值 3883 条目
2026-07-19 11:57:07,694 [INFO]   1年: 6套 535 笔, skipped={'no_pick': 24, 'no_t1': 0, 'no_panel': 0, 'breadth_low': 55, 'breadth_soft_no_hot': 0, 'index_late_down': 0, 'sector_late_down': 0, 'tail_vol_low': 0, 'vwap_below': 0, 'vwap_strict_uncovered': 0}
2026-07-19 11:57:07,696 [INFO] [回测 v4] 汇总开始 · 6套=535 累计t=11.0s
2026-07-19 11:57:07,696 [INFO] [回测 v4] 6套统计完 · t=11.0s
2026-07-19 11:57:07,703 [INFO] [回测 v4] 月度完 · 13月 · t=11.0s
2026-07-19 11:57:07,704 [INFO] [回测 v4] 退出原因完 · t=11.0s
2026-07-19 11:57:09,017 [INFO] [sector_breakdown] 耗时 1.3s, 535 笔
2026-07-19 11:57:09,020 [INFO] [回测 v4] 板块完 · 7 · t=12.3s
2026-07-19 11:57:09,021 [INFO] [回测 v4] 总评完 · t=12.3s
2026-07-19 11:57:09,021 [INFO] equity_curve 采样 535 点 (step=1)
2026-07-19 11:57:09,021 [INFO] 回测 v4 完成: 6套 535 笔 · 12.35s · trail_80 胜率 73.27%
2026-07-19 11:57:09,021 [INFO] actual_10 跳过 (用户未开启) · t=12.3s
[11:57:09] [118/1000] 500_4_3_h2000…
2026-07-19 11:57:09,352 [INFO] 全量 2999 只, 主板 500 只 (采样 500)
2026-07-19 11:57:09,356 [INFO] 交易日历: 333 天 (20250306~20260717)
2026-07-19 11:57:09,687 [INFO] [REG] daily(sample=500) 数据质量: 覆盖率 100% (498/500), 空值 2 (0%), 日期跨度 2024-11-21 00:00:00 ~ 20260717 (874 天)
2026-07-19 11:57:10,031 [INFO] WIN_RATE_V2 因子 · irs=0.482 vm20=0.334 reversal=0.013
2026-07-19 11:57:10,032 [INFO] master panel: 195314 行 (codes=498)
2026-07-19 11:57:10,102 [INFO] 大盘过滤: 871 天 · 硬跳过 314 天 / 软跳过 0 天 (估算自 500 主板采样)
2026-07-19 11:57:18,728 [INFO] 索引完成: 498 codes × 874 dates, 板块均值 0 条目
2026-07-19 11:57:18,755 [INFO]   1年: 6套 587 笔, skipped={'no_pick': 1, 'no_t1': 0, 'no_panel': 0, 'breadth_low': 85, 'breadth_soft_no_hot': 0, 'index_late_down': 0, 'sector_late_down': 0, 'tail_vol_low': 0, 'vwap_below': 0, 'vwap_strict_uncovered': 0}
2026-07-19 11:57:18,757 [INFO] [回测 v4] 汇总开始 · 6套=587 累计t=9.4s
2026-07-19 11:57:18,758 [INFO] [回测 v4] 6套统计完 · t=9.4s
2026-07-19 11:57:18,764 [INFO] [回测 v4] 月度完 · 13月 · t=9.4s
2026-07-19 11:57:18,765 [INFO] [回测 v4] 退出原因完 · t=9.4s
2026-07-19 11:57:20,227 [INFO] [sector_breakdown] 耗时 1.5s, 587 笔
2026-07-19 11:57:20,230 [INFO] [回测 v4] 板块完 · 7 · t=10.9s
2026-07-19 11:57:20,230 [INFO] [回测 v4] 总评完 · t=10.9s
2026-07-19 11:57:20,230 [INFO] equity_curve 采样 587 点 (step=1)
2026-07-19 11:57:20,230 [INFO] 回测 v4 完成: 6套 587 笔 · 10.88s · trail_80 胜率 74.96%
2026-07-19 11:57:20,230 [INFO] actual_10 跳过 (用户未开启) · t=10.9s
[11:57:20] [119/1000] 500_5_3_h1500_s3000_top3_inf5_lhd0.7…
2026-07-19 11:57:20,531 [INFO] 全量 2999 只, 主板 500 只 (采样 500)
2026-07-19 11:57:20,535 [INFO] 交易日历: 333 天 (20250306~20260717)
2026-07-19 11:57:20,820 [INFO] [REG] daily(sample=500) 数据质量: 覆盖率 100% (498/500), 空值 2 (0%), 日期跨度 2024-11-21 00:00:00 ~ 20260717 (874 天)
2026-07-19 11:57:21,172 [INFO] WIN_RATE_V2 因子 · irs=0.482 vm20=0.334 reversal=0.013
2026-07-19 11:57:21,173 [INFO] master panel: 195314 行 (codes=498)
2026-07-19 11:57:21,250 [INFO] 大盘过滤: 871 天 · 硬跳过 229 天 / 软跳过 288 天 (估算自 500 主板采样)
2026-07-19 11:57:22,516 [INFO] 板块映射: 500 只 (其中无板块 0 只)
2026-07-19 11:57:31,792 [INFO] 索引完成: 498 codes × 874 dates, 板块均值 3883 条目
2026-07-19 11:57:31,821 [INFO]   1年: 6套 565 笔, skipped={'no_pick': 2, 'no_t1': 0, 'no_panel': 0, 'breadth_low': 55, 'breadth_soft_no_hot': 19, 'index_late_down': 0, 'sector_late_down': 0, 'tail_vol_low': 0, 'vwap_below': 0, 'vwap_strict_uncovered': 0}
2026-07-19 11:57:31,822 [INFO] [回测 v4] 汇总开始 · 6套=565 累计t=11.3s
2026-07-19 11:57:31,823 [INFO] [回测 v4] 6套统计完 · t=11.3s
2026-07-19 11:57:31,830 [INFO] [回测 v4] 月度完 · 13月 · t=11.3s
2026-07-19 11:57:31,830 [INFO] [回测 v4] 退出原因完 · t=11.3s
2026-07-19 11:57:33,201 [INFO] [sector_breakdown] 耗时 1.4s, 565 笔
2026-07-19 11:57:33,204 [INFO] [回测 v4] 板块完 · 7 · t=12.7s
2026-07-19 11:57:33,204 [INFO] [回测 v4] 总评完 · t=12.7s
2026-07-19 11:57:33,204 [INFO] equity_curve 采样 565 点 (step=1)
2026-07-19 11:57:33,205 [INFO] 回测 v4 完成: 6套 565 笔 · 12.68s · trail_80 胜率 74.34%
2026-07-19 11:57:33,205 [INFO] actual_10 跳过 (用户未开启) · t=12.7s
[11:57:33] [120/1000] 500_4_1_h2000_s3000_top3_inf5_lhd0.7…
2026-07-19 11:57:33,522 [INFO] 全量 2999 只, 主板 500 只 (采样 500)
2026-07-19 11:57:33,526 [INFO] 交易日历: 333 天 (20250306~20260717)
2026-07-19 11:57:33,858 [INFO] [REG] daily(sample=500) 数据质量: 覆盖率 100% (498/500), 空值 2 (0%), 日期跨度 2024-11-21 00:00:00 ~ 20260717 (874 天)
2026-07-19 11:57:34,155 [INFO] WIN_RATE_V2 因子 · irs=0.482 vm20=0.334 reversal=0.013
2026-07-19 11:57:34,156 [INFO] master panel: 195314 行 (codes=498)
2026-07-19 11:57:34,273 [INFO] 大盘过滤: 871 天 · 硬跳过 314 天 / 软跳过 203 天 (估算自 500 主板采样)
2026-07-19 11:57:35,454 [INFO] 板块映射: 500 只 (其中无板块 0 只)
2026-07-19 11:57:44,825 [INFO] 索引完成: 498 codes × 874 dates, 板块均值 3883 条目
2026-07-19 11:57:44,850 [INFO]   1年: 6套 455 笔, skipped={'no_pick': 2, 'no_t1': 0, 'no_panel': 0, 'breadth_low': 85, 'breadth_soft_no_hot': 13, 'index_late_down': 0, 'sector_late_down': 0, 'tail_vol_low': 0, 'vwap_below': 0, 'vwap_strict_uncovered': 0}
2026-07-19 11:57:44,851 [INFO] [回测 v4] 汇总开始 · 6套=455 累计t=11.3s
2026-07-19 11:57:44,852 [INFO] [回测 v4] 6套统计完 · t=11.3s
2026-07-19 11:57:44,858 [INFO] [回测 v4] 月度完 · 13月 · t=11.3s
2026-07-19 11:57:44,858 [INFO] [回测 v4] 退出原因完 · t=11.3s
2026-07-19 11:57:45,914 [INFO] [sector_breakdown] 耗时 1.1s, 455 笔
2026-07-19 11:57:45,916 [INFO] [回测 v4] 板块完 · 7 · t=12.4s
2026-07-19 11:57:45,916 [INFO] [回测 v4] 总评完 · t=12.4s
2026-07-19 11:57:45,917 [INFO] 回测 v4 完成: 6套 455 笔 · 12.4s · trail_80 胜率 72.97%
2026-07-19 11:57:45,917 [INFO] actual_10 跳过 (用户未开启) · t=12.4s
[11:57:46] [121/1000] 500_1_1_h2000_s3000_top5_inf5_lhd0.7…
2026-07-19 11:57:46,253 [INFO] 全量 2999 只, 主板 500 只 (采样 500)
2026-07-19 11:57:46,257 [INFO] 交易日历: 333 天 (20250306~20260717)
2026-07-19 11:57:46,606 [INFO] [REG] daily(sample=500) 数据质量: 覆盖率 100% (498/500), 空值 2 (0%), 日期跨度 2024-11-21 00:00:00 ~ 20260717 (874 天)
2026-07-19 11:57:46,962 [INFO] WIN_RATE_V2 因子 · irs=0.482 vm20=0.334 reversal=0.013
2026-07-19 11:57:46,963 [INFO] master panel: 195314 行 (codes=498)
2026-07-19 11:57:47,034 [INFO] 大盘过滤: 871 天 · 硬跳过 314 天 / 软跳过 203 天 (估算自 500 主板采样)
2026-07-19 11:57:48,211 [INFO] 板块映射: 500 只 (其中无板块 0 只)
2026-07-19 11:57:57,595 [INFO] 索引完成: 498 codes × 874 dates, 板块均值 3883 条目
2026-07-19 11:57:57,621 [INFO]   1年: 6套 160 笔, skipped={'no_pick': 2, 'no_t1': 0, 'no_panel': 0, 'breadth_low': 85, 'breadth_soft_no_hot': 3, 'index_late_down': 0, 'sector_late_down': 0, 'tail_vol_low': 0, 'vwap_below': 0, 'vwap_strict_uncovered': 0}
2026-07-19 11:57:57,622 [INFO] [回测 v4] 汇总开始 · 6套=160 累计t=11.4s
2026-07-19 11:57:57,623 [INFO] [回测 v4] 6套统计完 · t=11.4s
2026-07-19 11:57:57,629 [INFO] [回测 v4] 月度完 · 13月 · t=11.4s
2026-07-19 11:57:57,629 [INFO] [回测 v4] 退出原因完 · t=11.4s
2026-07-19 11:57:58,022 [INFO] [sector_breakdown] 耗时 0.4s, 160 笔
2026-07-19 11:57:58,024 [INFO] [回测 v4] 板块完 · 7 · t=11.8s
2026-07-19 11:57:58,024 [INFO] [回测 v4] 总评完 · t=11.8s
2026-07-19 11:57:58,024 [INFO] 回测 v4 完成: 6套 160 笔 · 11.77s · trail_80 胜率 70.62%
2026-07-19 11:57:58,024 [INFO] actual_10 跳过 (用户未开启) · t=11.8s
[11:57:58] [122/1000] 500_2_3_h1500_s3000_top5_inf5_lhd0.7…
2026-07-19 11:57:58,340 [INFO] 全量 2999 只, 主板 500 只 (采样 500)
2026-07-19 11:57:58,344 [INFO] 交易日历: 333 天 (20250306~20260717)
2026-07-19 11:57:58,711 [INFO] [REG] daily(sample=500) 数据质量: 覆盖率 100% (498/500), 空值 2 (0%), 日期跨度 2024-11-21 00:00:00 ~ 20260717 (874 天)
2026-07-19 11:57:59,100 [INFO] WIN_RATE_V2 因子 · irs=0.482 vm20=0.334 reversal=0.013
2026-07-19 11:57:59,102 [INFO] master panel: 195314 行 (codes=498)
2026-07-19 11:57:59,174 [INFO] 大盘过滤: 871 天 · 硬跳过 229 天 / 软跳过 288 天 (估算自 500 主板采样)
2026-07-19 11:58:00,412 [INFO] 板块映射: 500 只 (其中无板块 0 只)
2026-07-19 11:58:09,791 [INFO] 索引完成: 498 codes × 874 dates, 板块均值 3883 条目
2026-07-19 11:58:09,823 [INFO]   1年: 6套 352 笔, skipped={'no_pick': 2, 'no_t1': 0, 'no_panel': 0, 'breadth_low': 55, 'breadth_soft_no_hot': 6, 'index_late_down': 0, 'sector_late_down': 0, 'tail_vol_low': 0, 'vwap_below': 0, 'vwap_strict_uncovered': 0}
2026-07-19 11:58:09,824 [INFO] [回测 v4] 汇总开始 · 6套=352 累计t=11.5s
2026-07-19 11:58:09,824 [INFO] [回测 v4] 6套统计完 · t=11.5s
2026-07-19 11:58:09,832 [INFO] [回测 v4] 月度完 · 13月 · t=11.5s
2026-07-19 11:58:09,832 [INFO] [回测 v4] 退出原因完 · t=11.5s
2026-07-19 11:58:10,739 [INFO] [sector_breakdown] 耗时 0.9s, 352 笔
2026-07-19 11:58:10,741 [INFO] [回测 v4] 板块完 · 7 · t=12.4s
2026-07-19 11:58:10,742 [INFO] [回测 v4] 总评完 · t=12.4s
2026-07-19 11:58:10,742 [INFO] 回测 v4 完成: 6套 352 笔 · 12.4s · trail_80 胜率 72.73%
2026-07-19 11:58:10,742 [INFO] actual_10 跳过 (用户未开启) · t=12.4s
[11:58:11] [123/1000] 500_1_3_h1500_s3000_top3_lhd0.7…
2026-07-19 11:58:11,128 [INFO] 全量 2999 只, 主板 500 只 (采样 500)
2026-07-19 11:58:11,132 [INFO] 交易日历: 333 天 (20250306~20260717)
2026-07-19 11:58:11,533 [INFO] [REG] daily(sample=500) 数据质量: 覆盖率 100% (498/500), 空值 2 (0%), 日期跨度 2024-11-21 00:00:00 ~ 20260717 (874 天)
2026-07-19 11:58:11,943 [INFO] WIN_RATE_V2 因子 · irs=0.482 vm20=0.334 reversal=0.013
2026-07-19 11:58:11,945 [INFO] master panel: 195314 行 (codes=498)
2026-07-19 11:58:12,017 [INFO] 大盘过滤: 871 天 · 硬跳过 229 天 / 软跳过 288 天 (估算自 500 主板采样)
2026-07-19 11:58:13,289 [INFO] 板块映射: 500 只 (其中无板块 0 只)
2026-07-19 11:58:22,553 [INFO] 索引完成: 498 codes × 874 dates, 板块均值 3883 条目
2026-07-19 11:58:22,581 [INFO]   1年: 6套 183 笔, skipped={'no_pick': 1, 'no_t1': 0, 'no_panel': 0, 'breadth_low': 55, 'breadth_soft_no_hot': 11, 'index_late_down': 0, 'sector_late_down': 0, 'tail_vol_low': 0, 'vwap_below': 0, 'vwap_strict_uncovered': 0}
2026-07-19 11:58:22,582 [INFO] [回测 v4] 汇总开始 · 6套=183 累计t=11.5s
2026-07-19 11:58:22,583 [INFO] [回测 v4] 6套统计完 · t=11.5s
2026-07-19 11:58:22,589 [INFO] [回测 v4] 月度完 · 13月 · t=11.5s
2026-07-19 11:58:22,589 [INFO] [回测 v4] 退出原因完 · t=11.5s
2026-07-19 11:58:23,060 [INFO] [sector_breakdown] 耗时 0.5s, 183 笔
2026-07-19 11:58:23,063 [INFO] [回测 v4] 板块完 · 7 · t=11.9s
2026-07-19 11:58:23,063 [INFO] [回测 v4] 总评完 · t=11.9s
2026-07-19 11:58:23,063 [INFO] 回测 v4 完成: 6套 183 笔 · 11.94s · trail_80 胜率 75.96%
2026-07-19 11:58:23,063 [INFO] actual_10 跳过 (用户未开启) · t=11.9s
[11:58:23] [124/1000] 500_2_3_h2000_s3000_top8_inf5_lhd0.7…
2026-07-19 11:58:23,394 [INFO] 全量 2999 只, 主板 500 只 (采样 500)
2026-07-19 11:58:23,398 [INFO] 交易日历: 333 天 (20250306~20260717)
2026-07-19 11:58:23,798 [INFO] [REG] daily(sample=500) 数据质量: 覆盖率 100% (498/500), 空值 2 (0%), 日期跨度 2024-11-21 00:00:00 ~ 20260717 (874 天)
2026-07-19 11:58:24,157 [INFO] WIN_RATE_V2 因子 · irs=0.482 vm20=0.334 reversal=0.013
2026-07-19 11:58:24,159 [INFO] master panel: 195314 行 (codes=498)
2026-07-19 11:58:24,231 [INFO] 大盘过滤: 871 天 · 硬跳过 314 天 / 软跳过 203 天 (估算自 500 主板采样)
2026-07-19 11:58:25,515 [INFO] 板块映射: 500 只 (其中无板块 0 只)
2026-07-19 11:58:34,906 [INFO] 索引完成: 498 codes × 874 dates, 板块均值 3883 条目
2026-07-19 11:58:34,930 [INFO]   1年: 6套 310 笔, skipped={'no_pick': 2, 'no_t1': 0, 'no_panel': 0, 'breadth_low': 85, 'breadth_soft_no_hot': 2, 'index_late_down': 0, 'sector_late_down': 0, 'tail_vol_low': 0, 'vwap_below': 0, 'vwap_strict_uncovered': 0}
2026-07-19 11:58:34,931 [INFO] [回测 v4] 汇总开始 · 6套=310 累计t=11.5s
2026-07-19 11:58:34,932 [INFO] [回测 v4] 6套统计完 · t=11.5s
2026-07-19 11:58:34,938 [INFO] [回测 v4] 月度完 · 13月 · t=11.5s
2026-07-19 11:58:34,938 [INFO] [回测 v4] 退出原因完 · t=11.5s
2026-07-19 11:58:35,749 [INFO] [sector_breakdown] 耗时 0.8s, 310 笔
2026-07-19 11:58:35,751 [INFO] [回测 v4] 板块完 · 7 · t=12.4s
2026-07-19 11:58:35,752 [INFO] [回测 v4] 总评完 · t=12.4s
2026-07-19 11:58:35,752 [INFO] 回测 v4 完成: 6套 310 笔 · 12.36s · trail_80 胜率 72.26%
2026-07-19 11:58:35,752 [INFO] actual_10 跳过 (用户未开启) · t=12.4s
[11:58:36] [125/1000] 500_4_1_h1500_s3000_inf5_lhd0.7…
2026-07-19 11:58:36,084 [INFO] 全量 2999 只, 主板 500 只 (采样 500)
2026-07-19 11:58:36,088 [INFO] 交易日历: 333 天 (20250306~20260717)
2026-07-19 11:58:36,437 [INFO] [REG] daily(sample=500) 数据质量: 覆盖率 100% (498/500), 空值 2 (0%), 日期跨度 2024-11-21 00:00:00 ~ 20260717 (874 天)
2026-07-19 11:58:36,797 [INFO] WIN_RATE_V2 因子 · irs=0.482 vm20=0.334 reversal=0.013
2026-07-19 11:58:36,798 [INFO] master panel: 195314 行 (codes=498)
2026-07-19 11:58:36,869 [INFO] 大盘过滤: 871 天 · 硬跳过 229 天 / 软跳过 288 天 (估算自 500 主板采样)
2026-07-19 11:58:38,204 [INFO] 板块映射: 500 只 (其中无板块 0 只)
2026-07-19 11:58:47,374 [INFO] 索引完成: 498 codes × 874 dates, 板块均值 3883 条目
2026-07-19 11:58:47,405 [INFO]   1年: 6套 604 笔, skipped={'no_pick': 2, 'no_t1': 0, 'no_panel': 0, 'breadth_low': 55, 'breadth_soft_no_hot': 5, 'index_late_down': 0, 'sector_late_down': 0, 'tail_vol_low': 0, 'vwap_below': 0, 'vwap_strict_uncovered': 0}
2026-07-19 11:58:47,407 [INFO] [回测 v4] 汇总开始 · 6套=604 累计t=11.3s
2026-07-19 11:58:47,408 [INFO] [回测 v4] 6套统计完 · t=11.3s
2026-07-19 11:58:47,415 [INFO] [回测 v4] 月度完 · 13月 · t=11.3s
2026-07-19 11:58:47,415 [INFO] [回测 v4] 退出原因完 · t=11.3s
2026-07-19 11:58:49,045 [INFO] [sector_breakdown] 耗时 1.6s, 604 笔
2026-07-19 11:58:49,050 [INFO] [回测 v4] 板块完 · 7 · t=13.0s
2026-07-19 11:58:49,051 [INFO] [回测 v4] 总评完 · t=13.0s
2026-07-19 11:58:49,051 [INFO] equity_curve 采样 604 点 (step=1)
2026-07-19 11:58:49,051 [INFO] 回测 v4 完成: 6套 604 笔 · 12.97s · trail_80 胜率 73.34%
2026-07-19 11:58:49,051 [INFO] actual_10 跳过 (用户未开启) · t=13.0s
[11:58:49] [126/1000] 500_2_3_h1500_s3000_top3_lhd0.7…
2026-07-19 11:58:49,412 [INFO] 全量 2999 只, 主板 500 只 (采样 500)
2026-07-19 11:58:49,416 [INFO] 交易日历: 333 天 (20250306~20260717)
2026-07-19 11:58:49,826 [INFO] [REG] daily(sample=500) 数据质量: 覆盖率 100% (498/500), 空值 2 (0%), 日期跨度 2024-11-21 00:00:00 ~ 20260717 (874 天)
2026-07-19 11:58:50,217 [INFO] WIN_RATE_V2 因子 · irs=0.482 vm20=0.334 reversal=0.013
2026-07-19 11:58:50,218 [INFO] master panel: 195314 行 (codes=498)
2026-07-19 11:58:50,288 [INFO] 大盘过滤: 871 天 · 硬跳过 229 天 / 软跳过 288 天 (估算自 500 主板采样)
2026-07-19 11:58:51,724 [INFO] 板块映射: 500 只 (其中无板块 0 只)
2026-07-19 11:59:00,810 [INFO] 索引完成: 498 codes × 874 dates, 板块均值 3883 条目
2026-07-19 11:59:00,838 [INFO]   1年: 6套 344 笔, skipped={'no_pick': 1, 'no_t1': 0, 'no_panel': 0, 'breadth_low': 55, 'breadth_soft_no_hot': 11, 'index_late_down': 0, 'sector_late_down': 0, 'tail_vol_low': 0, 'vwap_below': 0, 'vwap_strict_uncovered': 0}
2026-07-19 11:59:00,839 [INFO] [回测 v4] 汇总开始 · 6套=344 累计t=11.4s
2026-07-19 11:59:00,840 [INFO] [回测 v4] 6套统计完 · t=11.4s
2026-07-19 11:59:00,846 [INFO] [回测 v4] 月度完 · 13月 · t=11.4s
2026-07-19 11:59:00,846 [INFO] [回测 v4] 退出原因完 · t=11.4s
2026-07-19 11:59:01,779 [INFO] [sector_breakdown] 耗时 0.9s, 344 笔
2026-07-19 11:59:01,781 [INFO] [回测 v4] 板块完 · 7 · t=12.4s
2026-07-19 11:59:01,782 [INFO] [回测 v4] 总评完 · t=12.4s
2026-07-19 11:59:01,782 [INFO] 回测 v4 完成: 6套 344 笔 · 12.37s · trail_80 胜率 75.87%
2026-07-19 11:59:01,782 [INFO] actual_10 跳过 (用户未开启) · t=12.4s
[11:59:02] [127/1000] 500_5_2_h1500_s3000_top8_lhd0.5…
2026-07-19 11:59:02,105 [INFO] 全量 2999 只, 主板 500 只 (采样 500)
2026-07-19 11:59:02,110 [INFO] 交易日历: 333 天 (20250306~20260717)
2026-07-19 11:59:02,471 [INFO] [REG] daily(sample=500) 数据质量: 覆盖率 100% (498/500), 空值 2 (0%), 日期跨度 2024-11-21 00:00:00 ~ 20260717 (874 天)
2026-07-19 11:59:02,833 [INFO] WIN_RATE_V2 因子 · irs=0.482 vm20=0.334 reversal=0.013
2026-07-19 11:59:02,834 [INFO] master panel: 195314 行 (codes=498)
2026-07-19 11:59:02,904 [INFO] 大盘过滤: 871 天 · 硬跳过 229 天 / 软跳过 288 天 (估算自 500 主板采样)
2026-07-19 11:59:04,247 [INFO] 板块映射: 500 只 (其中无板块 0 只)
2026-07-19 11:59:13,244 [INFO] 索引完成: 498 codes × 874 dates, 板块均值 3883 条目
2026-07-19 11:59:13,275 [INFO]   1年: 6套 794 笔, skipped={'no_pick': 1, 'no_t1': 0, 'no_panel': 0, 'breadth_low': 55, 'breadth_soft_no_hot': 2, 'index_late_down': 0, 'sector_late_down': 0, 'tail_vol_low': 0, 'vwap_below': 0, 'vwap_strict_uncovered': 0}
2026-07-19 11:59:13,277 [INFO] [回测 v4] 汇总开始 · 6套=794 累计t=11.2s
2026-07-19 11:59:13,278 [INFO] [回测 v4] 6套统计完 · t=11.2s
2026-07-19 11:59:13,284 [INFO] [回测 v4] 月度完 · 13月 · t=11.2s
2026-07-19 11:59:13,284 [INFO] [回测 v4] 退出原因完 · t=11.2s
2026-07-19 11:59:15,363 [INFO] [sector_breakdown] 耗时 2.1s, 794 笔
2026-07-19 11:59:15,367 [INFO] [回测 v4] 板块完 · 7 · t=13.3s
2026-07-19 11:59:15,367 [INFO] [回测 v4] 总评完 · t=13.3s
2026-07-19 11:59:15,367 [INFO] equity_curve 采样 794 点 (step=1)
2026-07-19 11:59:15,367 [INFO] 回测 v4 完成: 6套 794 笔 · 13.26s · trail_80 胜率 75.06%
2026-07-19 11:59:15,367 [INFO] actual_10 跳过 (用户未开启) · t=13.3s
[11:59:15] [128/1000] 500_5_3_h1500_lhd0.5…
2026-07-19 11:59:15,682 [INFO] 全量 2999 只, 主板 500 只 (采样 500)
2026-07-19 11:59:15,685 [INFO] 交易日历: 333 天 (20250306~20260717)
2026-07-19 11:59:16,020 [INFO] [REG] daily(sample=500) 数据质量: 覆盖率 100% (498/500), 空值 2 (0%), 日期跨度 2024-11-21 00:00:00 ~ 20260717 (874 天)
2026-07-19 11:59:16,375 [INFO] WIN_RATE_V2 因子 · irs=0.482 vm20=0.334 reversal=0.013
2026-07-19 11:59:16,376 [INFO] master panel: 195314 行 (codes=498)
2026-07-19 11:59:16,444 [INFO] 大盘过滤: 871 天 · 硬跳过 229 天 / 软跳过 0 天 (估算自 500 主板采样)
2026-07-19 11:59:25,068 [INFO] 索引完成: 498 codes × 874 dates, 板块均值 0 条目
2026-07-19 11:59:25,100 [INFO]   1年: 6套 794 笔, skipped={'no_pick': 3, 'no_t1': 0, 'no_panel': 0, 'breadth_low': 55, 'breadth_soft_no_hot': 0, 'index_late_down': 0, 'sector_late_down': 0, 'tail_vol_low': 0, 'vwap_below': 0, 'vwap_strict_uncovered': 0}
2026-07-19 11:59:25,102 [INFO] [回测 v4] 汇总开始 · 6套=794 累计t=9.4s
2026-07-19 11:59:25,103 [INFO] [回测 v4] 6套统计完 · t=9.4s
2026-07-19 11:59:25,110 [INFO] [回测 v4] 月度完 · 13月 · t=9.4s
2026-07-19 11:59:25,110 [INFO] [回测 v4] 退出原因完 · t=9.4s
2026-07-19 11:59:27,240 [INFO] [sector_breakdown] 耗时 2.1s, 794 笔
2026-07-19 11:59:27,243 [INFO] [回测 v4] 板块完 · 7 · t=11.6s
2026-07-19 11:59:27,243 [INFO] [回测 v4] 总评完 · t=11.6s
2026-07-19 11:59:27,243 [INFO] equity_curve 采样 794 点 (step=1)
2026-07-19 11:59:27,243 [INFO] 回测 v4 完成: 6套 794 笔 · 11.56s · trail_80 胜率 75.06%
2026-07-19 11:59:27,243 [INFO] actual_10 跳过 (用户未开启) · t=11.6s
[11:59:27] [129/1000] 500_5_3_h1500_s3000_top5_inf3_lhd0.5…
2026-07-19 11:59:27,550 [INFO] 全量 2999 只, 主板 500 只 (采样 500)
2026-07-19 11:59:27,554 [INFO] 交易日历: 333 天 (20250306~20260717)
2026-07-19 11:59:27,838 [INFO] [REG] daily(sample=500) 数据质量: 覆盖率 100% (498/500), 空值 2 (0%), 日期跨度 2024-11-21 00:00:00 ~ 20260717 (874 天)
2026-07-19 11:59:28,221 [INFO] WIN_RATE_V2 因子 · irs=0.482 vm20=0.334 reversal=0.013
2026-07-19 11:59:28,223 [INFO] master panel: 195314 行 (codes=498)
2026-07-19 11:59:28,298 [INFO] 大盘过滤: 871 天 · 硬跳过 229 天 / 软跳过 288 天 (估算自 500 主板采样)
2026-07-19 11:59:29,516 [INFO] 板块映射: 500 只 (其中无板块 0 只)
2026-07-19 11:59:38,897 [INFO] 索引完成: 498 codes × 874 dates, 板块均值 3883 条目
2026-07-19 11:59:38,926 [INFO]   1年: 6套 510 笔, skipped={'no_pick': 12, 'no_t1': 0, 'no_panel': 0, 'breadth_low': 55, 'breadth_soft_no_hot': 16, 'index_late_down': 0, 'sector_late_down': 0, 'tail_vol_low': 0, 'vwap_below': 0, 'vwap_strict_uncovered': 0}
2026-07-19 11:59:38,927 [INFO] [回测 v4] 汇总开始 · 6套=510 累计t=11.4s
2026-07-19 11:59:38,928 [INFO] [回测 v4] 6套统计完 · t=11.4s
2026-07-19 11:59:38,934 [INFO] [回测 v4] 月度完 · 13月 · t=11.4s
2026-07-19 11:59:38,934 [INFO] [回测 v4] 退出原因完 · t=11.4s
2026-07-19 11:59:40,194 [INFO] [sector_breakdown] 耗时 1.3s, 510 笔
2026-07-19 11:59:40,196 [INFO] [回测 v4] 板块完 · 7 · t=12.6s
2026-07-19 11:59:40,197 [INFO] [回测 v4] 总评完 · t=12.6s
2026-07-19 11:59:40,197 [INFO] equity_curve 采样 510 点 (step=1)
2026-07-19 11:59:40,197 [INFO] 回测 v4 完成: 6套 510 笔 · 12.65s · trail_80 胜率 73.73%
2026-07-19 11:59:40,197 [INFO] actual_10 跳过 (用户未开启) · t=12.6s
[11:59:40] [130/1000] 500_5_1_h1500_s3000_top5_inf5_lhd0.7…
2026-07-19 11:59:40,515 [INFO] 全量 2999 只, 主板 500 只 (采样 500)
2026-07-19 11:59:40,518 [INFO] 交易日历: 333 天 (20250306~20260717)
2026-07-19 11:59:40,804 [INFO] [REG] daily(sample=500) 数据质量: 覆盖率 100% (498/500), 空值 2 (0%), 日期跨度 2024-11-21 00:00:00 ~ 20260717 (874 天)
2026-07-19 11:59:41,172 [INFO] WIN_RATE_V2 因子 · irs=0.482 vm20=0.334 reversal=0.013
2026-07-19 11:59:41,173 [INFO] master panel: 195314 行 (codes=498)
2026-07-19 11:59:41,324 [INFO] 大盘过滤: 871 天 · 硬跳过 229 天 / 软跳过 288 天 (估算自 500 主板采样)
2026-07-19 11:59:42,525 [INFO] 板块映射: 500 只 (其中无板块 0 只)
2026-07-19 11:59:51,909 [INFO] 索引完成: 498 codes × 874 dates, 板块均值 3883 条目
2026-07-19 11:59:51,938 [INFO]   1年: 6套 660 笔, skipped={'no_pick': 2, 'no_t1': 0, 'no_panel': 0, 'breadth_low': 55, 'breadth_soft_no_hot': 6, 'index_late_down': 0, 'sector_late_down': 0, 'tail_vol_low': 0, 'vwap_below': 0, 'vwap_strict_uncovered': 0}
2026-07-19 11:59:51,939 [INFO] [回测 v4] 汇总开始 · 6套=660 累计t=11.4s
2026-07-19 11:59:51,940 [INFO] [回测 v4] 6套统计完 · t=11.4s
2026-07-19 11:59:51,946 [INFO] [回测 v4] 月度完 · 13月 · t=11.4s
2026-07-19 11:59:51,947 [INFO] [回测 v4] 退出原因完 · t=11.4s
2026-07-19 11:59:53,543 [INFO] [sector_breakdown] 耗时 1.6s, 660 笔
2026-07-19 11:59:53,545 [INFO] [回测 v4] 板块完 · 7 · t=13.0s
2026-07-19 11:59:53,546 [INFO] [回测 v4] 总评完 · t=13.0s
2026-07-19 11:59:53,546 [INFO] equity_curve 采样 660 点 (step=1)
2026-07-19 11:59:53,546 [INFO] 回测 v4 完成: 6套 660 笔 · 13.03s · trail_80 胜率 73.94%
2026-07-19 11:59:53,546 [INFO] actual_10 跳过 (用户未开启) · t=13.0s
[11:59:53] [131/1000] 500_2_1_h1500_s3000_top8…
2026-07-19 11:59:53,890 [INFO] 全量 2999 只, 主板 500 只 (采样 500)
2026-07-19 11:59:53,894 [INFO] 交易日历: 333 天 (20250306~20260717)
2026-07-19 11:59:54,237 [INFO] [REG] daily(sample=500) 数据质量: 覆盖率 100% (498/500), 空值 2 (0%), 日期跨度 2024-11-21 00:00:00 ~ 20260717 (874 天)
2026-07-19 11:59:54,600 [INFO] WIN_RATE_V2 因子 · irs=0.482 vm20=0.334 reversal=0.013
2026-07-19 11:59:54,602 [INFO] master panel: 195314 行 (codes=498)
2026-07-19 11:59:54,672 [INFO] 大盘过滤: 871 天 · 硬跳过 229 天 / 软跳过 288 天 (估算自 500 主板采样)
2026-07-19 11:59:55,915 [INFO] 板块映射: 500 只 (其中无板块 0 只)
2026-07-19 12:00:05,053 [INFO] 索引完成: 498 codes × 874 dates, 板块均值 3883 条目
2026-07-19 12:00:05,084 [INFO]   1年: 6套 376 笔, skipped={'no_pick': 1, 'no_t1': 0, 'no_panel': 0, 'breadth_low': 55, 'breadth_soft_no_hot': 2, 'index_late_down': 0, 'sector_late_down': 0, 'tail_vol_low': 0, 'vwap_below': 0, 'vwap_strict_uncovered': 0}
2026-07-19 12:00:05,085 [INFO] [回测 v4] 汇总开始 · 6套=376 累计t=11.2s
2026-07-19 12:00:05,086 [INFO] [回测 v4] 6套统计完 · t=11.2s
2026-07-19 12:00:05,092 [INFO] [回测 v4] 月度完 · 13月 · t=11.2s
2026-07-19 12:00:05,092 [INFO] [回测 v4] 退出原因完 · t=11.2s
2026-07-19 12:00:06,075 [INFO] [sector_breakdown] 耗时 1.0s, 376 笔
2026-07-19 12:00:06,078 [INFO] [回测 v4] 板块完 · 7 · t=12.2s
2026-07-19 12:00:06,079 [INFO] [回测 v4] 总评完 · t=12.2s
2026-07-19 12:00:06,079 [INFO] 回测 v4 完成: 6套 376 笔 · 12.19s · trail_80 胜率 73.4%
2026-07-19 12:00:06,079 [INFO] actual_10 跳过 (用户未开启) · t=12.2s
[12:00:06] [132/1000] 500_1_1_h1500_lhd0.5…
2026-07-19 12:00:06,415 [INFO] 全量 2999 只, 主板 500 只 (采样 500)
2026-07-19 12:00:06,420 [INFO] 交易日历: 333 天 (20250306~20260717)
2026-07-19 12:00:06,773 [INFO] [REG] daily(sample=500) 数据质量: 覆盖率 100% (498/500), 空值 2 (0%), 日期跨度 2024-11-21 00:00:00 ~ 20260717 (874 天)
2026-07-19 12:00:07,140 [INFO] WIN_RATE_V2 因子 · irs=0.482 vm20=0.334 reversal=0.013
2026-07-19 12:00:07,141 [INFO] master panel: 195314 行 (codes=498)
2026-07-19 12:00:07,212 [INFO] 大盘过滤: 871 天 · 硬跳过 229 天 / 软跳过 0 天 (估算自 500 主板采样)
2026-07-19 12:00:15,998 [INFO] 索引完成: 498 codes × 874 dates, 板块均值 0 条目
2026-07-19 12:00:16,027 [INFO]   1年: 6套 192 笔, skipped={'no_pick': 3, 'no_t1': 0, 'no_panel': 0, 'breadth_low': 55, 'breadth_soft_no_hot': 0, 'index_late_down': 0, 'sector_late_down': 0, 'tail_vol_low': 0, 'vwap_below': 0, 'vwap_strict_uncovered': 0}
2026-07-19 12:00:16,027 [INFO] [回测 v4] 汇总开始 · 6套=192 累计t=9.6s
2026-07-19 12:00:16,028 [INFO] [回测 v4] 6套统计完 · t=9.6s
2026-07-19 12:00:16,034 [INFO] [回测 v4] 月度完 · 13月 · t=9.6s
2026-07-19 12:00:16,034 [INFO] [回测 v4] 退出原因完 · t=9.6s
2026-07-19 12:00:16,516 [INFO] [sector_breakdown] 耗时 0.5s, 192 笔
2026-07-19 12:00:16,518 [INFO] [回测 v4] 板块完 · 7 · t=10.1s
2026-07-19 12:00:16,518 [INFO] [回测 v4] 总评完 · t=10.1s
2026-07-19 12:00:16,518 [INFO] 回测 v4 完成: 6套 192 笔 · 10.1s · trail_80 胜率 72.92%
2026-07-19 12:00:16,518 [INFO] actual_10 跳过 (用户未开启) · t=10.1s
[12:00:16] [133/1000] 500_2_1_h2000_s3000_top3_inf3…
2026-07-19 12:00:16,829 [INFO] 全量 2999 只, 主板 500 只 (采样 500)
2026-07-19 12:00:16,833 [INFO] 交易日历: 333 天 (20250306~20260717)
2026-07-19 12:00:17,202 [INFO] [REG] daily(sample=500) 数据质量: 覆盖率 100% (498/500), 空值 2 (0%), 日期跨度 2024-11-21 00:00:00 ~ 20260717 (874 天)
2026-07-19 12:00:17,531 [INFO] WIN_RATE_V2 因子 · irs=0.482 vm20=0.334 reversal=0.013
2026-07-19 12:00:17,533 [INFO] master panel: 195314 行 (codes=498)
2026-07-19 12:00:17,685 [INFO] 大盘过滤: 871 天 · 硬跳过 314 天 / 软跳过 203 天 (估算自 500 主板采样)
2026-07-19 12:00:19,172 [INFO] 板块映射: 500 只 (其中无板块 0 只)
2026-07-19 12:00:28,648 [INFO] 索引完成: 498 codes × 874 dates, 板块均值 3883 条目
2026-07-19 12:00:28,673 [INFO]   1年: 6套 233 笔, skipped={'no_pick': 12, 'no_t1': 0, 'no_panel': 0, 'breadth_low': 85, 'breadth_soft_no_hot': 21, 'index_late_down': 0, 'sector_late_down': 0, 'tail_vol_low': 0, 'vwap_below': 0, 'vwap_strict_uncovered': 0}
2026-07-19 12:00:28,674 [INFO] [回测 v4] 汇总开始 · 6套=233 累计t=11.8s
2026-07-19 12:00:28,675 [INFO] [回测 v4] 6套统计完 · t=11.8s
2026-07-19 12:00:28,681 [INFO] [回测 v4] 月度完 · 13月 · t=11.9s
2026-07-19 12:00:28,681 [INFO] [回测 v4] 退出原因完 · t=11.9s
2026-07-19 12:00:29,278 [INFO] [sector_breakdown] 耗时 0.6s, 233 笔
2026-07-19 12:00:29,281 [INFO] [回测 v4] 板块完 · 7 · t=12.5s
2026-07-19 12:00:29,281 [INFO] [回测 v4] 总评完 · t=12.5s
2026-07-19 12:00:29,281 [INFO] 回测 v4 完成: 6套 233 笔 · 12.45s · trail_80 胜率 71.67%
2026-07-19 12:00:29,281 [INFO] actual_10 跳过 (用户未开启) · t=12.5s
[12:00:29] [134/1000] 500_4_3_h2000_s3000_top5_inf3…
2026-07-19 12:00:29,609 [INFO] 全量 2999 只, 主板 500 只 (采样 500)
2026-07-19 12:00:29,613 [INFO] 交易日历: 333 天 (20250306~20260717)
2026-07-19 12:00:29,969 [INFO] [REG] daily(sample=500) 数据质量: 覆盖率 100% (498/500), 空值 2 (0%), 日期跨度 2024-11-21 00:00:00 ~ 20260717 (874 天)
2026-07-19 12:00:30,292 [INFO] WIN_RATE_V2 因子 · irs=0.482 vm20=0.334 reversal=0.013
2026-07-19 12:00:30,293 [INFO] master panel: 195314 行 (codes=498)
2026-07-19 12:00:30,417 [INFO] 大盘过滤: 871 天 · 硬跳过 314 天 / 软跳过 203 天 (估算自 500 主板采样)
2026-07-19 12:00:31,660 [INFO] 板块映射: 500 只 (其中无板块 0 只)
2026-07-19 12:00:41,384 [INFO] 索引完成: 498 codes × 874 dates, 板块均值 3883 条目
2026-07-19 12:00:41,412 [INFO]   1年: 6套 409 笔, skipped={'no_pick': 12, 'no_t1': 0, 'no_panel': 0, 'breadth_low': 85, 'breadth_soft_no_hot': 10, 'index_late_down': 0, 'sector_late_down': 0, 'tail_vol_low': 0, 'vwap_below': 0, 'vwap_strict_uncovered': 0}
2026-07-19 12:00:41,413 [INFO] [回测 v4] 汇总开始 · 6套=409 累计t=11.8s
2026-07-19 12:00:41,414 [INFO] [回测 v4] 6套统计完 · t=11.8s
2026-07-19 12:00:41,421 [INFO] [回测 v4] 月度完 · 13月 · t=11.8s
2026-07-19 12:00:41,421 [INFO] [回测 v4] 退出原因完 · t=11.8s
2026-07-19 12:00:42,504 [INFO] [sector_breakdown] 耗时 1.1s, 409 笔
2026-07-19 12:00:42,506 [INFO] [回测 v4] 板块完 · 7 · t=12.9s
2026-07-19 12:00:42,507 [INFO] [回测 v4] 总评完 · t=12.9s
2026-07-19 12:00:42,507 [INFO] 回测 v4 完成: 6套 409 笔 · 12.9s · trail_80 胜率 73.11%
2026-07-19 12:00:42,507 [INFO] actual_10 跳过 (用户未开启) · t=12.9s
[12:00:42] [135/1000] 500_1_3_h2000_s3000_inf3_lhd0.5…
2026-07-19 12:00:42,878 [INFO] 全量 2999 只, 主板 500 只 (采样 500)
2026-07-19 12:00:42,882 [INFO] 交易日历: 333 天 (20250306~20260717)
2026-07-19 12:00:43,266 [INFO] [REG] daily(sample=500) 数据质量: 覆盖率 100% (498/500), 空值 2 (0%), 日期跨度 2024-11-21 00:00:00 ~ 20260717 (874 天)
2026-07-19 12:00:43,636 [INFO] WIN_RATE_V2 因子 · irs=0.482 vm20=0.334 reversal=0.013
2026-07-19 12:00:43,637 [INFO] master panel: 195314 行 (codes=498)
2026-07-19 12:00:43,710 [INFO] 大盘过滤: 871 天 · 硬跳过 314 天 / 软跳过 203 天 (估算自 500 主板采样)
2026-07-19 12:00:45,107 [INFO] 板块映射: 500 只 (其中无板块 0 只)
2026-07-19 12:00:55,512 [INFO] 索引完成: 498 codes × 874 dates, 板块均值 3883 条目
2026-07-19 12:00:55,543 [INFO]   1年: 6套 147 笔, skipped={'no_pick': 12, 'no_t1': 0, 'no_panel': 0, 'breadth_low': 85, 'breadth_soft_no_hot': 6, 'index_late_down': 0, 'sector_late_down': 0, 'tail_vol_low': 0, 'vwap_below': 0, 'vwap_strict_uncovered': 0}
2026-07-19 12:00:55,544 [INFO] [回测 v4] 汇总开始 · 6套=147 累计t=12.7s
2026-07-19 12:00:55,545 [INFO] [回测 v4] 6套统计完 · t=12.7s
2026-07-19 12:00:55,552 [INFO] [回测 v4] 月度完 · 13月 · t=12.7s
2026-07-19 12:00:55,552 [INFO] [回测 v4] 退出原因完 · t=12.7s
2026-07-19 12:00:55,954 [INFO] [sector_breakdown] 耗时 0.4s, 147 笔
2026-07-19 12:00:55,956 [INFO] [回测 v4] 板块完 · 7 · t=13.1s
2026-07-19 12:00:55,956 [INFO] [回测 v4] 总评完 · t=13.1s
2026-07-19 12:00:55,956 [INFO] 回测 v4 完成: 6套 147 笔 · 13.08s · trail_80 胜率 70.75%
2026-07-19 12:00:55,956 [INFO] actual_10 跳过 (用户未开启) · t=13.1s
[12:00:56] [136/1000] 500_3_3_h1500_s3000_top3…
2026-07-19 12:00:56,353 [INFO] 全量 2999 只, 主板 500 只 (采样 500)
2026-07-19 12:00:56,358 [INFO] 交易日历: 333 天 (20250306~20260717)
2026-07-19 12:00:56,755 [INFO] [REG] daily(sample=500) 数据质量: 覆盖率 100% (498/500), 空值 2 (0%), 日期跨度 2024-11-21 00:00:00 ~ 20260717 (874 天)
2026-07-19 12:00:57,094 [INFO] WIN_RATE_V2 因子 · irs=0.482 vm20=0.334 reversal=0.013
2026-07-19 12:00:57,095 [INFO] master panel: 195314 行 (codes=498)
2026-07-19 12:00:57,239 [INFO] 大盘过滤: 871 天 · 硬跳过 229 天 / 软跳过 288 天 (估算自 500 主板采样)
2026-07-19 12:00:58,664 [INFO] 板块映射: 500 只 (其中无板块 0 只)
2026-07-19 12:01:09,048 [INFO] 索引完成: 498 codes × 874 dates, 板块均值 3883 条目
2026-07-19 12:01:09,084 [INFO]   1年: 6套 475 笔, skipped={'no_pick': 1, 'no_t1': 0, 'no_panel': 0, 'breadth_low': 55, 'breadth_soft_no_hot': 11, 'index_late_down': 0, 'sector_late_down': 0, 'tail_vol_low': 0, 'vwap_below': 0, 'vwap_strict_uncovered': 0}
2026-07-19 12:01:09,086 [INFO] [回测 v4] 汇总开始 · 6套=475 累计t=12.7s
2026-07-19 12:01:09,087 [INFO] [回测 v4] 6套统计完 · t=12.7s
2026-07-19 12:01:09,095 [INFO] [回测 v4] 月度完 · 13月 · t=12.7s
2026-07-19 12:01:09,095 [INFO] [回测 v4] 退出原因完 · t=12.7s
2026-07-19 12:01:10,541 [INFO] [sector_breakdown] 耗时 1.4s, 475 笔
2026-07-19 12:01:10,544 [INFO] [回测 v4] 板块完 · 7 · t=14.2s
2026-07-19 12:01:10,544 [INFO] [回测 v4] 总评完 · t=14.2s
2026-07-19 12:01:10,544 [INFO] 回测 v4 完成: 6套 475 笔 · 14.19s · trail_80 胜率 75.58%
2026-07-19 12:01:10,544 [INFO] actual_10 跳过 (用户未开启) · t=14.2s
[12:01:10] [137/1000] 500_5_1_h1500_s3000_top5_inf3_lhd0.7…
2026-07-19 12:01:10,944 [INFO] 全量 2999 只, 主板 500 只 (采样 500)
2026-07-19 12:01:10,948 [INFO] 交易日历: 333 天 (20250306~20260717)
2026-07-19 12:01:11,335 [INFO] [REG] daily(sample=500) 数据质量: 覆盖率 100% (498/500), 空值 2 (0%), 日期跨度 2024-11-21 00:00:00 ~ 20260717 (874 天)
2026-07-19 12:01:11,671 [INFO] WIN_RATE_V2 因子 · irs=0.482 vm20=0.334 reversal=0.013
2026-07-19 12:01:11,672 [INFO] master panel: 195314 行 (codes=498)
2026-07-19 12:01:11,825 [INFO] 大盘过滤: 871 天 · 硬跳过 229 天 / 软跳过 288 天 (估算自 500 主板采样)
2026-07-19 12:01:13,343 [INFO] 板块映射: 500 只 (其中无板块 0 只)
2026-07-19 12:01:23,580 [INFO] 索引完成: 498 codes × 874 dates, 板块均值 3883 条目
2026-07-19 12:01:23,615 [INFO]   1年: 6套 510 笔, skipped={'no_pick': 12, 'no_t1': 0, 'no_panel': 0, 'breadth_low': 55, 'breadth_soft_no_hot': 16, 'index_late_down': 0, 'sector_late_down': 0, 'tail_vol_low': 0, 'vwap_below': 0, 'vwap_strict_uncovered': 0}
2026-07-19 12:01:23,616 [INFO] [回测 v4] 汇总开始 · 6套=510 累计t=12.7s
2026-07-19 12:01:23,617 [INFO] [回测 v4] 6套统计完 · t=12.7s
2026-07-19 12:01:23,628 [INFO] [回测 v4] 月度完 · 13月 · t=12.7s
2026-07-19 12:01:23,628 [INFO] [回测 v4] 退出原因完 · t=12.7s
2026-07-19 12:01:25,071 [INFO] [sector_breakdown] 耗时 1.4s, 510 笔
2026-07-19 12:01:25,074 [INFO] [回测 v4] 板块完 · 7 · t=14.1s
2026-07-19 12:01:25,074 [INFO] [回测 v4] 总评完 · t=14.1s
2026-07-19 12:01:25,075 [INFO] equity_curve 采样 510 点 (step=1)
2026-07-19 12:01:25,075 [INFO] 回测 v4 完成: 6套 510 笔 · 14.13s · trail_80 胜率 73.73%
2026-07-19 12:01:25,075 [INFO] actual_10 跳过 (用户未开启) · t=14.1s
[12:01:25] [138/1000] 500_5_2_h1500_s3000_top5_lhd0.5…
2026-07-19 12:01:25,466 [INFO] 全量 2999 只, 主板 500 只 (采样 500)
2026-07-19 12:01:25,471 [INFO] 交易日历: 333 天 (20250306~20260717)
2026-07-19 12:01:26,134 [INFO] [REG] daily(sample=500) 数据质量: 覆盖率 100% (498/500), 空值 2 (0%), 日期跨度 2024-11-21 00:00:00 ~ 20260717 (874 天)
2026-07-19 12:01:26,541 [INFO] WIN_RATE_V2 因子 · irs=0.482 vm20=0.334 reversal=0.013
2026-07-19 12:01:26,542 [INFO] master panel: 195314 行 (codes=498)
2026-07-19 12:01:26,723 [INFO] 大盘过滤: 871 天 · 硬跳过 229 天 / 软跳过 288 天 (估算自 500 主板采样)
2026-07-19 12:01:28,103 [INFO] 板块映射: 500 只 (其中无板块 0 只)
2026-07-19 12:01:38,211 [INFO] 索引完成: 498 codes × 874 dates, 板块均值 3883 条目
2026-07-19 12:01:38,245 [INFO]   1年: 6套 763 笔, skipped={'no_pick': 1, 'no_t1': 0, 'no_panel': 0, 'breadth_low': 55, 'breadth_soft_no_hot': 2, 'index_late_down': 0, 'sector_late_down': 0, 'tail_vol_low': 0, 'vwap_below': 0, 'vwap_strict_uncovered': 0}
2026-07-19 12:01:38,247 [INFO] [回测 v4] 汇总开始 · 6套=763 累计t=12.8s
2026-07-19 12:01:38,248 [INFO] [回测 v4] 6套统计完 · t=12.8s
2026-07-19 12:01:38,255 [INFO] [回测 v4] 月度完 · 13月 · t=12.8s
2026-07-19 12:01:38,255 [INFO] [回测 v4] 退出原因完 · t=12.8s
2026-07-19 12:01:40,612 [INFO] [sector_breakdown] 耗时 2.4s, 763 笔
2026-07-19 12:01:40,618 [INFO] [回测 v4] 板块完 · 7 · t=15.2s
2026-07-19 12:01:40,619 [INFO] [回测 v4] 总评完 · t=15.2s
2026-07-19 12:01:40,619 [INFO] equity_curve 采样 763 点 (step=1)
2026-07-19 12:01:40,619 [INFO] 回测 v4 完成: 6套 763 笔 · 15.15s · trail_80 胜率 75.23%
2026-07-19 12:01:40,619 [INFO] actual_10 跳过 (用户未开启) · t=15.2s
[12:01:41] [139/1000] 500_4_3_inf3_lhd0.5…
2026-07-19 12:01:41,098 [INFO] 全量 2999 只, 主板 500 只 (采样 500)
2026-07-19 12:01:41,104 [INFO] 交易日历: 333 天 (20250306~20260717)
2026-07-19 12:01:41,527 [INFO] [REG] daily(sample=500) 数据质量: 覆盖率 100% (498/500), 空值 2 (0%), 日期跨度 2024-11-21 00:00:00 ~ 20260717 (874 天)
2026-07-19 12:01:42,055 [INFO] WIN_RATE_V2 因子 · irs=0.482 vm20=0.334 reversal=0.013
2026-07-19 12:01:42,057 [INFO] master panel: 195314 行 (codes=498)
2026-07-19 12:01:43,762 [INFO] 板块映射: 500 只 (其中无板块 0 只)
2026-07-19 12:01:54,135 [INFO] 索引完成: 498 codes × 874 dates, 板块均值 3883 条目
2026-07-19 12:01:54,181 [INFO]   1年: 6套 557 笔, skipped={'no_pick': 45, 'no_t1': 0, 'no_panel': 0, 'breadth_low': 0, 'breadth_soft_no_hot': 0, 'index_late_down': 0, 'sector_late_down': 0, 'tail_vol_low': 0, 'vwap_below': 0, 'vwap_strict_uncovered': 0}
2026-07-19 12:01:54,182 [INFO] [回测 v4] 汇总开始 · 6套=557 累计t=13.1s
2026-07-19 12:01:54,183 [INFO] [回测 v4] 6套统计完 · t=13.1s
2026-07-19 12:01:54,190 [INFO] [回测 v4] 月度完 · 13月 · t=13.1s
2026-07-19 12:01:54,190 [INFO] [回测 v4] 退出原因完 · t=13.1s
2026-07-19 12:01:55,836 [INFO] [sector_breakdown] 耗时 1.6s, 557 笔
2026-07-19 12:01:55,839 [INFO] [回测 v4] 板块完 · 7 · t=14.7s
2026-07-19 12:01:55,839 [INFO] [回测 v4] 总评完 · t=14.7s
2026-07-19 12:01:55,840 [INFO] equity_curve 采样 557 点 (step=1)
2026-07-19 12:01:55,840 [INFO] 回测 v4 完成: 6套 557 笔 · 14.74s · trail_80 胜率 72.89%
2026-07-19 12:01:55,840 [INFO] actual_10 跳过 (用户未开启) · t=14.7s
[12:01:56] [140/1000] 500_2_1_h1500_s3000_inf3_lhd0.7…
2026-07-19 12:01:56,284 [INFO] 全量 2999 只, 主板 500 只 (采样 500)
2026-07-19 12:01:56,289 [INFO] 交易日历: 333 天 (20250306~20260717)
2026-07-19 12:01:56,613 [INFO] [REG] daily(sample=500) 数据质量: 覆盖率 100% (498/500), 空值 2 (0%), 日期跨度 2024-11-21 00:00:00 ~ 20260717 (874 天)
2026-07-19 12:01:57,074 [INFO] WIN_RATE_V2 因子 · irs=0.482 vm20=0.334 reversal=0.013
2026-07-19 12:01:57,077 [INFO] master panel: 195314 行 (codes=498)
2026-07-19 12:01:57,280 [INFO] 大盘过滤: 871 天 · 硬跳过 229 天 / 软跳过 288 天 (估算自 500 主板采样)
2026-07-19 12:01:58,729 [INFO] 板块映射: 500 只 (其中无板块 0 只)
2026-07-19 12:02:10,827 [INFO] 索引完成: 498 codes × 874 dates, 板块均值 3883 条目
2026-07-19 12:02:10,862 [INFO]   1年: 6套 312 笔, skipped={'no_pick': 12, 'no_t1': 0, 'no_panel': 0, 'breadth_low': 55, 'breadth_soft_no_hot': 12, 'index_late_down': 0, 'sector_late_down': 0, 'tail_vol_low': 0, 'vwap_below': 0, 'vwap_strict_uncovered': 0}
2026-07-19 12:02:10,863 [INFO] [回测 v4] 汇总开始 · 6套=312 累计t=14.6s
2026-07-19 12:02:10,863 [INFO] [回测 v4] 6套统计完 · t=14.6s
2026-07-19 12:02:10,870 [INFO] [回测 v4] 月度完 · 13月 · t=14.6s
2026-07-19 12:02:10,871 [INFO] [回测 v4] 退出原因完 · t=14.6s
2026-07-19 12:02:12,138 [INFO] [sector_breakdown] 耗时 1.3s, 312 笔
2026-07-19 12:02:12,140 [INFO] [回测 v4] 板块完 · 7 · t=15.9s
2026-07-19 12:02:12,140 [INFO] [回测 v4] 总评完 · t=15.9s
2026-07-19 12:02:12,140 [INFO] 回测 v4 完成: 6套 312 笔 · 15.86s · trail_80 胜率 71.47%
2026-07-19 12:02:12,140 [INFO] actual_10 跳过 (用户未开启) · t=15.9s
[12:02:12] [141/1000] 500_5_3_inf5_lhd0.5…
2026-07-19 12:02:12,523 [INFO] 全量 2999 只, 主板 500 只 (采样 500)
2026-07-19 12:02:12,527 [INFO] 交易日历: 333 天 (20250306~20260717)
2026-07-19 12:02:12,842 [INFO] [REG] daily(sample=500) 数据质量: 覆盖率 100% (498/500), 空值 2 (0%), 日期跨度 2024-11-21 00:00:00 ~ 20260717 (874 天)
2026-07-19 12:02:13,277 [INFO] WIN_RATE_V2 因子 · irs=0.482 vm20=0.334 reversal=0.013
2026-07-19 12:02:13,278 [INFO] master panel: 195314 行 (codes=498)
2026-07-19 12:02:16,912 [INFO] 板块映射: 500 只 (其中无板块 0 只)
2026-07-19 12:02:28,177 [INFO] 索引完成: 498 codes × 874 dates, 板块均值 3883 条目
2026-07-19 12:02:28,225 [INFO]   1年: 6套 795 笔, skipped={'no_pick': 15, 'no_t1': 0, 'no_panel': 0, 'breadth_low': 0, 'breadth_soft_no_hot': 0, 'index_late_down': 0, 'sector_late_down': 0, 'tail_vol_low': 0, 'vwap_below': 0, 'vwap_strict_uncovered': 0}
2026-07-19 12:02:28,226 [INFO] [回测 v4] 汇总开始 · 6套=795 累计t=15.7s
2026-07-19 12:02:28,227 [INFO] [回测 v4] 6套统计完 · t=15.7s
2026-07-19 12:02:28,234 [INFO] [回测 v4] 月度完 · 13月 · t=15.7s
2026-07-19 12:02:28,234 [INFO] [回测 v4] 退出原因完 · t=15.7s
2026-07-19 12:02:30,959 [INFO] [sector_breakdown] 耗时 2.7s, 795 笔
2026-07-19 12:02:30,963 [INFO] [回测 v4] 板块完 · 7 · t=18.4s
2026-07-19 12:02:30,963 [INFO] [回测 v4] 总评完 · t=18.4s
2026-07-19 12:02:30,963 [INFO] equity_curve 采样 795 点 (step=1)
2026-07-19 12:02:30,963 [INFO] 回测 v4 完成: 6套 795 笔 · 18.44s · trail_80 胜率 72.96%
2026-07-19 12:02:30,963 [INFO] actual_10 跳过 (用户未开启) · t=18.4s
[12:02:31] [142/1000] 500_1_2_h2000_s3000_top8…
2026-07-19 12:02:31,387 [INFO] 全量 2999 只, 主板 500 只 (采样 500)
2026-07-19 12:02:31,391 [INFO] 交易日历: 333 天 (20250306~20260717)
2026-07-19 12:02:31,718 [INFO] [REG] daily(sample=500) 数据质量: 覆盖率 100% (498/500), 空值 2 (0%), 日期跨度 2024-11-21 00:00:00 ~ 20260717 (874 天)
2026-07-19 12:02:32,155 [INFO] WIN_RATE_V2 因子 · irs=0.482 vm20=0.334 reversal=0.013
2026-07-19 12:02:32,156 [INFO] master panel: 195314 行 (codes=498)
2026-07-19 12:02:32,316 [INFO] 大盘过滤: 871 天 · 硬跳过 314 天 / 软跳过 203 天 (估算自 500 主板采样)
2026-07-19 12:02:33,906 [INFO] 板块映射: 500 只 (其中无板块 0 只)
2026-07-19 12:02:44,901 [INFO] 索引完成: 498 codes × 874 dates, 板块均值 3883 条目
2026-07-19 12:02:44,959 [INFO]   1年: 6套 164 笔, skipped={'no_pick': 1, 'no_t1': 0, 'no_panel': 0, 'breadth_low': 85, 'breadth_soft_no_hot': 0, 'index_late_down': 0, 'sector_late_down': 0, 'tail_vol_low': 0, 'vwap_below': 0, 'vwap_strict_uncovered': 0}
2026-07-19 12:02:44,959 [INFO] [回测 v4] 汇总开始 · 6套=164 累计t=13.6s
2026-07-19 12:02:44,960 [INFO] [回测 v4] 6套统计完 · t=13.6s
2026-07-19 12:02:44,968 [INFO] [回测 v4] 月度完 · 13月 · t=13.6s
2026-07-19 12:02:44,968 [INFO] [回测 v4] 退出原因完 · t=13.6s
2026-07-19 12:02:45,460 [INFO] [sector_breakdown] 耗时 0.5s, 164 笔
2026-07-19 12:02:45,464 [INFO] [回测 v4] 板块完 · 7 · t=14.1s
2026-07-19 12:02:45,464 [INFO] [回测 v4] 总评完 · t=14.1s
2026-07-19 12:02:45,464 [INFO] 回测 v4 完成: 6套 164 笔 · 14.08s · trail_80 胜率 73.17%
2026-07-19 12:02:45,464 [INFO] actual_10 跳过 (用户未开启) · t=14.1s
[12:02:45] [143/1000] 500_1_2_h1500_s3000_top8_inf3_lhd0.7…
2026-07-19 12:02:45,888 [INFO] 全量 2999 只, 主板 500 只 (采样 500)
2026-07-19 12:02:45,897 [INFO] 交易日历: 333 天 (20250306~20260717)
2026-07-19 12:02:46,237 [INFO] [REG] daily(sample=500) 数据质量: 覆盖率 100% (498/500), 空值 2 (0%), 日期跨度 2024-11-21 00:00:00 ~ 20260717 (874 天)
2026-07-19 12:02:46,692 [INFO] WIN_RATE_V2 因子 · irs=0.482 vm20=0.334 reversal=0.013
2026-07-19 12:02:46,694 [INFO] master panel: 195314 行 (codes=498)
2026-07-19 12:02:46,841 [INFO] 大盘过滤: 871 天 · 硬跳过 229 天 / 软跳过 288 天 (估算自 500 主板采样)
2026-07-19 12:02:48,650 [INFO] 板块映射: 500 只 (其中无板块 0 只)
2026-07-19 12:02:59,644 [INFO] 索引完成: 498 codes × 874 dates, 板块均值 3883 条目
2026-07-19 12:02:59,676 [INFO]   1年: 6套 171 笔, skipped={'no_pick': 12, 'no_t1': 0, 'no_panel': 0, 'breadth_low': 55, 'breadth_soft_no_hot': 12, 'index_late_down': 0, 'sector_late_down': 0, 'tail_vol_low': 0, 'vwap_below': 0, 'vwap_strict_uncovered': 0}
2026-07-19 12:02:59,677 [INFO] [回测 v4] 汇总开始 · 6套=171 累计t=13.8s
2026-07-19 12:02:59,677 [INFO] [回测 v4] 6套统计完 · t=13.8s
2026-07-19 12:02:59,684 [INFO] [回测 v4] 月度完 · 13月 · t=13.8s
2026-07-19 12:02:59,684 [INFO] [回测 v4] 退出原因完 · t=13.8s
2026-07-19 12:03:00,249 [INFO] [sector_breakdown] 耗时 0.6s, 171 笔
2026-07-19 12:03:00,252 [INFO] [回测 v4] 板块完 · 7 · t=14.4s
2026-07-19 12:03:00,252 [INFO] [回测 v4] 总评完 · t=14.4s
2026-07-19 12:03:00,252 [INFO] 回测 v4 完成: 6套 171 笔 · 14.37s · trail_80 胜率 70.76%
2026-07-19 12:03:00,252 [INFO] actual_10 跳过 (用户未开启) · t=14.4s
[12:03:00] [144/1000] 500_4_2_h2000_inf5…
2026-07-19 12:03:00,624 [INFO] 全量 2999 只, 主板 500 只 (采样 500)
2026-07-19 12:03:00,628 [INFO] 交易日历: 333 天 (20250306~20260717)
2026-07-19 12:03:00,966 [INFO] [REG] daily(sample=500) 数据质量: 覆盖率 100% (498/500), 空值 2 (0%), 日期跨度 2024-11-21 00:00:00 ~ 20260717 (874 天)
2026-07-19 12:03:01,368 [INFO] WIN_RATE_V2 因子 · irs=0.482 vm20=0.334 reversal=0.013
2026-07-19 12:03:01,369 [INFO] master panel: 195314 行 (codes=498)
2026-07-19 12:03:01,524 [INFO] 大盘过滤: 871 天 · 硬跳过 314 天 / 软跳过 0 天 (估算自 500 主板采样)
2026-07-19 12:03:02,969 [INFO] 板块映射: 500 只 (其中无板块 0 只)
2026-07-19 12:03:13,109 [INFO] 索引完成: 498 codes × 874 dates, 板块均值 3883 条目
2026-07-19 12:03:13,141 [INFO]   1年: 6套 528 笔, skipped={'no_pick': 4, 'no_t1': 0, 'no_panel': 0, 'breadth_low': 85, 'breadth_soft_no_hot': 0, 'index_late_down': 0, 'sector_late_down': 0, 'tail_vol_low': 0, 'vwap_below': 0, 'vwap_strict_uncovered': 0}
2026-07-19 12:03:13,143 [INFO] [回测 v4] 汇总开始 · 6套=528 累计t=12.5s
2026-07-19 12:03:13,144 [INFO] [回测 v4] 6套统计完 · t=12.5s
2026-07-19 12:03:13,152 [INFO] [回测 v4] 月度完 · 13月 · t=12.5s
2026-07-19 12:03:13,152 [INFO] [回测 v4] 退出原因完 · t=12.5s
2026-07-19 12:03:15,013 [INFO] [sector_breakdown] 耗时 1.9s, 528 笔
2026-07-19 12:03:15,016 [INFO] [回测 v4] 板块完 · 7 · t=14.4s
2026-07-19 12:03:15,017 [INFO] [回测 v4] 总评完 · t=14.4s
2026-07-19 12:03:15,017 [INFO] equity_curve 采样 528 点 (step=1)
2026-07-19 12:03:15,017 [INFO] 回测 v4 完成: 6套 528 笔 · 14.39s · trail_80 胜率 72.73%
2026-07-19 12:03:15,017 [INFO] actual_10 跳过 (用户未开启) · t=14.4s
[12:03:15] [145/1000] 500_1_2_h2000_s3000_top3_inf3_lhd0.7…
2026-07-19 12:03:15,445 [INFO] 全量 2999 只, 主板 500 只 (采样 500)
2026-07-19 12:03:15,450 [INFO] 交易日历: 333 天 (20250306~20260717)
2026-07-19 12:03:16,008 [INFO] [REG] daily(sample=500) 数据质量: 覆盖率 100% (498/500), 空值 2 (0%), 日期跨度 2024-11-21 00:00:00 ~ 20260717 (874 天)
2026-07-19 12:03:16,357 [INFO] WIN_RATE_V2 因子 · irs=0.482 vm20=0.334 reversal=0.013
2026-07-19 12:03:16,358 [INFO] master panel: 195314 行 (codes=498)
2026-07-19 12:03:16,640 [INFO] 大盘过滤: 871 天 · 硬跳过 314 天 / 软跳过 203 天 (估算自 500 主板采样)
2026-07-19 12:03:18,250 [INFO] 板块映射: 500 只 (其中无板块 0 只)
2026-07-19 12:03:29,600 [INFO] 索引完成: 498 codes × 874 dates, 板块均值 3883 条目
2026-07-19 12:03:29,627 [INFO]   1年: 6套 132 笔, skipped={'no_pick': 12, 'no_t1': 0, 'no_panel': 0, 'breadth_low': 85, 'breadth_soft_no_hot': 21, 'index_late_down': 0, 'sector_late_down': 0, 'tail_vol_low': 0, 'vwap_below': 0, 'vwap_strict_uncovered': 0}
2026-07-19 12:03:29,628 [INFO] [回测 v4] 汇总开始 · 6套=132 累计t=14.2s
2026-07-19 12:03:29,628 [INFO] [回测 v4] 6套统计完 · t=14.2s
2026-07-19 12:03:29,635 [INFO] [回测 v4] 月度完 · 13月 · t=14.2s
2026-07-19 12:03:29,635 [INFO] [回测 v4] 退出原因完 · t=14.2s
2026-07-19 12:03:30,034 [INFO] [sector_breakdown] 耗时 0.4s, 132 笔
2026-07-19 12:03:30,037 [INFO] [回测 v4] 板块完 · 7 · t=14.6s
2026-07-19 12:03:30,037 [INFO] [回测 v4] 总评完 · t=14.6s
2026-07-19 12:03:30,037 [INFO] 回测 v4 完成: 6套 132 笔 · 14.59s · trail_80 胜率 74.24%
2026-07-19 12:03:30,037 [INFO] actual_10 跳过 (用户未开启) · t=14.6s
[12:03:30] [146/1000] 500_5_3_h1500_s3000_inf5…
2026-07-19 12:03:30,426 [INFO] 全量 2999 只, 主板 500 只 (采样 500)
2026-07-19 12:03:30,430 [INFO] 交易日历: 333 天 (20250306~20260717)
2026-07-19 12:03:30,802 [INFO] [REG] daily(sample=500) 数据质量: 覆盖率 100% (498/500), 空值 2 (0%), 日期跨度 2024-11-21 00:00:00 ~ 20260717 (874 天)
2026-07-19 12:03:31,225 [INFO] WIN_RATE_V2 因子 · irs=0.482 vm20=0.334 reversal=0.013
2026-07-19 12:03:31,227 [INFO] master panel: 195314 行 (codes=498)
2026-07-19 12:03:31,452 [INFO] 大盘过滤: 871 天 · 硬跳过 229 天 / 软跳过 288 天 (估算自 500 主板采样)
2026-07-19 12:03:33,112 [INFO] 板块映射: 500 只 (其中无板块 0 只)
2026-07-19 12:03:44,440 [INFO] 索引完成: 498 codes × 874 dates, 板块均值 3883 条目
2026-07-19 12:03:44,475 [INFO]   1年: 6套 687 笔, skipped={'no_pick': 2, 'no_t1': 0, 'no_panel': 0, 'breadth_low': 55, 'breadth_soft_no_hot': 5, 'index_late_down': 0, 'sector_late_down': 0, 'tail_vol_low': 0, 'vwap_below': 0, 'vwap_strict_uncovered': 0}
2026-07-19 12:03:44,477 [INFO] [回测 v4] 汇总开始 · 6套=687 累计t=14.1s
2026-07-19 12:03:44,478 [INFO] [回测 v4] 6套统计完 · t=14.1s
2026-07-19 12:03:44,485 [INFO] [回测 v4] 月度完 · 13月 · t=14.1s
2026-07-19 12:03:44,485 [INFO] [回测 v4] 退出原因完 · t=14.1s
2026-07-19 12:03:46,602 [INFO] [sector_breakdown] 耗时 2.1s, 687 笔
2026-07-19 12:03:46,605 [INFO] [回测 v4] 板块完 · 7 · t=16.2s
2026-07-19 12:03:46,605 [INFO] [回测 v4] 总评完 · t=16.2s
2026-07-19 12:03:46,605 [INFO] equity_curve 采样 687 点 (step=1)
2026-07-19 12:03:46,605 [INFO] 回测 v4 完成: 6套 687 笔 · 16.18s · trail_80 胜率 74.09%
2026-07-19 12:03:46,605 [INFO] actual_10 跳过 (用户未开启) · t=16.2s
[12:03:47] [146/1000] ★ 新最佳: 累计1742.7% 胜率74.1% 回撤-14.0% 盈亏比2.54 score=4.08 耗时17s
[12:03:47] [147/1000] 500_4_1_h2000_s3000_top8_inf3…
2026-07-19 12:03:47,052 [INFO] 全量 2999 只, 主板 500 只 (采样 500)
2026-07-19 12:03:47,057 [INFO] 交易日历: 333 天 (20250306~20260717)
2026-07-19 12:03:47,476 [INFO] [REG] daily(sample=500) 数据质量: 覆盖率 100% (498/500), 空值 2 (0%), 日期跨度 2024-11-21 00:00:00 ~ 20260717 (874 天)
2026-07-19 12:03:47,923 [INFO] WIN_RATE_V2 因子 · irs=0.482 vm20=0.334 reversal=0.013
2026-07-19 12:03:47,924 [INFO] master panel: 195314 行 (codes=498)
2026-07-19 12:03:48,086 [INFO] 大盘过滤: 871 天 · 硬跳过 314 天 / 软跳过 203 天 (估算自 500 主板采样)
2026-07-19 12:03:49,594 [INFO] 板块映射: 500 只 (其中无板块 0 只)
2026-07-19 12:04:02,312 [INFO] 索引完成: 498 codes × 874 dates, 板块均值 3883 条目
2026-07-19 12:04:02,379 [INFO]   1年: 6套 425 笔, skipped={'no_pick': 12, 'no_t1': 0, 'no_panel': 0, 'breadth_low': 85, 'breadth_soft_no_hot': 6, 'index_late_down': 0, 'sector_late_down': 0, 'tail_vol_low': 0, 'vwap_below': 0, 'vwap_strict_uncovered': 0}
2026-07-19 12:04:02,385 [INFO] [回测 v4] 汇总开始 · 6套=425 累计t=15.3s
2026-07-19 12:04:02,386 [INFO] [回测 v4] 6套统计完 · t=15.3s
2026-07-19 12:04:02,399 [INFO] [回测 v4] 月度完 · 13月 · t=15.3s
2026-07-19 12:04:02,399 [INFO] [回测 v4] 退出原因完 · t=15.3s
2026-07-19 12:04:03,643 [INFO] [sector_breakdown] 耗时 1.2s, 425 笔
2026-07-19 12:04:03,646 [INFO] [回测 v4] 板块完 · 7 · t=16.6s
2026-07-19 12:04:03,646 [INFO] [回测 v4] 总评完 · t=16.6s
2026-07-19 12:04:03,646 [INFO] 回测 v4 完成: 6套 425 笔 · 16.6s · trail_80 胜率 72.71%
2026-07-19 12:04:03,646 [INFO] actual_10 跳过 (用户未开启) · t=16.6s
[12:04:04] [148/1000] 500_3_2_h1500_s3000_inf5…
2026-07-19 12:04:04,090 [INFO] 全量 2999 只, 主板 500 只 (采样 500)
2026-07-19 12:04:04,094 [INFO] 交易日历: 333 天 (20250306~20260717)
2026-07-19 12:04:04,496 [INFO] [REG] daily(sample=500) 数据质量: 覆盖率 100% (498/500), 空值 2 (0%), 日期跨度 2024-11-21 00:00:00 ~ 20260717 (874 天)
2026-07-19 12:04:04,897 [INFO] WIN_RATE_V2 因子 · irs=0.482 vm20=0.334 reversal=0.013
2026-07-19 12:04:04,900 [INFO] master panel: 195314 行 (codes=498)
2026-07-19 12:04:05,147 [INFO] 大盘过滤: 871 天 · 硬跳过 229 天 / 软跳过 288 天 (估算自 500 主板采样)
2026-07-19 12:04:06,693 [INFO] 板块映射: 500 只 (其中无板块 0 只)
2026-07-19 12:04:24,051 [INFO] 索引完成: 498 codes × 874 dates, 板块均值 3883 条目
2026-07-19 12:04:24,175 [INFO]   1年: 6套 498 笔, skipped={'no_pick': 2, 'no_t1': 0, 'no_panel': 0, 'breadth_low': 55, 'breadth_soft_no_hot': 5, 'index_late_down': 0, 'sector_late_down': 0, 'tail_vol_low': 0, 'vwap_below': 0, 'vwap_strict_uncovered': 0}
2026-07-19 12:04:24,182 [INFO] [回测 v4] 汇总开始 · 6套=498 累计t=20.1s
2026-07-19 12:04:24,184 [INFO] [回测 v4] 6套统计完 · t=20.1s
2026-07-19 12:04:24,233 [INFO] [回测 v4] 月度完 · 13月 · t=20.1s
2026-07-19 12:04:24,233 [INFO] [回测 v4] 退出原因完 · t=20.1s
2026-07-19 12:04:27,176 [INFO] [sector_breakdown] 耗时 2.9s, 498 笔
2026-07-19 12:04:27,180 [INFO] [回测 v4] 板块完 · 7 · t=23.1s
2026-07-19 12:04:27,181 [INFO] [回测 v4] 总评完 · t=23.1s
2026-07-19 12:04:27,181 [INFO] 回测 v4 完成: 6套 498 笔 · 23.09s · trail_80 胜率 74.5%
2026-07-19 12:04:27,181 [INFO] actual_10 跳过 (用户未开启) · t=23.1s
[12:04:27] [149/1000] 500_4_1_h2000_s3000_inf5…
2026-07-19 12:04:27,933 [INFO] 全量 2999 只, 主板 500 只 (采样 500)
2026-07-19 12:04:27,937 [INFO] 交易日历: 333 天 (20250306~20260717)
2026-07-19 12:04:28,366 [INFO] [REG] daily(sample=500) 数据质量: 覆盖率 100% (498/500), 空值 2 (0%), 日期跨度 2024-11-21 00:00:00 ~ 20260717 (874 天)
2026-07-19 12:04:28,963 [INFO] WIN_RATE_V2 因子 · irs=0.482 vm20=0.334 reversal=0.013
2026-07-19 12:04:28,965 [INFO] master panel: 195314 行 (codes=498)
2026-07-19 12:04:29,059 [INFO] 大盘过滤: 871 天 · 硬跳过 314 天 / 软跳过 203 天 (估算自 500 主板采样)
2026-07-19 12:04:31,194 [INFO] 板块映射: 500 只 (其中无板块 0 只)
2026-07-19 12:04:43,438 [INFO] 索引完成: 498 codes × 874 dates, 板块均值 3883 条目
2026-07-19 12:04:43,473 [INFO]   1年: 6套 528 笔, skipped={'no_pick': 2, 'no_t1': 0, 'no_panel': 0, 'breadth_low': 85, 'breadth_soft_no_hot': 2, 'index_late_down': 0, 'sector_late_down': 0, 'tail_vol_low': 0, 'vwap_below': 0, 'vwap_strict_uncovered': 0}
2026-07-19 12:04:43,474 [INFO] [回测 v4] 汇总开始 · 6套=528 累计t=15.5s
2026-07-19 12:04:43,475 [INFO] [回测 v4] 6套统计完 · t=15.5s
2026-07-19 12:04:43,487 [INFO] [回测 v4] 月度完 · 13月 · t=15.6s
2026-07-19 12:04:43,487 [INFO] [回测 v4] 退出原因完 · t=15.6s
2026-07-19 12:04:45,774 [INFO] [sector_breakdown] 耗时 2.3s, 528 笔
2026-07-19 12:04:45,779 [INFO] [回测 v4] 板块完 · 7 · t=17.8s
2026-07-19 12:04:45,780 [INFO] [回测 v4] 总评完 · t=17.8s
2026-07-19 12:04:45,780 [INFO] equity_curve 采样 528 点 (step=1)
2026-07-19 12:04:45,780 [INFO] 回测 v4 完成: 6套 528 笔 · 17.85s · trail_80 胜率 72.73%
2026-07-19 12:04:45,780 [INFO] actual_10 跳过 (用户未开启) · t=17.8s
[12:04:46] [150/1000] 500_3_3_h2000_s3000_top5_inf5…
2026-07-19 12:04:46,241 [INFO] 全量 2999 只, 主板 500 只 (采样 500)
2026-07-19 12:04:46,245 [INFO] 交易日历: 333 天 (20250306~20260717)
2026-07-19 12:04:46,587 [INFO] [REG] daily(sample=500) 数据质量: 覆盖率 100% (498/500), 空值 2 (0%), 日期跨度 2024-11-21 00:00:00 ~ 20260717 (874 天)
2026-07-19 12:04:47,093 [INFO] WIN_RATE_V2 因子 · irs=0.482 vm20=0.334 reversal=0.013
2026-07-19 12:04:47,094 [INFO] master panel: 195314 行 (codes=498)
2026-07-19 12:04:47,193 [INFO] 大盘过滤: 871 天 · 硬跳过 314 天 / 软跳过 203 天 (估算自 500 主板采样)
2026-07-19 12:04:49,109 [INFO] 板块映射: 500 只 (其中无板块 0 只)
2026-07-19 12:05:03,817 [INFO] 索引完成: 498 codes × 874 dates, 板块均值 3883 条目
2026-07-19 12:05:03,863 [INFO]   1年: 6套 420 笔, skipped={'no_pick': 2, 'no_t1': 0, 'no_panel': 0, 'breadth_low': 85, 'breadth_soft_no_hot': 3, 'index_late_down': 0, 'sector_late_down': 0, 'tail_vol_low': 0, 'vwap_below': 0, 'vwap_strict_uncovered': 0}
2026-07-19 12:05:03,864 [INFO] [回测 v4] 汇总开始 · 6套=420 累计t=17.6s
2026-07-19 12:05:03,866 [INFO] [回测 v4] 6套统计完 · t=17.6s
2026-07-19 12:05:03,878 [INFO] [回测 v4] 月度完 · 13月 · t=17.6s
2026-07-19 12:05:03,878 [INFO] [回测 v4] 退出原因完 · t=17.6s
2026-07-19 12:05:06,198 [INFO] [sector_breakdown] 耗时 2.3s, 420 笔
2026-07-19 12:05:06,202 [INFO] [回测 v4] 板块完 · 7 · t=20.0s
2026-07-19 12:05:06,203 [INFO] [回测 v4] 总评完 · t=20.0s
2026-07-19 12:05:06,203 [INFO] 回测 v4 完成: 6套 420 笔 · 19.96s · trail_80 胜率 74.52%
2026-07-19 12:05:06,203 [INFO] actual_10 跳过 (用户未开启) · t=20.0s
[12:05:06] [150/1000] checkpoint · 最佳 score=4.08 · 成功 150/150 (100%) · 已用 2001s · 预计剩余 189min
[12:05:06] [151/1000] 500_1_3_inf3_lhd0.7…
2026-07-19 12:05:06,835 [INFO] 全量 2999 只, 主板 500 只 (采样 500)
2026-07-19 12:05:06,839 [INFO] 交易日历: 333 天 (20250306~20260717)
2026-07-19 12:05:07,417 [INFO] [REG] daily(sample=500) 数据质量: 覆盖率 100% (498/500), 空值 2 (0%), 日期跨度 2024-11-21 00:00:00 ~ 20260717 (874 天)
2026-07-19 12:05:08,200 [INFO] WIN_RATE_V2 因子 · irs=0.482 vm20=0.334 reversal=0.013
2026-07-19 12:05:08,202 [INFO] master panel: 195314 行 (codes=498)
2026-07-19 12:05:11,109 [INFO] 板块映射: 500 只 (其中无板块 0 只)
2026-07-19 12:05:25,426 [INFO] 索引完成: 498 codes × 874 dates, 板块均值 3883 条目
2026-07-19 12:05:25,475 [INFO]   1年: 6套 205 笔, skipped={'no_pick': 45, 'no_t1': 0, 'no_panel': 0, 'breadth_low': 0, 'breadth_soft_no_hot': 0, 'index_late_down': 0, 'sector_late_down': 0, 'tail_vol_low': 0, 'vwap_below': 0, 'vwap_strict_uncovered': 0}
2026-07-19 12:05:25,476 [INFO] [回测 v4] 汇总开始 · 6套=205 累计t=18.6s
2026-07-19 12:05:25,478 [INFO] [回测 v4] 6套统计完 · t=18.6s
2026-07-19 12:05:25,486 [INFO] [回测 v4] 月度完 · 13月 · t=18.7s
2026-07-19 12:05:25,486 [INFO] [回测 v4] 退出原因完 · t=18.7s
2026-07-19 12:05:26,262 [INFO] [sector_breakdown] 耗时 0.8s, 205 笔
2026-07-19 12:05:26,265 [INFO] [回测 v4] 板块完 · 7 · t=19.4s
2026-07-19 12:05:26,265 [INFO] [回测 v4] 总评完 · t=19.4s
2026-07-19 12:05:26,265 [INFO] 回测 v4 完成: 6套 205 笔 · 19.43s · trail_80 胜率 70.73%
2026-07-19 12:05:26,265 [INFO] actual_10 跳过 (用户未开启) · t=19.4s
[12:05:26] [152/1000] 500_5_2_h2000_s3000_inf5_lhd0.7…
2026-07-19 12:05:26,759 [INFO] 全量 2999 只, 主板 500 只 (采样 500)
2026-07-19 12:05:26,764 [INFO] 交易日历: 333 天 (20250306~20260717)
2026-07-19 12:05:27,287 [INFO] [REG] daily(sample=500) 数据质量: 覆盖率 100% (498/500), 空值 2 (0%), 日期跨度 2024-11-21 00:00:00 ~ 20260717 (874 天)
2026-07-19 12:05:27,835 [INFO] WIN_RATE_V2 因子 · irs=0.482 vm20=0.334 reversal=0.013
2026-07-19 12:05:27,836 [INFO] master panel: 195314 行 (codes=498)
2026-07-19 12:05:27,923 [INFO] 大盘过滤: 871 天 · 硬跳过 314 天 / 软跳过 203 天 (估算自 500 主板采样)
2026-07-19 12:05:29,889 [INFO] 板块映射: 500 只 (其中无板块 0 只)
2026-07-19 12:05:43,340 [INFO] 索引完成: 498 codes × 874 dates, 板块均值 3883 条目
2026-07-19 12:05:43,380 [INFO]   1年: 6套 605 笔, skipped={'no_pick': 2, 'no_t1': 0, 'no_panel': 0, 'breadth_low': 85, 'breadth_soft_no_hot': 2, 'index_late_down': 0, 'sector_late_down': 0, 'tail_vol_low': 0, 'vwap_below': 0, 'vwap_strict_uncovered': 0}
2026-07-19 12:05:43,382 [INFO] [回测 v4] 汇总开始 · 6套=605 累计t=16.6s
2026-07-19 12:05:43,383 [INFO] [回测 v4] 6套统计完 · t=16.6s
2026-07-19 12:05:43,390 [INFO] [回测 v4] 月度完 · 13月 · t=16.6s
2026-07-19 12:05:43,390 [INFO] [回测 v4] 退出原因完 · t=16.6s
2026-07-19 12:05:45,690 [INFO] [sector_breakdown] 耗时 2.3s, 605 笔
2026-07-19 12:05:45,694 [INFO] [回测 v4] 板块完 · 7 · t=18.9s
2026-07-19 12:05:45,695 [INFO] [回测 v4] 总评完 · t=18.9s
2026-07-19 12:05:45,695 [INFO] equity_curve 采样 605 点 (step=1)
2026-07-19 12:05:45,695 [INFO] 回测 v4 完成: 6套 605 笔 · 18.94s · trail_80 胜率 73.72%
2026-07-19 12:05:45,695 [INFO] actual_10 跳过 (用户未开启) · t=18.9s
[12:05:46] [153/1000] 500_5_1_h2000_s3000_top3…
2026-07-19 12:05:46,148 [INFO] 全量 2999 只, 主板 500 只 (采样 500)
2026-07-19 12:05:46,152 [INFO] 交易日历: 333 天 (20250306~20260717)
2026-07-19 12:05:46,622 [INFO] [REG] daily(sample=500) 数据质量: 覆盖率 100% (498/500), 空值 2 (0%), 日期跨度 2024-11-21 00:00:00 ~ 20260717 (874 天)
2026-07-19 12:05:47,163 [INFO] WIN_RATE_V2 因子 · irs=0.482 vm20=0.334 reversal=0.013
2026-07-19 12:05:47,164 [INFO] master panel: 195314 行 (codes=498)
2026-07-19 12:05:47,256 [INFO] 大盘过滤: 871 天 · 硬跳过 314 天 / 软跳过 203 天 (估算自 500 主板采样)
2026-07-19 12:05:49,180 [INFO] 板块映射: 500 只 (其中无板块 0 只)
2026-07-19 12:06:00,955 [INFO] 索引完成: 498 codes × 874 dates, 板块均值 3883 条目
2026-07-19 12:06:01,002 [INFO]   1年: 6套 591 笔, skipped={'no_pick': 1, 'no_t1': 0, 'no_panel': 0, 'breadth_low': 85, 'breadth_soft_no_hot': 8, 'index_late_down': 0, 'sector_late_down': 0, 'tail_vol_low': 0, 'vwap_below': 0, 'vwap_strict_uncovered': 0}
2026-07-19 12:06:01,004 [INFO] [回测 v4] 汇总开始 · 6套=591 累计t=14.9s
2026-07-19 12:06:01,005 [INFO] [回测 v4] 6套统计完 · t=14.9s
2026-07-19 12:06:01,017 [INFO] [回测 v4] 月度完 · 13月 · t=14.9s
2026-07-19 12:06:01,018 [INFO] [回测 v4] 退出原因完 · t=14.9s
2026-07-19 12:06:03,157 [INFO] [sector_breakdown] 耗时 2.1s, 591 笔
2026-07-19 12:06:03,162 [INFO] [回测 v4] 板块完 · 7 · t=17.0s
2026-07-19 12:06:03,163 [INFO] [回测 v4] 总评完 · t=17.0s
2026-07-19 12:06:03,163 [INFO] equity_curve 采样 591 点 (step=1)
2026-07-19 12:06:03,163 [INFO] 回测 v4 完成: 6套 591 笔 · 17.02s · trail_80 胜率 75.13%
2026-07-19 12:06:03,163 [INFO] actual_10 跳过 (用户未开启) · t=17.0s
[12:06:03] [154/1000] 500_1_1_h2000_inf3_lhd0.7…
2026-07-19 12:06:03,673 [INFO] 全量 2999 只, 主板 500 只 (采样 500)
2026-07-19 12:06:03,680 [INFO] 交易日历: 333 天 (20250306~20260717)
2026-07-19 12:06:04,301 [INFO] [REG] daily(sample=500) 数据质量: 覆盖率 100% (498/500), 空值 2 (0%), 日期跨度 2024-11-21 00:00:00 ~ 20260717 (874 天)
2026-07-19 12:06:04,812 [INFO] WIN_RATE_V2 因子 · irs=0.482 vm20=0.334 reversal=0.013
2026-07-19 12:06:04,814 [INFO] master panel: 195314 行 (codes=498)
2026-07-19 12:06:04,894 [INFO] 大盘过滤: 871 天 · 硬跳过 314 天 / 软跳过 0 天 (估算自 500 主板采样)
2026-07-19 12:06:06,672 [INFO] 板块映射: 500 只 (其中无板块 0 只)
2026-07-19 12:06:18,728 [INFO] 索引完成: 498 codes × 874 dates, 板块均值 3883 条目
2026-07-19 12:06:18,759 [INFO]   1年: 6套 147 笔, skipped={'no_pick': 18, 'no_t1': 0, 'no_panel': 0, 'breadth_low': 85, 'breadth_soft_no_hot': 0, 'index_late_down': 0, 'sector_late_down': 0, 'tail_vol_low': 0, 'vwap_below': 0, 'vwap_strict_uncovered': 0}
2026-07-19 12:06:18,760 [INFO] [回测 v4] 汇总开始 · 6套=147 累计t=15.1s
2026-07-19 12:06:18,761 [INFO] [回测 v4] 6套统计完 · t=15.1s
2026-07-19 12:06:18,768 [INFO] [回测 v4] 月度完 · 13月 · t=15.1s
2026-07-19 12:06:18,768 [INFO] [回测 v4] 退出原因完 · t=15.1s
2026-07-19 12:06:19,272 [INFO] [sector_breakdown] 耗时 0.5s, 147 笔
2026-07-19 12:06:19,275 [INFO] [回测 v4] 板块完 · 7 · t=15.6s
2026-07-19 12:06:19,275 [INFO] [回测 v4] 总评完 · t=15.6s
2026-07-19 12:06:19,275 [INFO] 回测 v4 完成: 6套 147 笔 · 15.6s · trail_80 胜率 70.75%
2026-07-19 12:06:19,275 [INFO] actual_10 跳过 (用户未开启) · t=15.6s
[12:06:19] [155/1000] 500_5_1_inf5_lhd0.7…
2026-07-19 12:06:19,708 [INFO] 全量 2999 只, 主板 500 只 (采样 500)
2026-07-19 12:06:19,712 [INFO] 交易日历: 333 天 (20250306~20260717)
2026-07-19 12:06:20,090 [INFO] [REG] daily(sample=500) 数据质量: 覆盖率 100% (498/500), 空值 2 (0%), 日期跨度 2024-11-21 00:00:00 ~ 20260717 (874 天)
2026-07-19 12:06:20,609 [INFO] WIN_RATE_V2 因子 · irs=0.482 vm20=0.334 reversal=0.013
2026-07-19 12:06:20,611 [INFO] master panel: 195314 行 (codes=498)
2026-07-19 12:06:22,913 [INFO] 板块映射: 500 只 (其中无板块 0 只)
2026-07-19 12:06:36,720 [INFO] 索引完成: 498 codes × 874 dates, 板块均值 3883 条目
2026-07-19 12:06:36,794 [INFO]   1年: 6套 795 笔, skipped={'no_pick': 15, 'no_t1': 0, 'no_panel': 0, 'breadth_low': 0, 'breadth_soft_no_hot': 0, 'index_late_down': 0, 'sector_late_down': 0, 'tail_vol_low': 0, 'vwap_below': 0, 'vwap_strict_uncovered': 0}
2026-07-19 12:06:36,797 [INFO] [回测 v4] 汇总开始 · 6套=795 累计t=17.1s
2026-07-19 12:06:36,799 [INFO] [回测 v4] 6套统计完 · t=17.1s
2026-07-19 12:06:36,810 [INFO] [回测 v4] 月度完 · 13月 · t=17.1s
2026-07-19 12:06:36,811 [INFO] [回测 v4] 退出原因完 · t=17.1s
2026-07-19 12:06:40,200 [INFO] [sector_breakdown] 耗时 3.4s, 795 笔
2026-07-19 12:06:40,204 [INFO] [回测 v4] 板块完 · 7 · t=20.5s
2026-07-19 12:06:40,205 [INFO] [回测 v4] 总评完 · t=20.5s
2026-07-19 12:06:40,205 [INFO] equity_curve 采样 795 点 (step=1)
2026-07-19 12:06:40,205 [INFO] 回测 v4 完成: 6套 795 笔 · 20.5s · trail_80 胜率 72.96%
2026-07-19 12:06:40,205 [INFO] actual_10 跳过 (用户未开启) · t=20.5s
[12:06:40] [156/1000] 500_1_3_h2000_s3000_inf5_lhd0.7…
2026-07-19 12:06:40,757 [INFO] 全量 2999 只, 主板 500 只 (采样 500)
2026-07-19 12:06:40,761 [INFO] 交易日历: 333 天 (20250306~20260717)
2026-07-19 12:06:41,248 [INFO] [REG] daily(sample=500) 数据质量: 覆盖率 100% (498/500), 空值 2 (0%), 日期跨度 2024-11-21 00:00:00 ~ 20260717 (874 天)
2026-07-19 12:06:41,897 [INFO] WIN_RATE_V2 因子 · irs=0.482 vm20=0.334 reversal=0.013
2026-07-19 12:06:41,898 [INFO] master panel: 195314 行 (codes=498)
2026-07-19 12:06:42,008 [INFO] 大盘过滤: 871 天 · 硬跳过 314 天 / 软跳过 203 天 (估算自 500 主板采样)
2026-07-19 12:06:44,393 [INFO] 板块映射: 500 只 (其中无板块 0 只)
2026-07-19 12:06:56,959 [INFO] 索引完成: 498 codes × 874 dates, 板块均值 3883 条目
2026-07-19 12:06:56,994 [INFO]   1年: 6套 161 笔, skipped={'no_pick': 2, 'no_t1': 0, 'no_panel': 0, 'breadth_low': 85, 'breadth_soft_no_hot': 2, 'index_late_down': 0, 'sector_late_down': 0, 'tail_vol_low': 0, 'vwap_below': 0, 'vwap_strict_uncovered': 0}
2026-07-19 12:06:56,995 [INFO] [回测 v4] 汇总开始 · 6套=161 累计t=16.2s
2026-07-19 12:06:56,997 [INFO] [回测 v4] 6套统计完 · t=16.2s
2026-07-19 12:06:57,005 [INFO] [回测 v4] 月度完 · 13月 · t=16.2s
2026-07-19 12:06:57,005 [INFO] [回测 v4] 退出原因完 · t=16.2s
2026-07-19 12:06:57,524 [INFO] [sector_breakdown] 耗时 0.5s, 161 笔
2026-07-19 12:06:57,528 [INFO] [回测 v4] 板块完 · 7 · t=16.8s
2026-07-19 12:06:57,528 [INFO] [回测 v4] 总评完 · t=16.8s
2026-07-19 12:06:57,528 [INFO] 回测 v4 完成: 6套 161 笔 · 16.77s · trail_80 胜率 72.67%
2026-07-19 12:06:57,528 [INFO] actual_10 跳过 (用户未开启) · t=16.8s
[12:06:58] [157/1000] 500_1_2_h2000_s3000_top3_inf3_lhd0.5…
2026-07-19 12:06:58,031 [INFO] 全量 2999 只, 主板 500 只 (采样 500)
2026-07-19 12:06:58,035 [INFO] 交易日历: 333 天 (20250306~20260717)
2026-07-19 12:06:58,469 [INFO] [REG] daily(sample=500) 数据质量: 覆盖率 100% (498/500), 空值 2 (0%), 日期跨度 2024-11-21 00:00:00 ~ 20260717 (874 天)
2026-07-19 12:06:59,009 [INFO] WIN_RATE_V2 因子 · irs=0.482 vm20=0.334 reversal=0.013
2026-07-19 12:06:59,011 [INFO] master panel: 195314 行 (codes=498)
2026-07-19 12:06:59,096 [INFO] 大盘过滤: 871 天 · 硬跳过 314 天 / 软跳过 203 天 (估算自 500 主板采样)
2026-07-19 12:07:00,906 [INFO] 板块映射: 500 只 (其中无板块 0 只)
2026-07-19 12:07:13,328 [INFO] 索引完成: 498 codes × 874 dates, 板块均值 3883 条目
2026-07-19 12:07:13,359 [INFO]   1年: 6套 132 笔, skipped={'no_pick': 12, 'no_t1': 0, 'no_panel': 0, 'breadth_low': 85, 'breadth_soft_no_hot': 21, 'index_late_down': 0, 'sector_late_down': 0, 'tail_vol_low': 0, 'vwap_below': 0, 'vwap_strict_uncovered': 0}
2026-07-19 12:07:13,360 [INFO] [回测 v4] 汇总开始 · 6套=132 累计t=15.3s
2026-07-19 12:07:13,361 [INFO] [回测 v4] 6套统计完 · t=15.3s
2026-07-19 12:07:13,368 [INFO] [回测 v4] 月度完 · 13月 · t=15.3s
2026-07-19 12:07:13,368 [INFO] [回测 v4] 退出原因完 · t=15.3s
2026-07-19 12:07:13,799 [INFO] [sector_breakdown] 耗时 0.4s, 132 笔
2026-07-19 12:07:13,801 [INFO] [回测 v4] 板块完 · 7 · t=15.8s
2026-07-19 12:07:13,802 [INFO] [回测 v4] 总评完 · t=15.8s
2026-07-19 12:07:13,802 [INFO] 回测 v4 完成: 6套 132 笔 · 15.77s · trail_80 胜率 74.24%
2026-07-19 12:07:13,802 [INFO] actual_10 跳过 (用户未开启) · t=15.8s
[12:07:14] [158/1000] 500_3_1_h2000_s3000_top3_inf5_lhd0.5…
2026-07-19 12:07:14,318 [INFO] 全量 2999 只, 主板 500 只 (采样 500)
2026-07-19 12:07:14,323 [INFO] 交易日历: 333 天 (20250306~20260717)
2026-07-19 12:07:14,673 [INFO] [REG] daily(sample=500) 数据质量: 覆盖率 100% (498/500), 空值 2 (0%), 日期跨度 2024-11-21 00:00:00 ~ 20260717 (874 天)
2026-07-19 12:07:15,166 [INFO] WIN_RATE_V2 因子 · irs=0.482 vm20=0.334 reversal=0.013
2026-07-19 12:07:15,167 [INFO] master panel: 195314 行 (codes=498)
2026-07-19 12:07:15,256 [INFO] 大盘过滤: 871 天 · 硬跳过 314 天 / 软跳过 203 天 (估算自 500 主板采样)
2026-07-19 12:07:17,069 [INFO] 板块映射: 500 只 (其中无板块 0 只)
2026-07-19 12:07:28,874 [INFO] 索引完成: 498 codes × 874 dates, 板块均值 3883 条目
2026-07-19 12:07:28,902 [INFO]   1年: 6套 377 笔, skipped={'no_pick': 2, 'no_t1': 0, 'no_panel': 0, 'breadth_low': 85, 'breadth_soft_no_hot': 13, 'index_late_down': 0, 'sector_late_down': 0, 'tail_vol_low': 0, 'vwap_below': 0, 'vwap_strict_uncovered': 0}
2026-07-19 12:07:28,903 [INFO] [回测 v4] 汇总开始 · 6套=377 累计t=14.6s
2026-07-19 12:07:28,903 [INFO] [回测 v4] 6套统计完 · t=14.6s
2026-07-19 12:07:28,910 [INFO] [回测 v4] 月度完 · 13月 · t=14.6s
2026-07-19 12:07:28,910 [INFO] [回测 v4] 退出原因完 · t=14.6s
2026-07-19 12:07:29,949 [INFO] [sector_breakdown] 耗时 1.0s, 377 笔
2026-07-19 12:07:29,951 [INFO] [回测 v4] 板块完 · 7 · t=15.6s
2026-07-19 12:07:29,952 [INFO] [回测 v4] 总评完 · t=15.6s
2026-07-19 12:07:29,952 [INFO] 回测 v4 完成: 6套 377 笔 · 15.63s · trail_80 胜率 74.54%
2026-07-19 12:07:29,952 [INFO] actual_10 跳过 (用户未开启) · t=15.6s
[12:07:30] [159/1000] 500_4_2_h2000_s3000_top8_inf5_lhd0.5…
2026-07-19 12:07:30,332 [INFO] 全量 2999 只, 主板 500 只 (采样 500)
2026-07-19 12:07:30,336 [INFO] 交易日历: 333 天 (20250306~20260717)
2026-07-19 12:07:30,705 [INFO] [REG] daily(sample=500) 数据质量: 覆盖率 100% (498/500), 空值 2 (0%), 日期跨度 2024-11-21 00:00:00 ~ 20260717 (874 天)
2026-07-19 12:07:31,125 [INFO] WIN_RATE_V2 因子 · irs=0.482 vm20=0.334 reversal=0.013
2026-07-19 12:07:31,127 [INFO] master panel: 195314 行 (codes=498)
2026-07-19 12:07:31,230 [INFO] 大盘过滤: 871 天 · 硬跳过 314 天 / 软跳过 203 天 (估算自 500 主板采样)
2026-07-19 12:07:32,716 [INFO] 板块映射: 500 只 (其中无板块 0 只)
2026-07-19 12:07:43,198 [INFO] 索引完成: 498 codes × 874 dates, 板块均值 3883 条目
2026-07-19 12:07:43,227 [INFO]   1年: 6套 528 笔, skipped={'no_pick': 2, 'no_t1': 0, 'no_panel': 0, 'breadth_low': 85, 'breadth_soft_no_hot': 2, 'index_late_down': 0, 'sector_late_down': 0, 'tail_vol_low': 0, 'vwap_below': 0, 'vwap_strict_uncovered': 0}
2026-07-19 12:07:43,228 [INFO] [回测 v4] 汇总开始 · 6套=528 累计t=12.9s
2026-07-19 12:07:43,230 [INFO] [回测 v4] 6套统计完 · t=12.9s
2026-07-19 12:07:43,237 [INFO] [回测 v4] 月度完 · 13月 · t=12.9s
2026-07-19 12:07:43,237 [INFO] [回测 v4] 退出原因完 · t=12.9s
2026-07-19 12:07:44,794 [INFO] [sector_breakdown] 耗时 1.6s, 528 笔
2026-07-19 12:07:44,797 [INFO] [回测 v4] 板块完 · 7 · t=14.5s
2026-07-19 12:07:44,798 [INFO] [回测 v4] 总评完 · t=14.5s
2026-07-19 12:07:44,798 [INFO] equity_curve 采样 528 点 (step=1)
2026-07-19 12:07:44,798 [INFO] 回测 v4 完成: 6套 528 笔 · 14.47s · trail_80 胜率 72.73%
2026-07-19 12:07:44,798 [INFO] actual_10 跳过 (用户未开启) · t=14.5s
[12:07:45] [160/1000] 500_5_2_h2000_s3000_top5…
2026-07-19 12:07:45,169 [INFO] 全量 2999 只, 主板 500 只 (采样 500)
2026-07-19 12:07:45,173 [INFO] 交易日历: 333 天 (20250306~20260717)
2026-07-19 12:07:45,471 [INFO] [REG] daily(sample=500) 数据质量: 覆盖率 100% (498/500), 空值 2 (0%), 日期跨度 2024-11-21 00:00:00 ~ 20260717 (874 天)
2026-07-19 12:07:45,850 [INFO] WIN_RATE_V2 因子 · irs=0.482 vm20=0.334 reversal=0.013
2026-07-19 12:07:45,851 [INFO] master panel: 195314 行 (codes=498)
2026-07-19 12:07:45,923 [INFO] 大盘过滤: 871 天 · 硬跳过 314 天 / 软跳过 203 天 (估算自 500 主板采样)
2026-07-19 12:07:47,317 [INFO] 板块映射: 500 只 (其中无板块 0 只)
2026-07-19 12:07:57,198 [INFO] 索引完成: 498 codes × 874 dates, 板块均值 3883 条目
2026-07-19 12:07:57,230 [INFO]   1年: 6套 668 笔, skipped={'no_pick': 1, 'no_t1': 0, 'no_panel': 0, 'breadth_low': 85, 'breadth_soft_no_hot': 0, 'index_late_down': 0, 'sector_late_down': 0, 'tail_vol_low': 0, 'vwap_below': 0, 'vwap_strict_uncovered': 0}
2026-07-19 12:07:57,231 [INFO] [回测 v4] 汇总开始 · 6套=668 累计t=12.1s
2026-07-19 12:07:57,233 [INFO] [回测 v4] 6套统计完 · t=12.1s
2026-07-19 12:07:57,241 [INFO] [回测 v4] 月度完 · 13月 · t=12.1s
2026-07-19 12:07:57,242 [INFO] [回测 v4] 退出原因完 · t=12.1s
2026-07-19 12:07:59,697 [INFO] [sector_breakdown] 耗时 2.5s, 668 笔
2026-07-19 12:07:59,700 [INFO] [回测 v4] 板块完 · 7 · t=14.5s
2026-07-19 12:07:59,701 [INFO] [回测 v4] 总评完 · t=14.5s
2026-07-19 12:07:59,701 [INFO] equity_curve 采样 668 点 (step=1)
2026-07-19 12:07:59,701 [INFO] 回测 v4 完成: 6套 668 笔 · 14.53s · trail_80 胜率 75.0%
2026-07-19 12:07:59,701 [INFO] actual_10 跳过 (用户未开启) · t=14.5s
[12:08:00] [161/1000] 500_5_2_h2000_lhd0.5…
2026-07-19 12:08:00,142 [INFO] 全量 2999 只, 主板 500 只 (采样 500)
2026-07-19 12:08:00,146 [INFO] 交易日历: 333 天 (20250306~20260717)
2026-07-19 12:08:00,575 [INFO] [REG] daily(sample=500) 数据质量: 覆盖率 100% (498/500), 空值 2 (0%), 日期跨度 2024-11-21 00:00:00 ~ 20260717 (874 天)
2026-07-19 12:08:01,047 [INFO] WIN_RATE_V2 因子 · irs=0.482 vm20=0.334 reversal=0.013
2026-07-19 12:08:01,048 [INFO] master panel: 195314 行 (codes=498)
2026-07-19 12:08:01,155 [INFO] 大盘过滤: 871 天 · 硬跳过 314 天 / 软跳过 0 天 (估算自 500 主板采样)
2026-07-19 12:08:11,953 [INFO] 索引完成: 498 codes × 874 dates, 板块均值 0 条目
2026-07-19 12:08:11,983 [INFO]   1年: 6套 689 笔, skipped={'no_pick': 1, 'no_t1': 0, 'no_panel': 0, 'breadth_low': 85, 'breadth_soft_no_hot': 0, 'index_late_down': 0, 'sector_late_down': 0, 'tail_vol_low': 0, 'vwap_below': 0, 'vwap_strict_uncovered': 0}
2026-07-19 12:08:11,984 [INFO] [回测 v4] 汇总开始 · 6套=689 累计t=11.8s
2026-07-19 12:08:11,985 [INFO] [回测 v4] 6套统计完 · t=11.8s
2026-07-19 12:08:11,992 [INFO] [回测 v4] 月度完 · 13月 · t=11.9s
2026-07-19 12:08:11,992 [INFO] [回测 v4] 退出原因完 · t=11.9s
2026-07-19 12:08:13,834 [INFO] [sector_breakdown] 耗时 1.8s, 689 笔
2026-07-19 12:08:13,837 [INFO] [回测 v4] 板块完 · 7 · t=13.7s
2026-07-19 12:08:13,838 [INFO] [回测 v4] 总评完 · t=13.7s
2026-07-19 12:08:13,838 [INFO] equity_curve 采样 689 点 (step=1)
2026-07-19 12:08:13,838 [INFO] 回测 v4 完成: 6套 689 笔 · 13.7s · trail_80 胜率 75.18%
2026-07-19 12:08:13,838 [INFO] actual_10 跳过 (用户未开启) · t=13.7s
[12:08:14] [162/1000] 500_3_3_h2000_s3000_top3_lhd0.7…
2026-07-19 12:08:14,165 [INFO] 全量 2999 只, 主板 500 只 (采样 500)
2026-07-19 12:08:14,168 [INFO] 交易日历: 333 天 (20250306~20260717)
2026-07-19 12:08:14,580 [INFO] [REG] daily(sample=500) 数据质量: 覆盖率 100% (498/500), 空值 2 (0%), 日期跨度 2024-11-21 00:00:00 ~ 20260717 (874 天)
2026-07-19 12:08:14,957 [INFO] WIN_RATE_V2 因子 · irs=0.482 vm20=0.334 reversal=0.013
2026-07-19 12:08:14,958 [INFO] master panel: 195314 行 (codes=498)
2026-07-19 12:08:15,029 [INFO] 大盘过滤: 871 天 · 硬跳过 314 天 / 软跳过 203 天 (估算自 500 主板采样)
2026-07-19 12:08:16,394 [INFO] 板块映射: 500 只 (其中无板块 0 只)
2026-07-19 12:08:27,134 [INFO] 索引完成: 498 codes × 874 dates, 板块均值 3883 条目
2026-07-19 12:08:27,163 [INFO]   1年: 6套 418 笔, skipped={'no_pick': 1, 'no_t1': 0, 'no_panel': 0, 'breadth_low': 85, 'breadth_soft_no_hot': 8, 'index_late_down': 0, 'sector_late_down': 0, 'tail_vol_low': 0, 'vwap_below': 0, 'vwap_strict_uncovered': 0}
2026-07-19 12:08:27,164 [INFO] [回测 v4] 汇总开始 · 6套=418 累计t=13.0s
2026-07-19 12:08:27,164 [INFO] [回测 v4] 6套统计完 · t=13.0s
2026-07-19 12:08:27,171 [INFO] [回测 v4] 月度完 · 13月 · t=13.0s
2026-07-19 12:08:27,171 [INFO] [回测 v4] 退出原因完 · t=13.0s
2026-07-19 12:08:28,406 [INFO] [sector_breakdown] 耗时 1.2s, 418 笔
2026-07-19 12:08:28,408 [INFO] [回测 v4] 板块完 · 7 · t=14.2s
2026-07-19 12:08:28,409 [INFO] [回测 v4] 总评完 · t=14.2s
2026-07-19 12:08:28,409 [INFO] 回测 v4 完成: 6套 418 笔 · 14.25s · trail_80 胜率 74.64%
2026-07-19 12:08:28,409 [INFO] actual_10 跳过 (用户未开启) · t=14.2s
[12:08:28] [163/1000] 500_3_2_h1500_s3000_inf5_lhd0.7…
2026-07-19 12:08:28,806 [INFO] 全量 2999 只, 主板 500 只 (采样 500)
2026-07-19 12:08:28,810 [INFO] 交易日历: 333 天 (20250306~20260717)
2026-07-19 12:08:29,263 [INFO] [REG] daily(sample=500) 数据质量: 覆盖率 100% (498/500), 空值 2 (0%), 日期跨度 2024-11-21 00:00:00 ~ 20260717 (874 天)
2026-07-19 12:08:29,741 [INFO] WIN_RATE_V2 因子 · irs=0.482 vm20=0.334 reversal=0.013
2026-07-19 12:08:29,742 [INFO] master panel: 195314 行 (codes=498)
2026-07-19 12:08:29,820 [INFO] 大盘过滤: 871 天 · 硬跳过 229 天 / 软跳过 288 天 (估算自 500 主板采样)
2026-07-19 12:08:31,335 [INFO] 板块映射: 500 只 (其中无板块 0 只)
2026-07-19 12:08:41,197 [INFO] 索引完成: 498 codes × 874 dates, 板块均值 3883 条目
2026-07-19 12:08:41,228 [INFO]   1年: 6套 498 笔, skipped={'no_pick': 2, 'no_t1': 0, 'no_panel': 0, 'breadth_low': 55, 'breadth_soft_no_hot': 5, 'index_late_down': 0, 'sector_late_down': 0, 'tail_vol_low': 0, 'vwap_below': 0, 'vwap_strict_uncovered': 0}
2026-07-19 12:08:41,229 [INFO] [回测 v4] 汇总开始 · 6套=498 累计t=12.4s
2026-07-19 12:08:41,230 [INFO] [回测 v4] 6套统计完 · t=12.4s
2026-07-19 12:08:41,237 [INFO] [回测 v4] 月度完 · 13月 · t=12.4s
2026-07-19 12:08:41,237 [INFO] [回测 v4] 退出原因完 · t=12.4s
2026-07-19 12:08:42,642 [INFO] [sector_breakdown] 耗时 1.4s, 498 笔
2026-07-19 12:08:42,645 [INFO] [回测 v4] 板块完 · 7 · t=13.8s
2026-07-19 12:08:42,645 [INFO] [回测 v4] 总评完 · t=13.8s
2026-07-19 12:08:42,645 [INFO] 回测 v4 完成: 6套 498 笔 · 13.84s · trail_80 胜率 74.5%
2026-07-19 12:08:42,645 [INFO] actual_10 跳过 (用户未开启) · t=13.8s
[12:08:43] [164/1000] 500_4_3_h1500_s3000_top5_inf5_lhd0.5…
2026-07-19 12:08:43,022 [INFO] 全量 2999 只, 主板 500 只 (采样 500)
2026-07-19 12:08:43,026 [INFO] 交易日历: 333 天 (20250306~20260717)
2026-07-19 12:08:43,396 [INFO] [REG] daily(sample=500) 数据质量: 覆盖率 100% (498/500), 空值 2 (0%), 日期跨度 2024-11-21 00:00:00 ~ 20260717 (874 天)
2026-07-19 12:08:43,718 [INFO] WIN_RATE_V2 因子 · irs=0.482 vm20=0.334 reversal=0.013
2026-07-19 12:08:43,720 [INFO] master panel: 195314 行 (codes=498)
2026-07-19 12:08:43,878 [INFO] 大盘过滤: 871 天 · 硬跳过 229 天 / 软跳过 288 天 (估算自 500 主板采样)
2026-07-19 12:08:45,402 [INFO] 板块映射: 500 只 (其中无板块 0 只)
2026-07-19 12:08:56,347 [INFO] 索引完成: 498 codes × 874 dates, 板块均值 3883 条目
2026-07-19 12:08:56,388 [INFO]   1年: 6套 584 笔, skipped={'no_pick': 2, 'no_t1': 0, 'no_panel': 0, 'breadth_low': 55, 'breadth_soft_no_hot': 6, 'index_late_down': 0, 'sector_late_down': 0, 'tail_vol_low': 0, 'vwap_below': 0, 'vwap_strict_uncovered': 0}
2026-07-19 12:08:56,389 [INFO] [回测 v4] 汇总开始 · 6套=584 累计t=13.4s
2026-07-19 12:08:56,390 [INFO] [回测 v4] 6套统计完 · t=13.4s
2026-07-19 12:08:56,398 [INFO] [回测 v4] 月度完 · 13月 · t=13.4s
2026-07-19 12:08:56,398 [INFO] [回测 v4] 退出原因完 · t=13.4s
2026-07-19 12:08:58,351 [INFO] [sector_breakdown] 耗时 2.0s, 584 笔
2026-07-19 12:08:58,356 [INFO] [回测 v4] 板块完 · 7 · t=15.3s
2026-07-19 12:08:58,357 [INFO] [回测 v4] 总评完 · t=15.3s
2026-07-19 12:08:58,357 [INFO] equity_curve 采样 584 点 (step=1)
2026-07-19 12:08:58,357 [INFO] 回测 v4 完成: 6套 584 笔 · 15.34s · trail_80 胜率 73.46%
2026-07-19 12:08:58,357 [INFO] actual_10 跳过 (用户未开启) · t=15.3s
[12:08:58] [165/1000] 500_3_1_h1500_s3000_lhd0.7…
2026-07-19 12:08:58,808 [INFO] 全量 2999 只, 主板 500 只 (采样 500)
2026-07-19 12:08:58,812 [INFO] 交易日历: 333 天 (20250306~20260717)
2026-07-19 12:08:59,186 [INFO] [REG] daily(sample=500) 数据质量: 覆盖率 100% (498/500), 空值 2 (0%), 日期跨度 2024-11-21 00:00:00 ~ 20260717 (874 天)
2026-07-19 12:08:59,886 [INFO] WIN_RATE_V2 因子 · irs=0.482 vm20=0.334 reversal=0.013
2026-07-19 12:08:59,887 [INFO] master panel: 195314 行 (codes=498)
2026-07-19 12:09:00,105 [INFO] 大盘过滤: 871 天 · 硬跳过 229 天 / 软跳过 288 天 (估算自 500 主板采样)
2026-07-19 12:09:10,702 [INFO] 索引完成: 498 codes × 874 dates, 板块均值 0 条目
2026-07-19 12:09:10,741 [INFO]   1年: 6套 540 笔, skipped={'no_pick': 1, 'no_t1': 0, 'no_panel': 0, 'breadth_low': 55, 'breadth_soft_no_hot': 2, 'index_late_down': 0, 'sector_late_down': 0, 'tail_vol_low': 0, 'vwap_below': 0, 'vwap_strict_uncovered': 0}
2026-07-19 12:09:10,743 [INFO] [回测 v4] 汇总开始 · 6套=540 累计t=11.9s
2026-07-19 12:09:10,744 [INFO] [回测 v4] 6套统计完 · t=11.9s
2026-07-19 12:09:10,751 [INFO] [回测 v4] 月度完 · 13月 · t=11.9s
2026-07-19 12:09:10,752 [INFO] [回测 v4] 退出原因完 · t=11.9s
2026-07-19 12:09:12,532 [INFO] [sector_breakdown] 耗时 1.8s, 540 笔
2026-07-19 12:09:12,537 [INFO] [回测 v4] 板块完 · 7 · t=13.7s
2026-07-19 12:09:12,538 [INFO] [回测 v4] 总评完 · t=13.7s
2026-07-19 12:09:12,538 [INFO] equity_curve 采样 540 点 (step=1)
2026-07-19 12:09:12,538 [INFO] 回测 v4 完成: 6套 540 笔 · 13.73s · trail_80 胜率 73.89%
2026-07-19 12:09:12,538 [INFO] actual_10 跳过 (用户未开启) · t=13.7s
[12:09:13] [166/1000] 500_3_1_h1500_s3000_inf3_lhd0.5…
2026-07-19 12:09:13,054 [INFO] 全量 2999 只, 主板 500 只 (采样 500)
2026-07-19 12:09:13,058 [INFO] 交易日历: 333 天 (20250306~20260717)
2026-07-19 12:09:13,460 [INFO] [REG] daily(sample=500) 数据质量: 覆盖率 100% (498/500), 空值 2 (0%), 日期跨度 2024-11-21 00:00:00 ~ 20260717 (874 天)
2026-07-19 12:09:13,976 [INFO] WIN_RATE_V2 因子 · irs=0.482 vm20=0.334 reversal=0.013
2026-07-19 12:09:13,978 [INFO] master panel: 195314 行 (codes=498)
2026-07-19 12:09:14,069 [INFO] 大盘过滤: 871 天 · 硬跳过 229 天 / 软跳过 288 天 (估算自 500 主板采样)
2026-07-19 12:09:15,836 [INFO] 板块映射: 500 只 (其中无板块 0 只)
2026-07-19 12:09:27,323 [INFO] 索引完成: 498 codes × 874 dates, 板块均值 3883 条目
2026-07-19 12:09:27,366 [INFO]   1年: 6套 416 笔, skipped={'no_pick': 12, 'no_t1': 0, 'no_panel': 0, 'breadth_low': 55, 'breadth_soft_no_hot': 12, 'index_late_down': 0, 'sector_late_down': 0, 'tail_vol_low': 0, 'vwap_below': 0, 'vwap_strict_uncovered': 0}
2026-07-19 12:09:27,368 [INFO] [回测 v4] 汇总开始 · 6套=416 累计t=14.3s
2026-07-19 12:09:27,371 [INFO] [回测 v4] 6套统计完 · t=14.3s
2026-07-19 12:09:27,389 [INFO] [回测 v4] 月度完 · 13月 · t=14.3s
2026-07-19 12:09:27,389 [INFO] [回测 v4] 退出原因完 · t=14.3s
2026-07-19 12:09:28,937 [INFO] [sector_breakdown] 耗时 1.5s, 416 笔
2026-07-19 12:09:28,940 [INFO] [回测 v4] 板块完 · 7 · t=15.9s
2026-07-19 12:09:28,940 [INFO] [回测 v4] 总评完 · t=15.9s
2026-07-19 12:09:28,940 [INFO] 回测 v4 完成: 6套 416 笔 · 15.9s · trail_80 胜率 72.84%
2026-07-19 12:09:28,940 [INFO] actual_10 跳过 (用户未开启) · t=15.9s
[12:09:29] [167/1000] 500_4_1_h2000_s3000_inf5_lhd0.5…
2026-07-19 12:09:29,391 [INFO] 全量 2999 只, 主板 500 只 (采样 500)
2026-07-19 12:09:29,395 [INFO] 交易日历: 333 天 (20250306~20260717)
2026-07-19 12:09:29,784 [INFO] [REG] daily(sample=500) 数据质量: 覆盖率 100% (498/500), 空值 2 (0%), 日期跨度 2024-11-21 00:00:00 ~ 20260717 (874 天)
2026-07-19 12:09:30,310 [INFO] WIN_RATE_V2 因子 · irs=0.482 vm20=0.334 reversal=0.013
2026-07-19 12:09:30,312 [INFO] master panel: 195314 行 (codes=498)
2026-07-19 12:09:30,394 [INFO] 大盘过滤: 871 天 · 硬跳过 314 天 / 软跳过 203 天 (估算自 500 主板采样)
2026-07-19 12:09:32,070 [INFO] 板块映射: 500 只 (其中无板块 0 只)
2026-07-19 12:09:42,539 [INFO] 索引完成: 498 codes × 874 dates, 板块均值 3883 条目
2026-07-19 12:09:42,580 [INFO]   1年: 6套 528 笔, skipped={'no_pick': 2, 'no_t1': 0, 'no_panel': 0, 'breadth_low': 85, 'breadth_soft_no_hot': 2, 'index_late_down': 0, 'sector_late_down': 0, 'tail_vol_low': 0, 'vwap_below': 0, 'vwap_strict_uncovered': 0}
2026-07-19 12:09:42,582 [INFO] [回测 v4] 汇总开始 · 6套=528 累计t=13.2s
2026-07-19 12:09:42,583 [INFO] [回测 v4] 6套统计完 · t=13.2s
2026-07-19 12:09:42,593 [INFO] [回测 v4] 月度完 · 13月 · t=13.2s
2026-07-19 12:09:42,593 [INFO] [回测 v4] 退出原因完 · t=13.2s
2026-07-19 12:09:44,309 [INFO] [sector_breakdown] 耗时 1.7s, 528 笔
2026-07-19 12:09:44,312 [INFO] [回测 v4] 板块完 · 7 · t=14.9s
2026-07-19 12:09:44,313 [INFO] [回测 v4] 总评完 · t=14.9s
2026-07-19 12:09:44,313 [INFO] equity_curve 采样 528 点 (step=1)
2026-07-19 12:09:44,313 [INFO] 回测 v4 完成: 6套 528 笔 · 14.92s · trail_80 胜率 72.73%
2026-07-19 12:09:44,313 [INFO] actual_10 跳过 (用户未开启) · t=14.9s
[12:09:44] [168/1000] 500_2_1_h2000_inf3_lhd0.5…
2026-07-19 12:09:44,811 [INFO] 全量 2999 只, 主板 500 只 (采样 500)
2026-07-19 12:09:44,815 [INFO] 交易日历: 333 天 (20250306~20260717)
2026-07-19 12:09:45,316 [INFO] [REG] daily(sample=500) 数据质量: 覆盖率 100% (498/500), 空值 2 (0%), 日期跨度 2024-11-21 00:00:00 ~ 20260717 (874 天)
2026-07-19 12:09:45,815 [INFO] WIN_RATE_V2 因子 · irs=0.482 vm20=0.334 reversal=0.013
2026-07-19 12:09:45,816 [INFO] master panel: 195314 行 (codes=498)
2026-07-19 12:09:45,899 [INFO] 大盘过滤: 871 天 · 硬跳过 314 天 / 软跳过 0 天 (估算自 500 主板采样)
2026-07-19 12:09:47,452 [INFO] 板块映射: 500 只 (其中无板块 0 只)
2026-07-19 12:09:58,284 [INFO] 索引完成: 498 codes × 874 dates, 板块均值 3883 条目
2026-07-19 12:09:58,321 [INFO]   1年: 6套 267 笔, skipped={'no_pick': 18, 'no_t1': 0, 'no_panel': 0, 'breadth_low': 85, 'breadth_soft_no_hot': 0, 'index_late_down': 0, 'sector_late_down': 0, 'tail_vol_low': 0, 'vwap_below': 0, 'vwap_strict_uncovered': 0}
2026-07-19 12:09:58,323 [INFO] [回测 v4] 汇总开始 · 6套=267 累计t=13.5s
2026-07-19 12:09:58,324 [INFO] [回测 v4] 6套统计完 · t=13.5s
2026-07-19 12:09:58,332 [INFO] [回测 v4] 月度完 · 13月 · t=13.5s
2026-07-19 12:09:58,333 [INFO] [回测 v4] 退出原因完 · t=13.5s
2026-07-19 12:09:59,247 [INFO] [sector_breakdown] 耗时 0.9s, 267 笔
2026-07-19 12:09:59,250 [INFO] [回测 v4] 板块完 · 7 · t=14.4s
2026-07-19 12:09:59,250 [INFO] [回测 v4] 总评完 · t=14.4s
2026-07-19 12:09:59,251 [INFO] 回测 v4 完成: 6套 267 笔 · 14.44s · trail_80 胜率 70.41%
2026-07-19 12:09:59,251 [INFO] actual_10 跳过 (用户未开启) · t=14.4s
[12:09:59] [169/1000] 500_3_3_h2000_s3000_top5_lhd0.7…
2026-07-19 12:09:59,701 [INFO] 全量 2999 只, 主板 500 只 (采样 500)
2026-07-19 12:09:59,706 [INFO] 交易日历: 333 天 (20250306~20260717)
2026-07-19 12:10:00,216 [INFO] [REG] daily(sample=500) 数据质量: 覆盖率 100% (498/500), 空值 2 (0%), 日期跨度 2024-11-21 00:00:00 ~ 20260717 (874 天)
2026-07-19 12:10:00,674 [INFO] WIN_RATE_V2 因子 · irs=0.482 vm20=0.334 reversal=0.013
2026-07-19 12:10:00,676 [INFO] master panel: 195314 行 (codes=498)
2026-07-19 12:10:00,893 [INFO] 大盘过滤: 871 天 · 硬跳过 314 天 / 软跳过 203 天 (估算自 500 主板采样)
2026-07-19 12:10:02,800 [INFO] 板块映射: 500 只 (其中无板块 0 只)
2026-07-19 12:10:13,869 [INFO] 索引完成: 498 codes × 874 dates, 板块均值 3883 条目
2026-07-19 12:10:13,905 [INFO]   1年: 6套 454 笔, skipped={'no_pick': 1, 'no_t1': 0, 'no_panel': 0, 'breadth_low': 85, 'breadth_soft_no_hot': 0, 'index_late_down': 0, 'sector_late_down': 0, 'tail_vol_low': 0, 'vwap_below': 0, 'vwap_strict_uncovered': 0}
2026-07-19 12:10:13,906 [INFO] [回测 v4] 汇总开始 · 6套=454 累计t=14.2s
2026-07-19 12:10:13,907 [INFO] [回测 v4] 6套统计完 · t=14.2s
2026-07-19 12:10:13,914 [INFO] [回测 v4] 月度完 · 13月 · t=14.2s
2026-07-19 12:10:13,914 [INFO] [回测 v4] 退出原因完 · t=14.2s
2026-07-19 12:10:15,524 [INFO] [sector_breakdown] 耗时 1.6s, 454 笔
2026-07-19 12:10:15,529 [INFO] [回测 v4] 板块完 · 7 · t=15.8s
2026-07-19 12:10:15,529 [INFO] [回测 v4] 总评完 · t=15.8s
2026-07-19 12:10:15,529 [INFO] 回测 v4 完成: 6套 454 笔 · 15.83s · trail_80 胜率 74.67%
2026-07-19 12:10:15,529 [INFO] actual_10 跳过 (用户未开启) · t=15.8s
[12:10:15] [170/1000] 500_2_3_h2000_s3000_top3_inf3_lhd0.5…
2026-07-19 12:10:15,998 [INFO] 全量 2999 只, 主板 500 只 (采样 500)
2026-07-19 12:10:16,002 [INFO] 交易日历: 333 天 (20250306~20260717)
2026-07-19 12:10:16,363 [INFO] [REG] daily(sample=500) 数据质量: 覆盖率 100% (498/500), 空值 2 (0%), 日期跨度 2024-11-21 00:00:00 ~ 20260717 (874 天)
2026-07-19 12:10:16,846 [INFO] WIN_RATE_V2 因子 · irs=0.482 vm20=0.334 reversal=0.013
2026-07-19 12:10:16,848 [INFO] master panel: 195314 行 (codes=498)
2026-07-19 12:10:16,925 [INFO] 大盘过滤: 871 天 · 硬跳过 314 天 / 软跳过 203 天 (估算自 500 主板采样)
2026-07-19 12:10:18,957 [INFO] 板块映射: 500 只 (其中无板块 0 只)
2026-07-19 12:10:30,621 [INFO] 索引完成: 498 codes × 874 dates, 板块均值 3883 条目
2026-07-19 12:10:30,657 [INFO]   1年: 6套 233 笔, skipped={'no_pick': 12, 'no_t1': 0, 'no_panel': 0, 'breadth_low': 85, 'breadth_soft_no_hot': 21, 'index_late_down': 0, 'sector_late_down': 0, 'tail_vol_low': 0, 'vwap_below': 0, 'vwap_strict_uncovered': 0}
2026-07-19 12:10:30,658 [INFO] [回测 v4] 汇总开始 · 6套=233 累计t=14.7s
2026-07-19 12:10:30,659 [INFO] [回测 v4] 6套统计完 · t=14.7s
2026-07-19 12:10:30,667 [INFO] [回测 v4] 月度完 · 13月 · t=14.7s
2026-07-19 12:10:30,668 [INFO] [回测 v4] 退出原因完 · t=14.7s
2026-07-19 12:10:31,443 [INFO] [sector_breakdown] 耗时 0.8s, 233 笔
2026-07-19 12:10:31,447 [INFO] [回测 v4] 板块完 · 7 · t=15.5s
2026-07-19 12:10:31,447 [INFO] [回测 v4] 总评完 · t=15.5s
2026-07-19 12:10:31,447 [INFO] 回测 v4 完成: 6套 233 笔 · 15.45s · trail_80 胜率 71.67%
2026-07-19 12:10:31,447 [INFO] actual_10 跳过 (用户未开启) · t=15.5s
[12:10:31] [171/1000] 500_2_2_lhd0.5…
2026-07-19 12:10:31,945 [INFO] 全量 2999 只, 主板 500 只 (采样 500)
2026-07-19 12:10:31,950 [INFO] 交易日历: 333 天 (20250306~20260717)
2026-07-19 12:10:32,346 [INFO] [REG] daily(sample=500) 数据质量: 覆盖率 100% (498/500), 空值 2 (0%), 日期跨度 2024-11-21 00:00:00 ~ 20260717 (874 天)
2026-07-19 12:10:32,881 [INFO] WIN_RATE_V2 因子 · irs=0.482 vm20=0.334 reversal=0.013
2026-07-19 12:10:32,883 [INFO] master panel: 195314 行 (codes=498)
2026-07-19 12:10:43,123 [INFO] 索引完成: 498 codes × 874 dates, 板块均值 0 条目
2026-07-19 12:10:43,174 [INFO]   1年: 6套 466 笔, skipped={'no_pick': 7, 'no_t1': 0, 'no_panel': 0, 'breadth_low': 0, 'breadth_soft_no_hot': 0, 'index_late_down': 0, 'sector_late_down': 0, 'tail_vol_low': 0, 'vwap_below': 0, 'vwap_strict_uncovered': 0}
2026-07-19 12:10:43,175 [INFO] [回测 v4] 汇总开始 · 6套=466 累计t=11.2s
2026-07-19 12:10:43,176 [INFO] [回测 v4] 6套统计完 · t=11.2s
2026-07-19 12:10:43,185 [INFO] [回测 v4] 月度完 · 13月 · t=11.2s
2026-07-19 12:10:43,186 [INFO] [回测 v4] 退出原因完 · t=11.2s
2026-07-19 12:10:44,607 [INFO] [sector_breakdown] 耗时 1.4s, 466 笔
2026-07-19 12:10:44,612 [INFO] [回测 v4] 板块完 · 7 · t=12.7s
2026-07-19 12:10:44,612 [INFO] [回测 v4] 总评完 · t=12.7s
2026-07-19 12:10:44,612 [INFO] 回测 v4 完成: 6套 466 笔 · 12.67s · trail_80 胜率 71.67%
2026-07-19 12:10:44,612 [INFO] actual_10 跳过 (用户未开启) · t=12.7s
[12:10:45] [172/1000] 500_1_2_h2000_s3000_top8_inf3_lhd0.5…
2026-07-19 12:10:45,035 [INFO] 全量 2999 只, 主板 500 只 (采样 500)
2026-07-19 12:10:45,039 [INFO] 交易日历: 333 天 (20250306~20260717)
2026-07-19 12:10:45,513 [INFO] [REG] daily(sample=500) 数据质量: 覆盖率 100% (498/500), 空值 2 (0%), 日期跨度 2024-11-21 00:00:00 ~ 20260717 (874 天)
2026-07-19 12:10:45,882 [INFO] WIN_RATE_V2 因子 · irs=0.482 vm20=0.334 reversal=0.013
2026-07-19 12:10:45,884 [INFO] master panel: 195314 行 (codes=498)
2026-07-19 12:10:46,090 [INFO] 大盘过滤: 871 天 · 硬跳过 314 天 / 软跳过 203 天 (估算自 500 主板采样)
2026-07-19 12:10:47,683 [INFO] 板块映射: 500 只 (其中无板块 0 只)
2026-07-19 12:10:58,600 [INFO] 索引完成: 498 codes × 874 dates, 板块均值 3883 条目
2026-07-19 12:10:58,636 [INFO]   1年: 6套 147 笔, skipped={'no_pick': 12, 'no_t1': 0, 'no_panel': 0, 'breadth_low': 85, 'breadth_soft_no_hot': 6, 'index_late_down': 0, 'sector_late_down': 0, 'tail_vol_low': 0, 'vwap_below': 0, 'vwap_strict_uncovered': 0}
2026-07-19 12:10:58,637 [INFO] [回测 v4] 汇总开始 · 6套=147 累计t=13.6s
2026-07-19 12:10:58,637 [INFO] [回测 v4] 6套统计完 · t=13.6s
2026-07-19 12:10:58,645 [INFO] [回测 v4] 月度完 · 13月 · t=13.6s
2026-07-19 12:10:58,645 [INFO] [回测 v4] 退出原因完 · t=13.6s
2026-07-19 12:10:59,110 [INFO] [sector_breakdown] 耗时 0.5s, 147 笔
2026-07-19 12:10:59,113 [INFO] [回测 v4] 板块完 · 7 · t=14.1s
2026-07-19 12:10:59,114 [INFO] [回测 v4] 总评完 · t=14.1s
2026-07-19 12:10:59,114 [INFO] 回测 v4 完成: 6套 147 笔 · 14.08s · trail_80 胜率 70.75%
2026-07-19 12:10:59,114 [INFO] actual_10 跳过 (用户未开启) · t=14.1s
[12:10:59] [173/1000] 500_2_1_h1500_inf3_lhd0.7…
2026-07-19 12:10:59,599 [INFO] 全量 2999 只, 主板 500 只 (采样 500)
2026-07-19 12:10:59,603 [INFO] 交易日历: 333 天 (20250306~20260717)
2026-07-19 12:10:59,990 [INFO] [REG] daily(sample=500) 数据质量: 覆盖率 100% (498/500), 空值 2 (0%), 日期跨度 2024-11-21 00:00:00 ~ 20260717 (874 天)
2026-07-19 12:11:00,502 [INFO] WIN_RATE_V2 因子 · irs=0.482 vm20=0.334 reversal=0.013
2026-07-19 12:11:00,503 [INFO] master panel: 195314 行 (codes=498)
2026-07-19 12:11:00,581 [INFO] 大盘过滤: 871 天 · 硬跳过 229 天 / 软跳过 0 天 (估算自 500 主板采样)
2026-07-19 12:11:01,888 [INFO] 板块映射: 500 只 (其中无板块 0 只)
2026-07-19 12:11:10,994 [INFO] 索引完成: 498 codes × 874 dates, 板块均值 3883 条目
2026-07-19 12:11:11,020 [INFO]   1年: 6套 312 笔, skipped={'no_pick': 24, 'no_t1': 0, 'no_panel': 0, 'breadth_low': 55, 'breadth_soft_no_hot': 0, 'index_late_down': 0, 'sector_late_down': 0, 'tail_vol_low': 0, 'vwap_below': 0, 'vwap_strict_uncovered': 0}
2026-07-19 12:11:11,021 [INFO] [回测 v4] 汇总开始 · 6套=312 累计t=11.4s
2026-07-19 12:11:11,022 [INFO] [回测 v4] 6套统计完 · t=11.4s
2026-07-19 12:11:11,028 [INFO] [回测 v4] 月度完 · 13月 · t=11.4s
2026-07-19 12:11:11,028 [INFO] [回测 v4] 退出原因完 · t=11.4s
2026-07-19 12:11:11,764 [INFO] [sector_breakdown] 耗时 0.7s, 312 笔
2026-07-19 12:11:11,766 [INFO] [回测 v4] 板块完 · 7 · t=12.2s
2026-07-19 12:11:11,766 [INFO] [回测 v4] 总评完 · t=12.2s
2026-07-19 12:11:11,766 [INFO] 回测 v4 完成: 6套 312 笔 · 12.17s · trail_80 胜率 71.47%
2026-07-19 12:11:11,766 [INFO] actual_10 跳过 (用户未开启) · t=12.2s
[12:11:12] [174/1000] 500_1_3_h1500_inf5_lhd0.5…
2026-07-19 12:11:12,079 [INFO] 全量 2999 只, 主板 500 只 (采样 500)
2026-07-19 12:11:12,083 [INFO] 交易日历: 333 天 (20250306~20260717)
2026-07-19 12:11:12,436 [INFO] [REG] daily(sample=500) 数据质量: 覆盖率 100% (498/500), 空值 2 (0%), 日期跨度 2024-11-21 00:00:00 ~ 20260717 (874 天)
2026-07-19 12:11:12,805 [INFO] WIN_RATE_V2 因子 · irs=0.482 vm20=0.334 reversal=0.013
2026-07-19 12:11:12,806 [INFO] master panel: 195314 行 (codes=498)
2026-07-19 12:11:12,879 [INFO] 大盘过滤: 871 天 · 硬跳过 229 天 / 软跳过 0 天 (估算自 500 主板采样)
2026-07-19 12:11:14,094 [INFO] 板块映射: 500 只 (其中无板块 0 只)
2026-07-19 12:11:23,132 [INFO] 索引完成: 498 codes × 874 dates, 板块均值 3883 条目
2026-07-19 12:11:23,161 [INFO]   1年: 6套 188 笔, skipped={'no_pick': 7, 'no_t1': 0, 'no_panel': 0, 'breadth_low': 55, 'breadth_soft_no_hot': 0, 'index_late_down': 0, 'sector_late_down': 0, 'tail_vol_low': 0, 'vwap_below': 0, 'vwap_strict_uncovered': 0}
2026-07-19 12:11:23,162 [INFO] [回测 v4] 汇总开始 · 6套=188 累计t=11.1s
2026-07-19 12:11:23,163 [INFO] [回测 v4] 6套统计完 · t=11.1s
2026-07-19 12:11:23,169 [INFO] [回测 v4] 月度完 · 13月 · t=11.1s
2026-07-19 12:11:23,169 [INFO] [回测 v4] 退出原因完 · t=11.1s
2026-07-19 12:11:23,621 [INFO] [sector_breakdown] 耗时 0.5s, 188 笔
2026-07-19 12:11:23,623 [INFO] [回测 v4] 板块完 · 7 · t=11.5s
2026-07-19 12:11:23,623 [INFO] [回测 v4] 总评完 · t=11.5s
2026-07-19 12:11:23,623 [INFO] 回测 v4 完成: 6套 188 笔 · 11.55s · trail_80 胜率 72.87%
2026-07-19 12:11:23,623 [INFO] actual_10 跳过 (用户未开启) · t=11.5s
[12:11:23] [175/1000] 500_4_1_h2000_s3000_inf5_lhd0.7…
2026-07-19 12:11:23,938 [INFO] 全量 2999 只, 主板 500 只 (采样 500)
2026-07-19 12:11:23,942 [INFO] 交易日历: 333 天 (20250306~20260717)
2026-07-19 12:11:24,296 [INFO] [REG] daily(sample=500) 数据质量: 覆盖率 100% (498/500), 空值 2 (0%), 日期跨度 2024-11-21 00:00:00 ~ 20260717 (874 天)
2026-07-19 12:11:24,664 [INFO] WIN_RATE_V2 因子 · irs=0.482 vm20=0.334 reversal=0.013
2026-07-19 12:11:24,666 [INFO] master panel: 195314 行 (codes=498)
2026-07-19 12:11:24,737 [INFO] 大盘过滤: 871 天 · 硬跳过 314 天 / 软跳过 203 天 (估算自 500 主板采样)
2026-07-19 12:11:25,932 [INFO] 板块映射: 500 只 (其中无板块 0 只)
2026-07-19 12:11:35,011 [INFO] 索引完成: 498 codes × 874 dates, 板块均值 3883 条目
2026-07-19 12:11:35,038 [INFO]   1年: 6套 528 笔, skipped={'no_pick': 2, 'no_t1': 0, 'no_panel': 0, 'breadth_low': 85, 'breadth_soft_no_hot': 2, 'index_late_down': 0, 'sector_late_down': 0, 'tail_vol_low': 0, 'vwap_below': 0, 'vwap_strict_uncovered': 0}
2026-07-19 12:11:35,040 [INFO] [回测 v4] 汇总开始 · 6套=528 累计t=11.1s
2026-07-19 12:11:35,040 [INFO] [回测 v4] 6套统计完 · t=11.1s
2026-07-19 12:11:35,047 [INFO] [回测 v4] 月度完 · 13月 · t=11.1s
2026-07-19 12:11:35,047 [INFO] [回测 v4] 退出原因完 · t=11.1s
2026-07-19 12:11:36,344 [INFO] [sector_breakdown] 耗时 1.3s, 528 笔
2026-07-19 12:11:36,347 [INFO] [回测 v4] 板块完 · 7 · t=12.4s
2026-07-19 12:11:36,348 [INFO] [回测 v4] 总评完 · t=12.4s
2026-07-19 12:11:36,348 [INFO] equity_curve 采样 528 点 (step=1)
2026-07-19 12:11:36,348 [INFO] 回测 v4 完成: 6套 528 笔 · 12.41s · trail_80 胜率 72.73%
2026-07-19 12:11:36,348 [INFO] actual_10 跳过 (用户未开启) · t=12.4s
[12:11:36] [176/1000] 500_3_1_inf3_lhd0.7…
2026-07-19 12:11:36,681 [INFO] 全量 2999 只, 主板 500 只 (采样 500)
2026-07-19 12:11:36,684 [INFO] 交易日历: 333 天 (20250306~20260717)
2026-07-19 12:11:36,977 [INFO] [REG] daily(sample=500) 数据质量: 覆盖率 100% (498/500), 空值 2 (0%), 日期跨度 2024-11-21 00:00:00 ~ 20260717 (874 天)
2026-07-19 12:11:37,393 [INFO] WIN_RATE_V2 因子 · irs=0.482 vm20=0.334 reversal=0.013
2026-07-19 12:11:37,394 [INFO] master panel: 195314 行 (codes=498)
2026-07-19 12:11:38,731 [INFO] 板块映射: 500 只 (其中无板块 0 只)
2026-07-19 12:11:47,869 [INFO] 索引完成: 498 codes × 874 dates, 板块均值 3883 条目
2026-07-19 12:11:47,901 [INFO]   1年: 6套 482 笔, skipped={'no_pick': 45, 'no_t1': 0, 'no_panel': 0, 'breadth_low': 0, 'breadth_soft_no_hot': 0, 'index_late_down': 0, 'sector_late_down': 0, 'tail_vol_low': 0, 'vwap_below': 0, 'vwap_strict_uncovered': 0}
2026-07-19 12:11:47,902 [INFO] [回测 v4] 汇总开始 · 6套=482 累计t=11.2s
2026-07-19 12:11:47,903 [INFO] [回测 v4] 6套统计完 · t=11.2s
2026-07-19 12:11:47,909 [INFO] [回测 v4] 月度完 · 13月 · t=11.2s
2026-07-19 12:11:47,909 [INFO] [回测 v4] 退出原因完 · t=11.2s
2026-07-19 12:11:49,168 [INFO] [sector_breakdown] 耗时 1.3s, 482 笔
2026-07-19 12:11:49,170 [INFO] [回测 v4] 板块完 · 7 · t=12.5s
2026-07-19 12:11:49,171 [INFO] [回测 v4] 总评完 · t=12.5s
2026-07-19 12:11:49,171 [INFO] 回测 v4 完成: 6套 482 笔 · 12.49s · trail_80 胜率 72.41%
2026-07-19 12:11:49,171 [INFO] actual_10 跳过 (用户未开启) · t=12.5s
[12:11:49] [177/1000] 500_5_2_h2000_s3000_top3_inf5_lhd0.5…
2026-07-19 12:11:49,485 [INFO] 全量 2999 只, 主板 500 只 (采样 500)
2026-07-19 12:11:49,489 [INFO] 交易日历: 333 天 (20250306~20260717)
2026-07-19 12:11:49,822 [INFO] [REG] daily(sample=500) 数据质量: 覆盖率 100% (498/500), 空值 2 (0%), 日期跨度 2024-11-21 00:00:00 ~ 20260717 (874 天)
2026-07-19 12:11:50,255 [INFO] WIN_RATE_V2 因子 · irs=0.482 vm20=0.334 reversal=0.013
2026-07-19 12:11:50,257 [INFO] master panel: 195314 行 (codes=498)
2026-07-19 12:11:50,335 [INFO] 大盘过滤: 871 天 · 硬跳过 314 天 / 软跳过 203 天 (估算自 500 主板采样)
2026-07-19 12:11:51,731 [INFO] 板块映射: 500 只 (其中无板块 0 只)
2026-07-19 12:12:01,781 [INFO] 索引完成: 498 codes × 874 dates, 板块均值 3883 条目
2026-07-19 12:12:01,809 [INFO]   1年: 6套 514 笔, skipped={'no_pick': 2, 'no_t1': 0, 'no_panel': 0, 'breadth_low': 85, 'breadth_soft_no_hot': 13, 'index_late_down': 0, 'sector_late_down': 0, 'tail_vol_low': 0, 'vwap_below': 0, 'vwap_strict_uncovered': 0}
2026-07-19 12:12:01,810 [INFO] [回测 v4] 汇总开始 · 6套=514 累计t=12.3s
2026-07-19 12:12:01,811 [INFO] [回测 v4] 6套统计完 · t=12.3s
2026-07-19 12:12:01,818 [INFO] [回测 v4] 月度完 · 13月 · t=12.3s
2026-07-19 12:12:01,818 [INFO] [回测 v4] 退出原因完 · t=12.3s
2026-07-19 12:12:03,259 [INFO] [sector_breakdown] 耗时 1.4s, 514 笔
2026-07-19 12:12:03,262 [INFO] [回测 v4] 板块完 · 7 · t=13.8s
2026-07-19 12:12:03,262 [INFO] [回测 v4] 总评完 · t=13.8s
2026-07-19 12:12:03,262 [INFO] equity_curve 采样 514 点 (step=1)
2026-07-19 12:12:03,262 [INFO] 回测 v4 完成: 6套 514 笔 · 13.78s · trail_80 胜率 73.74%
2026-07-19 12:12:03,262 [INFO] actual_10 跳过 (用户未开启) · t=13.8s
[12:12:03] [178/1000] 500_4_2_h1500_s3000_top3_inf5_lhd0.7…
2026-07-19 12:12:03,633 [INFO] 全量 2999 只, 主板 500 只 (采样 500)
2026-07-19 12:12:03,637 [INFO] 交易日历: 333 天 (20250306~20260717)
2026-07-19 12:12:04,029 [INFO] [REG] daily(sample=500) 数据质量: 覆盖率 100% (498/500), 空值 2 (0%), 日期跨度 2024-11-21 00:00:00 ~ 20260717 (874 天)
2026-07-19 12:12:04,495 [INFO] WIN_RATE_V2 因子 · irs=0.482 vm20=0.334 reversal=0.013
2026-07-19 12:12:04,496 [INFO] master panel: 195314 行 (codes=498)
2026-07-19 12:12:04,568 [INFO] 大盘过滤: 871 天 · 硬跳过 229 天 / 软跳过 288 天 (估算自 500 主板采样)
2026-07-19 12:12:05,935 [INFO] 板块映射: 500 只 (其中无板块 0 只)
2026-07-19 12:12:15,801 [INFO] 索引完成: 498 codes × 874 dates, 板块均值 3883 条目
2026-07-19 12:12:15,838 [INFO]   1年: 6套 504 笔, skipped={'no_pick': 2, 'no_t1': 0, 'no_panel': 0, 'breadth_low': 55, 'breadth_soft_no_hot': 19, 'index_late_down': 0, 'sector_late_down': 0, 'tail_vol_low': 0, 'vwap_below': 0, 'vwap_strict_uncovered': 0}
2026-07-19 12:12:15,839 [INFO] [回测 v4] 汇总开始 · 6套=504 累计t=12.2s
2026-07-19 12:12:15,840 [INFO] [回测 v4] 6套统计完 · t=12.2s
2026-07-19 12:12:15,847 [INFO] [回测 v4] 月度完 · 13月 · t=12.2s
2026-07-19 12:12:15,847 [INFO] [回测 v4] 退出原因完 · t=12.2s
2026-07-19 12:12:17,200 [INFO] [sector_breakdown] 耗时 1.4s, 504 笔
2026-07-19 12:12:17,202 [INFO] [回测 v4] 板块完 · 7 · t=13.6s
2026-07-19 12:12:17,203 [INFO] [回测 v4] 总评完 · t=13.6s
2026-07-19 12:12:17,203 [INFO] equity_curve 采样 504 点 (step=1)
2026-07-19 12:12:17,203 [INFO] 回测 v4 完成: 6套 504 笔 · 13.57s · trail_80 胜率 73.61%
2026-07-19 12:12:17,203 [INFO] actual_10 跳过 (用户未开启) · t=13.6s
[12:12:17] [179/1000] 500_5_3_h2000_s3000_inf3…
2026-07-19 12:12:17,563 [INFO] 全量 2999 只, 主板 500 只 (采样 500)
2026-07-19 12:12:17,567 [INFO] 交易日历: 333 天 (20250306~20260717)
2026-07-19 12:12:17,959 [INFO] [REG] daily(sample=500) 数据质量: 覆盖率 100% (498/500), 空值 2 (0%), 日期跨度 2024-11-21 00:00:00 ~ 20260717 (874 天)
2026-07-19 12:12:18,274 [INFO] WIN_RATE_V2 因子 · irs=0.482 vm20=0.334 reversal=0.013
2026-07-19 12:12:18,275 [INFO] master panel: 195314 行 (codes=498)
2026-07-19 12:12:18,451 [INFO] 大盘过滤: 871 天 · 硬跳过 314 天 / 软跳过 203 天 (估算自 500 主板采样)
2026-07-19 12:12:19,937 [INFO] 板块映射: 500 只 (其中无板块 0 只)
2026-07-19 12:12:30,272 [INFO] 索引完成: 498 codes × 874 dates, 板块均值 3883 条目
2026-07-19 12:12:30,305 [INFO]   1年: 6套 470 笔, skipped={'no_pick': 12, 'no_t1': 0, 'no_panel': 0, 'breadth_low': 85, 'breadth_soft_no_hot': 6, 'index_late_down': 0, 'sector_late_down': 0, 'tail_vol_low': 0, 'vwap_below': 0, 'vwap_strict_uncovered': 0}
2026-07-19 12:12:30,307 [INFO] [回测 v4] 汇总开始 · 6套=470 累计t=12.8s
2026-07-19 12:12:30,308 [INFO] [回测 v4] 6套统计完 · t=12.8s
2026-07-19 12:12:30,315 [INFO] [回测 v4] 月度完 · 13月 · t=12.8s
2026-07-19 12:12:30,315 [INFO] [回测 v4] 退出原因完 · t=12.8s
2026-07-19 12:12:31,913 [INFO] [sector_breakdown] 耗时 1.6s, 470 笔
2026-07-19 12:12:31,916 [INFO] [回测 v4] 板块完 · 7 · t=14.4s
2026-07-19 12:12:31,916 [INFO] [回测 v4] 总评完 · t=14.4s
2026-07-19 12:12:31,916 [INFO] 回测 v4 完成: 6套 470 笔 · 14.36s · trail_80 胜率 72.77%
2026-07-19 12:12:31,916 [INFO] actual_10 跳过 (用户未开启) · t=14.4s
[12:12:32] [180/1000] 500_2_3_h2000_s3000_top5_inf3…
2026-07-19 12:12:32,342 [INFO] 全量 2999 只, 主板 500 只 (采样 500)
2026-07-19 12:12:32,348 [INFO] 交易日历: 333 天 (20250306~20260717)
2026-07-19 12:12:32,684 [INFO] [REG] daily(sample=500) 数据质量: 覆盖率 100% (498/500), 空值 2 (0%), 日期跨度 2024-11-21 00:00:00 ~ 20260717 (874 天)
2026-07-19 12:12:33,155 [INFO] WIN_RATE_V2 因子 · irs=0.482 vm20=0.334 reversal=0.013
2026-07-19 12:12:33,157 [INFO] master panel: 195314 行 (codes=498)
2026-07-19 12:12:33,240 [INFO] 大盘过滤: 871 天 · 硬跳过 314 天 / 软跳过 203 天 (估算自 500 主板采样)
2026-07-19 12:12:34,987 [INFO] 板块映射: 500 只 (其中无板块 0 只)
2026-07-19 12:12:45,240 [INFO] 索引完成: 498 codes × 874 dates, 板块均值 3883 条目
2026-07-19 12:12:45,273 [INFO]   1年: 6套 261 笔, skipped={'no_pick': 12, 'no_t1': 0, 'no_panel': 0, 'breadth_low': 85, 'breadth_soft_no_hot': 10, 'index_late_down': 0, 'sector_late_down': 0, 'tail_vol_low': 0, 'vwap_below': 0, 'vwap_strict_uncovered': 0}
2026-07-19 12:12:45,275 [INFO] [回测 v4] 汇总开始 · 6套=261 累计t=12.9s
2026-07-19 12:12:45,275 [INFO] [回测 v4] 6套统计完 · t=12.9s
2026-07-19 12:12:45,283 [INFO] [回测 v4] 月度完 · 13月 · t=12.9s
2026-07-19 12:12:45,284 [INFO] [回测 v4] 退出原因完 · t=12.9s
2026-07-19 12:12:46,156 [INFO] [sector_breakdown] 耗时 0.9s, 261 笔
2026-07-19 12:12:46,159 [INFO] [回测 v4] 板块完 · 7 · t=13.8s
2026-07-19 12:12:46,159 [INFO] [回测 v4] 总评完 · t=13.8s
2026-07-19 12:12:46,159 [INFO] 回测 v4 完成: 6套 261 笔 · 13.82s · trail_80 胜率 72.03%
2026-07-19 12:12:46,159 [INFO] actual_10 跳过 (用户未开启) · t=13.8s
[12:12:46] [181/1000] 500_5_3_h2000_s3000_top8_inf3…
2026-07-19 12:12:46,592 [INFO] 全量 2999 只, 主板 500 只 (采样 500)
2026-07-19 12:12:46,597 [INFO] 交易日历: 333 天 (20250306~20260717)
2026-07-19 12:12:46,946 [INFO] [REG] daily(sample=500) 数据质量: 覆盖率 100% (498/500), 空值 2 (0%), 日期跨度 2024-11-21 00:00:00 ~ 20260717 (874 天)
2026-07-19 12:12:47,437 [INFO] WIN_RATE_V2 因子 · irs=0.482 vm20=0.334 reversal=0.013
2026-07-19 12:12:47,439 [INFO] master panel: 195314 行 (codes=498)
2026-07-19 12:12:47,523 [INFO] 大盘过滤: 871 天 · 硬跳过 314 天 / 软跳过 203 天 (估算自 500 主板采样)
2026-07-19 12:12:49,283 [INFO] 板块映射: 500 只 (其中无板块 0 只)
2026-07-19 12:12:59,523 [INFO] 索引完成: 498 codes × 874 dates, 板块均值 3883 条目
2026-07-19 12:12:59,560 [INFO]   1年: 6套 470 笔, skipped={'no_pick': 12, 'no_t1': 0, 'no_panel': 0, 'breadth_low': 85, 'breadth_soft_no_hot': 6, 'index_late_down': 0, 'sector_late_down': 0, 'tail_vol_low': 0, 'vwap_below': 0, 'vwap_strict_uncovered': 0}
2026-07-19 12:12:59,561 [INFO] [回测 v4] 汇总开始 · 6套=470 累计t=13.0s
2026-07-19 12:12:59,563 [INFO] [回测 v4] 6套统计完 · t=13.0s
2026-07-19 12:12:59,570 [INFO] [回测 v4] 月度完 · 13月 · t=13.0s
2026-07-19 12:12:59,571 [INFO] [回测 v4] 退出原因完 · t=13.0s
2026-07-19 12:13:01,173 [INFO] [sector_breakdown] 耗时 1.6s, 470 笔
2026-07-19 12:13:01,177 [INFO] [回测 v4] 板块完 · 7 · t=14.6s
2026-07-19 12:13:01,179 [INFO] [回测 v4] 总评完 · t=14.6s
2026-07-19 12:13:01,179 [INFO] 回测 v4 完成: 6套 470 笔 · 14.59s · trail_80 胜率 72.77%
2026-07-19 12:13:01,179 [INFO] actual_10 跳过 (用户未开启) · t=14.6s
[12:13:01] [182/1000] 500_4_2_h2000_s3000_top3_inf5_lhd0.5…
2026-07-19 12:13:01,732 [INFO] 全量 2999 只, 主板 500 只 (采样 500)
2026-07-19 12:13:01,740 [INFO] 交易日历: 333 天 (20250306~20260717)
2026-07-19 12:13:02,255 [INFO] [REG] daily(sample=500) 数据质量: 覆盖率 100% (498/500), 空值 2 (0%), 日期跨度 2024-11-21 00:00:00 ~ 20260717 (874 天)
2026-07-19 12:13:02,774 [INFO] WIN_RATE_V2 因子 · irs=0.482 vm20=0.334 reversal=0.013
2026-07-19 12:13:02,776 [INFO] master panel: 195314 行 (codes=498)
2026-07-19 12:13:02,863 [INFO] 大盘过滤: 871 天 · 硬跳过 314 天 / 软跳过 203 天 (估算自 500 主板采样)
2026-07-19 12:13:04,567 [INFO] 板块映射: 500 只 (其中无板块 0 只)
2026-07-19 12:13:15,165 [INFO] 索引完成: 498 codes × 874 dates, 板块均值 3883 条目
2026-07-19 12:13:15,198 [INFO]   1年: 6套 455 笔, skipped={'no_pick': 2, 'no_t1': 0, 'no_panel': 0, 'breadth_low': 85, 'breadth_soft_no_hot': 13, 'index_late_down': 0, 'sector_late_down': 0, 'tail_vol_low': 0, 'vwap_below': 0, 'vwap_strict_uncovered': 0}
2026-07-19 12:13:15,199 [INFO] [回测 v4] 汇总开始 · 6套=455 累计t=13.5s
2026-07-19 12:13:15,201 [INFO] [回测 v4] 6套统计完 · t=13.5s
2026-07-19 12:13:15,209 [INFO] [回测 v4] 月度完 · 13月 · t=13.5s
2026-07-19 12:13:15,209 [INFO] [回测 v4] 退出原因完 · t=13.5s
2026-07-19 12:13:16,693 [INFO] [sector_breakdown] 耗时 1.5s, 455 笔
2026-07-19 12:13:16,696 [INFO] [回测 v4] 板块完 · 7 · t=15.0s
2026-07-19 12:13:16,697 [INFO] [回测 v4] 总评完 · t=15.0s
2026-07-19 12:13:16,697 [INFO] 回测 v4 完成: 6套 455 笔 · 14.97s · trail_80 胜率 72.97%
2026-07-19 12:13:16,697 [INFO] actual_10 跳过 (用户未开启) · t=15.0s
[12:13:17] [183/1000] 500_1_3_h2000_s3000_top5_inf3_lhd0.5…
2026-07-19 12:13:17,168 [INFO] 全量 2999 只, 主板 500 只 (采样 500)
2026-07-19 12:13:17,172 [INFO] 交易日历: 333 天 (20250306~20260717)
2026-07-19 12:13:17,684 [INFO] [REG] daily(sample=500) 数据质量: 覆盖率 100% (498/500), 空值 2 (0%), 日期跨度 2024-11-21 00:00:00 ~ 20260717 (874 天)
2026-07-19 12:13:18,198 [INFO] WIN_RATE_V2 因子 · irs=0.482 vm20=0.334 reversal=0.013
2026-07-19 12:13:18,199 [INFO] master panel: 195314 行 (codes=498)
2026-07-19 12:13:18,284 [INFO] 大盘过滤: 871 天 · 硬跳过 314 天 / 软跳过 203 天 (估算自 500 主板采样)
2026-07-19 12:13:19,985 [INFO] 板块映射: 500 只 (其中无板块 0 只)
2026-07-19 12:13:30,423 [INFO] 索引完成: 498 codes × 874 dates, 板块均值 3883 条目
2026-07-19 12:13:30,461 [INFO]   1年: 6套 143 笔, skipped={'no_pick': 12, 'no_t1': 0, 'no_panel': 0, 'breadth_low': 85, 'breadth_soft_no_hot': 10, 'index_late_down': 0, 'sector_late_down': 0, 'tail_vol_low': 0, 'vwap_below': 0, 'vwap_strict_uncovered': 0}
2026-07-19 12:13:30,463 [INFO] [回测 v4] 汇总开始 · 6套=143 累计t=13.3s
2026-07-19 12:13:30,463 [INFO] [回测 v4] 6套统计完 · t=13.3s
2026-07-19 12:13:30,471 [INFO] [回测 v4] 月度完 · 13月 · t=13.3s
2026-07-19 12:13:30,471 [INFO] [回测 v4] 退出原因完 · t=13.3s
2026-07-19 12:13:31,009 [INFO] [sector_breakdown] 耗时 0.5s, 143 笔
2026-07-19 12:13:31,011 [INFO] [回测 v4] 板块完 · 7 · t=13.8s
2026-07-19 12:13:31,011 [INFO] [回测 v4] 总评完 · t=13.8s
2026-07-19 12:13:31,011 [INFO] 回测 v4 完成: 6套 143 笔 · 13.85s · trail_80 胜率 71.33%
2026-07-19 12:13:31,011 [INFO] actual_10 跳过 (用户未开启) · t=13.8s
[12:13:31] [184/1000] 500_5_3_inf3_lhd0.7…
2026-07-19 12:13:31,413 [INFO] 全量 2999 只, 主板 500 只 (采样 500)
2026-07-19 12:13:31,417 [INFO] 交易日历: 333 天 (20250306~20260717)
2026-07-19 12:13:31,797 [INFO] [REG] daily(sample=500) 数据质量: 覆盖率 100% (498/500), 空值 2 (0%), 日期跨度 2024-11-21 00:00:00 ~ 20260717 (874 天)
2026-07-19 12:13:32,317 [INFO] WIN_RATE_V2 因子 · irs=0.482 vm20=0.334 reversal=0.013
2026-07-19 12:13:32,319 [INFO] master panel: 195314 行 (codes=498)
2026-07-19 12:13:34,031 [INFO] 板块映射: 500 只 (其中无板块 0 只)
2026-07-19 12:13:44,262 [INFO] 索引完成: 498 codes × 874 dates, 板块均值 3883 条目
2026-07-19 12:13:44,312 [INFO]   1年: 6套 609 笔, skipped={'no_pick': 45, 'no_t1': 0, 'no_panel': 0, 'breadth_low': 0, 'breadth_soft_no_hot': 0, 'index_late_down': 0, 'sector_late_down': 0, 'tail_vol_low': 0, 'vwap_below': 0, 'vwap_strict_uncovered': 0}
2026-07-19 12:13:44,313 [INFO] [回测 v4] 汇总开始 · 6套=609 累计t=12.9s
2026-07-19 12:13:44,315 [INFO] [回测 v4] 6套统计完 · t=12.9s
2026-07-19 12:13:44,323 [INFO] [回测 v4] 月度完 · 13月 · t=12.9s
2026-07-19 12:13:44,323 [INFO] [回测 v4] 退出原因完 · t=12.9s
2026-07-19 12:13:46,396 [INFO] [sector_breakdown] 耗时 2.1s, 609 笔
2026-07-19 12:13:46,401 [INFO] [回测 v4] 板块完 · 7 · t=15.0s
2026-07-19 12:13:46,401 [INFO] [回测 v4] 总评完 · t=15.0s
2026-07-19 12:13:46,401 [INFO] equity_curve 采样 609 点 (step=1)
2026-07-19 12:13:46,401 [INFO] 回测 v4 完成: 6套 609 笔 · 14.99s · trail_80 胜率 73.07%
2026-07-19 12:13:46,401 [INFO] actual_10 跳过 (用户未开启) · t=15.0s
[12:13:46] [185/1000] 500_5_1_h2000_s3000_inf3_lhd0.5…
2026-07-19 12:13:46,895 [INFO] 全量 2999 只, 主板 500 只 (采样 500)
2026-07-19 12:13:46,900 [INFO] 交易日历: 333 天 (20250306~20260717)
2026-07-19 12:13:47,262 [INFO] [REG] daily(sample=500) 数据质量: 覆盖率 100% (498/500), 空值 2 (0%), 日期跨度 2024-11-21 00:00:00 ~ 20260717 (874 天)
2026-07-19 12:13:47,729 [INFO] WIN_RATE_V2 因子 · irs=0.482 vm20=0.334 reversal=0.013
2026-07-19 12:13:47,730 [INFO] master panel: 195314 行 (codes=498)
2026-07-19 12:13:47,816 [INFO] 大盘过滤: 871 天 · 硬跳过 314 天 / 软跳过 203 天 (估算自 500 主板采样)
2026-07-19 12:13:49,437 [INFO] 板块映射: 500 只 (其中无板块 0 只)
2026-07-19 12:13:59,101 [INFO] 索引完成: 498 codes × 874 dates, 板块均值 3883 条目
2026-07-19 12:13:59,128 [INFO]   1年: 6套 470 笔, skipped={'no_pick': 12, 'no_t1': 0, 'no_panel': 0, 'breadth_low': 85, 'breadth_soft_no_hot': 6, 'index_late_down': 0, 'sector_late_down': 0, 'tail_vol_low': 0, 'vwap_below': 0, 'vwap_strict_uncovered': 0}
2026-07-19 12:13:59,129 [INFO] [回测 v4] 汇总开始 · 6套=470 累计t=12.2s
2026-07-19 12:13:59,130 [INFO] [回测 v4] 6套统计完 · t=12.2s
2026-07-19 12:13:59,137 [INFO] [回测 v4] 月度完 · 13月 · t=12.2s
2026-07-19 12:13:59,137 [INFO] [回测 v4] 退出原因完 · t=12.2s
2026-07-19 12:14:00,334 [INFO] [sector_breakdown] 耗时 1.2s, 470 笔
2026-07-19 12:14:00,336 [INFO] [回测 v4] 板块完 · 7 · t=13.4s
2026-07-19 12:14:00,337 [INFO] [回测 v4] 总评完 · t=13.4s
2026-07-19 12:14:00,337 [INFO] 回测 v4 完成: 6套 470 笔 · 13.44s · trail_80 胜率 72.77%
2026-07-19 12:14:00,337 [INFO] actual_10 跳过 (用户未开启) · t=13.4s
[12:14:00] [186/1000] 500_3_1_h1500_s3000_top3_inf3_lhd0.5…
2026-07-19 12:14:00,680 [INFO] 全量 2999 只, 主板 500 只 (采样 500)
2026-07-19 12:14:00,684 [INFO] 交易日历: 333 天 (20250306~20260717)
2026-07-19 12:14:01,069 [INFO] [REG] daily(sample=500) 数据质量: 覆盖率 100% (498/500), 空值 2 (0%), 日期跨度 2024-11-21 00:00:00 ~ 20260717 (874 天)
2026-07-19 12:14:01,458 [INFO] WIN_RATE_V2 因子 · irs=0.482 vm20=0.334 reversal=0.013
2026-07-19 12:14:01,459 [INFO] master panel: 195314 行 (codes=498)
2026-07-19 12:14:01,530 [INFO] 大盘过滤: 871 天 · 硬跳过 229 天 / 软跳过 288 天 (估算自 500 主板采样)
2026-07-19 12:14:02,889 [INFO] 板块映射: 500 只 (其中无板块 0 只)
2026-07-19 12:14:12,418 [INFO] 索引完成: 498 codes × 874 dates, 板块均值 3883 条目
2026-07-19 12:14:12,456 [INFO]   1年: 6套 346 笔, skipped={'no_pick': 12, 'no_t1': 0, 'no_panel': 0, 'breadth_low': 55, 'breadth_soft_no_hot': 31, 'index_late_down': 0, 'sector_late_down': 0, 'tail_vol_low': 0, 'vwap_below': 0, 'vwap_strict_uncovered': 0}
2026-07-19 12:14:12,457 [INFO] [回测 v4] 汇总开始 · 6套=346 累计t=11.8s
2026-07-19 12:14:12,458 [INFO] [回测 v4] 6套统计完 · t=11.8s
2026-07-19 12:14:12,465 [INFO] [回测 v4] 月度完 · 13月 · t=11.8s
2026-07-19 12:14:12,465 [INFO] [回测 v4] 退出原因完 · t=11.8s
2026-07-19 12:14:13,353 [INFO] [sector_breakdown] 耗时 0.9s, 346 笔
2026-07-19 12:14:13,355 [INFO] [回测 v4] 板块完 · 7 · t=12.7s
2026-07-19 12:14:13,355 [INFO] [回测 v4] 总评完 · t=12.7s
2026-07-19 12:14:13,355 [INFO] 回测 v4 完成: 6套 346 笔 · 12.68s · trail_80 胜率 74.28%
2026-07-19 12:14:13,355 [INFO] actual_10 跳过 (用户未开启) · t=12.7s
[12:14:13] [187/1000] 500_5_3_h1500_s3000_top3_inf3…
2026-07-19 12:14:13,658 [INFO] 全量 2999 只, 主板 500 只 (采样 500)
2026-07-19 12:14:13,663 [INFO] 交易日历: 333 天 (20250306~20260717)
2026-07-19 12:14:14,015 [INFO] [REG] daily(sample=500) 数据质量: 覆盖率 100% (498/500), 空值 2 (0%), 日期跨度 2024-11-21 00:00:00 ~ 20260717 (874 天)
2026-07-19 12:14:14,313 [INFO] WIN_RATE_V2 因子 · irs=0.482 vm20=0.334 reversal=0.013
2026-07-19 12:14:14,314 [INFO] master panel: 195314 行 (codes=498)
2026-07-19 12:14:14,449 [INFO] 大盘过滤: 871 天 · 硬跳过 229 天 / 软跳过 288 天 (估算自 500 主板采样)
2026-07-19 12:14:15,670 [INFO] 板块映射: 500 只 (其中无板块 0 只)
2026-07-19 12:14:25,273 [INFO] 索引完成: 498 codes × 874 dates, 板块均值 3883 条目
2026-07-19 12:14:25,301 [INFO]   1年: 6套 437 笔, skipped={'no_pick': 12, 'no_t1': 0, 'no_panel': 0, 'breadth_low': 55, 'breadth_soft_no_hot': 31, 'index_late_down': 0, 'sector_late_down': 0, 'tail_vol_low': 0, 'vwap_below': 0, 'vwap_strict_uncovered': 0}
2026-07-19 12:14:25,302 [INFO] [回测 v4] 汇总开始 · 6套=437 累计t=11.6s
2026-07-19 12:14:25,303 [INFO] [回测 v4] 6套统计完 · t=11.6s
2026-07-19 12:14:25,310 [INFO] [回测 v4] 月度完 · 13月 · t=11.7s
2026-07-19 12:14:25,310 [INFO] [回测 v4] 退出原因完 · t=11.7s
2026-07-19 12:14:26,370 [INFO] [sector_breakdown] 耗时 1.1s, 437 笔
2026-07-19 12:14:26,372 [INFO] [回测 v4] 板块完 · 7 · t=12.7s
2026-07-19 12:14:26,373 [INFO] [回测 v4] 总评完 · t=12.7s
2026-07-19 12:14:26,373 [INFO] 回测 v4 完成: 6套 437 笔 · 12.72s · trail_80 胜率 74.6%
2026-07-19 12:14:26,373 [INFO] actual_10 跳过 (用户未开启) · t=12.7s
[12:14:26] [188/1000] 500_2_3_h2000_s3000_inf5_lhd0.5…
2026-07-19 12:14:26,686 [INFO] 全量 2999 只, 主板 500 只 (采样 500)
2026-07-19 12:14:26,690 [INFO] 交易日历: 333 天 (20250306~20260717)
2026-07-19 12:14:26,973 [INFO] [REG] daily(sample=500) 数据质量: 覆盖率 100% (498/500), 空值 2 (0%), 日期跨度 2024-11-21 00:00:00 ~ 20260717 (874 天)
2026-07-19 12:14:27,339 [INFO] WIN_RATE_V2 因子 · irs=0.482 vm20=0.334 reversal=0.013
2026-07-19 12:14:27,340 [INFO] master panel: 195314 行 (codes=498)
2026-07-19 12:14:27,412 [INFO] 大盘过滤: 871 天 · 硬跳过 314 天 / 软跳过 203 天 (估算自 500 主板采样)
2026-07-19 12:14:28,606 [INFO] 板块映射: 500 只 (其中无板块 0 只)
2026-07-19 12:14:37,658 [INFO] 索引完成: 498 codes × 874 dates, 板块均值 3883 条目
2026-07-19 12:14:37,684 [INFO]   1年: 6套 310 笔, skipped={'no_pick': 2, 'no_t1': 0, 'no_panel': 0, 'breadth_low': 85, 'breadth_soft_no_hot': 2, 'index_late_down': 0, 'sector_late_down': 0, 'tail_vol_low': 0, 'vwap_below': 0, 'vwap_strict_uncovered': 0}
2026-07-19 12:14:37,685 [INFO] [回测 v4] 汇总开始 · 6套=310 累计t=11.0s
2026-07-19 12:14:37,686 [INFO] [回测 v4] 6套统计完 · t=11.0s
2026-07-19 12:14:37,692 [INFO] [回测 v4] 月度完 · 13月 · t=11.0s
2026-07-19 12:14:37,692 [INFO] [回测 v4] 退出原因完 · t=11.0s
2026-07-19 12:14:38,470 [INFO] [sector_breakdown] 耗时 0.8s, 310 笔
2026-07-19 12:14:38,472 [INFO] [回测 v4] 板块完 · 7 · t=11.8s
2026-07-19 12:14:38,473 [INFO] [回测 v4] 总评完 · t=11.8s
2026-07-19 12:14:38,473 [INFO] 回测 v4 完成: 6套 310 笔 · 11.79s · trail_80 胜率 72.26%
2026-07-19 12:14:38,473 [INFO] actual_10 跳过 (用户未开启) · t=11.8s
[12:14:38] [189/1000] 500_5_2_h2000_s3000_top5_lhd0.5…
2026-07-19 12:14:38,790 [INFO] 全量 2999 只, 主板 500 只 (采样 500)
2026-07-19 12:14:38,794 [INFO] 交易日历: 333 天 (20250306~20260717)
2026-07-19 12:14:39,164 [INFO] [REG] daily(sample=500) 数据质量: 覆盖率 100% (498/500), 空值 2 (0%), 日期跨度 2024-11-21 00:00:00 ~ 20260717 (874 天)
2026-07-19 12:14:39,550 [INFO] WIN_RATE_V2 因子 · irs=0.482 vm20=0.334 reversal=0.013
2026-07-19 12:14:39,551 [INFO] master panel: 195314 行 (codes=498)
2026-07-19 12:14:39,623 [INFO] 大盘过滤: 871 天 · 硬跳过 314 天 / 软跳过 203 天 (估算自 500 主板采样)
2026-07-19 12:14:41,060 [INFO] 板块映射: 500 只 (其中无板块 0 只)
2026-07-19 12:14:50,161 [INFO] 索引完成: 498 codes × 874 dates, 板块均值 3883 条目
2026-07-19 12:14:50,188 [INFO]   1年: 6套 668 笔, skipped={'no_pick': 1, 'no_t1': 0, 'no_panel': 0, 'breadth_low': 85, 'breadth_soft_no_hot': 0, 'index_late_down': 0, 'sector_late_down': 0, 'tail_vol_low': 0, 'vwap_below': 0, 'vwap_strict_uncovered': 0}
2026-07-19 12:14:50,190 [INFO] [回测 v4] 汇总开始 · 6套=668 累计t=11.4s
2026-07-19 12:14:50,191 [INFO] [回测 v4] 6套统计完 · t=11.4s
2026-07-19 12:14:50,198 [INFO] [回测 v4] 月度完 · 13月 · t=11.4s
2026-07-19 12:14:50,198 [INFO] [回测 v4] 退出原因完 · t=11.4s
2026-07-19 12:14:51,761 [INFO] [sector_breakdown] 耗时 1.6s, 668 笔
2026-07-19 12:14:51,764 [INFO] [回测 v4] 板块完 · 7 · t=13.0s
2026-07-19 12:14:51,765 [INFO] [回测 v4] 总评完 · t=13.0s
2026-07-19 12:14:51,765 [INFO] equity_curve 采样 668 点 (step=1)
2026-07-19 12:14:51,765 [INFO] 回测 v4 完成: 6套 668 笔 · 12.98s · trail_80 胜率 75.0%
2026-07-19 12:14:51,765 [INFO] actual_10 跳过 (用户未开启) · t=13.0s
[12:14:52] [190/1000] 500_1_2_h2000_s3000_top3_inf5_lhd0.7…
2026-07-19 12:14:52,098 [INFO] 全量 2999 只, 主板 500 只 (采样 500)
2026-07-19 12:14:52,102 [INFO] 交易日历: 333 天 (20250306~20260717)
2026-07-19 12:14:52,475 [INFO] [REG] daily(sample=500) 数据质量: 覆盖率 100% (498/500), 空值 2 (0%), 日期跨度 2024-11-21 00:00:00 ~ 20260717 (874 天)
2026-07-19 12:14:52,781 [INFO] WIN_RATE_V2 因子 · irs=0.482 vm20=0.334 reversal=0.013
2026-07-19 12:14:52,782 [INFO] master panel: 195314 行 (codes=498)
2026-07-19 12:14:52,932 [INFO] 大盘过滤: 871 天 · 硬跳过 314 天 / 软跳过 203 天 (估算自 500 主板采样)
2026-07-19 12:14:54,081 [INFO] 板块映射: 500 只 (其中无板块 0 只)
2026-07-19 12:15:03,487 [INFO] 索引完成: 498 codes × 874 dates, 板块均值 3883 条目
2026-07-19 12:15:03,511 [INFO]   1年: 6套 150 笔, skipped={'no_pick': 2, 'no_t1': 0, 'no_panel': 0, 'breadth_low': 85, 'breadth_soft_no_hot': 13, 'index_late_down': 0, 'sector_late_down': 0, 'tail_vol_low': 0, 'vwap_below': 0, 'vwap_strict_uncovered': 0}
2026-07-19 12:15:03,512 [INFO] [回测 v4] 汇总开始 · 6套=150 累计t=11.4s
2026-07-19 12:15:03,513 [INFO] [回测 v4] 6套统计完 · t=11.4s
2026-07-19 12:15:03,519 [INFO] [回测 v4] 月度完 · 13月 · t=11.4s
2026-07-19 12:15:03,519 [INFO] [回测 v4] 退出原因完 · t=11.4s
2026-07-19 12:15:03,871 [INFO] [sector_breakdown] 耗时 0.4s, 150 笔
2026-07-19 12:15:03,873 [INFO] [回测 v4] 板块完 · 7 · t=11.8s
2026-07-19 12:15:03,873 [INFO] [回测 v4] 总评完 · t=11.8s
2026-07-19 12:15:03,873 [INFO] 回测 v4 完成: 6套 150 笔 · 11.78s · trail_80 胜率 74.67%
2026-07-19 12:15:03,873 [INFO] actual_10 跳过 (用户未开启) · t=11.8s
[12:15:04] [191/1000] 500_4_3_h2000_s3000_lhd0.5…
2026-07-19 12:15:04,195 [INFO] 全量 2999 只, 主板 500 只 (采样 500)
2026-07-19 12:15:04,202 [INFO] 交易日历: 333 天 (20250306~20260717)
2026-07-19 12:15:04,492 [INFO] [REG] daily(sample=500) 数据质量: 覆盖率 100% (498/500), 空值 2 (0%), 日期跨度 2024-11-21 00:00:00 ~ 20260717 (874 天)
2026-07-19 12:15:04,869 [INFO] WIN_RATE_V2 因子 · irs=0.482 vm20=0.334 reversal=0.013
2026-07-19 12:15:04,871 [INFO] master panel: 195314 行 (codes=498)
2026-07-19 12:15:04,942 [INFO] 大盘过滤: 871 天 · 硬跳过 314 天 / 软跳过 203 天 (估算自 500 主板采样)
2026-07-19 12:15:14,157 [INFO] 索引完成: 498 codes × 874 dates, 板块均值 0 条目
2026-07-19 12:15:14,190 [INFO]   1年: 6套 587 笔, skipped={'no_pick': 1, 'no_t1': 0, 'no_panel': 0, 'breadth_low': 85, 'breadth_soft_no_hot': 0, 'index_late_down': 0, 'sector_late_down': 0, 'tail_vol_low': 0, 'vwap_below': 0, 'vwap_strict_uncovered': 0}
2026-07-19 12:15:14,191 [INFO] [回测 v4] 汇总开始 · 6套=587 累计t=10.0s
2026-07-19 12:15:14,192 [INFO] [回测 v4] 6套统计完 · t=10.0s
2026-07-19 12:15:14,200 [INFO] [回测 v4] 月度完 · 13月 · t=10.0s
2026-07-19 12:15:14,200 [INFO] [回测 v4] 退出原因完 · t=10.0s
2026-07-19 12:15:15,809 [INFO] [sector_breakdown] 耗时 1.6s, 587 笔
2026-07-19 12:15:15,814 [INFO] [回测 v4] 板块完 · 7 · t=11.6s
2026-07-19 12:15:15,815 [INFO] [回测 v4] 总评完 · t=11.6s
2026-07-19 12:15:15,815 [INFO] equity_curve 采样 587 点 (step=1)
2026-07-19 12:15:15,815 [INFO] 回测 v4 完成: 6套 587 笔 · 11.62s · trail_80 胜率 74.96%
2026-07-19 12:15:15,815 [INFO] actual_10 跳过 (用户未开启) · t=11.6s
[12:15:16] [192/1000] 500_4_1_h1500_lhd0.5…
2026-07-19 12:15:16,309 [INFO] 全量 2999 只, 主板 500 只 (采样 500)
2026-07-19 12:15:16,314 [INFO] 交易日历: 333 天 (20250306~20260717)
2026-07-19 12:15:16,850 [INFO] [REG] daily(sample=500) 数据质量: 覆盖率 100% (498/500), 空值 2 (0%), 日期跨度 2024-11-21 00:00:00 ~ 20260717 (874 天)
2026-07-19 12:15:17,353 [INFO] WIN_RATE_V2 因子 · irs=0.482 vm20=0.334 reversal=0.013
2026-07-19 12:15:17,355 [INFO] master panel: 195314 行 (codes=498)
2026-07-19 12:15:17,443 [INFO] 大盘过滤: 871 天 · 硬跳过 229 天 / 软跳过 0 天 (估算自 500 主板采样)
2026-07-19 12:15:27,226 [INFO] 索引完成: 498 codes × 874 dates, 板块均值 0 条目
2026-07-19 12:15:27,269 [INFO]   1年: 6套 681 笔, skipped={'no_pick': 3, 'no_t1': 0, 'no_panel': 0, 'breadth_low': 55, 'breadth_soft_no_hot': 0, 'index_late_down': 0, 'sector_late_down': 0, 'tail_vol_low': 0, 'vwap_below': 0, 'vwap_strict_uncovered': 0}
2026-07-19 12:15:27,271 [INFO] [回测 v4] 汇总开始 · 6套=681 累计t=11.0s
2026-07-19 12:15:27,272 [INFO] [回测 v4] 6套统计完 · t=11.0s
2026-07-19 12:15:27,281 [INFO] [回测 v4] 月度完 · 13月 · t=11.0s
2026-07-19 12:15:27,281 [INFO] [回测 v4] 退出原因完 · t=11.0s
2026-07-19 12:15:29,248 [INFO] [sector_breakdown] 耗时 2.0s, 681 笔
2026-07-19 12:15:29,253 [INFO] [回测 v4] 板块完 · 7 · t=12.9s
2026-07-19 12:15:29,253 [INFO] [回测 v4] 总评完 · t=12.9s
2026-07-19 12:15:29,254 [INFO] equity_curve 采样 681 点 (step=1)
2026-07-19 12:15:29,254 [INFO] 回测 v4 完成: 6套 681 笔 · 12.95s · trail_80 胜率 74.89%
2026-07-19 12:15:29,254 [INFO] actual_10 跳过 (用户未开启) · t=12.9s
[12:15:29] [193/1000] 500_2_3_inf3…
2026-07-19 12:15:29,655 [INFO] 全量 2999 只, 主板 500 只 (采样 500)
2026-07-19 12:15:29,659 [INFO] 交易日历: 333 天 (20250306~20260717)
2026-07-19 12:15:30,128 [INFO] [REG] daily(sample=500) 数据质量: 覆盖率 100% (498/500), 空值 2 (0%), 日期跨度 2024-11-21 00:00:00 ~ 20260717 (874 天)
2026-07-19 12:15:30,490 [INFO] WIN_RATE_V2 因子 · irs=0.482 vm20=0.334 reversal=0.013
2026-07-19 12:15:30,492 [INFO] master panel: 195314 行 (codes=498)
2026-07-19 12:15:31,937 [INFO] 板块映射: 500 只 (其中无板块 0 只)
2026-07-19 12:15:42,428 [INFO] 索引完成: 498 codes × 874 dates, 板块均值 3883 条目
2026-07-19 12:15:42,478 [INFO]   1年: 6套 368 笔, skipped={'no_pick': 45, 'no_t1': 0, 'no_panel': 0, 'breadth_low': 0, 'breadth_soft_no_hot': 0, 'index_late_down': 0, 'sector_late_down': 0, 'tail_vol_low': 0, 'vwap_below': 0, 'vwap_strict_uncovered': 0}
2026-07-19 12:15:42,479 [INFO] [回测 v4] 汇总开始 · 6套=368 累计t=12.8s
2026-07-19 12:15:42,480 [INFO] [回测 v4] 6套统计完 · t=12.8s
2026-07-19 12:15:42,489 [INFO] [回测 v4] 月度完 · 13月 · t=12.8s
2026-07-19 12:15:42,489 [INFO] [回测 v4] 退出原因完 · t=12.8s
2026-07-19 12:15:43,542 [INFO] [sector_breakdown] 耗时 1.1s, 368 笔
2026-07-19 12:15:43,545 [INFO] [回测 v4] 板块完 · 7 · t=13.9s
2026-07-19 12:15:43,546 [INFO] [回测 v4] 总评完 · t=13.9s
2026-07-19 12:15:43,546 [INFO] 回测 v4 完成: 6套 368 笔 · 13.89s · trail_80 胜率 71.2%
2026-07-19 12:15:43,546 [INFO] actual_10 跳过 (用户未开启) · t=13.9s
[12:15:44] [194/1000] 500_2_1_h1500_s3000_top3_inf5_lhd0.7…
2026-07-19 12:15:44,243 [INFO] 全量 2999 只, 主板 500 只 (采样 500)
2026-07-19 12:15:44,248 [INFO] 交易日历: 333 天 (20250306~20260717)
2026-07-19 12:15:44,658 [INFO] [REG] daily(sample=500) 数据质量: 覆盖率 100% (498/500), 空值 2 (0%), 日期跨度 2024-11-21 00:00:00 ~ 20260717 (874 天)
2026-07-19 12:15:45,231 [INFO] WIN_RATE_V2 因子 · irs=0.482 vm20=0.334 reversal=0.013
2026-07-19 12:15:45,232 [INFO] master panel: 195314 行 (codes=498)
2026-07-19 12:15:45,315 [INFO] 大盘过滤: 871 天 · 硬跳过 229 天 / 软跳过 288 天 (估算自 500 主板采样)
2026-07-19 12:15:46,834 [INFO] 板块映射: 500 只 (其中无板块 0 只)
2026-07-19 12:15:57,687 [INFO] 索引完成: 498 codes × 874 dates, 板块均值 3883 条目
2026-07-19 12:15:57,727 [INFO]   1年: 6套 317 笔, skipped={'no_pick': 2, 'no_t1': 0, 'no_panel': 0, 'breadth_low': 55, 'breadth_soft_no_hot': 19, 'index_late_down': 0, 'sector_late_down': 0, 'tail_vol_low': 0, 'vwap_below': 0, 'vwap_strict_uncovered': 0}
2026-07-19 12:15:57,728 [INFO] [回测 v4] 汇总开始 · 6套=317 累计t=13.7s
2026-07-19 12:15:57,729 [INFO] [回测 v4] 6套统计完 · t=13.7s
2026-07-19 12:15:57,738 [INFO] [回测 v4] 月度完 · 13月 · t=13.7s
2026-07-19 12:15:57,738 [INFO] [回测 v4] 退出原因完 · t=13.7s
2026-07-19 12:15:58,631 [INFO] [sector_breakdown] 耗时 0.9s, 317 笔
2026-07-19 12:15:58,634 [INFO] [回测 v4] 板块完 · 7 · t=14.6s
2026-07-19 12:15:58,634 [INFO] [回测 v4] 总评完 · t=14.6s
2026-07-19 12:15:58,635 [INFO] 回测 v4 完成: 6套 317 笔 · 14.56s · trail_80 胜率 74.45%
2026-07-19 12:15:58,635 [INFO] actual_10 跳过 (用户未开启) · t=14.6s
[12:15:59] [195/1000] 500_2_1_h2000_s3000_top5_inf3…
2026-07-19 12:15:59,130 [INFO] 全量 2999 只, 主板 500 只 (采样 500)
2026-07-19 12:15:59,134 [INFO] 交易日历: 333 天 (20250306~20260717)
2026-07-19 12:15:59,628 [INFO] [REG] daily(sample=500) 数据质量: 覆盖率 100% (498/500), 空值 2 (0%), 日期跨度 2024-11-21 00:00:00 ~ 20260717 (874 天)
2026-07-19 12:15:59,999 [INFO] WIN_RATE_V2 因子 · irs=0.482 vm20=0.334 reversal=0.013
2026-07-19 12:16:00,001 [INFO] master panel: 195314 行 (codes=498)
2026-07-19 12:16:00,226 [INFO] 大盘过滤: 871 天 · 硬跳过 314 天 / 软跳过 203 天 (估算自 500 主板采样)
2026-07-19 12:16:01,610 [INFO] 板块映射: 500 只 (其中无板块 0 只)
2026-07-19 12:16:12,188 [INFO] 索引完成: 498 codes × 874 dates, 板块均值 3883 条目
2026-07-19 12:16:12,226 [INFO]   1年: 6套 261 笔, skipped={'no_pick': 12, 'no_t1': 0, 'no_panel': 0, 'breadth_low': 85, 'breadth_soft_no_hot': 10, 'index_late_down': 0, 'sector_late_down': 0, 'tail_vol_low': 0, 'vwap_below': 0, 'vwap_strict_uncovered': 0}
2026-07-19 12:16:12,227 [INFO] [回测 v4] 汇总开始 · 6套=261 累计t=13.1s
2026-07-19 12:16:12,228 [INFO] [回测 v4] 6套统计完 · t=13.1s
2026-07-19 12:16:12,235 [INFO] [回测 v4] 月度完 · 13月 · t=13.1s
2026-07-19 12:16:12,235 [INFO] [回测 v4] 退出原因完 · t=13.1s
2026-07-19 12:16:12,938 [INFO] [sector_breakdown] 耗时 0.7s, 261 笔
2026-07-19 12:16:12,941 [INFO] [回测 v4] 板块完 · 7 · t=13.8s
2026-07-19 12:16:12,942 [INFO] [回测 v4] 总评完 · t=13.8s
2026-07-19 12:16:12,942 [INFO] 回测 v4 完成: 6套 261 笔 · 13.81s · trail_80 胜率 72.03%
2026-07-19 12:16:12,942 [INFO] actual_10 跳过 (用户未开启) · t=13.8s
[12:16:13] [196/1000] 500_5_1_inf5…
2026-07-19 12:16:13,409 [INFO] 全量 2999 只, 主板 500 只 (采样 500)
2026-07-19 12:16:13,414 [INFO] 交易日历: 333 天 (20250306~20260717)
2026-07-19 12:16:13,741 [INFO] [REG] daily(sample=500) 数据质量: 覆盖率 100% (498/500), 空值 2 (0%), 日期跨度 2024-11-21 00:00:00 ~ 20260717 (874 天)
2026-07-19 12:16:14,254 [INFO] WIN_RATE_V2 因子 · irs=0.482 vm20=0.334 reversal=0.013
2026-07-19 12:16:14,256 [INFO] master panel: 195314 行 (codes=498)
2026-07-19 12:16:15,778 [INFO] 板块映射: 500 只 (其中无板块 0 只)
2026-07-19 12:16:25,833 [INFO] 索引完成: 498 codes × 874 dates, 板块均值 3883 条目
2026-07-19 12:16:25,870 [INFO]   1年: 6套 795 笔, skipped={'no_pick': 15, 'no_t1': 0, 'no_panel': 0, 'breadth_low': 0, 'breadth_soft_no_hot': 0, 'index_late_down': 0, 'sector_late_down': 0, 'tail_vol_low': 0, 'vwap_below': 0, 'vwap_strict_uncovered': 0}
2026-07-19 12:16:25,872 [INFO] [回测 v4] 汇总开始 · 6套=795 累计t=12.5s
2026-07-19 12:16:25,873 [INFO] [回测 v4] 6套统计完 · t=12.5s
2026-07-19 12:16:25,880 [INFO] [回测 v4] 月度完 · 13月 · t=12.5s
2026-07-19 12:16:25,880 [INFO] [回测 v4] 退出原因完 · t=12.5s
2026-07-19 12:16:27,682 [INFO] [sector_breakdown] 耗时 1.8s, 795 笔
2026-07-19 12:16:27,685 [INFO] [回测 v4] 板块完 · 7 · t=14.3s
2026-07-19 12:16:27,686 [INFO] [回测 v4] 总评完 · t=14.3s
2026-07-19 12:16:27,686 [INFO] equity_curve 采样 795 点 (step=1)
2026-07-19 12:16:27,686 [INFO] 回测 v4 完成: 6套 795 笔 · 14.28s · trail_80 胜率 72.96%
2026-07-19 12:16:27,686 [INFO] actual_10 跳过 (用户未开启) · t=14.3s
[12:16:28] [197/1000] 500_1_2_h2000_s3000_top8_lhd0.5…
2026-07-19 12:16:28,012 [INFO] 全量 2999 只, 主板 500 只 (采样 500)
2026-07-19 12:16:28,015 [INFO] 交易日历: 333 天 (20250306~20260717)
2026-07-19 12:16:28,375 [INFO] [REG] daily(sample=500) 数据质量: 覆盖率 100% (498/500), 空值 2 (0%), 日期跨度 2024-11-21 00:00:00 ~ 20260717 (874 天)
2026-07-19 12:16:28,747 [INFO] WIN_RATE_V2 因子 · irs=0.482 vm20=0.334 reversal=0.013
2026-07-19 12:16:28,749 [INFO] master panel: 195314 行 (codes=498)
2026-07-19 12:16:28,818 [INFO] 大盘过滤: 871 天 · 硬跳过 314 天 / 软跳过 203 天 (估算自 500 主板采样)
2026-07-19 12:16:29,908 [INFO] 板块映射: 500 只 (其中无板块 0 只)
2026-07-19 12:16:38,882 [INFO] 索引完成: 498 codes × 874 dates, 板块均值 3883 条目
2026-07-19 12:16:38,906 [INFO]   1年: 6套 164 笔, skipped={'no_pick': 1, 'no_t1': 0, 'no_panel': 0, 'breadth_low': 85, 'breadth_soft_no_hot': 0, 'index_late_down': 0, 'sector_late_down': 0, 'tail_vol_low': 0, 'vwap_below': 0, 'vwap_strict_uncovered': 0}
2026-07-19 12:16:38,907 [INFO] [回测 v4] 汇总开始 · 6套=164 累计t=10.9s
2026-07-19 12:16:38,908 [INFO] [回测 v4] 6套统计完 · t=10.9s
2026-07-19 12:16:38,914 [INFO] [回测 v4] 月度完 · 13月 · t=10.9s
2026-07-19 12:16:38,914 [INFO] [回测 v4] 退出原因完 · t=10.9s
2026-07-19 12:16:39,280 [INFO] [sector_breakdown] 耗时 0.4s, 164 笔
2026-07-19 12:16:39,282 [INFO] [回测 v4] 板块完 · 7 · t=11.3s
2026-07-19 12:16:39,282 [INFO] [回测 v4] 总评完 · t=11.3s
2026-07-19 12:16:39,282 [INFO] 回测 v4 完成: 6套 164 笔 · 11.27s · trail_80 胜率 73.17%
2026-07-19 12:16:39,282 [INFO] actual_10 跳过 (用户未开启) · t=11.3s
[12:16:39] [198/1000] 500_2_2_h2000_s3000_top5_inf5_lhd0.5…
2026-07-19 12:16:39,593 [INFO] 全量 2999 只, 主板 500 只 (采样 500)
2026-07-19 12:16:39,597 [INFO] 交易日历: 333 天 (20250306~20260717)
2026-07-19 12:16:39,877 [INFO] [REG] daily(sample=500) 数据质量: 覆盖率 100% (498/500), 空值 2 (0%), 日期跨度 2024-11-21 00:00:00 ~ 20260717 (874 天)
2026-07-19 12:16:40,247 [INFO] WIN_RATE_V2 因子 · irs=0.482 vm20=0.334 reversal=0.013
2026-07-19 12:16:40,249 [INFO] master panel: 195314 行 (codes=498)
2026-07-19 12:16:40,318 [INFO] 大盘过滤: 871 天 · 硬跳过 314 天 / 软跳过 203 天 (估算自 500 主板采样)
2026-07-19 12:16:41,417 [INFO] 板块映射: 500 只 (其中无板块 0 只)
2026-07-19 12:16:50,752 [INFO] 索引完成: 498 codes × 874 dates, 板块均值 3883 条目
2026-07-19 12:16:50,776 [INFO]   1年: 6套 304 笔, skipped={'no_pick': 2, 'no_t1': 0, 'no_panel': 0, 'breadth_low': 85, 'breadth_soft_no_hot': 3, 'index_late_down': 0, 'sector_late_down': 0, 'tail_vol_low': 0, 'vwap_below': 0, 'vwap_strict_uncovered': 0}
2026-07-19 12:16:50,777 [INFO] [回测 v4] 汇总开始 · 6套=304 累计t=11.2s
2026-07-19 12:16:50,778 [INFO] [回测 v4] 6套统计完 · t=11.2s
2026-07-19 12:16:50,784 [INFO] [回测 v4] 月度完 · 13月 · t=11.2s
2026-07-19 12:16:50,784 [INFO] [回测 v4] 退出原因完 · t=11.2s
2026-07-19 12:16:51,464 [INFO] [sector_breakdown] 耗时 0.7s, 304 笔
2026-07-19 12:16:51,466 [INFO] [回测 v4] 板块完 · 7 · t=11.9s
2026-07-19 12:16:51,466 [INFO] [回测 v4] 总评完 · t=11.9s
2026-07-19 12:16:51,466 [INFO] 回测 v4 完成: 6套 304 笔 · 11.87s · trail_80 胜率 72.7%
2026-07-19 12:16:51,466 [INFO] actual_10 跳过 (用户未开启) · t=11.9s
[12:16:51] [199/1000] 500_3_3_h2000…
2026-07-19 12:16:51,782 [INFO] 全量 2999 只, 主板 500 只 (采样 500)
2026-07-19 12:16:51,786 [INFO] 交易日历: 333 天 (20250306~20260717)
2026-07-19 12:16:52,068 [INFO] [REG] daily(sample=500) 数据质量: 覆盖率 100% (498/500), 空值 2 (0%), 日期跨度 2024-11-21 00:00:00 ~ 20260717 (874 天)
2026-07-19 12:16:52,444 [INFO] WIN_RATE_V2 因子 · irs=0.482 vm20=0.334 reversal=0.013
2026-07-19 12:16:52,445 [INFO] master panel: 195314 行 (codes=498)
2026-07-19 12:16:52,514 [INFO] 大盘过滤: 871 天 · 硬跳过 314 天 / 软跳过 0 天 (估算自 500 主板采样)
2026-07-19 12:17:01,282 [INFO] 索引完成: 498 codes × 874 dates, 板块均值 0 条目
2026-07-19 12:17:01,308 [INFO]   1年: 6套 462 笔, skipped={'no_pick': 1, 'no_t1': 0, 'no_panel': 0, 'breadth_low': 85, 'breadth_soft_no_hot': 0, 'index_late_down': 0, 'sector_late_down': 0, 'tail_vol_low': 0, 'vwap_below': 0, 'vwap_strict_uncovered': 0}
2026-07-19 12:17:01,309 [INFO] [回测 v4] 汇总开始 · 6套=462 累计t=9.5s
2026-07-19 12:17:01,310 [INFO] [回测 v4] 6套统计完 · t=9.5s
2026-07-19 12:17:01,316 [INFO] [回测 v4] 月度完 · 13月 · t=9.5s
2026-07-19 12:17:01,316 [INFO] [回测 v4] 退出原因完 · t=9.5s
2026-07-19 12:17:02,435 [INFO] [sector_breakdown] 耗时 1.1s, 462 笔
2026-07-19 12:17:02,437 [INFO] [回测 v4] 板块完 · 7 · t=10.7s
2026-07-19 12:17:02,438 [INFO] [回测 v4] 总评完 · t=10.7s
2026-07-19 12:17:02,438 [INFO] 回测 v4 完成: 6套 462 笔 · 10.66s · trail_80 胜率 73.59%
2026-07-19 12:17:02,438 [INFO] actual_10 跳过 (用户未开启) · t=10.7s
[12:17:02] [200/1000] 500_4_3_h1500_s3000_top8_inf3_lhd0.7…
2026-07-19 12:17:02,762 [INFO] 全量 2999 只, 主板 500 只 (采样 500)
2026-07-19 12:17:02,766 [INFO] 交易日历: 333 天 (20250306~20260717)
2026-07-19 12:17:03,134 [INFO] [REG] daily(sample=500) 数据质量: 覆盖率 100% (498/500), 空值 2 (0%), 日期跨度 2024-11-21 00:00:00 ~ 20260717 (874 天)
2026-07-19 12:17:03,442 [INFO] WIN_RATE_V2 因子 · irs=0.482 vm20=0.334 reversal=0.013
2026-07-19 12:17:03,443 [INFO] master panel: 195314 行 (codes=498)
2026-07-19 12:17:03,599 [INFO] 大盘过滤: 871 天 · 硬跳过 229 天 / 软跳过 288 天 (估算自 500 主板采样)
2026-07-19 12:17:04,793 [INFO] 板块映射: 500 只 (其中无板块 0 只)
2026-07-19 12:17:14,286 [INFO] 索引完成: 498 codes × 874 dates, 板块均值 3883 条目
2026-07-19 12:17:14,315 [INFO]   1年: 6套 486 笔, skipped={'no_pick': 12, 'no_t1': 0, 'no_panel': 0, 'breadth_low': 55, 'breadth_soft_no_hot': 12, 'index_late_down': 0, 'sector_late_down': 0, 'tail_vol_low': 0, 'vwap_below': 0, 'vwap_strict_uncovered': 0}
2026-07-19 12:17:14,316 [INFO] [回测 v4] 汇总开始 · 6套=486 累计t=11.6s
2026-07-19 12:17:14,317 [INFO] [回测 v4] 6套统计完 · t=11.6s
2026-07-19 12:17:14,323 [INFO] [回测 v4] 月度完 · 13月 · t=11.6s
2026-07-19 12:17:14,323 [INFO] [回测 v4] 退出原因完 · t=11.6s
2026-07-19 12:17:15,570 [INFO] [sector_breakdown] 耗时 1.2s, 486 笔
2026-07-19 12:17:15,573 [INFO] [回测 v4] 板块完 · 7 · t=12.8s
2026-07-19 12:17:15,573 [INFO] [回测 v4] 总评完 · t=12.8s
2026-07-19 12:17:15,573 [INFO] 回测 v4 完成: 6套 486 笔 · 12.81s · trail_80 胜率 73.25%
2026-07-19 12:17:15,574 [INFO] actual_10 跳过 (用户未开启) · t=12.8s
[12:17:15] [200/1000] checkpoint · 最佳 score=4.08 · 成功 200/200 (100%) · 已用 2730s · 预计剩余 182min
[12:17:15] [201/1000] 500_5_1_h1500_s3000_inf3_lhd0.7…
2026-07-19 12:17:15,911 [INFO] 全量 2999 只, 主板 500 只 (采样 500)
2026-07-19 12:17:15,915 [INFO] 交易日历: 333 天 (20250306~20260717)
2026-07-19 12:17:16,198 [INFO] [REG] daily(sample=500) 数据质量: 覆盖率 100% (498/500), 空值 2 (0%), 日期跨度 2024-11-21 00:00:00 ~ 20260717 (874 天)
2026-07-19 12:17:16,587 [INFO] WIN_RATE_V2 因子 · irs=0.482 vm20=0.334 reversal=0.013
2026-07-19 12:17:16,588 [INFO] master panel: 195314 行 (codes=498)
2026-07-19 12:17:16,656 [INFO] 大盘过滤: 871 天 · 硬跳过 229 天 / 软跳过 288 天 (估算自 500 主板采样)
2026-07-19 12:17:17,939 [INFO] 板块映射: 500 只 (其中无板块 0 只)
2026-07-19 12:17:27,192 [INFO] 索引完成: 498 codes × 874 dates, 板块均值 3883 条目
2026-07-19 12:17:27,609 [INFO]   1年: 6套 535 笔, skipped={'no_pick': 12, 'no_t1': 0, 'no_panel': 0, 'breadth_low': 55, 'breadth_soft_no_hot': 12, 'index_late_down': 0, 'sector_late_down': 0, 'tail_vol_low': 0, 'vwap_below': 0, 'vwap_strict_uncovered': 0}
2026-07-19 12:17:27,610 [INFO] [回测 v4] 汇总开始 · 6套=535 累计t=11.7s
2026-07-19 12:17:27,611 [INFO] [回测 v4] 6套统计完 · t=11.7s
2026-07-19 12:17:27,618 [INFO] [回测 v4] 月度完 · 13月 · t=11.7s
2026-07-19 12:17:27,618 [INFO] [回测 v4] 退出原因完 · t=11.7s
2026-07-19 12:17:29,162 [INFO] [sector_breakdown] 耗时 1.5s, 535 笔
2026-07-19 12:17:29,165 [INFO] [回测 v4] 板块完 · 7 · t=13.3s
2026-07-19 12:17:29,165 [INFO] [回测 v4] 总评完 · t=13.3s
2026-07-19 12:17:29,165 [INFO] equity_curve 采样 535 点 (step=1)
2026-07-19 12:17:29,165 [INFO] 回测 v4 完成: 6套 535 笔 · 13.26s · trail_80 胜率 73.27%
2026-07-19 12:17:29,165 [INFO] actual_10 跳过 (用户未开启) · t=13.3s
[12:17:29] [202/1000] 500_5_2_h1500_s3000_lhd0.5…
2026-07-19 12:17:29,508 [INFO] 全量 2999 只, 主板 500 只 (采样 500)
2026-07-19 12:17:29,512 [INFO] 交易日历: 333 天 (20250306~20260717)
2026-07-19 12:17:29,888 [INFO] [REG] daily(sample=500) 数据质量: 覆盖率 100% (498/500), 空值 2 (0%), 日期跨度 2024-11-21 00:00:00 ~ 20260717 (874 天)
2026-07-19 12:17:30,282 [INFO] WIN_RATE_V2 因子 · irs=0.482 vm20=0.334 reversal=0.013
2026-07-19 12:17:30,283 [INFO] master panel: 195314 行 (codes=498)
2026-07-19 12:17:30,354 [INFO] 大盘过滤: 871 天 · 硬跳过 229 天 / 软跳过 288 天 (估算自 500 主板采样)
2026-07-19 12:17:39,199 [INFO] 索引完成: 498 codes × 874 dates, 板块均值 0 条目
2026-07-19 12:17:39,231 [INFO]   1年: 6套 794 笔, skipped={'no_pick': 1, 'no_t1': 0, 'no_panel': 0, 'breadth_low': 55, 'breadth_soft_no_hot': 2, 'index_late_down': 0, 'sector_late_down': 0, 'tail_vol_low': 0, 'vwap_below': 0, 'vwap_strict_uncovered': 0}
2026-07-19 12:17:39,232 [INFO] [回测 v4] 汇总开始 · 6套=794 累计t=9.7s
2026-07-19 12:17:39,233 [INFO] [回测 v4] 6套统计完 · t=9.7s
2026-07-19 12:17:39,240 [INFO] [回测 v4] 月度完 · 13月 · t=9.7s
2026-07-19 12:17:39,240 [INFO] [回测 v4] 退出原因完 · t=9.7s
2026-07-19 12:17:42,217 [INFO] [sector_breakdown] 耗时 3.0s, 794 笔
2026-07-19 12:17:42,221 [INFO] [回测 v4] 板块完 · 7 · t=12.7s
2026-07-19 12:17:42,221 [INFO] [回测 v4] 总评完 · t=12.7s
2026-07-19 12:17:42,221 [INFO] equity_curve 采样 794 点 (step=1)
2026-07-19 12:17:42,221 [INFO] 回测 v4 完成: 6套 794 笔 · 12.72s · trail_80 胜率 75.06%
2026-07-19 12:17:42,221 [INFO] actual_10 跳过 (用户未开启) · t=12.7s
[12:17:42] [203/1000] 500_2_3_h1500_s3000_top3_inf5_lhd0.5…
2026-07-19 12:17:42,553 [INFO] 全量 2999 只, 主板 500 只 (采样 500)
2026-07-19 12:17:42,556 [INFO] 交易日历: 333 天 (20250306~20260717)
2026-07-19 12:17:42,857 [INFO] [REG] daily(sample=500) 数据质量: 覆盖率 100% (498/500), 空值 2 (0%), 日期跨度 2024-11-21 00:00:00 ~ 20260717 (874 天)
2026-07-19 12:17:43,317 [INFO] WIN_RATE_V2 因子 · irs=0.482 vm20=0.334 reversal=0.013
2026-07-19 12:17:43,318 [INFO] master panel: 195314 行 (codes=498)
2026-07-19 12:17:43,391 [INFO] 大盘过滤: 871 天 · 硬跳过 229 天 / 软跳过 288 天 (估算自 500 主板采样)
2026-07-19 12:17:45,291 [INFO] 板块映射: 500 只 (其中无板块 0 只)
2026-07-19 12:17:55,608 [INFO] 索引完成: 498 codes × 874 dates, 板块均值 3883 条目
2026-07-19 12:17:55,651 [INFO]   1年: 6套 317 笔, skipped={'no_pick': 2, 'no_t1': 0, 'no_panel': 0, 'breadth_low': 55, 'breadth_soft_no_hot': 19, 'index_late_down': 0, 'sector_late_down': 0, 'tail_vol_low': 0, 'vwap_below': 0, 'vwap_strict_uncovered': 0}
2026-07-19 12:17:55,652 [INFO] [回测 v4] 汇总开始 · 6套=317 累计t=13.1s
2026-07-19 12:17:55,653 [INFO] [回测 v4] 6套统计完 · t=13.1s
2026-07-19 12:17:55,661 [INFO] [回测 v4] 月度完 · 13月 · t=13.1s
2026-07-19 12:17:55,661 [INFO] [回测 v4] 退出原因完 · t=13.1s
2026-07-19 12:17:57,052 [INFO] [sector_breakdown] 耗时 1.4s, 317 笔
2026-07-19 12:17:57,056 [INFO] [回测 v4] 板块完 · 7 · t=14.5s
2026-07-19 12:17:57,056 [INFO] [回测 v4] 总评完 · t=14.5s
2026-07-19 12:17:57,056 [INFO] 回测 v4 完成: 6套 317 笔 · 14.51s · trail_80 胜率 74.45%
2026-07-19 12:17:57,057 [INFO] actual_10 跳过 (用户未开启) · t=14.5s
[12:17:57] [204/1000] 500_1_3_h2000_s3000_top3_lhd0.5…
2026-07-19 12:17:57,561 [INFO] 全量 2999 只, 主板 500 只 (采样 500)
2026-07-19 12:17:57,566 [INFO] 交易日历: 333 天 (20250306~20260717)
2026-07-19 12:17:57,962 [INFO] [REG] daily(sample=500) 数据质量: 覆盖率 100% (498/500), 空值 2 (0%), 日期跨度 2024-11-21 00:00:00 ~ 20260717 (874 天)
2026-07-19 12:17:58,526 [INFO] WIN_RATE_V2 因子 · irs=0.482 vm20=0.334 reversal=0.013
2026-07-19 12:17:58,528 [INFO] master panel: 195314 行 (codes=498)
2026-07-19 12:17:58,615 [INFO] 大盘过滤: 871 天 · 硬跳过 314 天 / 软跳过 203 天 (估算自 500 主板采样)
2026-07-19 12:18:00,470 [INFO] 板块映射: 500 只 (其中无板块 0 只)
2026-07-19 12:18:10,874 [INFO] 索引完成: 498 codes × 874 dates, 板块均值 3883 条目
2026-07-19 12:18:10,909 [INFO]   1年: 6套 156 笔, skipped={'no_pick': 1, 'no_t1': 0, 'no_panel': 0, 'breadth_low': 85, 'breadth_soft_no_hot': 8, 'index_late_down': 0, 'sector_late_down': 0, 'tail_vol_low': 0, 'vwap_below': 0, 'vwap_strict_uncovered': 0}
2026-07-19 12:18:10,910 [INFO] [回测 v4] 汇总开始 · 6套=156 累计t=13.4s
2026-07-19 12:18:10,911 [INFO] [回测 v4] 6套统计完 · t=13.4s
2026-07-19 12:18:10,918 [INFO] [回测 v4] 月度完 · 13月 · t=13.4s
2026-07-19 12:18:10,918 [INFO] [回测 v4] 退出原因完 · t=13.4s
2026-07-19 12:18:11,426 [INFO] [sector_breakdown] 耗时 0.5s, 156 笔
2026-07-19 12:18:11,429 [INFO] [回测 v4] 板块完 · 7 · t=13.9s
2026-07-19 12:18:11,429 [INFO] [回测 v4] 总评完 · t=13.9s
2026-07-19 12:18:11,430 [INFO] 回测 v4 完成: 6套 156 笔 · 13.87s · trail_80 胜率 75.0%
2026-07-19 12:18:11,430 [INFO] actual_10 跳过 (用户未开启) · t=13.9s
[12:18:11] [205/1000] 500_5_3_lhd0.5…
2026-07-19 12:18:11,921 [INFO] 全量 2999 只, 主板 500 只 (采样 500)
2026-07-19 12:18:11,925 [INFO] 交易日历: 333 天 (20250306~20260717)
2026-07-19 12:18:12,462 [INFO] [REG] daily(sample=500) 数据质量: 覆盖率 100% (498/500), 空值 2 (0%), 日期跨度 2024-11-21 00:00:00 ~ 20260717 (874 天)
2026-07-19 12:18:12,839 [INFO] WIN_RATE_V2 因子 · irs=0.482 vm20=0.334 reversal=0.013
2026-07-19 12:18:12,840 [INFO] master panel: 195314 行 (codes=498)
2026-07-19 12:18:22,749 [INFO] 索引完成: 498 codes × 874 dates, 板块均值 0 条目
2026-07-19 12:18:22,802 [INFO]   1年: 6套 934 笔, skipped={'no_pick': 7, 'no_t1': 0, 'no_panel': 0, 'breadth_low': 0, 'breadth_soft_no_hot': 0, 'index_late_down': 0, 'sector_late_down': 0, 'tail_vol_low': 0, 'vwap_below': 0, 'vwap_strict_uncovered': 0}
2026-07-19 12:18:22,804 [INFO] [回测 v4] 汇总开始 · 6套=934 累计t=10.9s
2026-07-19 12:18:22,805 [INFO] [回测 v4] 6套统计完 · t=10.9s
2026-07-19 12:18:22,816 [INFO] [回测 v4] 月度完 · 13月 · t=10.9s
2026-07-19 12:18:22,816 [INFO] [回测 v4] 退出原因完 · t=10.9s
2026-07-19 12:18:26,066 [INFO] [sector_breakdown] 耗时 3.2s, 934 笔
2026-07-19 12:18:26,071 [INFO] [回测 v4] 板块完 · 7 · t=14.2s
2026-07-19 12:18:26,072 [INFO] [回测 v4] 总评完 · t=14.2s
2026-07-19 12:18:26,072 [INFO] equity_curve 采样 934 点 (step=1)
2026-07-19 12:18:26,072 [INFO] 回测 v4 完成: 6套 934 笔 · 14.15s · trail_80 胜率 73.77%
2026-07-19 12:18:26,072 [INFO] actual_10 跳过 (用户未开启) · t=14.2s
[12:18:26] [206/1000] 500_2_1_h2000…
2026-07-19 12:18:26,617 [INFO] 全量 2999 只, 主板 500 只 (采样 500)
2026-07-19 12:18:26,624 [INFO] 交易日历: 333 天 (20250306~20260717)
2026-07-19 12:18:27,193 [INFO] [REG] daily(sample=500) 数据质量: 覆盖率 100% (498/500), 空值 2 (0%), 日期跨度 2024-11-21 00:00:00 ~ 20260717 (874 天)
2026-07-19 12:18:27,756 [INFO] WIN_RATE_V2 因子 · irs=0.482 vm20=0.334 reversal=0.013
2026-07-19 12:18:27,757 [INFO] master panel: 195314 行 (codes=498)
2026-07-19 12:18:27,849 [INFO] 大盘过滤: 871 天 · 硬跳过 314 天 / 软跳过 0 天 (估算自 500 主板采样)
2026-07-19 12:18:37,669 [INFO] 索引完成: 498 codes × 874 dates, 板块均值 0 条目
2026-07-19 12:18:37,705 [INFO]   1年: 6套 321 笔, skipped={'no_pick': 1, 'no_t1': 0, 'no_panel': 0, 'breadth_low': 85, 'breadth_soft_no_hot': 0, 'index_late_down': 0, 'sector_late_down': 0, 'tail_vol_low': 0, 'vwap_below': 0, 'vwap_strict_uncovered': 0}
2026-07-19 12:18:37,706 [INFO] [回测 v4] 汇总开始 · 6套=321 累计t=11.1s
2026-07-19 12:18:37,707 [INFO] [回测 v4] 6套统计完 · t=11.1s
2026-07-19 12:18:37,716 [INFO] [回测 v4] 月度完 · 13月 · t=11.1s
2026-07-19 12:18:37,716 [INFO] [回测 v4] 退出原因完 · t=11.1s
2026-07-19 12:18:38,692 [INFO] [sector_breakdown] 耗时 1.0s, 321 笔
2026-07-19 12:18:38,694 [INFO] [回测 v4] 板块完 · 7 · t=12.1s
2026-07-19 12:18:38,695 [INFO] [回测 v4] 总评完 · t=12.1s
2026-07-19 12:18:38,695 [INFO] 回测 v4 完成: 6套 321 笔 · 12.08s · trail_80 胜率 73.52%
2026-07-19 12:18:38,695 [INFO] actual_10 跳过 (用户未开启) · t=12.1s
[12:18:39] [207/1000] 500_1_1_h2000_s3000_top8_inf3…
2026-07-19 12:18:39,099 [INFO] 全量 2999 只, 主板 500 只 (采样 500)
2026-07-19 12:18:39,103 [INFO] 交易日历: 333 天 (20250306~20260717)
2026-07-19 12:18:39,419 [INFO] [REG] daily(sample=500) 数据质量: 覆盖率 100% (498/500), 空值 2 (0%), 日期跨度 2024-11-21 00:00:00 ~ 20260717 (874 天)
2026-07-19 12:18:39,834 [INFO] WIN_RATE_V2 因子 · irs=0.482 vm20=0.334 reversal=0.013
2026-07-19 12:18:39,836 [INFO] master panel: 195314 行 (codes=498)
2026-07-19 12:18:39,914 [INFO] 大盘过滤: 871 天 · 硬跳过 314 天 / 软跳过 203 天 (估算自 500 主板采样)
2026-07-19 12:18:41,355 [INFO] 板块映射: 500 只 (其中无板块 0 只)
2026-07-19 12:18:51,186 [INFO] 索引完成: 498 codes × 874 dates, 板块均值 3883 条目
2026-07-19 12:18:51,212 [INFO]   1年: 6套 147 笔, skipped={'no_pick': 12, 'no_t1': 0, 'no_panel': 0, 'breadth_low': 85, 'breadth_soft_no_hot': 6, 'index_late_down': 0, 'sector_late_down': 0, 'tail_vol_low': 0, 'vwap_below': 0, 'vwap_strict_uncovered': 0}
2026-07-19 12:18:51,213 [INFO] [回测 v4] 汇总开始 · 6套=147 累计t=12.1s
2026-07-19 12:18:51,214 [INFO] [回测 v4] 6套统计完 · t=12.1s
2026-07-19 12:18:51,220 [INFO] [回测 v4] 月度完 · 13月 · t=12.1s
2026-07-19 12:18:51,220 [INFO] [回测 v4] 退出原因完 · t=12.1s
2026-07-19 12:18:51,574 [INFO] [sector_breakdown] 耗时 0.4s, 147 笔
2026-07-19 12:18:51,576 [INFO] [回测 v4] 板块完 · 7 · t=12.5s
2026-07-19 12:18:51,577 [INFO] [回测 v4] 总评完 · t=12.5s
2026-07-19 12:18:51,577 [INFO] 回测 v4 完成: 6套 147 笔 · 12.48s · trail_80 胜率 70.75%
2026-07-19 12:18:51,577 [INFO] actual_10 跳过 (用户未开启) · t=12.5s
[12:18:51] [208/1000] 500_5_3_h2000_s3000_top3_inf5_lhd0.5…
2026-07-19 12:18:51,934 [INFO] 全量 2999 只, 主板 500 只 (采样 500)
2026-07-19 12:18:51,938 [INFO] 交易日历: 333 天 (20250306~20260717)
2026-07-19 12:18:52,310 [INFO] [REG] daily(sample=500) 数据质量: 覆盖率 100% (498/500), 空值 2 (0%), 日期跨度 2024-11-21 00:00:00 ~ 20260717 (874 天)
2026-07-19 12:18:52,705 [INFO] WIN_RATE_V2 因子 · irs=0.482 vm20=0.334 reversal=0.013
2026-07-19 12:18:52,707 [INFO] master panel: 195314 行 (codes=498)
2026-07-19 12:18:52,778 [INFO] 大盘过滤: 871 天 · 硬跳过 314 天 / 软跳过 203 天 (估算自 500 主板采样)
2026-07-19 12:18:54,061 [INFO] 板块映射: 500 只 (其中无板块 0 只)
2026-07-19 12:19:03,752 [INFO] 索引完成: 498 codes × 874 dates, 板块均值 3883 条目
2026-07-19 12:19:03,781 [INFO]   1年: 6套 514 笔, skipped={'no_pick': 2, 'no_t1': 0, 'no_panel': 0, 'breadth_low': 85, 'breadth_soft_no_hot': 13, 'index_late_down': 0, 'sector_late_down': 0, 'tail_vol_low': 0, 'vwap_below': 0, 'vwap_strict_uncovered': 0}
2026-07-19 12:19:03,782 [INFO] [回测 v4] 汇总开始 · 6套=514 累计t=11.8s
2026-07-19 12:19:03,783 [INFO] [回测 v4] 6套统计完 · t=11.9s
2026-07-19 12:19:03,790 [INFO] [回测 v4] 月度完 · 13月 · t=11.9s
2026-07-19 12:19:03,790 [INFO] [回测 v4] 退出原因完 · t=11.9s
2026-07-19 12:19:05,194 [INFO] [sector_breakdown] 耗时 1.4s, 514 笔
2026-07-19 12:19:05,197 [INFO] [回测 v4] 板块完 · 7 · t=13.3s
2026-07-19 12:19:05,197 [INFO] [回测 v4] 总评完 · t=13.3s
2026-07-19 12:19:05,197 [INFO] equity_curve 采样 514 点 (step=1)
2026-07-19 12:19:05,197 [INFO] 回测 v4 完成: 6套 514 笔 · 13.26s · trail_80 胜率 73.74%
2026-07-19 12:19:05,197 [INFO] actual_10 跳过 (用户未开启) · t=13.3s
[12:19:05] [209/1000] 500_3_3_h2000_s3000_top5_inf5_lhd0.5…
2026-07-19 12:19:05,550 [INFO] 全量 2999 只, 主板 500 只 (采样 500)
2026-07-19 12:19:05,554 [INFO] 交易日历: 333 天 (20250306~20260717)
2026-07-19 12:19:05,956 [INFO] [REG] daily(sample=500) 数据质量: 覆盖率 100% (498/500), 空值 2 (0%), 日期跨度 2024-11-21 00:00:00 ~ 20260717 (874 天)
2026-07-19 12:19:06,262 [INFO] WIN_RATE_V2 因子 · irs=0.482 vm20=0.334 reversal=0.013
2026-07-19 12:19:06,264 [INFO] master panel: 195314 行 (codes=498)
2026-07-19 12:19:06,366 [INFO] 大盘过滤: 871 天 · 硬跳过 314 天 / 软跳过 203 天 (估算自 500 主板采样)
2026-07-19 12:19:08,041 [INFO] 板块映射: 500 只 (其中无板块 0 只)
2026-07-19 12:19:17,859 [INFO] 索引完成: 498 codes × 874 dates, 板块均值 3883 条目
2026-07-19 12:19:17,888 [INFO]   1年: 6套 420 笔, skipped={'no_pick': 2, 'no_t1': 0, 'no_panel': 0, 'breadth_low': 85, 'breadth_soft_no_hot': 3, 'index_late_down': 0, 'sector_late_down': 0, 'tail_vol_low': 0, 'vwap_below': 0, 'vwap_strict_uncovered': 0}
2026-07-19 12:19:17,889 [INFO] [回测 v4] 汇总开始 · 6套=420 累计t=12.3s
2026-07-19 12:19:17,890 [INFO] [回测 v4] 6套统计完 · t=12.3s
2026-07-19 12:19:17,897 [INFO] [回测 v4] 月度完 · 13月 · t=12.3s
2026-07-19 12:19:17,897 [INFO] [回测 v4] 退出原因完 · t=12.3s
2026-07-19 12:19:19,213 [INFO] [sector_breakdown] 耗时 1.3s, 420 笔
2026-07-19 12:19:19,216 [INFO] [回测 v4] 板块完 · 7 · t=13.7s
2026-07-19 12:19:19,216 [INFO] [回测 v4] 总评完 · t=13.7s
2026-07-19 12:19:19,216 [INFO] 回测 v4 完成: 6套 420 笔 · 13.67s · trail_80 胜率 74.52%
2026-07-19 12:19:19,216 [INFO] actual_10 跳过 (用户未开启) · t=13.7s
[12:19:19] [210/1000] 500_2_1_h2000_lhd0.7…
2026-07-19 12:19:19,560 [INFO] 全量 2999 只, 主板 500 只 (采样 500)
2026-07-19 12:19:19,564 [INFO] 交易日历: 333 天 (20250306~20260717)
2026-07-19 12:19:19,855 [INFO] [REG] daily(sample=500) 数据质量: 覆盖率 100% (498/500), 空值 2 (0%), 日期跨度 2024-11-21 00:00:00 ~ 20260717 (874 天)
2026-07-19 12:19:20,264 [INFO] WIN_RATE_V2 因子 · irs=0.482 vm20=0.334 reversal=0.013
2026-07-19 12:19:20,266 [INFO] master panel: 195314 行 (codes=498)
2026-07-19 12:19:20,337 [INFO] 大盘过滤: 871 天 · 硬跳过 314 天 / 软跳过 0 天 (估算自 500 主板采样)
2026-07-19 12:19:29,442 [INFO] 索引完成: 498 codes × 874 dates, 板块均值 0 条目
2026-07-19 12:19:29,466 [INFO]   1年: 6套 321 笔, skipped={'no_pick': 1, 'no_t1': 0, 'no_panel': 0, 'breadth_low': 85, 'breadth_soft_no_hot': 0, 'index_late_down': 0, 'sector_late_down': 0, 'tail_vol_low': 0, 'vwap_below': 0, 'vwap_strict_uncovered': 0}
2026-07-19 12:19:29,467 [INFO] [回测 v4] 汇总开始 · 6套=321 累计t=9.9s
2026-07-19 12:19:29,468 [INFO] [回测 v4] 6套统计完 · t=9.9s
2026-07-19 12:19:29,475 [INFO] [回测 v4] 月度完 · 13月 · t=9.9s
2026-07-19 12:19:29,475 [INFO] [回测 v4] 退出原因完 · t=9.9s
2026-07-19 12:19:30,771 [INFO] [sector_breakdown] 耗时 1.3s, 321 笔
2026-07-19 12:19:30,774 [INFO] [回测 v4] 板块完 · 7 · t=11.2s
2026-07-19 12:19:30,774 [INFO] [回测 v4] 总评完 · t=11.2s
2026-07-19 12:19:30,774 [INFO] 回测 v4 完成: 6套 321 笔 · 11.22s · trail_80 胜率 73.52%
2026-07-19 12:19:30,774 [INFO] actual_10 跳过 (用户未开启) · t=11.2s
[12:19:31] [211/1000] 500_4_1_h2000_s3000_top3_inf3…
2026-07-19 12:19:31,101 [INFO] 全量 2999 只, 主板 500 只 (采样 500)
2026-07-19 12:19:31,105 [INFO] 交易日历: 333 天 (20250306~20260717)
2026-07-19 12:19:31,500 [INFO] [REG] daily(sample=500) 数据质量: 覆盖率 100% (498/500), 空值 2 (0%), 日期跨度 2024-11-21 00:00:00 ~ 20260717 (874 天)
2026-07-19 12:19:31,805 [INFO] WIN_RATE_V2 因子 · irs=0.482 vm20=0.334 reversal=0.013
2026-07-19 12:19:31,806 [INFO] master panel: 195314 行 (codes=498)
2026-07-19 12:19:31,878 [INFO] 大盘过滤: 871 天 · 硬跳过 314 天 / 软跳过 203 天 (估算自 500 主板采样)
2026-07-19 12:19:33,803 [INFO] 板块映射: 500 只 (其中无板块 0 只)
2026-07-19 12:19:43,234 [INFO] 索引完成: 498 codes × 874 dates, 板块均值 3883 条目
2026-07-19 12:19:43,259 [INFO]   1年: 6套 361 笔, skipped={'no_pick': 12, 'no_t1': 0, 'no_panel': 0, 'breadth_low': 85, 'breadth_soft_no_hot': 21, 'index_late_down': 0, 'sector_late_down': 0, 'tail_vol_low': 0, 'vwap_below': 0, 'vwap_strict_uncovered': 0}
2026-07-19 12:19:43,260 [INFO] [回测 v4] 汇总开始 · 6套=361 累计t=12.2s
2026-07-19 12:19:43,261 [INFO] [回测 v4] 6套统计完 · t=12.2s
2026-07-19 12:19:43,267 [INFO] [回测 v4] 月度完 · 13月 · t=12.2s
2026-07-19 12:19:43,267 [INFO] [回测 v4] 退出原因完 · t=12.2s
2026-07-19 12:19:44,435 [INFO] [sector_breakdown] 耗时 1.2s, 361 笔
2026-07-19 12:19:44,437 [INFO] [回测 v4] 板块完 · 7 · t=13.3s
2026-07-19 12:19:44,438 [INFO] [回测 v4] 总评完 · t=13.3s
2026-07-19 12:19:44,438 [INFO] 回测 v4 完成: 6套 361 笔 · 13.34s · trail_80 胜率 73.13%
2026-07-19 12:19:44,438 [INFO] actual_10 跳过 (用户未开启) · t=13.3s
[12:19:44] [212/1000] 500_4_3_h2000_s3000_top5_inf3_lhd0.5…
2026-07-19 12:19:44,759 [INFO] 全量 2999 只, 主板 500 只 (采样 500)
2026-07-19 12:19:44,763 [INFO] 交易日历: 333 天 (20250306~20260717)
2026-07-19 12:19:45,049 [INFO] [REG] daily(sample=500) 数据质量: 覆盖率 100% (498/500), 空值 2 (0%), 日期跨度 2024-11-21 00:00:00 ~ 20260717 (874 天)
2026-07-19 12:19:45,424 [INFO] WIN_RATE_V2 因子 · irs=0.482 vm20=0.334 reversal=0.013
2026-07-19 12:19:45,425 [INFO] master panel: 195314 行 (codes=498)
2026-07-19 12:19:45,493 [INFO] 大盘过滤: 871 天 · 硬跳过 314 天 / 软跳过 203 天 (估算自 500 主板采样)
2026-07-19 12:19:46,996 [INFO] 板块映射: 500 只 (其中无板块 0 只)
2026-07-19 12:19:56,558 [INFO] 索引完成: 498 codes × 874 dates, 板块均值 3883 条目
2026-07-19 12:19:56,584 [INFO]   1年: 6套 409 笔, skipped={'no_pick': 12, 'no_t1': 0, 'no_panel': 0, 'breadth_low': 85, 'breadth_soft_no_hot': 10, 'index_late_down': 0, 'sector_late_down': 0, 'tail_vol_low': 0, 'vwap_below': 0, 'vwap_strict_uncovered': 0}
2026-07-19 12:19:56,585 [INFO] [回测 v4] 汇总开始 · 6套=409 累计t=11.8s
2026-07-19 12:19:56,586 [INFO] [回测 v4] 6套统计完 · t=11.8s
2026-07-19 12:19:56,592 [INFO] [回测 v4] 月度完 · 13月 · t=11.8s
2026-07-19 12:19:56,592 [INFO] [回测 v4] 退出原因完 · t=11.8s
2026-07-19 12:19:57,713 [INFO] [sector_breakdown] 耗时 1.1s, 409 笔
2026-07-19 12:19:57,715 [INFO] [回测 v4] 板块完 · 7 · t=13.0s
2026-07-19 12:19:57,716 [INFO] [回测 v4] 总评完 · t=13.0s
2026-07-19 12:19:57,716 [INFO] 回测 v4 完成: 6套 409 笔 · 12.96s · trail_80 胜率 73.11%
2026-07-19 12:19:57,716 [INFO] actual_10 跳过 (用户未开启) · t=13.0s
[12:19:58] [213/1000] 500_5_3_h2000_s3000_top5_inf5…
2026-07-19 12:19:58,035 [INFO] 全量 2999 只, 主板 500 只 (采样 500)
2026-07-19 12:19:58,039 [INFO] 交易日历: 333 天 (20250306~20260717)
2026-07-19 12:19:58,387 [INFO] [REG] daily(sample=500) 数据质量: 覆盖率 100% (498/500), 空值 2 (0%), 日期跨度 2024-11-21 00:00:00 ~ 20260717 (874 天)
2026-07-19 12:19:58,689 [INFO] WIN_RATE_V2 因子 · irs=0.482 vm20=0.334 reversal=0.013
2026-07-19 12:19:58,691 [INFO] master panel: 195314 行 (codes=498)
2026-07-19 12:19:58,831 [INFO] 大盘过滤: 871 天 · 硬跳过 314 天 / 软跳过 203 天 (估算自 500 主板采样)
2026-07-19 12:20:00,126 [INFO] 板块映射: 500 只 (其中无板块 0 只)
2026-07-19 12:20:09,318 [INFO] 索引完成: 498 codes × 874 dates, 板块均值 3883 条目
2026-07-19 12:20:09,344 [INFO]   1年: 6套 586 笔, skipped={'no_pick': 2, 'no_t1': 0, 'no_panel': 0, 'breadth_low': 85, 'breadth_soft_no_hot': 3, 'index_late_down': 0, 'sector_late_down': 0, 'tail_vol_low': 0, 'vwap_below': 0, 'vwap_strict_uncovered': 0}
2026-07-19 12:20:09,346 [INFO] [回测 v4] 汇总开始 · 6套=586 累计t=11.3s
2026-07-19 12:20:09,347 [INFO] [回测 v4] 6套统计完 · t=11.3s
2026-07-19 12:20:09,353 [INFO] [回测 v4] 月度完 · 13月 · t=11.3s
2026-07-19 12:20:09,353 [INFO] [回测 v4] 退出原因完 · t=11.3s
2026-07-19 12:20:10,758 [INFO] [sector_breakdown] 耗时 1.4s, 586 笔
2026-07-19 12:20:10,761 [INFO] [回测 v4] 板块完 · 7 · t=12.7s
2026-07-19 12:20:10,761 [INFO] [回测 v4] 总评完 · t=12.7s
2026-07-19 12:20:10,761 [INFO] equity_curve 采样 586 点 (step=1)
2026-07-19 12:20:10,761 [INFO] 回测 v4 完成: 6套 586 笔 · 12.73s · trail_80 胜率 73.89%
2026-07-19 12:20:10,761 [INFO] actual_10 跳过 (用户未开启) · t=12.7s
[12:20:11] [214/1000] 500_3_1_inf3…
2026-07-19 12:20:11,078 [INFO] 全量 2999 只, 主板 500 只 (采样 500)
2026-07-19 12:20:11,082 [INFO] 交易日历: 333 天 (20250306~20260717)
2026-07-19 12:20:11,363 [INFO] [REG] daily(sample=500) 数据质量: 覆盖率 100% (498/500), 空值 2 (0%), 日期跨度 2024-11-21 00:00:00 ~ 20260717 (874 天)
2026-07-19 12:20:11,740 [INFO] WIN_RATE_V2 因子 · irs=0.482 vm20=0.334 reversal=0.013
2026-07-19 12:20:11,742 [INFO] master panel: 195314 行 (codes=498)
2026-07-19 12:20:12,896 [INFO] 板块映射: 500 只 (其中无板块 0 只)
2026-07-19 12:20:22,142 [INFO] 索引完成: 498 codes × 874 dates, 板块均值 3883 条目
2026-07-19 12:20:22,178 [INFO]   1年: 6套 482 笔, skipped={'no_pick': 45, 'no_t1': 0, 'no_panel': 0, 'breadth_low': 0, 'breadth_soft_no_hot': 0, 'index_late_down': 0, 'sector_late_down': 0, 'tail_vol_low': 0, 'vwap_below': 0, 'vwap_strict_uncovered': 0}
2026-07-19 12:20:22,179 [INFO] [回测 v4] 汇总开始 · 6套=482 累计t=11.1s
2026-07-19 12:20:22,180 [INFO] [回测 v4] 6套统计完 · t=11.1s
2026-07-19 12:20:22,187 [INFO] [回测 v4] 月度完 · 13月 · t=11.1s
2026-07-19 12:20:22,187 [INFO] [回测 v4] 退出原因完 · t=11.1s
2026-07-19 12:20:23,308 [INFO] [sector_breakdown] 耗时 1.1s, 482 笔
2026-07-19 12:20:23,311 [INFO] [回测 v4] 板块完 · 7 · t=12.2s
2026-07-19 12:20:23,311 [INFO] [回测 v4] 总评完 · t=12.2s
2026-07-19 12:20:23,311 [INFO] 回测 v4 完成: 6套 482 笔 · 12.23s · trail_80 胜率 72.41%
2026-07-19 12:20:23,311 [INFO] actual_10 跳过 (用户未开启) · t=12.2s
[12:20:23] [215/1000] 500_5_1_h1500…
2026-07-19 12:20:23,660 [INFO] 全量 2999 只, 主板 500 只 (采样 500)
2026-07-19 12:20:23,664 [INFO] 交易日历: 333 天 (20250306~20260717)
2026-07-19 12:20:24,058 [INFO] [REG] daily(sample=500) 数据质量: 覆盖率 100% (498/500), 空值 2 (0%), 日期跨度 2024-11-21 00:00:00 ~ 20260717 (874 天)
2026-07-19 12:20:24,374 [INFO] WIN_RATE_V2 因子 · irs=0.482 vm20=0.334 reversal=0.013
2026-07-19 12:20:24,376 [INFO] master panel: 195314 行 (codes=498)
2026-07-19 12:20:24,532 [INFO] 大盘过滤: 871 天 · 硬跳过 229 天 / 软跳过 0 天 (估算自 500 主板采样)
2026-07-19 12:20:33,578 [INFO] 索引完成: 498 codes × 874 dates, 板块均值 0 条目
2026-07-19 12:20:33,612 [INFO]   1年: 6套 794 笔, skipped={'no_pick': 3, 'no_t1': 0, 'no_panel': 0, 'breadth_low': 55, 'breadth_soft_no_hot': 0, 'index_late_down': 0, 'sector_late_down': 0, 'tail_vol_low': 0, 'vwap_below': 0, 'vwap_strict_uncovered': 0}
2026-07-19 12:20:33,614 [INFO] [回测 v4] 汇总开始 · 6套=794 累计t=10.0s
2026-07-19 12:20:33,615 [INFO] [回测 v4] 6套统计完 · t=10.0s
2026-07-19 12:20:33,622 [INFO] [回测 v4] 月度完 · 13月 · t=10.0s
2026-07-19 12:20:33,622 [INFO] [回测 v4] 退出原因完 · t=10.0s
2026-07-19 12:20:35,666 [INFO] [sector_breakdown] 耗时 2.0s, 794 笔
2026-07-19 12:20:35,669 [INFO] [回测 v4] 板块完 · 7 · t=12.0s
2026-07-19 12:20:35,670 [INFO] [回测 v4] 总评完 · t=12.0s
2026-07-19 12:20:35,670 [INFO] equity_curve 采样 794 点 (step=1)
2026-07-19 12:20:35,670 [INFO] 回测 v4 完成: 6套 794 笔 · 12.01s · trail_80 胜率 75.06%
2026-07-19 12:20:35,670 [INFO] actual_10 跳过 (用户未开启) · t=12.0s
[12:20:36] [216/1000] 500_1_2_h2000_s3000_top5_inf3_lhd0.5…
2026-07-19 12:20:36,034 [INFO] 全量 2999 只, 主板 500 只 (采样 500)
2026-07-19 12:20:36,039 [INFO] 交易日历: 333 天 (20250306~20260717)
2026-07-19 12:20:36,348 [INFO] [REG] daily(sample=500) 数据质量: 覆盖率 100% (498/500), 空值 2 (0%), 日期跨度 2024-11-21 00:00:00 ~ 20260717 (874 天)
2026-07-19 12:20:36,781 [INFO] WIN_RATE_V2 因子 · irs=0.482 vm20=0.334 reversal=0.013
2026-07-19 12:20:36,783 [INFO] master panel: 195314 行 (codes=498)
2026-07-19 12:20:36,856 [INFO] 大盘过滤: 871 天 · 硬跳过 314 天 / 软跳过 203 天 (估算自 500 主板采样)
2026-07-19 12:20:38,132 [INFO] 板块映射: 500 只 (其中无板块 0 只)
2026-07-19 12:20:48,885 [INFO] 索引完成: 498 codes × 874 dates, 板块均值 3883 条目
2026-07-19 12:20:48,928 [INFO]   1年: 6套 143 笔, skipped={'no_pick': 12, 'no_t1': 0, 'no_panel': 0, 'breadth_low': 85, 'breadth_soft_no_hot': 10, 'index_late_down': 0, 'sector_late_down': 0, 'tail_vol_low': 0, 'vwap_below': 0, 'vwap_strict_uncovered': 0}
2026-07-19 12:20:48,930 [INFO] [回测 v4] 汇总开始 · 6套=143 累计t=12.9s
2026-07-19 12:20:48,931 [INFO] [回测 v4] 6套统计完 · t=12.9s
2026-07-19 12:20:48,941 [INFO] [回测 v4] 月度完 · 13月 · t=12.9s
2026-07-19 12:20:48,941 [INFO] [回测 v4] 退出原因完 · t=12.9s
2026-07-19 12:20:49,383 [INFO] [sector_breakdown] 耗时 0.4s, 143 笔
2026-07-19 12:20:49,387 [INFO] [回测 v4] 板块完 · 7 · t=13.4s
2026-07-19 12:20:49,387 [INFO] [回测 v4] 总评完 · t=13.4s
2026-07-19 12:20:49,387 [INFO] 回测 v4 完成: 6套 143 笔 · 13.35s · trail_80 胜率 71.33%
2026-07-19 12:20:49,387 [INFO] actual_10 跳过 (用户未开启) · t=13.4s
[12:20:49] [217/1000] 500_2_1_h1500_s3000_top3_lhd0.7…
2026-07-19 12:20:49,935 [INFO] 全量 2999 只, 主板 500 只 (采样 500)
2026-07-19 12:20:49,940 [INFO] 交易日历: 333 天 (20250306~20260717)
2026-07-19 12:20:50,582 [INFO] [REG] daily(sample=500) 数据质量: 覆盖率 100% (498/500), 空值 2 (0%), 日期跨度 2024-11-21 00:00:00 ~ 20260717 (874 天)
2026-07-19 12:20:50,997 [INFO] WIN_RATE_V2 因子 · irs=0.482 vm20=0.334 reversal=0.013
2026-07-19 12:20:50,999 [INFO] master panel: 195314 行 (codes=498)
2026-07-19 12:20:51,229 [INFO] 大盘过滤: 871 天 · 硬跳过 229 天 / 软跳过 288 天 (估算自 500 主板采样)
2026-07-19 12:20:52,806 [INFO] 板块映射: 500 只 (其中无板块 0 只)
2026-07-19 12:21:03,758 [INFO] 索引完成: 498 codes × 874 dates, 板块均值 3883 条目
2026-07-19 12:21:03,802 [INFO]   1年: 6套 344 笔, skipped={'no_pick': 1, 'no_t1': 0, 'no_panel': 0, 'breadth_low': 55, 'breadth_soft_no_hot': 11, 'index_late_down': 0, 'sector_late_down': 0, 'tail_vol_low': 0, 'vwap_below': 0, 'vwap_strict_uncovered': 0}
2026-07-19 12:21:03,804 [INFO] [回测 v4] 汇总开始 · 6套=344 累计t=13.9s
2026-07-19 12:21:03,805 [INFO] [回测 v4] 6套统计完 · t=13.9s
2026-07-19 12:21:03,814 [INFO] [回测 v4] 月度完 · 13月 · t=13.9s
2026-07-19 12:21:03,814 [INFO] [回测 v4] 退出原因完 · t=13.9s
2026-07-19 12:21:04,904 [INFO] [sector_breakdown] 耗时 1.1s, 344 笔
2026-07-19 12:21:04,908 [INFO] [回测 v4] 板块完 · 7 · t=15.0s
2026-07-19 12:21:04,909 [INFO] [回测 v4] 总评完 · t=15.0s
2026-07-19 12:21:04,909 [INFO] 回测 v4 完成: 6套 344 笔 · 14.98s · trail_80 胜率 75.87%
2026-07-19 12:21:04,909 [INFO] actual_10 跳过 (用户未开启) · t=15.0s
[12:21:05] [218/1000] 500_5_2_h2000_s3000…
2026-07-19 12:21:05,418 [INFO] 全量 2999 只, 主板 500 只 (采样 500)
2026-07-19 12:21:05,423 [INFO] 交易日历: 333 天 (20250306~20260717)
2026-07-19 12:21:05,814 [INFO] [REG] daily(sample=500) 数据质量: 覆盖率 100% (498/500), 空值 2 (0%), 日期跨度 2024-11-21 00:00:00 ~ 20260717 (874 天)
2026-07-19 12:21:06,398 [INFO] WIN_RATE_V2 因子 · irs=0.482 vm20=0.334 reversal=0.013
2026-07-19 12:21:06,399 [INFO] master panel: 195314 行 (codes=498)
2026-07-19 12:21:06,487 [INFO] 大盘过滤: 871 天 · 硬跳过 314 天 / 软跳过 203 天 (估算自 500 主板采样)
2026-07-19 12:21:16,250 [INFO] 索引完成: 498 codes × 874 dates, 板块均值 0 条目
2026-07-19 12:21:16,289 [INFO]   1年: 6套 689 笔, skipped={'no_pick': 1, 'no_t1': 0, 'no_panel': 0, 'breadth_low': 85, 'breadth_soft_no_hot': 0, 'index_late_down': 0, 'sector_late_down': 0, 'tail_vol_low': 0, 'vwap_below': 0, 'vwap_strict_uncovered': 0}
2026-07-19 12:21:16,291 [INFO] [回测 v4] 汇总开始 · 6套=689 累计t=10.9s
2026-07-19 12:21:16,292 [INFO] [回测 v4] 6套统计完 · t=10.9s
2026-07-19 12:21:16,302 [INFO] [回测 v4] 月度完 · 13月 · t=10.9s
2026-07-19 12:21:16,303 [INFO] [回测 v4] 退出原因完 · t=10.9s
2026-07-19 12:21:18,398 [INFO] [sector_breakdown] 耗时 2.1s, 689 笔
2026-07-19 12:21:18,402 [INFO] [回测 v4] 板块完 · 7 · t=13.0s
2026-07-19 12:21:18,403 [INFO] [回测 v4] 总评完 · t=13.0s
2026-07-19 12:21:18,403 [INFO] equity_curve 采样 689 点 (step=1)
2026-07-19 12:21:18,403 [INFO] 回测 v4 完成: 6套 689 笔 · 12.99s · trail_80 胜率 75.18%
2026-07-19 12:21:18,403 [INFO] actual_10 跳过 (用户未开启) · t=13.0s
[12:21:18] [219/1000] 500_5_3_h1500_s3000_lhd0.5…
2026-07-19 12:21:18,939 [INFO] 全量 2999 只, 主板 500 只 (采样 500)
2026-07-19 12:21:18,944 [INFO] 交易日历: 333 天 (20250306~20260717)
2026-07-19 12:21:19,596 [INFO] [REG] daily(sample=500) 数据质量: 覆盖率 100% (498/500), 空值 2 (0%), 日期跨度 2024-11-21 00:00:00 ~ 20260717 (874 天)
2026-07-19 12:21:19,996 [INFO] WIN_RATE_V2 因子 · irs=0.482 vm20=0.334 reversal=0.013
2026-07-19 12:21:19,998 [INFO] master panel: 195314 行 (codes=498)
2026-07-19 12:21:20,283 [INFO] 大盘过滤: 871 天 · 硬跳过 229 天 / 软跳过 288 天 (估算自 500 主板采样)
2026-07-19 12:21:30,439 [INFO] 索引完成: 498 codes × 874 dates, 板块均值 0 条目
2026-07-19 12:21:30,483 [INFO]   1年: 6套 794 笔, skipped={'no_pick': 1, 'no_t1': 0, 'no_panel': 0, 'breadth_low': 55, 'breadth_soft_no_hot': 2, 'index_late_down': 0, 'sector_late_down': 0, 'tail_vol_low': 0, 'vwap_below': 0, 'vwap_strict_uncovered': 0}
2026-07-19 12:21:30,485 [INFO] [回测 v4] 汇总开始 · 6套=794 累计t=11.5s
2026-07-19 12:21:30,486 [INFO] [回测 v4] 6套统计完 · t=11.5s
2026-07-19 12:21:30,496 [INFO] [回测 v4] 月度完 · 13月 · t=11.6s
2026-07-19 12:21:30,496 [INFO] [回测 v4] 退出原因完 · t=11.6s
2026-07-19 12:21:32,859 [INFO] [sector_breakdown] 耗时 2.4s, 794 笔
2026-07-19 12:21:32,864 [INFO] [回测 v4] 板块完 · 7 · t=13.9s
2026-07-19 12:21:32,865 [INFO] [回测 v4] 总评完 · t=13.9s
2026-07-19 12:21:32,865 [INFO] equity_curve 采样 794 点 (step=1)
2026-07-19 12:21:32,865 [INFO] 回测 v4 完成: 6套 794 笔 · 13.93s · trail_80 胜率 75.06%
2026-07-19 12:21:32,865 [INFO] actual_10 跳过 (用户未开启) · t=13.9s
[12:21:33] [220/1000] 500_5_2_h1500_s3000_top3_lhd0.7…
2026-07-19 12:21:33,372 [INFO] 全量 2999 只, 主板 500 只 (采样 500)
2026-07-19 12:21:33,376 [INFO] 交易日历: 333 天 (20250306~20260717)
2026-07-19 12:21:33,778 [INFO] [REG] daily(sample=500) 数据质量: 覆盖率 100% (498/500), 空值 2 (0%), 日期跨度 2024-11-21 00:00:00 ~ 20260717 (874 天)
2026-07-19 12:21:34,366 [INFO] WIN_RATE_V2 因子 · irs=0.482 vm20=0.334 reversal=0.013
2026-07-19 12:21:34,367 [INFO] master panel: 195314 行 (codes=498)
2026-07-19 12:21:34,456 [INFO] 大盘过滤: 871 天 · 硬跳过 229 天 / 软跳过 288 天 (估算自 500 主板采样)
2026-07-19 12:21:36,030 [INFO] 板块映射: 500 只 (其中无板块 0 只)
2026-07-19 12:21:46,283 [INFO] 索引完成: 498 codes × 874 dates, 板块均值 3883 条目
2026-07-19 12:21:46,331 [INFO]   1年: 6套 657 笔, skipped={'no_pick': 1, 'no_t1': 0, 'no_panel': 0, 'breadth_low': 55, 'breadth_soft_no_hot': 11, 'index_late_down': 0, 'sector_late_down': 0, 'tail_vol_low': 0, 'vwap_below': 0, 'vwap_strict_uncovered': 0}
2026-07-19 12:21:46,333 [INFO] [回测 v4] 汇总开始 · 6套=657 累计t=13.0s
2026-07-19 12:21:46,334 [INFO] [回测 v4] 6套统计完 · t=13.0s
2026-07-19 12:21:46,343 [INFO] [回测 v4] 月度完 · 13月 · t=13.0s
2026-07-19 12:21:46,343 [INFO] [回测 v4] 退出原因完 · t=13.0s
2026-07-19 12:21:48,434 [INFO] [sector_breakdown] 耗时 2.1s, 657 笔
2026-07-19 12:21:48,441 [INFO] [回测 v4] 板块完 · 7 · t=15.1s
2026-07-19 12:21:48,442 [INFO] [回测 v4] 总评完 · t=15.1s
2026-07-19 12:21:48,442 [INFO] equity_curve 采样 657 点 (step=1)
2026-07-19 12:21:48,442 [INFO] 回测 v4 完成: 6套 657 笔 · 15.07s · trail_80 胜率 75.65%
2026-07-19 12:21:48,442 [INFO] actual_10 跳过 (用户未开启) · t=15.1s
[12:21:48] [221/1000] 500_5_1_h1500_s3000_top5_inf3…
2026-07-19 12:21:48,931 [INFO] 全量 2999 只, 主板 500 只 (采样 500)
2026-07-19 12:21:48,936 [INFO] 交易日历: 333 天 (20250306~20260717)
2026-07-19 12:21:49,490 [INFO] [REG] daily(sample=500) 数据质量: 覆盖率 100% (498/500), 空值 2 (0%), 日期跨度 2024-11-21 00:00:00 ~ 20260717 (874 天)
2026-07-19 12:21:49,859 [INFO] WIN_RATE_V2 因子 · irs=0.482 vm20=0.334 reversal=0.013
2026-07-19 12:21:49,860 [INFO] master panel: 195314 行 (codes=498)
2026-07-19 12:21:50,110 [INFO] 大盘过滤: 871 天 · 硬跳过 229 天 / 软跳过 288 天 (估算自 500 主板采样)
2026-07-19 12:21:51,667 [INFO] 板块映射: 500 只 (其中无板块 0 只)
2026-07-19 12:22:02,823 [INFO] 索引完成: 498 codes × 874 dates, 板块均值 3883 条目
2026-07-19 12:22:02,864 [INFO]   1年: 6套 510 笔, skipped={'no_pick': 12, 'no_t1': 0, 'no_panel': 0, 'breadth_low': 55, 'breadth_soft_no_hot': 16, 'index_late_down': 0, 'sector_late_down': 0, 'tail_vol_low': 0, 'vwap_below': 0, 'vwap_strict_uncovered': 0}
2026-07-19 12:22:02,865 [INFO] [回测 v4] 汇总开始 · 6套=510 累计t=13.9s
2026-07-19 12:22:02,866 [INFO] [回测 v4] 6套统计完 · t=13.9s
2026-07-19 12:22:02,873 [INFO] [回测 v4] 月度完 · 13月 · t=13.9s
2026-07-19 12:22:02,873 [INFO] [回测 v4] 退出原因完 · t=13.9s
2026-07-19 12:22:04,368 [INFO] [sector_breakdown] 耗时 1.5s, 510 笔
2026-07-19 12:22:04,372 [INFO] [回测 v4] 板块完 · 7 · t=15.4s
2026-07-19 12:22:04,373 [INFO] [回测 v4] 总评完 · t=15.4s
2026-07-19 12:22:04,373 [INFO] equity_curve 采样 510 点 (step=1)
2026-07-19 12:22:04,373 [INFO] 回测 v4 完成: 6套 510 笔 · 15.44s · trail_80 胜率 73.73%
2026-07-19 12:22:04,373 [INFO] actual_10 跳过 (用户未开启) · t=15.4s
[12:22:04] [222/1000] 500_4_1_h2000_s3000_top5_inf5_lhd0.5…
2026-07-19 12:22:04,819 [INFO] 全量 2999 只, 主板 500 只 (采样 500)
2026-07-19 12:22:04,824 [INFO] 交易日历: 333 天 (20250306~20260717)
2026-07-19 12:22:05,192 [INFO] [REG] daily(sample=500) 数据质量: 覆盖率 100% (498/500), 空值 2 (0%), 日期跨度 2024-11-21 00:00:00 ~ 20260717 (874 天)
2026-07-19 12:22:05,725 [INFO] WIN_RATE_V2 因子 · irs=0.482 vm20=0.334 reversal=0.013
2026-07-19 12:22:05,727 [INFO] master panel: 195314 行 (codes=498)
2026-07-19 12:22:05,804 [INFO] 大盘过滤: 871 天 · 硬跳过 314 天 / 软跳过 203 天 (估算自 500 主板采样)
2026-07-19 12:22:07,436 [INFO] 板块映射: 500 只 (其中无板块 0 只)
2026-07-19 12:22:18,115 [INFO] 索引完成: 498 codes × 874 dates, 板块均值 3883 条目
2026-07-19 12:22:18,157 [INFO]   1年: 6套 514 笔, skipped={'no_pick': 2, 'no_t1': 0, 'no_panel': 0, 'breadth_low': 85, 'breadth_soft_no_hot': 3, 'index_late_down': 0, 'sector_late_down': 0, 'tail_vol_low': 0, 'vwap_below': 0, 'vwap_strict_uncovered': 0}
2026-07-19 12:22:18,159 [INFO] [回测 v4] 汇总开始 · 6套=514 累计t=13.3s
2026-07-19 12:22:18,160 [INFO] [回测 v4] 6套统计完 · t=13.3s
2026-07-19 12:22:18,167 [INFO] [回测 v4] 月度完 · 13月 · t=13.3s
2026-07-19 12:22:18,167 [INFO] [回测 v4] 退出原因完 · t=13.3s
2026-07-19 12:22:19,569 [INFO] [sector_breakdown] 耗时 1.4s, 514 笔
2026-07-19 12:22:19,571 [INFO] [回测 v4] 板块完 · 7 · t=14.8s
2026-07-19 12:22:19,571 [INFO] [回测 v4] 总评完 · t=14.8s
2026-07-19 12:22:19,572 [INFO] equity_curve 采样 514 点 (step=1)
2026-07-19 12:22:19,572 [INFO] 回测 v4 完成: 6套 514 笔 · 14.75s · trail_80 胜率 73.15%
2026-07-19 12:22:19,572 [INFO] actual_10 跳过 (用户未开启) · t=14.8s
[12:22:19] [223/1000] 500_5_3_h1500_s3000_top3_inf3_lhd0.5…
2026-07-19 12:22:19,928 [INFO] 全量 2999 只, 主板 500 只 (采样 500)
2026-07-19 12:22:19,932 [INFO] 交易日历: 333 天 (20250306~20260717)
2026-07-19 12:22:20,311 [INFO] [REG] daily(sample=500) 数据质量: 覆盖率 100% (498/500), 空值 2 (0%), 日期跨度 2024-11-21 00:00:00 ~ 20260717 (874 天)
2026-07-19 12:22:20,624 [INFO] WIN_RATE_V2 因子 · irs=0.482 vm20=0.334 reversal=0.013
2026-07-19 12:22:20,625 [INFO] master panel: 195314 行 (codes=498)
2026-07-19 12:22:20,784 [INFO] 大盘过滤: 871 天 · 硬跳过 229 天 / 软跳过 288 天 (估算自 500 主板采样)
2026-07-19 12:22:21,956 [INFO] 板块映射: 500 只 (其中无板块 0 只)
2026-07-19 12:22:32,198 [INFO] 索引完成: 498 codes × 874 dates, 板块均值 3883 条目
2026-07-19 12:22:32,234 [INFO]   1年: 6套 437 笔, skipped={'no_pick': 12, 'no_t1': 0, 'no_panel': 0, 'breadth_low': 55, 'breadth_soft_no_hot': 31, 'index_late_down': 0, 'sector_late_down': 0, 'tail_vol_low': 0, 'vwap_below': 0, 'vwap_strict_uncovered': 0}
2026-07-19 12:22:32,235 [INFO] [回测 v4] 汇总开始 · 6套=437 累计t=12.3s
2026-07-19 12:22:32,236 [INFO] [回测 v4] 6套统计完 · t=12.3s
2026-07-19 12:22:32,245 [INFO] [回测 v4] 月度完 · 13月 · t=12.3s
2026-07-19 12:22:32,245 [INFO] [回测 v4] 退出原因完 · t=12.3s
2026-07-19 12:22:33,417 [INFO] [sector_breakdown] 耗时 1.2s, 437 笔
2026-07-19 12:22:33,420 [INFO] [回测 v4] 板块完 · 7 · t=13.5s
2026-07-19 12:22:33,421 [INFO] [回测 v4] 总评完 · t=13.5s
2026-07-19 12:22:33,421 [INFO] 回测 v4 完成: 6套 437 笔 · 13.49s · trail_80 胜率 74.6%
2026-07-19 12:22:33,421 [INFO] actual_10 跳过 (用户未开启) · t=13.5s
[12:22:33] [224/1000] 500_1_3_h2000_s3000_top3…
2026-07-19 12:22:33,802 [INFO] 全量 2999 只, 主板 500 只 (采样 500)
2026-07-19 12:22:33,806 [INFO] 交易日历: 333 天 (20250306~20260717)
2026-07-19 12:22:34,126 [INFO] [REG] daily(sample=500) 数据质量: 覆盖率 100% (498/500), 空值 2 (0%), 日期跨度 2024-11-21 00:00:00 ~ 20260717 (874 天)
2026-07-19 12:22:34,586 [INFO] WIN_RATE_V2 因子 · irs=0.482 vm20=0.334 reversal=0.013
2026-07-19 12:22:34,587 [INFO] master panel: 195314 行 (codes=498)
2026-07-19 12:22:34,658 [INFO] 大盘过滤: 871 天 · 硬跳过 314 天 / 软跳过 203 天 (估算自 500 主板采样)
2026-07-19 12:22:35,859 [INFO] 板块映射: 500 只 (其中无板块 0 只)
2026-07-19 12:22:45,516 [INFO] 索引完成: 498 codes × 874 dates, 板块均值 3883 条目
2026-07-19 12:22:45,543 [INFO]   1年: 6套 156 笔, skipped={'no_pick': 1, 'no_t1': 0, 'no_panel': 0, 'breadth_low': 85, 'breadth_soft_no_hot': 8, 'index_late_down': 0, 'sector_late_down': 0, 'tail_vol_low': 0, 'vwap_below': 0, 'vwap_strict_uncovered': 0}
2026-07-19 12:22:45,544 [INFO] [回测 v4] 汇总开始 · 6套=156 累计t=11.7s
2026-07-19 12:22:45,544 [INFO] [回测 v4] 6套统计完 · t=11.7s
2026-07-19 12:22:45,554 [INFO] [回测 v4] 月度完 · 13月 · t=11.8s
2026-07-19 12:22:45,554 [INFO] [回测 v4] 退出原因完 · t=11.8s
2026-07-19 12:22:46,061 [INFO] [sector_breakdown] 耗时 0.5s, 156 笔
2026-07-19 12:22:46,063 [INFO] [回测 v4] 板块完 · 7 · t=12.3s
2026-07-19 12:22:46,064 [INFO] [回测 v4] 总评完 · t=12.3s
2026-07-19 12:22:46,064 [INFO] 回测 v4 完成: 6套 156 笔 · 12.26s · trail_80 胜率 75.0%
2026-07-19 12:22:46,064 [INFO] actual_10 跳过 (用户未开启) · t=12.3s
[12:22:46] [225/1000] 500_5_2_h1500_s3000_top3_inf5_lhd0.7…
2026-07-19 12:22:46,480 [INFO] 全量 2999 只, 主板 500 只 (采样 500)
2026-07-19 12:22:46,484 [INFO] 交易日历: 333 天 (20250306~20260717)
2026-07-19 12:22:46,945 [INFO] [REG] daily(sample=500) 数据质量: 覆盖率 100% (498/500), 空值 2 (0%), 日期跨度 2024-11-21 00:00:00 ~ 20260717 (874 天)
2026-07-19 12:22:47,298 [INFO] WIN_RATE_V2 因子 · irs=0.482 vm20=0.334 reversal=0.013
2026-07-19 12:22:47,299 [INFO] master panel: 195314 行 (codes=498)
2026-07-19 12:22:47,499 [INFO] 大盘过滤: 871 天 · 硬跳过 229 天 / 软跳过 288 天 (估算自 500 主板采样)
2026-07-19 12:22:48,760 [INFO] 板块映射: 500 只 (其中无板块 0 只)
2026-07-19 12:22:59,319 [INFO] 索引完成: 498 codes × 874 dates, 板块均值 3883 条目
2026-07-19 12:22:59,350 [INFO]   1年: 6套 565 笔, skipped={'no_pick': 2, 'no_t1': 0, 'no_panel': 0, 'breadth_low': 55, 'breadth_soft_no_hot': 19, 'index_late_down': 0, 'sector_late_down': 0, 'tail_vol_low': 0, 'vwap_below': 0, 'vwap_strict_uncovered': 0}
2026-07-19 12:22:59,351 [INFO] [回测 v4] 汇总开始 · 6套=565 累计t=12.9s
2026-07-19 12:22:59,352 [INFO] [回测 v4] 6套统计完 · t=12.9s
2026-07-19 12:22:59,359 [INFO] [回测 v4] 月度完 · 13月 · t=12.9s
2026-07-19 12:22:59,359 [INFO] [回测 v4] 退出原因完 · t=12.9s
2026-07-19 12:23:00,737 [INFO] [sector_breakdown] 耗时 1.4s, 565 笔
2026-07-19 12:23:00,740 [INFO] [回测 v4] 板块完 · 7 · t=14.3s
2026-07-19 12:23:00,740 [INFO] [回测 v4] 总评完 · t=14.3s
2026-07-19 12:23:00,740 [INFO] equity_curve 采样 565 点 (step=1)
2026-07-19 12:23:00,740 [INFO] 回测 v4 完成: 6套 565 笔 · 14.26s · trail_80 胜率 74.34%
2026-07-19 12:23:00,740 [INFO] actual_10 跳过 (用户未开启) · t=14.3s
[12:23:01] [226/1000] 500_1_1_h1500_s3000_top3_inf3_lhd0.5…
2026-07-19 12:23:01,080 [INFO] 全量 2999 只, 主板 500 只 (采样 500)
2026-07-19 12:23:01,084 [INFO] 交易日历: 333 天 (20250306~20260717)
2026-07-19 12:23:01,370 [INFO] [REG] daily(sample=500) 数据质量: 覆盖率 100% (498/500), 空值 2 (0%), 日期跨度 2024-11-21 00:00:00 ~ 20260717 (874 天)
2026-07-19 12:23:01,759 [INFO] WIN_RATE_V2 因子 · irs=0.482 vm20=0.334 reversal=0.013
2026-07-19 12:23:01,760 [INFO] master panel: 195314 行 (codes=498)
2026-07-19 12:23:01,832 [INFO] 大盘过滤: 871 天 · 硬跳过 229 天 / 软跳过 288 天 (估算自 500 主板采样)
2026-07-19 12:23:03,040 [INFO] 板块映射: 500 只 (其中无板块 0 只)
2026-07-19 12:23:12,787 [INFO] 索引完成: 498 codes × 874 dates, 板块均值 3883 条目
2026-07-19 12:23:12,816 [INFO]   1年: 6套 152 笔, skipped={'no_pick': 12, 'no_t1': 0, 'no_panel': 0, 'breadth_low': 55, 'breadth_soft_no_hot': 31, 'index_late_down': 0, 'sector_late_down': 0, 'tail_vol_low': 0, 'vwap_below': 0, 'vwap_strict_uncovered': 0}
2026-07-19 12:23:12,817 [INFO] [回测 v4] 汇总开始 · 6套=152 累计t=11.7s
2026-07-19 12:23:12,818 [INFO] [回测 v4] 6套统计完 · t=11.7s
2026-07-19 12:23:12,824 [INFO] [回测 v4] 月度完 · 13月 · t=11.7s
2026-07-19 12:23:12,824 [INFO] [回测 v4] 退出原因完 · t=11.7s
2026-07-19 12:23:13,197 [INFO] [sector_breakdown] 耗时 0.4s, 152 笔
2026-07-19 12:23:13,199 [INFO] [回测 v4] 板块完 · 7 · t=12.1s
2026-07-19 12:23:13,199 [INFO] [回测 v4] 总评完 · t=12.1s
2026-07-19 12:23:13,199 [INFO] 回测 v4 完成: 6套 152 笔 · 12.12s · trail_80 胜率 75.66%
2026-07-19 12:23:13,199 [INFO] actual_10 跳过 (用户未开启) · t=12.1s
[12:23:13] [227/1000] 500_1_3_h1500_s3000_top8_inf5_lhd0.5…
2026-07-19 12:23:13,541 [INFO] 全量 2999 只, 主板 500 只 (采样 500)
2026-07-19 12:23:13,545 [INFO] 交易日历: 333 天 (20250306~20260717)
2026-07-19 12:23:13,928 [INFO] [REG] daily(sample=500) 数据质量: 覆盖率 100% (498/500), 空值 2 (0%), 日期跨度 2024-11-21 00:00:00 ~ 20260717 (874 天)
2026-07-19 12:23:14,238 [INFO] WIN_RATE_V2 因子 · irs=0.482 vm20=0.334 reversal=0.013
2026-07-19 12:23:14,240 [INFO] master panel: 195314 行 (codes=498)
2026-07-19 12:23:14,424 [INFO] 大盘过滤: 871 天 · 硬跳过 229 天 / 软跳过 288 天 (估算自 500 主板采样)
2026-07-19 12:23:15,595 [INFO] 板块映射: 500 只 (其中无板块 0 只)
2026-07-19 12:23:25,421 [INFO] 索引完成: 498 codes × 874 dates, 板块均值 3883 条目
2026-07-19 12:23:25,452 [INFO]   1年: 6套 188 笔, skipped={'no_pick': 2, 'no_t1': 0, 'no_panel': 0, 'breadth_low': 55, 'breadth_soft_no_hot': 5, 'index_late_down': 0, 'sector_late_down': 0, 'tail_vol_low': 0, 'vwap_below': 0, 'vwap_strict_uncovered': 0}
2026-07-19 12:23:25,453 [INFO] [回测 v4] 汇总开始 · 6套=188 累计t=11.9s
2026-07-19 12:23:25,454 [INFO] [回测 v4] 6套统计完 · t=11.9s
2026-07-19 12:23:25,460 [INFO] [回测 v4] 月度完 · 13月 · t=11.9s
2026-07-19 12:23:25,460 [INFO] [回测 v4] 退出原因完 · t=11.9s
2026-07-19 12:23:25,926 [INFO] [sector_breakdown] 耗时 0.5s, 188 笔
2026-07-19 12:23:25,928 [INFO] [回测 v4] 板块完 · 7 · t=12.4s
2026-07-19 12:23:25,929 [INFO] [回测 v4] 总评完 · t=12.4s
2026-07-19 12:23:25,929 [INFO] 回测 v4 完成: 6套 188 笔 · 12.39s · trail_80 胜率 72.87%
2026-07-19 12:23:25,929 [INFO] actual_10 跳过 (用户未开启) · t=12.4s
[12:23:26] [228/1000] 500_1_2_h2000_s3000_top8_inf5_lhd0.7…
2026-07-19 12:23:26,258 [INFO] 全量 2999 只, 主板 500 只 (采样 500)
2026-07-19 12:23:26,262 [INFO] 交易日历: 333 天 (20250306~20260717)
2026-07-19 12:23:26,552 [INFO] [REG] daily(sample=500) 数据质量: 覆盖率 100% (498/500), 空值 2 (0%), 日期跨度 2024-11-21 00:00:00 ~ 20260717 (874 天)
2026-07-19 12:23:26,940 [INFO] WIN_RATE_V2 因子 · irs=0.482 vm20=0.334 reversal=0.013
2026-07-19 12:23:26,941 [INFO] master panel: 195314 行 (codes=498)
2026-07-19 12:23:27,011 [INFO] 大盘过滤: 871 天 · 硬跳过 314 天 / 软跳过 203 天 (估算自 500 主板采样)
2026-07-19 12:23:28,156 [INFO] 板块映射: 500 只 (其中无板块 0 只)
2026-07-19 12:23:37,525 [INFO] 索引完成: 498 codes × 874 dates, 板块均值 3883 条目
2026-07-19 12:23:37,553 [INFO]   1年: 6套 161 笔, skipped={'no_pick': 2, 'no_t1': 0, 'no_panel': 0, 'breadth_low': 85, 'breadth_soft_no_hot': 2, 'index_late_down': 0, 'sector_late_down': 0, 'tail_vol_low': 0, 'vwap_below': 0, 'vwap_strict_uncovered': 0}
2026-07-19 12:23:37,554 [INFO] [回测 v4] 汇总开始 · 6套=161 累计t=11.3s
2026-07-19 12:23:37,555 [INFO] [回测 v4] 6套统计完 · t=11.3s
2026-07-19 12:23:37,561 [INFO] [回测 v4] 月度完 · 13月 · t=11.3s
2026-07-19 12:23:37,561 [INFO] [回测 v4] 退出原因完 · t=11.3s
2026-07-19 12:23:37,951 [INFO] [sector_breakdown] 耗时 0.4s, 161 笔
2026-07-19 12:23:37,953 [INFO] [回测 v4] 板块完 · 7 · t=11.7s
2026-07-19 12:23:37,953 [INFO] [回测 v4] 总评完 · t=11.7s
2026-07-19 12:23:37,953 [INFO] 回测 v4 完成: 6套 161 笔 · 11.7s · trail_80 胜率 72.67%
2026-07-19 12:23:37,953 [INFO] actual_10 跳过 (用户未开启) · t=11.7s
[12:23:38] [229/1000] 500_4_2_h2000_s3000_inf3_lhd0.7…
2026-07-19 12:23:38,295 [INFO] 全量 2999 只, 主板 500 只 (采样 500)
2026-07-19 12:23:38,299 [INFO] 交易日历: 333 天 (20250306~20260717)
2026-07-19 12:23:38,694 [INFO] [REG] daily(sample=500) 数据质量: 覆盖率 100% (498/500), 空值 2 (0%), 日期跨度 2024-11-21 00:00:00 ~ 20260717 (874 天)
2026-07-19 12:23:39,011 [INFO] WIN_RATE_V2 因子 · irs=0.482 vm20=0.334 reversal=0.013
2026-07-19 12:23:39,013 [INFO] master panel: 195314 行 (codes=498)
2026-07-19 12:23:39,087 [INFO] 大盘过滤: 871 天 · 硬跳过 314 天 / 软跳过 203 天 (估算自 500 主板采样)
2026-07-19 12:23:40,299 [INFO] 板块映射: 500 只 (其中无板块 0 只)
2026-07-19 12:23:51,213 [INFO] 索引完成: 498 codes × 874 dates, 板块均值 3883 条目
2026-07-19 12:23:51,246 [INFO]   1年: 6套 425 笔, skipped={'no_pick': 12, 'no_t1': 0, 'no_panel': 0, 'breadth_low': 85, 'breadth_soft_no_hot': 6, 'index_late_down': 0, 'sector_late_down': 0, 'tail_vol_low': 0, 'vwap_below': 0, 'vwap_strict_uncovered': 0}
2026-07-19 12:23:51,248 [INFO] [回测 v4] 汇总开始 · 6套=425 累计t=13.0s
2026-07-19 12:23:51,248 [INFO] [回测 v4] 6套统计完 · t=13.0s
2026-07-19 12:23:51,256 [INFO] [回测 v4] 月度完 · 13月 · t=13.0s
2026-07-19 12:23:51,256 [INFO] [回测 v4] 退出原因完 · t=13.0s
2026-07-19 12:23:52,552 [INFO] [sector_breakdown] 耗时 1.3s, 425 笔
2026-07-19 12:23:52,555 [INFO] [回测 v4] 板块完 · 7 · t=14.3s
2026-07-19 12:23:52,555 [INFO] [回测 v4] 总评完 · t=14.3s
2026-07-19 12:23:52,555 [INFO] 回测 v4 完成: 6套 425 笔 · 14.26s · trail_80 胜率 72.71%
2026-07-19 12:23:52,555 [INFO] actual_10 跳过 (用户未开启) · t=14.3s
[12:23:52] [230/1000] 500_1_3_h1500_s3000_lhd0.7…
2026-07-19 12:23:52,910 [INFO] 全量 2999 只, 主板 500 只 (采样 500)
2026-07-19 12:23:52,915 [INFO] 交易日历: 333 天 (20250306~20260717)
2026-07-19 12:23:53,244 [INFO] [REG] daily(sample=500) 数据质量: 覆盖率 100% (498/500), 空值 2 (0%), 日期跨度 2024-11-21 00:00:00 ~ 20260717 (874 天)
2026-07-19 12:23:53,674 [INFO] WIN_RATE_V2 因子 · irs=0.482 vm20=0.334 reversal=0.013
2026-07-19 12:23:53,676 [INFO] master panel: 195314 行 (codes=498)
2026-07-19 12:23:53,756 [INFO] 大盘过滤: 871 天 · 硬跳过 229 天 / 软跳过 288 天 (估算自 500 主板采样)
2026-07-19 12:24:03,628 [INFO] 索引完成: 498 codes × 874 dates, 板块均值 0 条目
2026-07-19 12:24:03,661 [INFO]   1年: 6套 192 笔, skipped={'no_pick': 1, 'no_t1': 0, 'no_panel': 0, 'breadth_low': 55, 'breadth_soft_no_hot': 2, 'index_late_down': 0, 'sector_late_down': 0, 'tail_vol_low': 0, 'vwap_below': 0, 'vwap_strict_uncovered': 0}
2026-07-19 12:24:03,662 [INFO] [回测 v4] 汇总开始 · 6套=192 累计t=10.8s
2026-07-19 12:24:03,663 [INFO] [回测 v4] 6套统计完 · t=10.8s
2026-07-19 12:24:03,670 [INFO] [回测 v4] 月度完 · 13月 · t=10.8s
2026-07-19 12:24:03,670 [INFO] [回测 v4] 退出原因完 · t=10.8s
2026-07-19 12:24:04,205 [INFO] [sector_breakdown] 耗时 0.5s, 192 笔
2026-07-19 12:24:04,208 [INFO] [回测 v4] 板块完 · 7 · t=11.3s
2026-07-19 12:24:04,208 [INFO] [回测 v4] 总评完 · t=11.3s
2026-07-19 12:24:04,208 [INFO] 回测 v4 完成: 6套 192 笔 · 11.3s · trail_80 胜率 72.92%
2026-07-19 12:24:04,208 [INFO] actual_10 跳过 (用户未开启) · t=11.3s
[12:24:04] [231/1000] 500_4_1_h2000_s3000_top5_inf5…
2026-07-19 12:24:04,572 [INFO] 全量 2999 只, 主板 500 只 (采样 500)
2026-07-19 12:24:04,576 [INFO] 交易日历: 333 天 (20250306~20260717)
2026-07-19 12:24:04,895 [INFO] [REG] daily(sample=500) 数据质量: 覆盖率 100% (498/500), 空值 2 (0%), 日期跨度 2024-11-21 00:00:00 ~ 20260717 (874 天)
2026-07-19 12:24:05,357 [INFO] WIN_RATE_V2 因子 · irs=0.482 vm20=0.334 reversal=0.013
2026-07-19 12:24:05,358 [INFO] master panel: 195314 行 (codes=498)
2026-07-19 12:24:05,441 [INFO] 大盘过滤: 871 天 · 硬跳过 314 天 / 软跳过 203 天 (估算自 500 主板采样)
2026-07-19 12:24:06,840 [INFO] 板块映射: 500 只 (其中无板块 0 只)
2026-07-19 12:24:17,474 [INFO] 索引完成: 498 codes × 874 dates, 板块均值 3883 条目
2026-07-19 12:24:17,512 [INFO]   1年: 6套 514 笔, skipped={'no_pick': 2, 'no_t1': 0, 'no_panel': 0, 'breadth_low': 85, 'breadth_soft_no_hot': 3, 'index_late_down': 0, 'sector_late_down': 0, 'tail_vol_low': 0, 'vwap_below': 0, 'vwap_strict_uncovered': 0}
2026-07-19 12:24:17,514 [INFO] [回测 v4] 汇总开始 · 6套=514 累计t=12.9s
2026-07-19 12:24:17,515 [INFO] [回测 v4] 6套统计完 · t=12.9s
2026-07-19 12:24:17,522 [INFO] [回测 v4] 月度完 · 13月 · t=13.0s
2026-07-19 12:24:17,523 [INFO] [回测 v4] 退出原因完 · t=13.0s
2026-07-19 12:24:19,175 [INFO] [sector_breakdown] 耗时 1.7s, 514 笔
2026-07-19 12:24:19,180 [INFO] [回测 v4] 板块完 · 7 · t=14.6s
2026-07-19 12:24:19,181 [INFO] [回测 v4] 总评完 · t=14.6s
2026-07-19 12:24:19,181 [INFO] equity_curve 采样 514 点 (step=1)
2026-07-19 12:24:19,181 [INFO] 回测 v4 完成: 6套 514 笔 · 14.61s · trail_80 胜率 73.15%
2026-07-19 12:24:19,181 [INFO] actual_10 跳过 (用户未开启) · t=14.6s
[12:24:19] [232/1000] 500_4_3_h1500_s3000_top8…
2026-07-19 12:24:19,669 [INFO] 全量 2999 只, 主板 500 只 (采样 500)
2026-07-19 12:24:19,675 [INFO] 交易日历: 333 天 (20250306~20260717)
2026-07-19 12:24:20,289 [INFO] [REG] daily(sample=500) 数据质量: 覆盖率 100% (498/500), 空值 2 (0%), 日期跨度 2024-11-21 00:00:00 ~ 20260717 (874 天)
2026-07-19 12:24:20,874 [INFO] WIN_RATE_V2 因子 · irs=0.482 vm20=0.334 reversal=0.013
2026-07-19 12:24:20,876 [INFO] master panel: 195314 行 (codes=498)
2026-07-19 12:24:20,961 [INFO] 大盘过滤: 871 天 · 硬跳过 229 天 / 软跳过 288 天 (估算自 500 主板采样)
2026-07-19 12:24:22,776 [INFO] 板块映射: 500 只 (其中无板块 0 只)
2026-07-19 12:24:34,357 [INFO] 索引完成: 498 codes × 874 dates, 板块均值 3883 条目
2026-07-19 12:24:34,407 [INFO]   1年: 6套 681 笔, skipped={'no_pick': 1, 'no_t1': 0, 'no_panel': 0, 'breadth_low': 55, 'breadth_soft_no_hot': 2, 'index_late_down': 0, 'sector_late_down': 0, 'tail_vol_low': 0, 'vwap_below': 0, 'vwap_strict_uncovered': 0}
2026-07-19 12:24:34,410 [INFO] [回测 v4] 汇总开始 · 6套=681 累计t=14.7s
2026-07-19 12:24:34,411 [INFO] [回测 v4] 6套统计完 · t=14.7s
2026-07-19 12:24:34,421 [INFO] [回测 v4] 月度完 · 13月 · t=14.8s
2026-07-19 12:24:34,421 [INFO] [回测 v4] 退出原因完 · t=14.8s
2026-07-19 12:24:36,876 [INFO] [sector_breakdown] 耗时 2.5s, 681 笔
2026-07-19 12:24:36,882 [INFO] [回测 v4] 板块完 · 7 · t=17.2s
2026-07-19 12:24:36,883 [INFO] [回测 v4] 总评完 · t=17.2s
2026-07-19 12:24:36,883 [INFO] equity_curve 采样 681 点 (step=1)
2026-07-19 12:24:36,883 [INFO] 回测 v4 完成: 6套 681 笔 · 17.22s · trail_80 胜率 74.89%
2026-07-19 12:24:36,883 [INFO] actual_10 跳过 (用户未开启) · t=17.2s
[12:24:37] [233/1000] 500_2_1_h2000_s3000_top5_inf3_lhd0.7…
2026-07-19 12:24:37,423 [INFO] 全量 2999 只, 主板 500 只 (采样 500)
2026-07-19 12:24:37,427 [INFO] 交易日历: 333 天 (20250306~20260717)
2026-07-19 12:24:37,815 [INFO] [REG] daily(sample=500) 数据质量: 覆盖率 100% (498/500), 空值 2 (0%), 日期跨度 2024-11-21 00:00:00 ~ 20260717 (874 天)
2026-07-19 12:24:38,375 [INFO] WIN_RATE_V2 因子 · irs=0.482 vm20=0.334 reversal=0.013
2026-07-19 12:24:38,377 [INFO] master panel: 195314 行 (codes=498)
2026-07-19 12:24:38,464 [INFO] 大盘过滤: 871 天 · 硬跳过 314 天 / 软跳过 203 天 (估算自 500 主板采样)
2026-07-19 12:24:40,362 [INFO] 板块映射: 500 只 (其中无板块 0 只)
2026-07-19 12:24:51,896 [INFO] 索引完成: 498 codes × 874 dates, 板块均值 3883 条目
2026-07-19 12:24:51,926 [INFO]   1年: 6套 261 笔, skipped={'no_pick': 12, 'no_t1': 0, 'no_panel': 0, 'breadth_low': 85, 'breadth_soft_no_hot': 10, 'index_late_down': 0, 'sector_late_down': 0, 'tail_vol_low': 0, 'vwap_below': 0, 'vwap_strict_uncovered': 0}
2026-07-19 12:24:51,927 [INFO] [回测 v4] 汇总开始 · 6套=261 累计t=14.5s
2026-07-19 12:24:51,928 [INFO] [回测 v4] 6套统计完 · t=14.5s
2026-07-19 12:24:51,936 [INFO] [回测 v4] 月度完 · 13月 · t=14.5s
2026-07-19 12:24:51,936 [INFO] [回测 v4] 退出原因完 · t=14.5s
2026-07-19 12:24:52,893 [INFO] [sector_breakdown] 耗时 1.0s, 261 笔
2026-07-19 12:24:52,898 [INFO] [回测 v4] 板块完 · 7 · t=15.5s
2026-07-19 12:24:52,898 [INFO] [回测 v4] 总评完 · t=15.5s
2026-07-19 12:24:52,898 [INFO] 回测 v4 完成: 6套 261 笔 · 15.48s · trail_80 胜率 72.03%
2026-07-19 12:24:52,898 [INFO] actual_10 跳过 (用户未开启) · t=15.5s
[12:24:53] [234/1000] 500_2_3_h1500_s3000_top3…
2026-07-19 12:24:53,477 [INFO] 全量 2999 只, 主板 500 只 (采样 500)
2026-07-19 12:24:53,483 [INFO] 交易日历: 333 天 (20250306~20260717)
2026-07-19 12:24:54,318 [INFO] [REG] daily(sample=500) 数据质量: 覆盖率 100% (498/500), 空值 2 (0%), 日期跨度 2024-11-21 00:00:00 ~ 20260717 (874 天)
2026-07-19 12:24:55,012 [INFO] WIN_RATE_V2 因子 · irs=0.482 vm20=0.334 reversal=0.013
2026-07-19 12:24:55,014 [INFO] master panel: 195314 行 (codes=498)
2026-07-19 12:24:55,137 [INFO] 大盘过滤: 871 天 · 硬跳过 229 天 / 软跳过 288 天 (估算自 500 主板采样)
2026-07-19 12:24:57,357 [INFO] 板块映射: 500 只 (其中无板块 0 只)
2026-07-19 12:25:11,879 [INFO] 索引完成: 498 codes × 874 dates, 板块均值 3883 条目
2026-07-19 12:25:11,936 [INFO]   1年: 6套 344 笔, skipped={'no_pick': 1, 'no_t1': 0, 'no_panel': 0, 'breadth_low': 55, 'breadth_soft_no_hot': 11, 'index_late_down': 0, 'sector_late_down': 0, 'tail_vol_low': 0, 'vwap_below': 0, 'vwap_strict_uncovered': 0}
2026-07-19 12:25:11,938 [INFO] [回测 v4] 汇总开始 · 6套=344 累计t=18.5s
2026-07-19 12:25:11,938 [INFO] [回测 v4] 6套统计完 · t=18.5s
2026-07-19 12:25:11,951 [INFO] [回测 v4] 月度完 · 13月 · t=18.5s
2026-07-19 12:25:11,951 [INFO] [回测 v4] 退出原因完 · t=18.5s
2026-07-19 12:25:13,624 [INFO] [sector_breakdown] 耗时 1.7s, 344 笔
2026-07-19 12:25:13,629 [INFO] [回测 v4] 板块完 · 7 · t=20.2s
2026-07-19 12:25:13,630 [INFO] [回测 v4] 总评完 · t=20.2s
2026-07-19 12:25:13,630 [INFO] 回测 v4 完成: 6套 344 笔 · 20.15s · trail_80 胜率 75.87%
2026-07-19 12:25:13,630 [INFO] actual_10 跳过 (用户未开启) · t=20.2s
[12:25:14] [235/1000] 500_5_2…
2026-07-19 12:25:14,309 [INFO] 全量 2999 只, 主板 500 只 (采样 500)
2026-07-19 12:25:14,314 [INFO] 交易日历: 333 天 (20250306~20260717)
2026-07-19 12:25:15,013 [INFO] [REG] daily(sample=500) 数据质量: 覆盖率 100% (498/500), 空值 2 (0%), 日期跨度 2024-11-21 00:00:00 ~ 20260717 (874 天)
2026-07-19 12:25:15,864 [INFO] WIN_RATE_V2 因子 · irs=0.482 vm20=0.334 reversal=0.013
2026-07-19 12:25:15,865 [INFO] master panel: 195314 行 (codes=498)
2026-07-19 12:25:30,128 [INFO] 索引完成: 498 codes × 874 dates, 板块均值 0 条目
2026-07-19 12:25:30,216 [INFO]   1年: 6套 934 笔, skipped={'no_pick': 7, 'no_t1': 0, 'no_panel': 0, 'breadth_low': 0, 'breadth_soft_no_hot': 0, 'index_late_down': 0, 'sector_late_down': 0, 'tail_vol_low': 0, 'vwap_below': 0, 'vwap_strict_uncovered': 0}
2026-07-19 12:25:30,219 [INFO] [回测 v4] 汇总开始 · 6套=934 累计t=15.9s
2026-07-19 12:25:30,222 [INFO] [回测 v4] 6套统计完 · t=15.9s
2026-07-19 12:25:30,241 [INFO] [回测 v4] 月度完 · 13月 · t=15.9s
2026-07-19 12:25:30,242 [INFO] [回测 v4] 退出原因完 · t=15.9s
