2026-08-03 23:06:54,707 [INFO] CacheStore: Redis 已恢复,切回主用
2026-08-03 23:06:54,714 [INFO] ========== ZT 优化 2025-12-01→2026-07-31 | iter=10000 pop=80 board=all sample=300 max_h=0.0 ==========
2026-08-03 23:06:54,714 [INFO] ========== 构建 ZT 缓存 2025-12-01→2026-07-31 board=all ==========
2026-08-03 23:06:54,721 [INFO] 交易日: 162 天
2026-08-03 23:06:56,931 [INFO]   cache_db 原始行数: 1815830
2026-08-03 23:07:01,522 [INFO]   batch 构建 3139 只股票日线 (max rows=981)
2026-08-03 23:07:01,902 [INFO] 日线缓存: 3139/5534 命中 (7s)
2026-08-03 23:09:09,890 [INFO] OHLC 涨停检测: 162 天有数据, 10074 只次候选 (135s)
2026-08-03 23:09:09,890 [INFO] 预构建缓存完成 (135s)
2026-08-03 23:09:09,890 [INFO] Phase 1: 随机搜索 5000 次...
2026-08-03 23:09:09,890 [INFO] ========== ZT回测 2025-12-01→2026-07-31 | top=2 board=all entry=open_t1 sample=300 ==========
2026-08-03 23:09:09,891 [INFO]   进度 20/162 | trades=0 | skip=0 | 0.0s
2026-08-03 23:09:09,892 [INFO]   进度 40/162 | trades=0 | skip=0 | 0.0s
2026-08-03 23:09:09,893 [INFO]   进度 60/162 | trades=0 | skip=0 | 0.0s
2026-08-03 23:09:09,893 [INFO]   进度 80/162 | trades=0 | skip=0 | 0.0s
2026-08-03 23:09:09,894 [INFO]   进度 100/162 | trades=0 | skip=0 | 0.0s
2026-08-03 23:09:09,895 [INFO]   进度 120/162 | trades=0 | skip=0 | 0.0s
2026-08-03 23:09:09,897 [INFO]   进度 140/162 | trades=0 | skip=0 | 0.0s
2026-08-03 23:09:09,898 [INFO]   进度 160/162 | trades=0 | skip=0 | 0.0s
2026-08-03 23:09:09,898 [INFO] ========== ZT回测完成 | trades=0 | fill_rate=35% | 0.0s ==========
2026-08-03 23:09:09,899 [WARNING]   无任何交易产生！
2026-08-03 23:09:09,899 [INFO]   score=-1000.0 | 月复利=0.0% | 笔数=0 胜率=0.0% DD=0.0% | lev=1.25x | 0.0s
2026-08-03 23:09:09,899 [INFO] ========== ZT回测 2025-12-01→2026-07-31 | top=3 board=all entry=open_t1 sample=300 ==========
2026-08-03 23:09:12,856 [INFO] HS300 regime 预计算: 365 天 (bull=203 bear=41 crash=62 unknown=59)
2026-08-03 23:09:12,884 [INFO]   进度 20/162 | trades=39 | skip=6 | 3.0s
2026-08-03 23:09:12,942 [INFO]   进度 40/162 | trades=93 | skip=8 | 3.0s
2026-08-03 23:09:12,981 [INFO]   进度 60/162 | trades=123 | skip=18 | 3.1s
2026-08-03 23:09:12,989 [INFO]   进度 80/162 | trades=129 | skip=36 | 3.1s
2026-08-03 23:09:13,043 [INFO]   进度 100/162 | trades=177 | skip=40 | 3.1s
2026-08-03 23:09:13,112 [INFO]   进度 120/162 | trades=228 | skip=43 | 3.2s
2026-08-03 23:09:13,143 [INFO]   进度 140/162 | trades=267 | skip=50 | 3.2s
2026-08-03 23:09:13,146 [INFO]   进度 160/162 | trades=270 | skip=69 | 3.2s
2026-08-03 23:09:13,146 [INFO] ========== ZT回测完成 | trades=270 | fill_rate=100% | 3.2s ==========
2026-08-03 23:09:13,353 [INFO]   笔数=270 | 胜率=58.1% | 平均=-0.01% | 日均=-0.89% | 总收益=-80.2% | 最大回撤=-92.0%
2026-08-03 23:09:13,353 [INFO]   [best      ] n=270 胜率=71.8% 平均=4.27% 累计=5235084.1%
2026-08-03 23:09:13,353 [INFO]   [close_t1  ] n=270 胜率=24.8% 平均=-3.67% 累计=-100.0%
2026-08-03 23:09:13,353 [INFO]   [close_t2  ] n=270 胜率=36.7% 平均=-3.18% 累计=-100.0%
2026-08-03 23:09:13,353 [INFO]   [close_t3  ] n=270 胜率=34.1% 平均=-3.18% 累计=-100.0%
2026-08-03 23:09:13,353 [INFO]   [gap_t1    ] n=270 胜率=0.0% 平均=0.00% 累计=0.0%
2026-08-03 23:09:13,353 [INFO]   [open_t2   ] n=270 胜率=37.0% 平均=-3.38% 累计=-100.0%
2026-08-03 23:09:13,353 [INFO]   [stop_t1   ] n=64 胜率=0.0% 平均=-14.37% 累计=-100.0%
2026-08-03 23:09:13,353 [INFO]   [trail_t2  ] n=161 胜率=69.6% 平均=5.09% 累计=194371.4%
2026-08-03 23:09:13,354 [INFO]   score=-0.6 | 月复利=-0.8% | 笔数=270 胜率=58.1% DD=-27.3% | lev=1.75x | 3.5s
2026-08-03 23:09:13,354 [INFO] ========== ZT回测 2025-12-01→2026-07-31 | top=3 board=gem+star entry=open_t1 sample=300 ==========
2026-08-03 23:09:13,355 [INFO]   进度 20/162 | trades=0 | skip=0 | 0.0s
2026-08-03 23:09:13,356 [INFO]   进度 40/162 | trades=0 | skip=0 | 0.0s
2026-08-03 23:09:13,357 [INFO]   进度 60/162 | trades=0 | skip=0 | 0.0s
2026-08-03 23:09:13,357 [INFO]   进度 80/162 | trades=0 | skip=0 | 0.0s
2026-08-03 23:09:13,358 [INFO]   进度 100/162 | trades=0 | skip=0 | 0.0s
2026-08-03 23:09:13,358 [INFO]   进度 120/162 | trades=0 | skip=0 | 0.0s
2026-08-03 23:09:13,359 [INFO]   进度 140/162 | trades=0 | skip=0 | 0.0s
2026-08-03 23:09:13,359 [INFO]   进度 160/162 | trades=0 | skip=0 | 0.0s
2026-08-03 23:09:13,359 [INFO] ========== ZT回测完成 | trades=0 | fill_rate=50% | 0.0s ==========
2026-08-03 23:09:13,359 [WARNING]   无任何交易产生！
2026-08-03 23:09:13,359 [INFO]   score=-1000.0 | 月复利=0.0% | 笔数=0 胜率=0.0% DD=0.0% | lev=1.00x | 0.0s
2026-08-03 23:09:13,359 [INFO] ========== ZT回测 2025-12-01→2026-07-31 | top=1 board=all entry=close_t0 sample=300 ==========
2026-08-03 23:09:15,039 [INFO] HS300 regime 预计算: 365 天 (bull=203 bear=41 crash=62 unknown=59)
2026-08-03 23:09:15,056 [INFO]   进度 20/162 | trades=13 | skip=6 | 1.7s
2026-08-03 23:09:15,081 [INFO]   进度 40/162 | trades=31 | skip=8 | 1.7s
2026-08-03 23:09:15,094 [INFO]   进度 60/162 | trades=41 | skip=18 | 1.7s
2026-08-03 23:09:15,098 [INFO]   进度 80/162 | trades=43 | skip=36 | 1.7s
2026-08-03 23:09:15,114 [INFO]   进度 100/162 | trades=59 | skip=40 | 1.8s
2026-08-03 23:09:15,141 [INFO]   进度 120/162 | trades=76 | skip=43 | 1.8s
2026-08-03 23:09:15,157 [INFO]   进度 140/162 | trades=89 | skip=50 | 1.8s
2026-08-03 23:09:15,158 [INFO]   进度 160/162 | trades=90 | skip=69 | 1.8s
2026-08-03 23:09:15,158 [INFO] ========== ZT回测完成 | trades=90 | fill_rate=100% | 1.8s ==========
2026-08-03 23:09:15,369 [INFO]   笔数=90 | 胜率=80.0% | 平均=2.73% | 日均=9.33% | 总收益=839.4% | 最大回撤=-42.3%
2026-08-03 23:09:15,369 [INFO]   [best      ] n=90 胜率=82.2% 平均=6.81% 累计=30924.0%
2026-08-03 23:09:15,369 [INFO]   [close_t1  ] n=90 胜率=43.3% 平均=-2.02% 累计=-87.3%
2026-08-03 23:09:15,369 [INFO]   [close_t2  ] n=90 胜率=44.4% 平均=-1.25% 累计=-80.7%
2026-08-03 23:09:15,369 [INFO]   [close_t3  ] n=90 胜率=44.4% 平均=-1.36% 累计=-86.2%
2026-08-03 23:09:15,369 [INFO]   [gap_t1    ] n=90 胜率=41.1% 平均=-0.93% 累计=-62.3%
2026-08-03 23:09:15,369 [INFO]   [open_t2   ] n=90 胜率=38.9% 平均=-2.00% 累计=-90.7%
2026-08-03 23:09:15,369 [INFO]   [stop_t1   ] n=6 胜率=0.0% 平均=-13.58% 累计=-58.4%
2026-08-03 23:09:15,369 [INFO]   [trail_t2  ] n=79 胜率=78.5% 平均=2.19% 累计=427.5%
2026-08-03 23:09:15,369 [INFO]   score=39.4 | 月复利=34.5% | 笔数=90 胜率=80.0% DD=-42.3% | lev=1.00x | 2.0s
2026-08-03 23:09:15,369 [INFO] ========== ZT回测 2025-12-01→2026-07-31 | top=1 board=all entry=open_t1 sample=300 ==========
2026-08-03 23:09:16,983 [INFO] HS300 regime 预计算: 365 天 (bull=203 bear=41 crash=62 unknown=59)
2026-08-03 23:09:16,985 [INFO]   进度 20/162 | trades=0 | skip=6 | 1.6s
2026-08-03 23:09:16,985 [INFO]   进度 40/162 | trades=0 | skip=8 | 1.6s
2026-08-03 23:09:16,986 [INFO]   进度 60/162 | trades=0 | skip=18 | 1.6s
2026-08-03 23:09:16,986 [INFO]   进度 80/162 | trades=0 | skip=36 | 1.6s
2026-08-03 23:09:16,986 [INFO]   进度 100/162 | trades=0 | skip=40 | 1.6s
2026-08-03 23:09:16,987 [INFO]   进度 120/162 | trades=0 | skip=43 | 1.6s
2026-08-03 23:09:16,989 [INFO]   进度 140/162 | trades=0 | skip=50 | 1.6s
2026-08-03 23:09:16,990 [INFO]   进度 160/162 | trades=0 | skip=69 | 1.6s
2026-08-03 23:09:16,990 [INFO] ========== ZT回测完成 | trades=0 | fill_rate=50% | 1.6s ==========
2026-08-03 23:09:16,990 [WARNING]   无任何交易产生！
2026-08-03 23:09:16,990 [INFO]   score=-1000.0 | 月复利=0.0% | 笔数=0 胜率=0.0% DD=0.0% | lev=2.00x | 1.6s
2026-08-03 23:09:16,990 [INFO] ========== ZT回测 2025-12-01→2026-07-31 | top=2 board=gem+star entry=close_t0 sample=300 ==========
2026-08-03 23:09:18,591 [INFO] HS300 regime 预计算: 365 天 (bull=203 bear=41 crash=62 unknown=59)
2026-08-03 23:09:18,592 [INFO]   进度 20/162 | trades=0 | skip=6 | 1.6s
2026-08-03 23:09:18,593 [INFO]   进度 40/162 | trades=0 | skip=8 | 1.6s
2026-08-03 23:09:18,593 [INFO]   进度 60/162 | trades=0 | skip=18 | 1.6s
2026-08-03 23:09:18,593 [INFO]   进度 80/162 | trades=0 | skip=36 | 1.6s
2026-08-03 23:09:18,595 [INFO]   进度 100/162 | trades=0 | skip=40 | 1.6s
2026-08-03 23:09:18,597 [INFO]   进度 120/162 | trades=0 | skip=43 | 1.6s
2026-08-03 23:09:18,597 [INFO]   进度 140/162 | trades=0 | skip=50 | 1.6s
2026-08-03 23:09:18,598 [INFO]   进度 160/162 | trades=0 | skip=69 | 1.6s
2026-08-03 23:09:18,598 [INFO] ========== ZT回测完成 | trades=0 | fill_rate=35% | 1.6s ==========
2026-08-03 23:09:18,598 [WARNING]   无任何交易产生！
2026-08-03 23:09:18,598 [INFO]   score=-1000.0 | 月复利=0.0% | 笔数=0 胜率=0.0% DD=0.0% | lev=1.25x | 1.6s
2026-08-03 23:09:18,598 [INFO] ========== ZT回测 2025-12-01→2026-07-31 | top=5 board=main entry=open_t1 sample=300 ==========
2026-08-03 23:09:18,598 [INFO]   进度 20/162 | trades=0 | skip=0 | 0.0s
2026-08-03 23:09:18,599 [INFO]   进度 40/162 | trades=0 | skip=0 | 0.0s
2026-08-03 23:09:18,599 [INFO]   进度 60/162 | trades=0 | skip=0 | 0.0s
2026-08-03 23:09:18,600 [INFO]   进度 80/162 | trades=0 | skip=0 | 0.0s
2026-08-03 23:09:18,602 [INFO]   进度 100/162 | trades=0 | skip=0 | 0.0s
2026-08-03 23:09:18,604 [INFO]   进度 120/162 | trades=0 | skip=0 | 0.0s
2026-08-03 23:09:18,607 [INFO]   进度 140/162 | trades=0 | skip=0 | 0.0s
2026-08-03 23:09:18,608 [INFO]   进度 160/162 | trades=0 | skip=0 | 0.0s
2026-08-03 23:09:18,608 [INFO] ========== ZT回测完成 | trades=0 | fill_rate=30% | 0.0s ==========
2026-08-03 23:09:18,608 [WARNING]   无任何交易产生！
2026-08-03 23:09:18,608 [INFO]   score=-1000.0 | 月复利=0.0% | 笔数=0 胜率=0.0% DD=0.0% | lev=1.25x | 0.0s
2026-08-03 23:09:18,608 [INFO] ========== ZT回测 2025-12-01→2026-07-31 | top=3 board=gem+star entry=open_t1 sample=300 ==========
2026-08-03 23:09:20,181 [INFO] HS300 regime 预计算: 365 天 (bull=203 bear=41 crash=62 unknown=59)
2026-08-03 23:09:20,181 [INFO]   进度 20/162 | trades=0 | skip=6 | 1.6s
2026-08-03 23:09:20,182 [INFO]   进度 40/162 | trades=0 | skip=8 | 1.6s
2026-08-03 23:09:20,182 [INFO]   进度 60/162 | trades=0 | skip=18 | 1.6s
2026-08-03 23:09:20,182 [INFO]   进度 80/162 | trades=0 | skip=36 | 1.6s
2026-08-03 23:09:20,183 [INFO]   进度 100/162 | trades=0 | skip=40 | 1.6s
2026-08-03 23:09:20,185 [INFO]   进度 120/162 | trades=0 | skip=43 | 1.6s
2026-08-03 23:09:20,186 [INFO]   进度 140/162 | trades=0 | skip=50 | 1.6s
2026-08-03 23:09:20,186 [INFO]   进度 160/162 | trades=0 | skip=69 | 1.6s
2026-08-03 23:09:20,186 [INFO] ========== ZT回测完成 | trades=0 | fill_rate=30% | 1.6s ==========
2026-08-03 23:09:20,186 [WARNING]   无任何交易产生！
2026-08-03 23:09:20,186 [INFO]   score=-1000.0 | 月复利=0.0% | 笔数=0 胜率=0.0% DD=0.0% | lev=1.00x | 1.6s
2026-08-03 23:09:20,186 [INFO] ========== ZT回测 2025-12-01→2026-07-31 | top=1 board=all entry=close_t0 sample=300 ==========
2026-08-03 23:09:21,850 [INFO] HS300 regime 预计算: 365 天 (bull=203 bear=41 crash=62 unknown=59)
2026-08-03 23:09:21,851 [INFO]   进度 20/162 | trades=0 | skip=6 | 1.7s
2026-08-03 23:09:21,851 [INFO]   进度 40/162 | trades=0 | skip=8 | 1.7s
2026-08-03 23:09:21,851 [INFO]   进度 60/162 | trades=0 | skip=18 | 1.7s
2026-08-03 23:09:21,851 [INFO]   进度 80/162 | trades=0 | skip=36 | 1.7s
2026-08-03 23:09:21,852 [INFO]   进度 100/162 | trades=0 | skip=40 | 1.7s
2026-08-03 23:09:21,853 [INFO]   进度 120/162 | trades=0 | skip=43 | 1.7s
2026-08-03 23:09:21,855 [INFO]   进度 140/162 | trades=0 | skip=50 | 1.7s
2026-08-03 23:09:21,856 [INFO]   进度 160/162 | trades=0 | skip=69 | 1.7s
2026-08-03 23:09:21,856 [INFO] ========== ZT回测完成 | trades=0 | fill_rate=30% | 1.7s ==========
2026-08-03 23:09:21,856 [WARNING]   无任何交易产生！
2026-08-03 23:09:21,856 [INFO]   score=-1000.0 | 月复利=0.0% | 笔数=0 胜率=0.0% DD=0.0% | lev=1.25x | 1.7s
2026-08-03 23:09:21,856 [INFO] ========== ZT回测 2025-12-01→2026-07-31 | top=5 board=gem+star entry=open_t1 sample=300 ==========
2026-08-03 23:09:23,338 [INFO] HS300 regime 预计算: 365 天 (bull=203 bear=41 crash=62 unknown=59)
2026-08-03 23:09:23,339 [INFO]   进度 20/162 | trades=0 | skip=6 | 1.5s
2026-08-03 23:09:23,340 [INFO]   进度 40/162 | trades=0 | skip=8 | 1.5s
2026-08-03 23:09:23,340 [INFO]   进度 60/162 | trades=0 | skip=18 | 1.5s
2026-08-03 23:09:23,341 [INFO]   进度 80/162 | trades=0 | skip=36 | 1.5s
2026-08-03 23:09:23,341 [INFO]   进度 100/162 | trades=0 | skip=40 | 1.5s
2026-08-03 23:09:23,342 [INFO]   进度 120/162 | trades=0 | skip=43 | 1.5s
2026-08-03 23:09:23,343 [INFO]   进度 140/162 | trades=0 | skip=50 | 1.5s
2026-08-03 23:09:23,343 [INFO]   进度 160/162 | trades=0 | skip=69 | 1.5s
2026-08-03 23:09:23,343 [INFO] ========== ZT回测完成 | trades=0 | fill_rate=30% | 1.5s ==========
2026-08-03 23:09:23,343 [WARNING]   无任何交易产生！
2026-08-03 23:09:23,343 [INFO]   score=-1000.0 | 月复利=0.0% | 笔数=0 胜率=0.0% DD=0.0% | lev=1.75x | 1.5s
2026-08-03 23:09:23,343 [INFO] ========== ZT回测 2025-12-01→2026-07-31 | top=5 board=gem+star entry=close_t0 sample=300 ==========
2026-08-03 23:09:25,002 [INFO] HS300 regime 预计算: 365 天 (bull=203 bear=41 crash=62 unknown=59)
2026-08-03 23:09:25,067 [INFO]   进度 20/162 | trades=65 | skip=6 | 1.7s
2026-08-03 23:09:25,142 [INFO]   进度 40/162 | trades=155 | skip=8 | 1.8s
2026-08-03 23:09:25,195 [INFO]   进度 60/162 | trades=205 | skip=18 | 1.9s
2026-08-03 23:09:25,209 [INFO]   进度 80/162 | trades=215 | skip=36 | 1.9s
2026-08-03 23:09:25,284 [INFO]   进度 100/162 | trades=295 | skip=40 | 1.9s
2026-08-03 23:09:25,399 [INFO]   进度 120/162 | trades=380 | skip=43 | 2.1s
2026-08-03 23:09:25,477 [INFO]   进度 140/162 | trades=445 | skip=50 | 2.1s
2026-08-03 23:09:25,484 [INFO]   进度 160/162 | trades=450 | skip=69 | 2.1s
2026-08-03 23:09:25,484 [INFO] ========== ZT回测完成 | trades=450 | fill_rate=100% | 2.1s ==========
2026-08-03 23:09:25,676 [INFO]   笔数=450 | 胜率=81.3% | 平均=2.50% | 日均=36304.75% | 总收益=3267427.1% | 最大回撤=-40.0%
2026-08-03 23:09:25,676 [INFO]   [best      ] n=450 胜率=82.9% 平均=5.94% 累计=7288941670719.1%
2026-08-03 23:09:25,676 [INFO]   [close_t1  ] n=450 胜率=43.3% 平均=-1.51% 累计=-100.0%
2026-08-03 23:09:25,676 [INFO]   [close_t2  ] n=450 胜率=38.4% 平均=-1.61% 累计=-100.0%
2026-08-03 23:09:25,676 [INFO]   [close_t3  ] n=450 胜率=41.1% 平均=-1.71% 累计=-100.0%
2026-08-03 23:09:25,677 [INFO]   [gap_t1    ] n=450 胜率=34.0% 平均=-1.59% 累计=-100.0%
2026-08-03 23:09:25,677 [INFO]   [open_t2   ] n=450 胜率=38.0% 平均=-1.72% 累计=-100.0%
2026-08-03 23:09:25,677 [INFO]   [stop_t1   ] n=91 胜率=0.0% 平均=-12.87% 累计=-100.0%
2026-08-03 23:09:25,677 [INFO]   [trail_t2  ] n=356 胜率=79.8% 平均=2.99% 累计=3065171.4%
2026-08-03 23:09:25,677 [INFO]   score=10.1 | 月复利=5.8% | 笔数=450 胜率=81.3% DD=-1.6% | lev=1.00x | 2.3s
2026-08-03 23:09:25,677 [INFO] ========== ZT回测 2025-12-01→2026-07-31 | top=1 board=gem+star entry=close_t0 sample=300 ==========
2026-08-03 23:09:25,677 [INFO]   进度 20/162 | trades=0 | skip=0 | 0.0s
2026-08-03 23:09:25,677 [INFO]   进度 40/162 | trades=0 | skip=0 | 0.0s
2026-08-03 23:09:25,678 [INFO]   进度 60/162 | trades=0 | skip=0 | 0.0s
2026-08-03 23:09:25,678 [INFO]   进度 80/162 | trades=0 | skip=0 | 0.0s
2026-08-03 23:09:25,678 [INFO]   进度 100/162 | trades=0 | skip=0 | 0.0s
2026-08-03 23:09:25,679 [INFO]   进度 120/162 | trades=0 | skip=0 | 0.0s
2026-08-03 23:09:25,680 [INFO]   进度 140/162 | trades=0 | skip=0 | 0.0s
2026-08-03 23:09:25,681 [INFO]   进度 160/162 | trades=0 | skip=0 | 0.0s
2026-08-03 23:09:25,681 [INFO] ========== ZT回测完成 | trades=0 | fill_rate=35% | 0.0s ==========
2026-08-03 23:09:25,681 [WARNING]   无任何交易产生！
2026-08-03 23:09:25,681 [INFO]   score=-1000.0 | 月复利=0.0% | 笔数=0 胜率=0.0% DD=0.0% | lev=2.00x | 0.0s
2026-08-03 23:09:25,681 [INFO] ========== ZT回测 2025-12-01→2026-07-31 | top=5 board=all entry=open_t1 sample=300 ==========
2026-08-03 23:09:25,681 [INFO]   进度 20/162 | trades=0 | skip=0 | 0.0s
2026-08-03 23:09:25,682 [INFO]   进度 40/162 | trades=0 | skip=0 | 0.0s
2026-08-03 23:09:25,683 [INFO]   进度 60/162 | trades=0 | skip=0 | 0.0s
2026-08-03 23:09:25,683 [INFO]   进度 80/162 | trades=0 | skip=0 | 0.0s
2026-08-03 23:09:25,684 [INFO]   进度 100/162 | trades=0 | skip=0 | 0.0s
2026-08-03 23:09:25,684 [INFO]   进度 120/162 | trades=0 | skip=0 | 0.0s
2026-08-03 23:09:25,685 [INFO]   进度 140/162 | trades=0 | skip=0 | 0.0s
2026-08-03 23:09:25,686 [INFO]   进度 160/162 | trades=0 | skip=0 | 0.0s
2026-08-03 23:09:25,686 [INFO] ========== ZT回测完成 | trades=0 | fill_rate=25% | 0.0s ==========
2026-08-03 23:09:25,686 [WARNING]   无任何交易产生！
2026-08-03 23:09:25,686 [INFO]   score=-1000.0 | 月复利=0.0% | 笔数=0 胜率=0.0% DD=0.0% | lev=1.50x | 0.0s
2026-08-03 23:09:25,686 [INFO] ========== ZT回测 2025-12-01→2026-07-31 | top=5 board=all entry=open_t1 sample=300 ==========
2026-08-03 23:09:27,270 [INFO] HS300 regime 预计算: 365 天 (bull=203 bear=41 crash=62 unknown=59)
2026-08-03 23:09:27,271 [INFO]   进度 20/162 | trades=0 | skip=6 | 1.6s
2026-08-03 23:09:27,273 [INFO]   进度 40/162 | trades=0 | skip=8 | 1.6s
2026-08-03 23:09:27,274 [INFO]   进度 60/162 | trades=0 | skip=18 | 1.6s
2026-08-03 23:09:27,275 [INFO]   进度 80/162 | trades=0 | skip=36 | 1.6s
2026-08-03 23:09:27,275 [INFO]   进度 100/162 | trades=0 | skip=40 | 1.6s
2026-08-03 23:09:27,276 [INFO]   进度 120/162 | trades=0 | skip=43 | 1.6s
2026-08-03 23:09:27,277 [INFO]   进度 140/162 | trades=0 | skip=50 | 1.6s
2026-08-03 23:09:27,278 [INFO]   进度 160/162 | trades=0 | skip=69 | 1.6s
2026-08-03 23:09:27,278 [INFO] ========== ZT回测完成 | trades=0 | fill_rate=100% | 1.6s ==========
2026-08-03 23:09:27,278 [WARNING]   无任何交易产生！
2026-08-03 23:09:27,278 [INFO]   score=-1000.0 | 月复利=0.0% | 笔数=0 胜率=0.0% DD=0.0% | lev=1.50x | 1.6s
2026-08-03 23:09:27,278 [INFO] ========== ZT回测 2025-12-01→2026-07-31 | top=2 board=all entry=open_t1 sample=300 ==========
2026-08-03 23:09:28,902 [INFO] HS300 regime 预计算: 365 天 (bull=203 bear=41 crash=62 unknown=59)
2026-08-03 23:09:28,903 [INFO]   进度 20/162 | trades=0 | skip=6 | 1.6s
2026-08-03 23:09:28,905 [INFO]   进度 40/162 | trades=0 | skip=8 | 1.6s
2026-08-03 23:09:28,906 [INFO]   进度 60/162 | trades=0 | skip=18 | 1.6s
2026-08-03 23:09:28,906 [INFO]   进度 80/162 | trades=0 | skip=36 | 1.6s
2026-08-03 23:09:28,907 [INFO]   进度 100/162 | trades=0 | skip=40 | 1.6s
2026-08-03 23:09:28,909 [INFO]   进度 120/162 | trades=0 | skip=43 | 1.6s
2026-08-03 23:09:28,909 [INFO]   进度 140/162 | trades=0 | skip=50 | 1.6s
2026-08-03 23:09:28,909 [INFO]   进度 160/162 | trades=0 | skip=69 | 1.6s
2026-08-03 23:09:28,909 [INFO] ========== ZT回测完成 | trades=0 | fill_rate=40% | 1.6s ==========
2026-08-03 23:09:28,910 [WARNING]   无任何交易产生！
2026-08-03 23:09:28,910 [INFO]   score=-1000.0 | 月复利=0.0% | 笔数=0 胜率=0.0% DD=0.0% | lev=1.75x | 1.6s
2026-08-03 23:09:28,910 [INFO] ========== ZT回测 2025-12-01→2026-07-31 | top=3 board=gem+star entry=open_t1 sample=300 ==========
2026-08-03 23:09:30,513 [INFO] HS300 regime 预计算: 365 天 (bull=203 bear=41 crash=62 unknown=59)
2026-08-03 23:09:30,514 [INFO]   进度 20/162 | trades=0 | skip=6 | 1.6s
2026-08-03 23:09:30,515 [INFO]   进度 40/162 | trades=0 | skip=8 | 1.6s
2026-08-03 23:09:30,515 [INFO]   进度 60/162 | trades=0 | skip=18 | 1.6s
2026-08-03 23:09:30,516 [INFO]   进度 80/162 | trades=0 | skip=36 | 1.6s
2026-08-03 23:09:30,516 [INFO]   进度 100/162 | trades=0 | skip=40 | 1.6s
2026-08-03 23:09:30,517 [INFO]   进度 120/162 | trades=0 | skip=43 | 1.6s
2026-08-03 23:09:30,518 [INFO]   进度 140/162 | trades=0 | skip=50 | 1.6s
2026-08-03 23:09:30,518 [INFO]   进度 160/162 | trades=0 | skip=69 | 1.6s
2026-08-03 23:09:30,518 [INFO] ========== ZT回测完成 | trades=0 | fill_rate=100% | 1.6s ==========
2026-08-03 23:09:30,518 [WARNING]   无任何交易产生！
2026-08-03 23:09:30,518 [INFO]   score=-1000.0 | 月复利=0.0% | 笔数=0 胜率=0.0% DD=0.0% | lev=1.25x | 1.6s
2026-08-03 23:09:30,518 [INFO] ========== ZT回测 2025-12-01→2026-07-31 | top=1 board=all entry=close_t0 sample=300 ==========
2026-08-03 23:09:32,074 [INFO] HS300 regime 预计算: 365 天 (bull=203 bear=41 crash=62 unknown=59)
2026-08-03 23:09:32,075 [INFO]   进度 20/162 | trades=0 | skip=6 | 1.6s
2026-08-03 23:09:32,077 [INFO]   进度 40/162 | trades=0 | skip=8 | 1.6s
2026-08-03 23:09:32,077 [INFO]   进度 60/162 | trades=0 | skip=18 | 1.6s
2026-08-03 23:09:32,077 [INFO]   进度 80/162 | trades=0 | skip=36 | 1.6s
2026-08-03 23:09:32,077 [INFO]   进度 100/162 | trades=0 | skip=40 | 1.6s
2026-08-03 23:09:32,078 [INFO]   进度 120/162 | trades=0 | skip=43 | 1.6s
2026-08-03 23:09:32,080 [INFO]   进度 140/162 | trades=0 | skip=50 | 1.6s
2026-08-03 23:09:32,080 [INFO]   进度 160/162 | trades=0 | skip=69 | 1.6s
2026-08-03 23:09:32,080 [INFO] ========== ZT回测完成 | trades=0 | fill_rate=35% | 1.6s ==========
2026-08-03 23:09:32,080 [WARNING]   无任何交易产生！
2026-08-03 23:09:32,080 [INFO]   score=-1000.0 | 月复利=0.0% | 笔数=0 胜率=0.0% DD=0.0% | lev=2.00x | 1.6s
2026-08-03 23:09:32,080 [INFO] ========== ZT回测 2025-12-01→2026-07-31 | top=3 board=all entry=close_t0 sample=300 ==========
2026-08-03 23:09:33,728 [INFO] HS300 regime 预计算: 365 天 (bull=203 bear=41 crash=62 unknown=59)
2026-08-03 23:09:33,730 [INFO]   进度 20/162 | trades=0 | skip=6 | 1.6s
2026-08-03 23:09:33,731 [INFO]   进度 40/162 | trades=0 | skip=8 | 1.7s
2026-08-03 23:09:33,732 [INFO]   进度 60/162 | trades=0 | skip=18 | 1.7s
2026-08-03 23:09:33,732 [INFO]   进度 80/162 | trades=0 | skip=36 | 1.7s
2026-08-03 23:09:33,733 [INFO]   进度 100/162 | trades=0 | skip=40 | 1.7s
2026-08-03 23:09:33,734 [INFO]   进度 120/162 | trades=0 | skip=43 | 1.7s
2026-08-03 23:09:33,735 [INFO]   进度 140/162 | trades=0 | skip=50 | 1.7s
2026-08-03 23:09:33,735 [INFO]   进度 160/162 | trades=0 | skip=69 | 1.7s
2026-08-03 23:09:33,735 [INFO] ========== ZT回测完成 | trades=0 | fill_rate=25% | 1.7s ==========
2026-08-03 23:09:33,735 [WARNING]   无任何交易产生！
2026-08-03 23:09:33,735 [INFO]   score=-1000.0 | 月复利=0.0% | 笔数=0 胜率=0.0% DD=0.0% | lev=1.25x | 1.7s
2026-08-03 23:09:33,735 [INFO] ========== ZT回测 2025-12-01→2026-07-31 | top=1 board=main entry=close_t0 sample=300 ==========
2026-08-03 23:09:33,735 [INFO]   进度 20/162 | trades=0 | skip=0 | 0.0s
2026-08-03 23:09:33,736 [INFO]   进度 40/162 | trades=0 | skip=0 | 0.0s
2026-08-03 23:09:33,736 [INFO]   进度 60/162 | trades=0 | skip=0 | 0.0s
2026-08-03 23:09:33,737 [INFO]   进度 80/162 | trades=0 | skip=0 | 0.0s
2026-08-03 23:09:33,738 [INFO]   进度 100/162 | trades=0 | skip=0 | 0.0s
2026-08-03 23:09:33,739 [INFO]   进度 120/162 | trades=0 | skip=0 | 0.0s
2026-08-03 23:09:33,740 [INFO]   进度 140/162 | trades=0 | skip=0 | 0.0s
2026-08-03 23:09:33,741 [INFO]   进度 160/162 | trades=0 | skip=0 | 0.0s
2026-08-03 23:09:33,741 [INFO] ========== ZT回测完成 | trades=0 | fill_rate=20% | 0.0s ==========
2026-08-03 23:09:33,741 [WARNING]   无任何交易产生！
2026-08-03 23:09:33,741 [INFO]   score=-1000.0 | 月复利=0.0% | 笔数=0 胜率=0.0% DD=0.0% | lev=1.75x | 0.0s
2026-08-03 23:09:33,741 [INFO] ========== ZT回测 2025-12-01→2026-07-31 | top=1 board=gem+star entry=open_t1 sample=300 ==========
2026-08-03 23:09:35,359 [INFO] HS300 regime 预计算: 365 天 (bull=203 bear=41 crash=62 unknown=59)
2026-08-03 23:09:35,383 [INFO]   进度 20/162 | trades=13 | skip=6 | 1.6s
2026-08-03 23:09:35,405 [INFO]   进度 40/162 | trades=31 | skip=8 | 1.7s
2026-08-03 23:09:35,419 [INFO]   进度 60/162 | trades=41 | skip=18 | 1.7s
2026-08-03 23:09:35,420 [INFO]   进度 80/162 | trades=43 | skip=36 | 1.7s
2026-08-03 23:09:35,435 [INFO]   进度 100/162 | trades=59 | skip=40 | 1.7s
2026-08-03 23:09:35,447 [INFO]   进度 120/162 | trades=76 | skip=43 | 1.7s
2026-08-03 23:09:35,460 [INFO]   进度 140/162 | trades=89 | skip=50 | 1.7s
2026-08-03 23:09:35,461 [INFO]   进度 160/162 | trades=90 | skip=69 | 1.7s
2026-08-03 23:09:35,461 [INFO] ========== ZT回测完成 | trades=90 | fill_rate=100% | 1.7s ==========
2026-08-03 23:09:35,655 [INFO]   笔数=90 | 胜率=52.2% | 平均=-0.80% | 日均=-0.75% | 总收益=-67.2% | 最大回撤=-75.2%
2026-08-03 23:09:35,655 [INFO]   [best      ] n=90 胜率=72.2% 平均=3.23% 累计=1476.8%
2026-08-03 23:09:35,655 [INFO]   [close_t1  ] n=90 胜率=23.3% 平均=-3.96% 累计=-97.8%
2026-08-03 23:09:35,656 [INFO]   [close_t2  ] n=90 胜率=31.1% 平均=-3.88% 累计=-98.0%
2026-08-03 23:09:35,656 [INFO]   [close_t3  ] n=90 胜率=38.9% 平均=-3.36% 累计=-97.0%
2026-08-03 23:09:35,656 [INFO]   [gap_t1    ] n=90 胜率=0.0% 平均=0.00% 累计=0.0%
2026-08-03 23:09:35,656 [INFO]   [open_t2   ] n=90 胜率=20.0% 平均=-4.47% 累计=-98.7%
2026-08-03 23:09:35,656 [INFO]   [stop_t1   ] n=34 胜率=0.0% 平均=-11.82% 累计=-98.6%
2026-08-03 23:09:35,656 [INFO]   [trail_t2  ] n=52 胜率=80.8% 平均=4.00% 累计=604.1%
2026-08-03 23:09:35,656 [INFO]   score=-0.8 | 月复利=-6.0% | 笔数=90 胜率=52.2% DD=-75.2% | lev=1.00x | 1.9s
2026-08-03 23:09:35,656 [INFO] ========== ZT回测 2025-12-01→2026-07-31 | top=3 board=gem+star entry=close_t0 sample=300 ==========
2026-08-03 23:09:35,659 [INFO]   进度 20/162 | trades=0 | skip=0 | 0.0s
2026-08-03 23:09:35,661 [INFO]   进度 40/162 | trades=0 | skip=0 | 0.0s
2026-08-03 23:09:35,663 [INFO]   进度 60/162 | trades=0 | skip=0 | 0.0s
2026-08-03 23:09:35,664 [INFO]   进度 80/162 | trades=0 | skip=0 | 0.0s
2026-08-03 23:09:35,666 [INFO]   进度 100/162 | trades=0 | skip=0 | 0.0s
2026-08-03 23:09:35,667 [INFO]   进度 120/162 | trades=0 | skip=0 | 0.0s
2026-08-03 23:09:35,669 [INFO]   进度 140/162 | trades=0 | skip=0 | 0.0s
2026-08-03 23:09:35,671 [INFO]   进度 160/162 | trades=0 | skip=0 | 0.0s
2026-08-03 23:09:35,672 [INFO] ========== ZT回测完成 | trades=0 | fill_rate=50% | 0.0s ==========
2026-08-03 23:09:35,672 [WARNING]   无任何交易产生！
2026-08-03 23:09:35,672 [INFO]   score=-1000.0 | 月复利=0.0% | 笔数=0 胜率=0.0% DD=0.0% | lev=1.75x | 0.0s
2026-08-03 23:09:35,672 [INFO] ========== ZT回测 2025-12-01→2026-07-31 | top=1 board=main entry=open_t1 sample=300 ==========
2026-08-03 23:09:37,544 [INFO] HS300 regime 预计算: 365 天 (bull=203 bear=41 crash=62 unknown=59)
2026-08-03 23:09:37,545 [INFO]   进度 20/162 | trades=0 | skip=6 | 1.9s
2026-08-03 23:09:37,546 [INFO]   进度 40/162 | trades=0 | skip=8 | 1.9s
2026-08-03 23:09:37,548 [INFO]   进度 60/162 | trades=0 | skip=18 | 1.9s
2026-08-03 23:09:37,548 [INFO]   进度 80/162 | trades=0 | skip=36 | 1.9s
2026-08-03 23:09:37,548 [INFO]   进度 100/162 | trades=0 | skip=40 | 1.9s
2026-08-03 23:09:37,549 [INFO]   进度 120/162 | trades=0 | skip=43 | 1.9s
2026-08-03 23:09:37,550 [INFO]   进度 140/162 | trades=0 | skip=50 | 1.9s
2026-08-03 23:09:37,550 [INFO]   进度 160/162 | trades=0 | skip=69 | 1.9s
2026-08-03 23:09:37,550 [INFO] ========== ZT回测完成 | trades=0 | fill_rate=35% | 1.9s ==========
2026-08-03 23:09:37,550 [WARNING]   无任何交易产生！
2026-08-03 23:09:37,550 [INFO]   score=-1000.0 | 月复利=0.0% | 笔数=0 胜率=0.0% DD=0.0% | lev=1.50x | 1.9s
2026-08-03 23:09:37,550 [INFO] ========== ZT回测 2025-12-01→2026-07-31 | top=2 board=all entry=close_t0 sample=300 ==========
2026-08-03 23:09:39,133 [INFO] HS300 regime 预计算: 365 天 (bull=203 bear=41 crash=62 unknown=59)
2026-08-03 23:09:39,134 [INFO]   进度 20/162 | trades=0 | skip=6 | 1.6s
2026-08-03 23:09:39,134 [INFO]   进度 40/162 | trades=0 | skip=8 | 1.6s
2026-08-03 23:09:39,134 [INFO]   进度 60/162 | trades=0 | skip=18 | 1.6s
2026-08-03 23:09:39,134 [INFO]   进度 80/162 | trades=0 | skip=36 | 1.6s
2026-08-03 23:09:39,135 [INFO]   进度 100/162 | trades=0 | skip=40 | 1.6s
2026-08-03 23:09:39,135 [INFO]   进度 120/162 | trades=0 | skip=43 | 1.6s
2026-08-03 23:09:39,135 [INFO]   进度 140/162 | trades=0 | skip=50 | 1.6s
2026-08-03 23:09:39,135 [INFO]   进度 160/162 | trades=0 | skip=69 | 1.6s
2026-08-03 23:09:39,135 [INFO] ========== ZT回测完成 | trades=0 | fill_rate=35% | 1.6s ==========
2026-08-03 23:09:39,136 [WARNING]   无任何交易产生！
2026-08-03 23:09:39,136 [INFO]   score=-1000.0 | 月复利=0.0% | 笔数=0 胜率=0.0% DD=0.0% | lev=2.00x | 1.6s
2026-08-03 23:09:39,136 [INFO] ========== ZT回测 2025-12-01→2026-07-31 | top=1 board=all entry=open_t1 sample=300 ==========
2026-08-03 23:09:39,136 [INFO]   进度 20/162 | trades=0 | skip=0 | 0.0s
2026-08-03 23:09:39,138 [INFO]   进度 40/162 | trades=0 | skip=0 | 0.0s
2026-08-03 23:09:39,139 [INFO]   进度 60/162 | trades=0 | skip=0 | 0.0s
2026-08-03 23:09:39,140 [INFO]   进度 80/162 | trades=0 | skip=0 | 0.0s
2026-08-03 23:09:39,141 [INFO]   进度 100/162 | trades=0 | skip=0 | 0.0s
2026-08-03 23:09:39,143 [INFO]   进度 120/162 | trades=0 | skip=0 | 0.0s
2026-08-03 23:09:39,144 [INFO]   进度 140/162 | trades=0 | skip=0 | 0.0s
2026-08-03 23:09:39,146 [INFO]   进度 160/162 | trades=0 | skip=0 | 0.0s
2026-08-03 23:09:39,147 [INFO] ========== ZT回测完成 | trades=0 | fill_rate=20% | 0.0s ==========
2026-08-03 23:09:39,147 [WARNING]   无任何交易产生！
2026-08-03 23:09:39,147 [INFO]   score=-1000.0 | 月复利=0.0% | 笔数=0 胜率=0.0% DD=0.0% | lev=1.50x | 0.0s
2026-08-03 23:09:39,147 [INFO] ========== ZT回测 2025-12-01→2026-07-31 | top=3 board=all entry=close_t0 sample=300 ==========
2026-08-03 23:09:40,777 [INFO] HS300 regime 预计算: 365 天 (bull=203 bear=41 crash=62 unknown=59)
2026-08-03 23:09:40,778 [INFO]   进度 20/162 | trades=0 | skip=6 | 1.6s
2026-08-03 23:09:40,780 [INFO]   进度 40/162 | trades=0 | skip=8 | 1.6s
2026-08-03 23:09:40,782 [INFO]   进度 60/162 | trades=0 | skip=18 | 1.6s
2026-08-03 23:09:40,782 [INFO]   进度 80/162 | trades=0 | skip=36 | 1.6s
2026-08-03 23:09:40,783 [INFO]   进度 100/162 | trades=0 | skip=40 | 1.6s
2026-08-03 23:09:40,784 [INFO]   进度 120/162 | trades=0 | skip=43 | 1.6s
2026-08-03 23:09:40,785 [INFO]   进度 140/162 | trades=0 | skip=50 | 1.6s
2026-08-03 23:09:40,785 [INFO]   进度 160/162 | trades=0 | skip=69 | 1.6s
2026-08-03 23:09:40,785 [INFO] ========== ZT回测完成 | trades=0 | fill_rate=50% | 1.6s ==========
2026-08-03 23:09:40,785 [WARNING]   无任何交易产生！
2026-08-03 23:09:40,785 [INFO]   score=-1000.0 | 月复利=0.0% | 笔数=0 胜率=0.0% DD=0.0% | lev=1.00x | 1.6s
2026-08-03 23:09:40,785 [INFO] ========== ZT回测 2025-12-01→2026-07-31 | top=5 board=main entry=open_t1 sample=300 ==========
2026-08-03 23:09:42,562 [INFO] HS300 regime 预计算: 365 天 (bull=203 bear=41 crash=62 unknown=59)
2026-08-03 23:09:42,564 [INFO]   进度 20/162 | trades=0 | skip=6 | 1.8s
2026-08-03 23:09:42,565 [INFO]   进度 40/162 | trades=0 | skip=8 | 1.8s
2026-08-03 23:09:42,566 [INFO]   进度 60/162 | trades=0 | skip=18 | 1.8s
2026-08-03 23:09:42,566 [INFO]   进度 80/162 | trades=0 | skip=36 | 1.8s
2026-08-03 23:09:42,567 [INFO]   进度 100/162 | trades=0 | skip=40 | 1.8s
2026-08-03 23:09:42,568 [INFO]   进度 120/162 | trades=0 | skip=43 | 1.8s
2026-08-03 23:09:42,568 [INFO]   进度 140/162 | trades=0 | skip=50 | 1.8s
2026-08-03 23:09:42,568 [INFO]   进度 160/162 | trades=0 | skip=69 | 1.8s
2026-08-03 23:09:42,568 [INFO] ========== ZT回测完成 | trades=0 | fill_rate=35% | 1.8s ==========
2026-08-03 23:09:42,568 [WARNING]   无任何交易产生！
2026-08-03 23:09:42,568 [INFO]   score=-1000.0 | 月复利=0.0% | 笔数=0 胜率=0.0% DD=0.0% | lev=1.00x | 1.8s
2026-08-03 23:09:42,568 [INFO] ========== ZT回测 2025-12-01→2026-07-31 | top=2 board=main entry=open_t1 sample=300 ==========
2026-08-03 23:09:44,091 [INFO] HS300 regime 预计算: 365 天 (bull=203 bear=41 crash=62 unknown=59)
2026-08-03 23:09:44,091 [INFO]   进度 20/162 | trades=0 | skip=6 | 1.5s
2026-08-03 23:09:44,092 [INFO]   进度 40/162 | trades=0 | skip=8 | 1.5s
2026-08-03 23:09:44,092 [INFO]   进度 60/162 | trades=0 | skip=18 | 1.5s
2026-08-03 23:09:44,092 [INFO]   进度 80/162 | trades=0 | skip=36 | 1.5s
2026-08-03 23:09:44,093 [INFO]   进度 100/162 | trades=0 | skip=40 | 1.5s
2026-08-03 23:09:44,094 [INFO]   进度 120/162 | trades=0 | skip=43 | 1.5s
2026-08-03 23:09:44,094 [INFO]   进度 140/162 | trades=0 | skip=50 | 1.5s
2026-08-03 23:09:44,094 [INFO]   进度 160/162 | trades=0 | skip=69 | 1.5s
2026-08-03 23:09:44,094 [INFO] ========== ZT回测完成 | trades=0 | fill_rate=25% | 1.5s ==========
2026-08-03 23:09:44,094 [WARNING]   无任何交易产生！
2026-08-03 23:09:44,094 [INFO]   score=-1000.0 | 月复利=0.0% | 笔数=0 胜率=0.0% DD=0.0% | lev=2.00x | 1.5s
2026-08-03 23:09:44,094 [INFO] ========== ZT回测 2025-12-01→2026-07-31 | top=3 board=gem+star entry=close_t0 sample=300 ==========
2026-08-03 23:09:45,807 [INFO] HS300 regime 预计算: 365 天 (bull=203 bear=41 crash=62 unknown=59)
2026-08-03 23:09:45,808 [INFO]   进度 20/162 | trades=0 | skip=6 | 1.7s
2026-08-03 23:09:45,809 [INFO]   进度 40/162 | trades=0 | skip=8 | 1.7s
2026-08-03 23:09:45,809 [INFO]   进度 60/162 | trades=0 | skip=18 | 1.7s
2026-08-03 23:09:45,809 [INFO]   进度 80/162 | trades=0 | skip=36 | 1.7s
2026-08-03 23:09:45,810 [INFO]   进度 100/162 | trades=0 | skip=40 | 1.7s
2026-08-03 23:09:45,810 [INFO]   进度 120/162 | trades=0 | skip=43 | 1.7s
2026-08-03 23:09:45,811 [INFO]   进度 140/162 | trades=0 | skip=50 | 1.7s
2026-08-03 23:09:45,812 [INFO]   进度 160/162 | trades=0 | skip=69 | 1.7s
2026-08-03 23:09:45,812 [INFO] ========== ZT回测完成 | trades=0 | fill_rate=35% | 1.7s ==========
2026-08-03 23:09:45,812 [WARNING]   无任何交易产生！
2026-08-03 23:09:45,812 [INFO]   score=-1000.0 | 月复利=0.0% | 笔数=0 胜率=0.0% DD=0.0% | lev=1.75x | 1.7s
2026-08-03 23:09:45,812 [INFO] ========== ZT回测 2025-12-01→2026-07-31 | top=2 board=gem+star entry=open_t1 sample=300 ==========
2026-08-03 23:09:45,814 [INFO]   进度 20/162 | trades=0 | skip=0 | 0.0s
2026-08-03 23:09:45,816 [INFO]   进度 40/162 | trades=0 | skip=0 | 0.0s
2026-08-03 23:09:45,817 [INFO]   进度 60/162 | trades=0 | skip=0 | 0.0s
2026-08-03 23:09:45,818 [INFO]   进度 80/162 | trades=0 | skip=0 | 0.0s
2026-08-03 23:09:45,818 [INFO]   进度 100/162 | trades=0 | skip=0 | 0.0s
2026-08-03 23:09:45,819 [INFO]   进度 120/162 | trades=0 | skip=0 | 0.0s
2026-08-03 23:09:45,822 [INFO]   进度 140/162 | trades=0 | skip=0 | 0.0s
2026-08-03 23:09:45,823 [INFO]   进度 160/162 | trades=0 | skip=0 | 0.0s
2026-08-03 23:09:45,824 [INFO] ========== ZT回测完成 | trades=0 | fill_rate=40% | 0.0s ==========
2026-08-03 23:09:45,824 [WARNING]   无任何交易产生！
2026-08-03 23:09:45,824 [INFO]   score=-1000.0 | 月复利=0.0% | 笔数=0 胜率=0.0% DD=0.0% | lev=1.25x | 0.0s
2026-08-03 23:09:45,824 [INFO] ========== ZT回测 2025-12-01→2026-07-31 | top=2 board=main entry=close_t0 sample=300 ==========
2026-08-03 23:09:47,244 [INFO] HS300 regime 预计算: 365 天 (bull=203 bear=41 crash=62 unknown=59)
2026-08-03 23:09:47,276 [INFO]   进度 20/162 | trades=26 | skip=6 | 1.5s
2026-08-03 23:09:47,301 [INFO]   进度 40/162 | trades=62 | skip=8 | 1.5s
2026-08-03 23:09:47,318 [INFO]   进度 60/162 | trades=82 | skip=18 | 1.5s
2026-08-03 23:09:47,322 [INFO]   进度 80/162 | trades=86 | skip=36 | 1.5s
2026-08-03 23:09:47,350 [INFO]   进度 100/162 | trades=118 | skip=40 | 1.5s
2026-08-03 23:09:47,377 [INFO]   进度 120/162 | trades=152 | skip=43 | 1.6s
2026-08-03 23:09:47,401 [INFO]   进度 140/162 | trades=178 | skip=50 | 1.6s
2026-08-03 23:09:47,402 [INFO]   进度 160/162 | trades=180 | skip=69 | 1.6s
2026-08-03 23:09:47,402 [INFO] ========== ZT回测完成 | trades=180 | fill_rate=35% | 1.6s ==========
2026-08-03 23:09:47,543 [INFO]   笔数=180 | 胜率=87.2% | 平均=1.45% | 日均=13.40% | 总收益=1206.2% | 最大回撤=-9.3%
2026-08-03 23:09:47,543 [INFO]   [best      ] n=180 胜率=87.2% 平均=3.41% 累计=38868.8%
2026-08-03 23:09:47,543 [INFO]   [close_t1  ] n=180 胜率=65.0% 平均=0.42% 累计=100.2%
2026-08-03 23:09:47,543 [INFO]   [close_t2  ] n=180 胜率=57.8% 平均=0.92% 累计=345.8%
2026-08-03 23:09:47,543 [INFO]   [close_t3  ] n=180 胜率=55.0% 平均=1.19% 累计=537.9%
2026-08-03 23:09:47,543 [INFO]   [gap_t1    ] n=180 胜率=63.3% 平均=0.55% 累计=160.6%
2026-08-03 23:09:47,543 [INFO]   [open_t2   ] n=180 胜率=58.9% 平均=0.86% 累计=302.1%
2026-08-03 23:09:47,543 [INFO]   [stop_t1   ] n=45 胜率=0.0% 平均=-4.15% 累计=-85.2%
2026-08-03 23:09:47,543 [INFO]   [trail_t2  ] n=135 胜率=99.3% 平均=2.06% 累计=1462.1%
2026-08-03 23:09:47,543 [INFO]   score=24.0 | 月复利=15.1% | 笔数=180 胜率=87.2% DD=-4.2% | lev=1.75x | 1.7s
2026-08-03 23:09:47,543 [INFO] ========== ZT回测 2025-12-01→2026-07-31 | top=2 board=gem+star entry=open_t1 sample=300 ==========
2026-08-03 23:09:49,174 [INFO] HS300 regime 预计算: 365 天 (bull=203 bear=41 crash=62 unknown=59)
2026-08-03 23:09:49,175 [INFO]   进度 20/162 | trades=0 | skip=6 | 1.6s
2026-08-03 23:09:49,176 [INFO]   进度 40/162 | trades=0 | skip=8 | 1.6s
2026-08-03 23:09:49,176 [INFO]   进度 60/162 | trades=0 | skip=18 | 1.6s
2026-08-03 23:09:49,176 [INFO]   进度 80/162 | trades=0 | skip=36 | 1.6s
2026-08-03 23:09:49,177 [INFO]   进度 100/162 | trades=0 | skip=40 | 1.6s
2026-08-03 23:09:49,178 [INFO]   进度 120/162 | trades=0 | skip=43 | 1.6s
2026-08-03 23:09:49,179 [INFO]   进度 140/162 | trades=0 | skip=50 | 1.6s
2026-08-03 23:09:49,180 [INFO]   进度 160/162 | trades=0 | skip=69 | 1.6s
2026-08-03 23:09:49,180 [INFO] ========== ZT回测完成 | trades=0 | fill_rate=25% | 1.6s ==========
2026-08-03 23:09:49,180 [WARNING]   无任何交易产生！
2026-08-03 23:09:49,180 [INFO]   score=-1000.0 | 月复利=0.0% | 笔数=0 胜率=0.0% DD=0.0% | lev=1.50x | 1.6s
2026-08-03 23:09:49,180 [INFO] ========== ZT回测 2025-12-01→2026-07-31 | top=1 board=gem+star entry=open_t1 sample=300 ==========
2026-08-03 23:09:49,182 [INFO]   进度 20/162 | trades=0 | skip=0 | 0.0s
2026-08-03 23:09:49,184 [INFO]   进度 40/162 | trades=0 | skip=0 | 0.0s
2026-08-03 23:09:49,184 [INFO]   进度 60/162 | trades=0 | skip=0 | 0.0s
2026-08-03 23:09:49,185 [INFO]   进度 80/162 | trades=0 | skip=0 | 0.0s
2026-08-03 23:09:49,186 [INFO]   进度 100/162 | trades=0 | skip=0 | 0.0s
2026-08-03 23:09:49,187 [INFO]   进度 120/162 | trades=0 | skip=0 | 0.0s
2026-08-03 23:09:49,189 [INFO]   进度 140/162 | trades=0 | skip=0 | 0.0s
2026-08-03 23:09:49,192 [INFO]   进度 160/162 | trades=0 | skip=0 | 0.0s
2026-08-03 23:09:49,192 [INFO] ========== ZT回测完成 | trades=0 | fill_rate=40% | 0.0s ==========
2026-08-03 23:09:49,192 [WARNING]   无任何交易产生！
2026-08-03 23:09:49,192 [INFO]   score=-1000.0 | 月复利=0.0% | 笔数=0 胜率=0.0% DD=0.0% | lev=1.25x | 0.0s
2026-08-03 23:09:49,192 [INFO] ========== ZT回测 2025-12-01→2026-07-31 | top=2 board=gem+star entry=open_t1 sample=300 ==========
2026-08-03 23:09:50,574 [INFO] HS300 regime 预计算: 365 天 (bull=203 bear=41 crash=62 unknown=59)
2026-08-03 23:09:50,575 [INFO]   进度 20/162 | trades=0 | skip=6 | 1.4s
2026-08-03 23:09:50,576 [INFO]   进度 40/162 | trades=0 | skip=8 | 1.4s
2026-08-03 23:09:50,576 [INFO]   进度 60/162 | trades=0 | skip=18 | 1.4s
2026-08-03 23:09:50,576 [INFO]   进度 80/162 | trades=0 | skip=36 | 1.4s
2026-08-03 23:09:50,576 [INFO]   进度 100/162 | trades=0 | skip=40 | 1.4s
2026-08-03 23:09:50,577 [INFO]   进度 120/162 | trades=0 | skip=43 | 1.4s
2026-08-03 23:09:50,579 [INFO]   进度 140/162 | trades=0 | skip=50 | 1.4s
2026-08-03 23:09:50,579 [INFO]   进度 160/162 | trades=0 | skip=69 | 1.4s
2026-08-03 23:09:50,580 [INFO] ========== ZT回测完成 | trades=0 | fill_rate=25% | 1.4s ==========
2026-08-03 23:09:50,580 [WARNING]   无任何交易产生！
2026-08-03 23:09:50,580 [INFO]   score=-1000.0 | 月复利=0.0% | 笔数=0 胜率=0.0% DD=0.0% | lev=1.50x | 1.4s
2026-08-03 23:09:50,580 [INFO] ========== ZT回测 2025-12-01→2026-07-31 | top=5 board=main entry=open_t1 sample=300 ==========
2026-08-03 23:09:52,056 [INFO] HS300 regime 预计算: 365 天 (bull=203 bear=41 crash=62 unknown=59)
2026-08-03 23:09:52,057 [INFO]   进度 20/162 | trades=0 | skip=6 | 1.5s
2026-08-03 23:09:52,057 [INFO]   进度 40/162 | trades=0 | skip=8 | 1.5s
2026-08-03 23:09:52,058 [INFO]   进度 60/162 | trades=0 | skip=18 | 1.5s
2026-08-03 23:09:52,058 [INFO]   进度 80/162 | trades=0 | skip=36 | 1.5s
2026-08-03 23:09:52,058 [INFO]   进度 100/162 | trades=0 | skip=40 | 1.5s
2026-08-03 23:09:52,059 [INFO]   进度 120/162 | trades=0 | skip=43 | 1.5s
2026-08-03 23:09:52,060 [INFO]   进度 140/162 | trades=0 | skip=50 | 1.5s
2026-08-03 23:09:52,060 [INFO]   进度 160/162 | trades=0 | skip=69 | 1.5s
2026-08-03 23:09:52,060 [INFO] ========== ZT回测完成 | trades=0 | fill_rate=20% | 1.5s ==========
2026-08-03 23:09:52,060 [WARNING]   无任何交易产生！
2026-08-03 23:09:52,060 [INFO]   score=-1000.0 | 月复利=0.0% | 笔数=0 胜率=0.0% DD=0.0% | lev=1.25x | 1.5s
2026-08-03 23:09:52,060 [INFO] ========== ZT回测 2025-12-01→2026-07-31 | top=1 board=gem+star entry=open_t1 sample=300 ==========
2026-08-03 23:09:53,669 [INFO] HS300 regime 预计算: 365 天 (bull=203 bear=41 crash=62 unknown=59)
2026-08-03 23:09:53,670 [INFO]   进度 20/162 | trades=0 | skip=6 | 1.6s
2026-08-03 23:09:53,672 [INFO]   进度 40/162 | trades=0 | skip=8 | 1.6s
2026-08-03 23:09:53,673 [INFO]   进度 60/162 | trades=0 | skip=18 | 1.6s
2026-08-03 23:09:53,673 [INFO]   进度 80/162 | trades=0 | skip=36 | 1.6s
2026-08-03 23:09:53,674 [INFO]   进度 100/162 | trades=0 | skip=40 | 1.6s
2026-08-03 23:09:53,675 [INFO]   进度 120/162 | trades=0 | skip=43 | 1.6s
2026-08-03 23:09:53,675 [INFO]   进度 140/162 | trades=0 | skip=50 | 1.6s
2026-08-03 23:09:53,675 [INFO]   进度 160/162 | trades=0 | skip=69 | 1.6s
2026-08-03 23:09:53,675 [INFO] ========== ZT回测完成 | trades=0 | fill_rate=20% | 1.6s ==========
2026-08-03 23:09:53,675 [WARNING]   无任何交易产生！
2026-08-03 23:09:53,675 [INFO]   score=-1000.0 | 月复利=0.0% | 笔数=0 胜率=0.0% DD=0.0% | lev=1.75x | 1.6s
2026-08-03 23:09:53,675 [INFO] ========== ZT回测 2025-12-01→2026-07-31 | top=2 board=all entry=close_t0 sample=300 ==========
2026-08-03 23:09:55,103 [INFO] HS300 regime 预计算: 365 天 (bull=203 bear=41 crash=62 unknown=59)
2026-08-03 23:09:55,122 [INFO]   进度 20/162 | trades=26 | skip=6 | 1.4s
2026-08-03 23:09:55,151 [INFO]   进度 40/162 | trades=62 | skip=8 | 1.5s
2026-08-03 23:09:55,167 [INFO]   进度 60/162 | trades=82 | skip=18 | 1.5s
2026-08-03 23:09:55,169 [INFO]   进度 80/162 | trades=86 | skip=36 | 1.5s
2026-08-03 23:09:55,202 [INFO]   进度 100/162 | trades=118 | skip=40 | 1.5s
2026-08-03 23:09:55,226 [INFO]   进度 120/162 | trades=152 | skip=43 | 1.6s
2026-08-03 23:09:55,251 [INFO]   进度 140/162 | trades=178 | skip=50 | 1.6s
2026-08-03 23:09:55,252 [INFO]   进度 160/162 | trades=180 | skip=69 | 1.6s
2026-08-03 23:09:55,253 [INFO] ========== ZT回测完成 | trades=180 | fill_rate=20% | 1.6s ==========
2026-08-03 23:09:55,409 [INFO]   笔数=180 | 胜率=87.2% | 平均=0.81% | 日均=3.58% | 总收益=322.1% | 最大回撤=-5.3%
2026-08-03 23:09:55,409 [INFO]   [best      ] n=180 胜率=87.2% 平均=1.95% 累计=3046.1%
2026-08-03 23:09:55,409 [INFO]   [close_t1  ] n=180 胜率=65.0% 平均=0.24% 累计=50.8%
2026-08-03 23:09:55,409 [INFO]   [close_t2  ] n=180 胜率=57.8% 平均=0.53% 累计=144.5%
2026-08-03 23:09:55,409 [INFO]   [close_t3  ] n=180 胜率=55.0% 平均=0.68% 累计=209.5%
2026-08-03 23:09:55,409 [INFO]   [gap_t1    ] n=180 胜率=63.3% 平均=0.31% 累计=74.2%
2026-08-03 23:09:55,409 [INFO]   [open_t2   ] n=180 胜率=58.9% 平均=0.49% 累计=129.7%
2026-08-03 23:09:55,409 [INFO]   [stop_t1   ] n=45 胜率=0.0% 平均=-2.37% 累计=-66.0%
2026-08-03 23:09:55,409 [INFO]   [trail_t2  ] n=132 胜率=98.5% 平均=1.21% 累计=391.4%
2026-08-03 23:09:55,410 [INFO]   score=7.9 | 月复利=5.7% | 笔数=180 胜率=87.2% DD=-1.7% | lev=1.25x | 1.7s
2026-08-03 23:09:55,410 [INFO] ========== ZT回测 2025-12-01→2026-07-31 | top=2 board=main entry=open_t1 sample=300 ==========
2026-08-03 23:09:55,440 [INFO]   进度 20/162 | trades=38 | skip=0 | 0.0s
2026-08-03 23:09:55,476 [INFO]   进度 40/162 | trades=78 | skip=0 | 0.1s
2026-08-03 23:09:55,506 [INFO]   进度 60/162 | trades=116 | skip=0 | 0.1s
2026-08-03 23:09:55,539 [INFO]   进度 80/162 | trades=154 | skip=0 | 0.1s
2026-08-03 23:09:55,573 [INFO]   进度 100/162 | trades=194 | skip=0 | 0.2s
2026-08-03 23:09:55,680 [INFO]   进度 120/162 | trades=234 | skip=0 | 0.3s
2026-08-03 23:09:55,743 [INFO]   进度 140/162 | trades=274 | skip=0 | 0.3s
2026-08-03 23:09:55,788 [INFO]   进度 160/162 | trades=313 | skip=0 | 0.4s
2026-08-03 23:09:55,790 [INFO] ========== ZT回测完成 | trades=316 | fill_rate=20% | 0.4s ==========
2026-08-03 23:09:56,068 [INFO]   笔数=316 | 胜率=55.1% | 平均=-0.06% | 日均=-0.13% | 总收益=-21.1% | 最大回撤=-31.3%
2026-08-03 23:09:56,068 [INFO]   [best      ] n=316 胜率=74.4% 平均=0.78% 累计=1042.0%
2026-08-03 23:09:56,068 [INFO]   [close_t1  ] n=316 胜率=23.1% 平均=-0.73% 累计=-90.3%
2026-08-03 23:09:56,068 [INFO]   [close_t2  ] n=315 胜率=34.6% 平均=-0.70% 累计=-89.5%
2026-08-03 23:09:56,068 [INFO]   [close_t3  ] n=313 胜率=31.6% 平均=-0.82% 累计=-93.1%
2026-08-03 23:09:56,068 [INFO]   [gap_t1    ] n=316 胜率=0.0% 平均=0.00% 累计=0.0%
2026-08-03 23:09:56,068 [INFO]   [open_t2   ] n=315 胜率=27.0% 平均=-0.73% 累计=-90.5%
2026-08-03 23:09:56,068 [INFO]   [stop_t1   ] n=112 胜率=0.0% 平均=-2.40% 累计=-93.5%
2026-08-03 23:09:56,068 [INFO]   [trail_t2  ] n=170 胜率=81.8% 平均=1.08% 累计=514.6%
2026-08-03 23:09:56,068 [INFO]   score=-1.1 | 月复利=-1.7% | 笔数=316 胜率=55.1% DD=-16.7% | lev=2.00x | 0.7s
2026-08-03 23:09:56,068 [INFO] ========== ZT回测 2025-12-01→2026-07-31 | top=5 board=main entry=close_t0 sample=300 ==========
2026-08-03 23:09:57,435 [INFO] HS300 regime 预计算: 365 天 (bull=203 bear=41 crash=62 unknown=59)
2026-08-03 23:09:57,435 [INFO]   进度 20/162 | trades=0 | skip=6 | 1.4s
2026-08-03 23:09:57,437 [INFO]   进度 40/162 | trades=0 | skip=8 | 1.4s
2026-08-03 23:09:57,438 [INFO]   进度 60/162 | trades=0 | skip=18 | 1.4s
2026-08-03 23:09:57,438 [INFO]   进度 80/162 | trades=0 | skip=36 | 1.4s
2026-08-03 23:09:57,439 [INFO]   进度 100/162 | trades=0 | skip=40 | 1.4s
2026-08-03 23:09:57,440 [INFO]   进度 120/162 | trades=0 | skip=43 | 1.4s
2026-08-03 23:09:57,440 [INFO]   进度 140/162 | trades=0 | skip=50 | 1.4s
2026-08-03 23:09:57,440 [INFO]   进度 160/162 | trades=0 | skip=69 | 1.4s
2026-08-03 23:09:57,440 [INFO] ========== ZT回测完成 | trades=0 | fill_rate=25% | 1.4s ==========
2026-08-03 23:09:57,440 [WARNING]   无任何交易产生！
2026-08-03 23:09:57,440 [INFO]   score=-1000.0 | 月复利=0.0% | 笔数=0 胜率=0.0% DD=0.0% | lev=1.00x | 1.4s
2026-08-03 23:09:57,440 [INFO] ========== ZT回测 2025-12-01→2026-07-31 | top=2 board=gem+star entry=open_t1 sample=300 ==========
2026-08-03 23:09:58,867 [INFO] HS300 regime 预计算: 365 天 (bull=203 bear=41 crash=62 unknown=59)
2026-08-03 23:09:58,867 [INFO]   进度 20/162 | trades=0 | skip=6 | 1.4s
2026-08-03 23:09:58,869 [INFO]   进度 40/162 | trades=0 | skip=8 | 1.4s
2026-08-03 23:09:58,870 [INFO]   进度 60/162 | trades=0 | skip=18 | 1.4s
2026-08-03 23:09:58,870 [INFO]   进度 80/162 | trades=0 | skip=36 | 1.4s
2026-08-03 23:09:58,873 [INFO]   进度 100/162 | trades=0 | skip=40 | 1.4s
2026-08-03 23:09:58,875 [INFO]   进度 120/162 | trades=0 | skip=43 | 1.4s
2026-08-03 23:09:58,876 [INFO]   进度 140/162 | trades=0 | skip=50 | 1.4s
2026-08-03 23:09:58,876 [INFO]   进度 160/162 | trades=0 | skip=69 | 1.4s
2026-08-03 23:09:58,876 [INFO] ========== ZT回测完成 | trades=0 | fill_rate=100% | 1.4s ==========
2026-08-03 23:09:58,876 [WARNING]   无任何交易产生！
2026-08-03 23:09:58,876 [INFO]   score=-1000.0 | 月复利=0.0% | 笔数=0 胜率=0.0% DD=0.0% | lev=1.75x | 1.4s
2026-08-03 23:09:58,876 [INFO] ========== ZT回测 2025-12-01→2026-07-31 | top=3 board=main entry=close_t0 sample=300 ==========
2026-08-03 23:10:00,277 [INFO] HS300 regime 预计算: 365 天 (bull=203 bear=41 crash=62 unknown=59)
2026-08-03 23:10:00,307 [INFO]   进度 20/162 | trades=39 | skip=6 | 1.4s
2026-08-03 23:10:00,358 [INFO]   进度 40/162 | trades=93 | skip=8 | 1.5s
2026-08-03 23:10:00,381 [INFO]   进度 60/162 | trades=123 | skip=18 | 1.5s
2026-08-03 23:10:00,384 [INFO]   进度 80/162 | trades=129 | skip=36 | 1.5s
2026-08-03 23:10:00,417 [INFO]   进度 100/162 | trades=177 | skip=40 | 1.5s
2026-08-03 23:10:00,457 [INFO]   进度 120/162 | trades=228 | skip=43 | 1.6s
2026-08-03 23:10:00,486 [INFO]   进度 140/162 | trades=267 | skip=50 | 1.6s
2026-08-03 23:10:00,491 [INFO]   进度 160/162 | trades=270 | skip=69 | 1.6s
2026-08-03 23:10:00,491 [INFO] ========== ZT回测完成 | trades=270 | fill_rate=50% | 1.6s ==========
2026-08-03 23:10:00,650 [INFO]   笔数=270 | 胜率=82.6% | 平均=1.73% | 日均=102.12% | 总收益=9191.1% | 最大回撤=-14.4%
2026-08-03 23:10:00,650 [INFO]   [best      ] n=270 胜率=84.8% 平均=3.98% 累计=3077712.6%
2026-08-03 23:10:00,650 [INFO]   [close_t1  ] n=270 胜率=54.1% 平均=-0.15% 累计=-44.3%
2026-08-03 23:10:00,650 [INFO]   [close_t2  ] n=270 胜率=48.5% 平均=0.14% 累计=-4.1%
2026-08-03 23:10:00,650 [INFO]   [close_t3  ] n=270 胜率=46.7% 平均=0.17% 累计=-22.1%
2026-08-03 23:10:00,650 [INFO]   [gap_t1    ] n=270 胜率=49.6% 平均=-0.05% 累计=-21.4%
2026-08-03 23:10:00,650 [INFO]   [open_t2   ] n=270 胜率=48.9% 平均=0.05% 累计=-24.9%
2026-08-03 23:10:00,650 [INFO]   [stop_t1   ] n=125 胜率=0.0% 平均=-5.31% 累计=-99.9%
2026-08-03 23:10:00,650 [INFO]   [trail_t2  ] n=145 胜率=95.2% 平均=2.14% 累计=2039.1%
2026-08-03 23:10:00,650 [INFO]   score=15.9 | 月复利=10.0% | 笔数=270 胜率=82.6% DD=-2.3% | lev=1.50x | 1.8s
2026-08-03 23:10:00,650 [INFO] ========== ZT回测 2025-12-01→2026-07-31 | top=5 board=all entry=close_t0 sample=300 ==========
2026-08-03 23:10:02,327 [INFO] HS300 regime 预计算: 365 天 (bull=203 bear=41 crash=62 unknown=59)
2026-08-03 23:10:02,328 [INFO]   进度 20/162 | trades=0 | skip=6 | 1.7s
2026-08-03 23:10:02,330 [INFO]   进度 40/162 | trades=0 | skip=8 | 1.7s
2026-08-03 23:10:02,331 [INFO]   进度 60/162 | trades=0 | skip=18 | 1.7s
2026-08-03 23:10:02,331 [INFO]   进度 80/162 | trades=0 | skip=36 | 1.7s
2026-08-03 23:10:02,332 [INFO]   进度 100/162 | trades=0 | skip=40 | 1.7s
2026-08-03 23:10:02,334 [INFO]   进度 120/162 | trades=0 | skip=43 | 1.7s
2026-08-03 23:10:02,334 [INFO]   进度 140/162 | trades=0 | skip=50 | 1.7s
2026-08-03 23:10:02,334 [INFO]   进度 160/162 | trades=0 | skip=69 | 1.7s
2026-08-03 23:10:02,334 [INFO] ========== ZT回测完成 | trades=0 | fill_rate=20% | 1.7s ==========
2026-08-03 23:10:02,334 [WARNING]   无任何交易产生！
2026-08-03 23:10:02,334 [INFO]   score=-1000.0 | 月复利=0.0% | 笔数=0 胜率=0.0% DD=0.0% | lev=1.50x | 1.7s
2026-08-03 23:10:02,335 [INFO] ========== ZT回测 2025-12-01→2026-07-31 | top=2 board=gem+star entry=open_t1 sample=300 ==========
2026-08-03 23:10:02,335 [INFO]   进度 20/162 | trades=0 | skip=0 | 0.0s
2026-08-03 23:10:02,335 [INFO]   进度 40/162 | trades=0 | skip=0 | 0.0s
2026-08-03 23:10:02,336 [INFO]   进度 60/162 | trades=0 | skip=0 | 0.0s
2026-08-03 23:10:02,336 [INFO]   进度 80/162 | trades=0 | skip=0 | 0.0s
2026-08-03 23:10:02,336 [INFO]   进度 100/162 | trades=0 | skip=0 | 0.0s
2026-08-03 23:10:02,337 [INFO]   进度 120/162 | trades=0 | skip=0 | 0.0s
2026-08-03 23:10:02,338 [INFO]   进度 140/162 | trades=0 | skip=0 | 0.0s
2026-08-03 23:10:02,338 [INFO]   进度 160/162 | trades=0 | skip=0 | 0.0s
2026-08-03 23:10:02,338 [INFO] ========== ZT回测完成 | trades=0 | fill_rate=20% | 0.0s ==========
2026-08-03 23:10:02,338 [WARNING]   无任何交易产生！
2026-08-03 23:10:02,338 [INFO]   score=-1000.0 | 月复利=0.0% | 笔数=0 胜率=0.0% DD=0.0% | lev=1.50x | 0.0s
2026-08-03 23:10:02,338 [INFO] ========== ZT回测 2025-12-01→2026-07-31 | top=1 board=gem+star entry=close_t0 sample=300 ==========
2026-08-03 23:10:03,792 [INFO] HS300 regime 预计算: 365 天 (bull=203 bear=41 crash=62 unknown=59)
2026-08-03 23:10:03,792 [INFO]   进度 20/162 | trades=0 | skip=6 | 1.5s
2026-08-03 23:10:03,793 [INFO]   进度 40/162 | trades=0 | skip=8 | 1.5s
2026-08-03 23:10:03,794 [INFO]   进度 60/162 | trades=0 | skip=18 | 1.5s
2026-08-03 23:10:03,794 [INFO]   进度 80/162 | trades=0 | skip=36 | 1.5s
2026-08-03 23:10:03,794 [INFO]   进度 100/162 | trades=0 | skip=40 | 1.5s
2026-08-03 23:10:03,796 [INFO]   进度 120/162 | trades=0 | skip=43 | 1.5s
2026-08-03 23:10:03,798 [INFO]   进度 140/162 | trades=0 | skip=50 | 1.5s
2026-08-03 23:10:03,798 [INFO]   进度 160/162 | trades=0 | skip=69 | 1.5s
2026-08-03 23:10:03,798 [INFO] ========== ZT回测完成 | trades=0 | fill_rate=100% | 1.5s ==========
2026-08-03 23:10:03,798 [WARNING]   无任何交易产生！
2026-08-03 23:10:03,798 [INFO]   score=-1000.0 | 月复利=0.0% | 笔数=0 胜率=0.0% DD=0.0% | lev=1.50x | 1.5s
2026-08-03 23:10:03,798 [INFO] ========== ZT回测 2025-12-01→2026-07-31 | top=1 board=gem+star entry=open_t1 sample=300 ==========
2026-08-03 23:10:05,255 [INFO] HS300 regime 预计算: 365 天 (bull=203 bear=41 crash=62 unknown=59)
2026-08-03 23:10:05,256 [INFO]   进度 20/162 | trades=0 | skip=6 | 1.5s
2026-08-03 23:10:05,258 [INFO]   进度 40/162 | trades=0 | skip=8 | 1.5s
2026-08-03 23:10:05,258 [INFO]   进度 60/162 | trades=0 | skip=18 | 1.5s
2026-08-03 23:10:05,259 [INFO]   进度 80/162 | trades=0 | skip=36 | 1.5s
2026-08-03 23:10:05,259 [INFO]   进度 100/162 | trades=0 | skip=40 | 1.5s
2026-08-03 23:10:05,260 [INFO]   进度 120/162 | trades=0 | skip=43 | 1.5s
2026-08-03 23:10:05,260 [INFO]   进度 140/162 | trades=0 | skip=50 | 1.5s
2026-08-03 23:10:05,260 [INFO]   进度 160/162 | trades=0 | skip=69 | 1.5s
2026-08-03 23:10:05,260 [INFO] ========== ZT回测完成 | trades=0 | fill_rate=35% | 1.5s ==========
2026-08-03 23:10:05,260 [WARNING]   无任何交易产生！
2026-08-03 23:10:05,260 [INFO]   score=-1000.0 | 月复利=0.0% | 笔数=0 胜率=0.0% DD=0.0% | lev=1.25x | 1.5s
2026-08-03 23:10:05,260 [INFO] ========== ZT回测 2025-12-01→2026-07-31 | top=1 board=all entry=close_t0 sample=300 ==========
2026-08-03 23:10:05,285 [INFO]   进度 20/162 | trades=19 | skip=0 | 0.0s
2026-08-03 23:10:05,316 [INFO]   进度 40/162 | trades=39 | skip=0 | 0.1s
2026-08-03 23:10:05,341 [INFO]   进度 60/162 | trades=59 | skip=0 | 0.1s
2026-08-03 23:10:05,368 [INFO]   进度 80/162 | trades=79 | skip=0 | 0.1s
2026-08-03 23:10:05,389 [INFO]   进度 100/162 | trades=99 | skip=0 | 0.1s
2026-08-03 23:10:05,417 [INFO]   进度 120/162 | trades=119 | skip=0 | 0.2s
2026-08-03 23:10:05,441 [INFO]   进度 140/162 | trades=139 | skip=0 | 0.2s
2026-08-03 23:10:05,460 [INFO]   进度 160/162 | trades=159 | skip=0 | 0.2s
2026-08-03 23:10:05,466 [INFO] ========== ZT回测完成 | trades=161 | fill_rate=40% | 0.2s ==========
2026-08-03 23:10:05,815 [INFO]   笔数=161 | 胜率=80.8% | 平均=1.19% | 日均=3.32% | 总收益=534.3% | 最大回撤=-12.8%
2026-08-03 23:10:05,816 [INFO]   [best      ] n=161 胜率=82.6% 平均=3.13% 累计=13191.4%
2026-08-03 23:10:05,816 [INFO]   [close_t1  ] n=161 胜率=49.1% 平均=-0.46% 累计=-55.7%
2026-08-03 23:10:05,816 [INFO]   [close_t2  ] n=159 胜率=44.6% 平均=-0.02% 累计=-16.4%
2026-08-03 23:10:05,816 [INFO]   [close_t3  ] n=158 胜率=47.5% 平均=-0.06% 累计=-27.5%
2026-08-03 23:10:05,816 [INFO]   [gap_t1    ] n=161 胜率=44.1% 平均=-0.20% 累计=-30.0%
2026-08-03 23:10:05,816 [INFO]   [open_t2   ] n=159 胜率=44.6% 平均=-0.27% 累计=-44.4%
2026-08-03 23:10:05,816 [INFO]   [stop_t1   ] n=13 胜率=0.0% 平均=-5.43% 累计=-51.6%
2026-08-03 23:10:05,816 [INFO]   [trail_t2  ] n=139 胜率=87.0% 平均=1.73% 累计=966.9%
2026-08-03 23:10:05,816 [INFO]   score=71.8 | 月复利=41.3% | 笔数=161 胜率=80.8% DD=-19.3% | lev=1.50x | 0.6s
2026-08-03 23:10:05,816 [INFO] ========== ZT回测 2025-12-01→2026-07-31 | top=1 board=main entry=open_t1 sample=300 ==========
2026-08-03 23:10:07,337 [INFO] HS300 regime 预计算: 365 天 (bull=203 bear=41 crash=62 unknown=59)
2026-08-03 23:10:07,338 [INFO]   进度 20/162 | trades=0 | skip=6 | 1.5s
2026-08-03 23:10:07,339 [INFO]   进度 40/162 | trades=0 | skip=8 | 1.5s
2026-08-03 23:10:07,339 [INFO]   进度 60/162 | trades=0 | skip=18 | 1.5s
2026-08-03 23:10:07,339 [INFO]   进度 80/162 | trades=0 | skip=36 | 1.5s
2026-08-03 23:10:07,340 [INFO]   进度 100/162 | trades=0 | skip=40 | 1.5s
2026-08-03 23:10:07,340 [INFO]   进度 120/162 | trades=0 | skip=43 | 1.5s
2026-08-03 23:10:07,341 [INFO]   进度 140/162 | trades=0 | skip=50 | 1.5s
2026-08-03 23:10:07,341 [INFO]   进度 160/162 | trades=0 | skip=69 | 1.5s
2026-08-03 23:10:07,341 [INFO] ========== ZT回测完成 | trades=0 | fill_rate=35% | 1.5s ==========
2026-08-03 23:10:07,341 [WARNING]   无任何交易产生！
2026-08-03 23:10:07,341 [INFO]   score=-1000.0 | 月复利=0.0% | 笔数=0 胜率=0.0% DD=0.0% | lev=1.75x | 1.5s
2026-08-03 23:10:07,341 [INFO] ========== ZT回测 2025-12-01→2026-07-31 | top=1 board=all entry=close_t0 sample=300 ==========
2026-08-03 23:10:08,897 [INFO] HS300 regime 预计算: 365 天 (bull=203 bear=41 crash=62 unknown=59)
2026-08-03 23:10:08,898 [INFO]   进度 20/162 | trades=0 | skip=6 | 1.6s
2026-08-03 23:10:08,899 [INFO]   进度 40/162 | trades=0 | skip=8 | 1.6s
2026-08-03 23:10:08,900 [INFO]   进度 60/162 | trades=0 | skip=18 | 1.6s
2026-08-03 23:10:08,900 [INFO]   进度 80/162 | trades=0 | skip=36 | 1.6s
2026-08-03 23:10:08,900 [INFO]   进度 100/162 | trades=0 | skip=40 | 1.6s
2026-08-03 23:10:08,901 [INFO]   进度 120/162 | trades=0 | skip=43 | 1.6s
2026-08-03 23:10:08,902 [INFO]   进度 140/162 | trades=0 | skip=50 | 1.6s
2026-08-03 23:10:08,902 [INFO]   进度 160/162 | trades=0 | skip=69 | 1.6s
2026-08-03 23:10:08,902 [INFO] ========== ZT回测完成 | trades=0 | fill_rate=100% | 1.6s ==========
2026-08-03 23:10:08,902 [WARNING]   无任何交易产生！
2026-08-03 23:10:08,902 [INFO]   score=-1000.0 | 月复利=0.0% | 笔数=0 胜率=0.0% DD=0.0% | lev=2.00x | 1.6s
2026-08-03 23:10:08,902 [INFO] ========== ZT回测 2025-12-01→2026-07-31 | top=5 board=gem+star entry=close_t0 sample=300 ==========
2026-08-03 23:10:08,903 [INFO]   进度 20/162 | trades=0 | skip=0 | 0.0s
2026-08-03 23:10:08,904 [INFO]   进度 40/162 | trades=0 | skip=0 | 0.0s
2026-08-03 23:10:08,905 [INFO]   进度 60/162 | trades=0 | skip=0 | 0.0s
2026-08-03 23:10:08,906 [INFO]   进度 80/162 | trades=0 | skip=0 | 0.0s
2026-08-03 23:10:08,907 [INFO]   进度 100/162 | trades=0 | skip=0 | 0.0s
2026-08-03 23:10:08,908 [INFO]   进度 120/162 | trades=0 | skip=0 | 0.0s
2026-08-03 23:10:08,909 [INFO]   进度 140/162 | trades=0 | skip=0 | 0.0s
2026-08-03 23:10:08,910 [INFO]   进度 160/162 | trades=0 | skip=0 | 0.0s
2026-08-03 23:10:08,910 [INFO] ========== ZT回测完成 | trades=0 | fill_rate=20% | 0.0s ==========
2026-08-03 23:10:08,910 [WARNING]   无任何交易产生！
2026-08-03 23:10:08,910 [INFO]   score=-1000.0 | 月复利=0.0% | 笔数=0 胜率=0.0% DD=0.0% | lev=2.00x | 0.0s
2026-08-03 23:10:08,910 [INFO] ========== ZT回测 2025-12-01→2026-07-31 | top=5 board=gem+star entry=close_t0 sample=300 ==========
2026-08-03 23:10:08,977 [INFO]   进度 20/162 | trades=64 | skip=0 | 0.1s
2026-08-03 23:10:09,074 [INFO]   进度 40/162 | trades=140 | skip=0 | 0.2s
2026-08-03 23:10:09,135 [INFO]   进度 60/162 | trades=196 | skip=0 | 0.2s
2026-08-03 23:10:09,180 [INFO]   进度 80/162 | trades=237 | skip=0 | 0.3s
2026-08-03 23:10:09,213 [INFO]   进度 100/162 | trades=265 | skip=0 | 0.3s
2026-08-03 23:10:09,253 [INFO]   进度 120/162 | trades=315 | skip=0 | 0.3s
2026-08-03 23:10:09,326 [INFO]   进度 140/162 | trades=367 | skip=0 | 0.4s
2026-08-03 23:10:09,385 [INFO]   进度 160/162 | trades=397 | skip=0 | 0.5s
2026-08-03 23:10:09,392 [INFO] ========== ZT回测完成 | trades=401 | fill_rate=20% | 0.5s ==========
2026-08-03 23:10:09,657 [INFO]   笔数=401 | 胜率=89.0% | 平均=0.90% | 日均=24.14% | 总收益=3476.6% | 最大回撤=-5.5%
2026-08-03 23:10:09,657 [INFO]   [best      ] n=401 胜率=89.5% 平均=2.02% 累计=289011.0%
2026-08-03 23:10:09,657 [INFO]   [close_t1  ] n=401 胜率=65.8% 平均=0.27% 累计=179.5%
2026-08-03 23:10:09,657 [INFO]   [close_t2  ] n=399 胜率=57.9% 平均=0.66% 累计=1123.4%
2026-08-03 23:10:09,657 [INFO]   [close_t3  ] n=396 胜率=56.6% 平均=0.78% 累计=1665.2%
2026-08-03 23:10:09,657 [INFO]   [gap_t1    ] n=401 胜率=63.1% 平均=0.34% 累计=275.8%
2026-08-03 23:10:09,657 [INFO]   [open_t2   ] n=399 胜率=59.6% 平均=0.58% 累计=802.8%
2026-08-03 23:10:09,657 [INFO]   [stop_t1   ] n=140 胜率=0.0% 平均=-2.13% 累计=-95.1%
2026-08-03 23:10:09,657 [INFO]   [trail_t2  ] n=260 胜率=100.0% 平均=1.18% 累计=2009.1%
2026-08-03 23:10:09,657 [INFO]   score=7.0 | 月复利=4.6% | 笔数=401 胜率=89.0% DD=-0.8% | lev=1.50x | 0.7s
2026-08-03 23:10:09,657 [INFO] ========== ZT回测 2025-12-01→2026-07-31 | top=1 board=all entry=close_t0 sample=300 ==========
2026-08-03 23:10:11,160 [INFO] HS300 regime 预计算: 365 天 (bull=203 bear=41 crash=62 unknown=59)
2026-08-03 23:10:11,160 [INFO]   进度 20/162 | trades=0 | skip=6 | 1.5s
2026-08-03 23:10:11,161 [INFO]   进度 40/162 | trades=0 | skip=8 | 1.5s
2026-08-03 23:10:11,162 [INFO]   进度 60/162 | trades=0 | skip=18 | 1.5s
2026-08-03 23:10:11,162 [INFO]   进度 80/162 | trades=0 | skip=36 | 1.5s
2026-08-03 23:10:11,164 [INFO]   进度 100/162 | trades=0 | skip=40 | 1.5s
2026-08-03 23:10:11,164 [INFO]   进度 120/162 | trades=0 | skip=43 | 1.5s
2026-08-03 23:10:11,165 [INFO]   进度 140/162 | trades=0 | skip=50 | 1.5s
2026-08-03 23:10:11,165 [INFO]   进度 160/162 | trades=0 | skip=69 | 1.5s
2026-08-03 23:10:11,165 [INFO] ========== ZT回测完成 | trades=0 | fill_rate=100% | 1.5s ==========
2026-08-03 23:10:11,165 [WARNING]   无任何交易产生！
2026-08-03 23:10:11,165 [INFO]   score=-1000.0 | 月复利=0.0% | 笔数=0 胜率=0.0% DD=0.0% | lev=1.50x | 1.5s
2026-08-03 23:10:11,165 [INFO] ========== ZT回测 2025-12-01→2026-07-31 | top=1 board=gem+star entry=close_t0 sample=300 ==========
2026-08-03 23:10:12,552 [INFO] HS300 regime 预计算: 365 天 (bull=203 bear=41 crash=62 unknown=59)
2026-08-03 23:10:12,553 [INFO]   进度 20/162 | trades=0 | skip=6 | 1.4s
2026-08-03 23:10:12,554 [INFO]   进度 40/162 | trades=0 | skip=8 | 1.4s
2026-08-03 23:10:12,554 [INFO]   进度 60/162 | trades=0 | skip=18 | 1.4s
2026-08-03 23:10:12,554 [INFO]   进度 80/162 | trades=0 | skip=36 | 1.4s
2026-08-03 23:10:12,555 [INFO]   进度 100/162 | trades=0 | skip=40 | 1.4s
2026-08-03 23:10:12,555 [INFO]   进度 120/162 | trades=0 | skip=43 | 1.4s
2026-08-03 23:10:12,556 [INFO]   进度 140/162 | trades=0 | skip=50 | 1.4s
2026-08-03 23:10:12,556 [INFO]   进度 160/162 | trades=0 | skip=69 | 1.4s
2026-08-03 23:10:12,556 [INFO] ========== ZT回测完成 | trades=0 | fill_rate=100% | 1.4s ==========
2026-08-03 23:10:12,556 [WARNING]   无任何交易产生！
2026-08-03 23:10:12,556 [INFO]   score=-1000.0 | 月复利=0.0% | 笔数=0 胜率=0.0% DD=0.0% | lev=1.00x | 1.4s
2026-08-03 23:10:12,556 [INFO] ========== ZT回测 2025-12-01→2026-07-31 | top=1 board=all entry=close_t0 sample=300 ==========
2026-08-03 23:10:12,556 [INFO]   进度 20/162 | trades=0 | skip=0 | 0.0s
2026-08-03 23:10:12,557 [INFO]   进度 40/162 | trades=0 | skip=0 | 0.0s
2026-08-03 23:10:12,558 [INFO]   进度 60/162 | trades=0 | skip=0 | 0.0s
2026-08-03 23:10:12,558 [INFO]   进度 80/162 | trades=0 | skip=0 | 0.0s
2026-08-03 23:10:12,559 [INFO]   进度 100/162 | trades=0 | skip=0 | 0.0s
2026-08-03 23:10:12,560 [INFO]   进度 120/162 | trades=0 | skip=0 | 0.0s
2026-08-03 23:10:12,563 [INFO]   进度 140/162 | trades=0 | skip=0 | 0.0s
2026-08-03 23:10:12,565 [INFO]   进度 160/162 | trades=0 | skip=0 | 0.0s
2026-08-03 23:10:12,565 [INFO] ========== ZT回测完成 | trades=0 | fill_rate=35% | 0.0s ==========
2026-08-03 23:10:12,565 [WARNING]   无任何交易产生！
2026-08-03 23:10:12,565 [INFO]   score=-1000.0 | 月复利=0.0% | 笔数=0 胜率=0.0% DD=0.0% | lev=1.50x | 0.0s
2026-08-03 23:10:12,565 [INFO] ========== ZT回测 2025-12-01→2026-07-31 | top=2 board=gem+star entry=open_t1 sample=300 ==========
2026-08-03 23:10:12,565 [INFO]   进度 20/162 | trades=0 | skip=0 | 0.0s
2026-08-03 23:10:12,566 [INFO]   进度 40/162 | trades=0 | skip=0 | 0.0s
2026-08-03 23:10:12,566 [INFO]   进度 60/162 | trades=0 | skip=0 | 0.0s
2026-08-03 23:10:12,567 [INFO]   进度 80/162 | trades=0 | skip=0 | 0.0s
2026-08-03 23:10:12,567 [INFO]   进度 100/162 | trades=0 | skip=0 | 0.0s
2026-08-03 23:10:12,568 [INFO]   进度 120/162 | trades=0 | skip=0 | 0.0s
2026-08-03 23:10:12,568 [INFO]   进度 140/162 | trades=0 | skip=0 | 0.0s
2026-08-03 23:10:12,569 [INFO]   进度 160/162 | trades=0 | skip=0 | 0.0s
2026-08-03 23:10:12,569 [INFO] ========== ZT回测完成 | trades=0 | fill_rate=50% | 0.0s ==========
2026-08-03 23:10:12,569 [WARNING]   无任何交易产生！
2026-08-03 23:10:12,569 [INFO]   score=-1000.0 | 月复利=0.0% | 笔数=0 胜率=0.0% DD=0.0% | lev=1.50x | 0.0s
2026-08-03 23:10:12,569 [INFO] ========== ZT回测 2025-12-01→2026-07-31 | top=1 board=main entry=open_t1 sample=300 ==========
2026-08-03 23:10:14,165 [INFO] HS300 regime 预计算: 365 天 (bull=203 bear=41 crash=62 unknown=59)
2026-08-03 23:10:14,166 [INFO]   进度 20/162 | trades=0 | skip=6 | 1.6s
2026-08-03 23:10:14,167 [INFO]   进度 40/162 | trades=0 | skip=8 | 1.6s
2026-08-03 23:10:14,167 [INFO]   进度 60/162 | trades=0 | skip=18 | 1.6s
2026-08-03 23:10:14,167 [INFO]   进度 80/162 | trades=0 | skip=36 | 1.6s
2026-08-03 23:10:14,167 [INFO]   进度 100/162 | trades=0 | skip=40 | 1.6s
2026-08-03 23:10:14,168 [INFO]   进度 120/162 | trades=0 | skip=43 | 1.6s
2026-08-03 23:10:14,168 [INFO]   进度 140/162 | trades=0 | skip=50 | 1.6s
2026-08-03 23:10:14,168 [INFO]   进度 160/162 | trades=0 | skip=69 | 1.6s
2026-08-03 23:10:14,168 [INFO] ========== ZT回测完成 | trades=0 | fill_rate=20% | 1.6s ==========
2026-08-03 23:10:14,168 [WARNING]   无任何交易产生！
2026-08-03 23:10:14,168 [INFO]   score=-1000.0 | 月复利=0.0% | 笔数=0 胜率=0.0% DD=0.0% | lev=2.00x | 1.6s
2026-08-03 23:10:14,168 [INFO] ========== ZT回测 2025-12-01→2026-07-31 | top=3 board=all entry=close_t0 sample=300 ==========
2026-08-03 23:10:14,168 [INFO]   进度 20/162 | trades=0 | skip=0 | 0.0s
2026-08-03 23:10:14,169 [INFO]   进度 40/162 | trades=0 | skip=0 | 0.0s
2026-08-03 23:10:14,170 [INFO]   进度 60/162 | trades=0 | skip=0 | 0.0s
2026-08-03 23:10:14,171 [INFO]   进度 80/162 | trades=0 | skip=0 | 0.0s
2026-08-03 23:10:14,172 [INFO]   进度 100/162 | trades=0 | skip=0 | 0.0s
2026-08-03 23:10:14,173 [INFO]   进度 120/162 | trades=0 | skip=0 | 0.0s
2026-08-03 23:10:14,175 [INFO]   进度 140/162 | trades=0 | skip=0 | 0.0s
2026-08-03 23:10:14,175 [INFO]   进度 160/162 | trades=0 | skip=0 | 0.0s
2026-08-03 23:10:14,175 [INFO] ========== ZT回测完成 | trades=0 | fill_rate=35% | 0.0s ==========
2026-08-03 23:10:14,175 [WARNING]   无任何交易产生！
2026-08-03 23:10:14,175 [INFO]   score=-1000.0 | 月复利=0.0% | 笔数=0 胜率=0.0% DD=0.0% | lev=2.00x | 0.0s
2026-08-03 23:10:14,176 [INFO] ========== ZT回测 2025-12-01→2026-07-31 | top=5 board=all entry=open_t1 sample=300 ==========
2026-08-03 23:10:14,176 [INFO]   进度 20/162 | trades=0 | skip=0 | 0.0s
2026-08-03 23:10:14,178 [INFO]   进度 40/162 | trades=0 | skip=0 | 0.0s
2026-08-03 23:10:14,180 [INFO]   进度 60/162 | trades=0 | skip=0 | 0.0s
2026-08-03 23:10:14,181 [INFO]   进度 80/162 | trades=0 | skip=0 | 0.0s
2026-08-03 23:10:14,182 [INFO]   进度 100/162 | trades=0 | skip=0 | 0.0s
2026-08-03 23:10:14,183 [INFO]   进度 120/162 | trades=0 | skip=0 | 0.0s
2026-08-03 23:10:14,184 [INFO]   进度 140/162 | trades=0 | skip=0 | 0.0s
2026-08-03 23:10:14,185 [INFO]   进度 160/162 | trades=0 | skip=0 | 0.0s
2026-08-03 23:10:14,185 [INFO] ========== ZT回测完成 | trades=0 | fill_rate=30% | 0.0s ==========
2026-08-03 23:10:14,185 [WARNING]   无任何交易产生！
2026-08-03 23:10:14,185 [INFO]   score=-1000.0 | 月复利=0.0% | 笔数=0 胜率=0.0% DD=0.0% | lev=1.00x | 0.0s
2026-08-03 23:10:14,185 [INFO] ========== ZT回测 2025-12-01→2026-07-31 | top=3 board=gem+star entry=open_t1 sample=300 ==========
2026-08-03 23:10:14,185 [INFO]   进度 20/162 | trades=0 | skip=0 | 0.0s
2026-08-03 23:10:14,187 [INFO]   进度 40/162 | trades=0 | skip=0 | 0.0s
2026-08-03 23:10:14,188 [INFO]   进度 60/162 | trades=0 | skip=0 | 0.0s
2026-08-03 23:10:14,189 [INFO]   进度 80/162 | trades=0 | skip=0 | 0.0s
2026-08-03 23:10:14,190 [INFO]   进度 100/162 | trades=0 | skip=0 | 0.0s
2026-08-03 23:10:14,191 [INFO]   进度 120/162 | trades=0 | skip=0 | 0.0s
2026-08-03 23:10:14,191 [INFO]   进度 140/162 | trades=0 | skip=0 | 0.0s
2026-08-03 23:10:14,192 [INFO]   进度 160/162 | trades=0 | skip=0 | 0.0s
2026-08-03 23:10:14,192 [INFO] ========== ZT回测完成 | trades=0 | fill_rate=35% | 0.0s ==========
2026-08-03 23:10:14,192 [WARNING]   无任何交易产生！
2026-08-03 23:10:14,192 [INFO]   score=-1000.0 | 月复利=0.0% | 笔数=0 胜率=0.0% DD=0.0% | lev=1.50x | 0.0s
2026-08-03 23:10:14,192 [INFO] ========== ZT回测 2025-12-01→2026-07-31 | top=2 board=gem+star entry=close_t0 sample=300 ==========
2026-08-03 23:10:15,538 [INFO] HS300 regime 预计算: 365 天 (bull=203 bear=41 crash=62 unknown=59)
2026-08-03 23:10:15,539 [INFO]   进度 20/162 | trades=0 | skip=6 | 1.3s
2026-08-03 23:10:15,539 [INFO]   进度 40/162 | trades=0 | skip=8 | 1.3s
2026-08-03 23:10:15,539 [INFO]   进度 60/162 | trades=0 | skip=18 | 1.3s
2026-08-03 23:10:15,539 [INFO]   进度 80/162 | trades=0 | skip=36 | 1.3s
2026-08-03 23:10:15,540 [INFO]   进度 100/162 | trades=0 | skip=40 | 1.3s
2026-08-03 23:10:15,540 [INFO]   进度 120/162 | trades=0 | skip=43 | 1.3s
2026-08-03 23:10:15,541 [INFO]   进度 140/162 | trades=0 | skip=50 | 1.3s
2026-08-03 23:10:15,541 [INFO]   进度 160/162 | trades=0 | skip=69 | 1.3s
2026-08-03 23:10:15,541 [INFO] ========== ZT回测完成 | trades=0 | fill_rate=100% | 1.3s ==========
2026-08-03 23:10:15,541 [WARNING]   无任何交易产生！
2026-08-03 23:10:15,541 [INFO]   score=-1000.0 | 月复利=0.0% | 笔数=0 胜率=0.0% DD=0.0% | lev=1.50x | 1.3s
2026-08-03 23:10:15,541 [INFO] ========== ZT回测 2025-12-01→2026-07-31 | top=2 board=gem+star entry=open_t1 sample=300 ==========
2026-08-03 23:10:15,541 [INFO]   进度 20/162 | trades=0 | skip=0 | 0.0s
2026-08-03 23:10:15,542 [INFO]   进度 40/162 | trades=0 | skip=0 | 0.0s
2026-08-03 23:10:15,542 [INFO]   进度 60/162 | trades=0 | skip=0 | 0.0s
2026-08-03 23:10:15,542 [INFO]   进度 80/162 | trades=0 | skip=0 | 0.0s
2026-08-03 23:10:15,543 [INFO]   进度 100/162 | trades=0 | skip=0 | 0.0s
2026-08-03 23:10:15,543 [INFO]   进度 120/162 | trades=0 | skip=0 | 0.0s
2026-08-03 23:10:15,543 [INFO]   进度 140/162 | trades=0 | skip=0 | 0.0s
2026-08-03 23:10:15,544 [INFO]   进度 160/162 | trades=0 | skip=0 | 0.0s
2026-08-03 23:10:15,544 [INFO] ========== ZT回测完成 | trades=0 | fill_rate=100% | 0.0s ==========
2026-08-03 23:10:15,544 [WARNING]   无任何交易产生！
2026-08-03 23:10:15,545 [INFO]   score=-1000.0 | 月复利=0.0% | 笔数=0 胜率=0.0% DD=0.0% | lev=1.25x | 0.0s
2026-08-03 23:10:15,545 [INFO] ========== ZT回测 2025-12-01→2026-07-31 | top=2 board=all entry=close_t0 sample=300 ==========
2026-08-03 23:10:17,354 [INFO] HS300 regime 预计算: 365 天 (bull=203 bear=41 crash=62 unknown=59)
2026-08-03 23:10:17,377 [INFO]   进度 20/162 | trades=26 | skip=6 | 1.8s
2026-08-03 23:10:17,409 [INFO]   进度 40/162 | trades=62 | skip=8 | 1.9s
2026-08-03 23:10:17,424 [INFO]   进度 60/162 | trades=82 | skip=18 | 1.9s
2026-08-03 23:10:17,426 [INFO]   进度 80/162 | trades=86 | skip=36 | 1.9s
2026-08-03 23:10:17,464 [INFO]   进度 100/162 | trades=118 | skip=40 | 1.9s
2026-08-03 23:10:17,492 [INFO]   进度 120/162 | trades=152 | skip=43 | 1.9s
2026-08-03 23:10:17,509 [INFO]   进度 140/162 | trades=178 | skip=50 | 2.0s
2026-08-03 23:10:17,511 [INFO]   进度 160/162 | trades=180 | skip=69 | 2.0s
2026-08-03 23:10:17,511 [INFO] ========== ZT回测完成 | trades=180 | fill_rate=35% | 2.0s ==========
2026-08-03 23:10:17,636 [INFO]   笔数=180 | 胜率=79.4% | 平均=1.12% | 日均=6.94% | 总收益=624.4% | 最大回撤=-9.3%
2026-08-03 23:10:17,636 [INFO]   [best      ] n=180 胜率=81.7% 平均=2.70% 累计=11175.6%
2026-08-03 23:10:17,636 [INFO]   [close_t1  ] n=180 胜率=51.1% 平均=-0.32% 累计=-47.0%
2026-08-03 23:10:17,636 [INFO]   [close_t2  ] n=180 胜率=47.8% 平均=0.10% 累计=4.4%
2026-08-03 23:10:17,637 [INFO]   [close_t3  ] n=180 胜率=48.3% 平均=0.09% 累计=-5.9%
2026-08-03 23:10:17,637 [INFO]   [gap_t1    ] n=180 胜率=48.9% 平均=-0.11% 累计=-20.4%
2026-08-03 23:10:17,637 [INFO]   [open_t2   ] n=180 胜率=46.7% 平均=-0.19% 累计=-38.7%
2026-08-03 23:10:17,637 [INFO]   [stop_t1   ] n=91 胜率=0.0% 平均=-3.77% 累计=-97.0%
2026-08-03 23:10:17,637 [INFO]   [trail_t2  ] n=89 胜率=98.9% 平均=2.06% 累计=515.7%
2026-08-03 23:10:17,637 [INFO]   score=11.8 | 月复利=8.1% | 笔数=180 胜率=79.4% DD=-2.3% | lev=1.25x | 2.1s
2026-08-03 23:10:17,637 [INFO] ========== ZT回测 2025-12-01→2026-07-31 | top=2 board=all entry=open_t1 sample=300 ==========
2026-08-03 23:10:19,024 [INFO] HS300 regime 预计算: 365 天 (bull=203 bear=41 crash=62 unknown=59)
2026-08-03 23:10:19,043 [INFO]   进度 20/162 | trades=26 | skip=6 | 1.4s
2026-08-03 23:10:19,073 [INFO]   进度 40/162 | trades=62 | skip=8 | 1.4s
2026-08-03 23:10:19,085 [INFO]   进度 60/162 | trades=82 | skip=18 | 1.4s
2026-08-03 23:10:19,090 [INFO]   进度 80/162 | trades=86 | skip=36 | 1.5s
2026-08-03 23:10:19,108 [INFO]   进度 100/162 | trades=118 | skip=40 | 1.5s
2026-08-03 23:10:19,141 [INFO]   进度 120/162 | trades=152 | skip=43 | 1.5s
2026-08-03 23:10:19,160 [INFO]   进度 140/162 | trades=178 | skip=50 | 1.5s
2026-08-03 23:10:19,163 [INFO]   进度 160/162 | trades=180 | skip=69 | 1.5s
2026-08-03 23:10:19,163 [INFO] ========== ZT回测完成 | trades=180 | fill_rate=30% | 1.5s ==========
2026-08-03 23:10:19,284 [INFO]   笔数=180 | 胜率=62.2% | 平均=-0.06% | 日均=-0.20% | 总收益=-18.5% | 最大回撤=-58.2%
2026-08-03 23:10:19,284 [INFO]   [best      ] n=180 胜率=73.3% 平均=1.26% 累计=834.5%
2026-08-03 23:10:19,284 [INFO]   [close_t1  ] n=180 胜率=20.0% 平均=-1.16% 累计=-88.1%
2026-08-03 23:10:19,284 [INFO]   [close_t2  ] n=180 胜率=45.0% 平均=-0.78% 累计=-77.4%
2026-08-03 23:10:19,284 [INFO]   [close_t3  ] n=180 胜率=42.2% 平均=-0.58% 累计=-70.0%
2026-08-03 23:10:19,284 [INFO]   [gap_t1    ] n=180 胜率=0.0% 平均=0.00% 累计=0.0%
2026-08-03 23:10:19,284 [INFO]   [open_t2   ] n=180 胜率=42.2% 平均=-0.84% 累计=-79.5%
2026-08-03 23:10:19,284 [INFO]   [stop_t1   ] n=39 胜率=0.0% 平均=-4.24% 累计=-81.6%
2026-08-03 23:10:19,284 [INFO]   [trail_t2  ] n=110 胜率=87.3% 平均=1.63% 累计=484.1%
2026-08-03 23:10:19,284 [INFO]   score=-0.2 | 月复利=-0.4% | 笔数=180 胜率=62.2% DD=-18.5% | lev=1.00x | 1.6s
2026-08-03 23:10:19,284 [INFO] ========== ZT回测 2025-12-01→2026-07-31 | top=2 board=gem+star entry=close_t0 sample=300 ==========
2026-08-03 23:10:20,591 [INFO] HS300 regime 预计算: 365 天 (bull=203 bear=41 crash=62 unknown=59)
2026-08-03 23:10:20,592 [INFO]   进度 20/162 | trades=0 | skip=6 | 1.3s
2026-08-03 23:10:20,593 [INFO]   进度 40/162 | trades=0 | skip=8 | 1.3s
2026-08-03 23:10:20,594 [INFO]   进度 60/162 | trades=0 | skip=18 | 1.3s
2026-08-03 23:10:20,594 [INFO]   进度 80/162 | trades=0 | skip=36 | 1.3s
2026-08-03 23:10:20,596 [INFO]   进度 100/162 | trades=0 | skip=40 | 1.3s
2026-08-03 23:10:20,597 [INFO]   进度 120/162 | trades=0 | skip=43 | 1.3s
2026-08-03 23:10:20,598 [INFO]   进度 140/162 | trades=0 | skip=50 | 1.3s
2026-08-03 23:10:20,598 [INFO]   进度 160/162 | trades=0 | skip=69 | 1.3s
2026-08-03 23:10:20,598 [INFO] ========== ZT回测完成 | trades=0 | fill_rate=30% | 1.3s ==========
2026-08-03 23:10:20,598 [WARNING]   无任何交易产生！
2026-08-03 23:10:20,598 [INFO]   score=-1000.0 | 月复利=0.0% | 笔数=0 胜率=0.0% DD=0.0% | lev=2.00x | 1.3s
2026-08-03 23:10:20,598 [INFO] ========== ZT回测 2025-12-01→2026-07-31 | top=3 board=all entry=open_t1 sample=300 ==========
2026-08-03 23:10:20,632 [INFO]   进度 20/162 | trades=49 | skip=0 | 0.0s
2026-08-03 23:10:20,668 [INFO]   进度 40/162 | trades=104 | skip=0 | 0.1s
2026-08-03 23:10:20,698 [INFO]   进度 60/162 | trades=147 | skip=0 | 0.1s
2026-08-03 23:10:20,722 [INFO]   进度 80/162 | trades=184 | skip=0 | 0.1s
2026-08-03 23:10:20,740 [INFO]   进度 100/162 | trades=210 | skip=0 | 0.1s
2026-08-03 23:10:20,765 [INFO]   进度 120/162 | trades=249 | skip=0 | 0.2s
2026-08-03 23:10:20,797 [INFO]   进度 140/162 | trades=291 | skip=0 | 0.2s
2026-08-03 23:10:20,814 [INFO]   进度 160/162 | trades=320 | skip=0 | 0.2s
2026-08-03 23:10:20,816 [INFO] ========== ZT回测完成 | trades=324 | fill_rate=100% | 0.2s ==========
2026-08-03 23:10:21,004 [INFO]   笔数=324 | 胜率=65.4% | 平均=0.87% | 日均=1.35% | 总收益=194.2% | 最大回撤=-71.4%
2026-08-03 23:10:21,004 [INFO]   [best      ] n=324 胜率=75.9% 平均=4.56% 累计=120920274.0%
2026-08-03 23:10:21,004 [INFO]   [close_t1  ] n=324 胜率=21.0% 平均=-3.79% 累计=-100.0%
2026-08-03 23:10:21,004 [INFO]   [close_t2  ] n=322 胜率=46.9% 平均=-1.96% 累计=-100.0%
2026-08-03 23:10:21,004 [INFO]   [close_t3  ] n=320 胜率=42.8% 平均=-1.61% 累计=-100.0%
2026-08-03 23:10:21,004 [INFO]   [gap_t1    ] n=324 胜率=0.0% 平均=0.00% 累计=0.0%
2026-08-03 23:10:21,004 [INFO]   [open_t2   ] n=322 胜率=44.4% 平均=-2.46% 累计=-100.0%
2026-08-03 23:10:21,004 [INFO]   [stop_t1   ] n=111 胜率=0.0% 平均=-12.73% 累计=-100.0%
2026-08-03 23:10:21,004 [INFO]   [trail_t2  ] n=179 胜率=92.7% 平均=6.21% 累计=4091718.1%
2026-08-03 23:10:21,004 [INFO]   score=4.2 | 月复利=6.1% | 笔数=324 胜率=65.4% DD=-42.0% | lev=2.00x | 0.4s
2026-08-03 23:10:21,004 [INFO] ========== ZT回测 2025-12-01→2026-07-31 | top=5 board=gem+star entry=close_t0 sample=300 ==========
2026-08-03 23:10:22,351 [INFO] HS300 regime 预计算: 365 天 (bull=203 bear=41 crash=62 unknown=59)
2026-08-03 23:10:22,352 [INFO]   进度 20/162 | trades=0 | skip=6 | 1.3s
2026-08-03 23:10:22,354 [INFO]   进度 40/162 | trades=0 | skip=8 | 1.3s
2026-08-03 23:10:22,354 [INFO]   进度 60/162 | trades=0 | skip=18 | 1.4s
2026-08-03 23:10:22,354 [INFO]   进度 80/162 | trades=0 | skip=36 | 1.4s
2026-08-03 23:10:22,356 [INFO]   进度 100/162 | trades=0 | skip=40 | 1.4s
2026-08-03 23:10:22,357 [INFO]   进度 120/162 | trades=0 | skip=43 | 1.4s
2026-08-03 23:10:22,358 [INFO]   进度 140/162 | trades=0 | skip=50 | 1.4s
2026-08-03 23:10:22,358 [INFO]   进度 160/162 | trades=0 | skip=69 | 1.4s
2026-08-03 23:10:22,358 [INFO] ========== ZT回测完成 | trades=0 | fill_rate=40% | 1.4s ==========
2026-08-03 23:10:22,358 [WARNING]   无任何交易产生！
2026-08-03 23:10:22,358 [INFO]   score=-1000.0 | 月复利=0.0% | 笔数=0 胜率=0.0% DD=0.0% | lev=1.50x | 1.4s
2026-08-03 23:10:22,358 [INFO] ========== ZT回测 2025-12-01→2026-07-31 | top=3 board=all entry=open_t1 sample=300 ==========
2026-08-03 23:10:23,789 [INFO] HS300 regime 预计算: 365 天 (bull=203 bear=41 crash=62 unknown=59)
2026-08-03 23:10:23,833 [INFO]   进度 20/162 | trades=39 | skip=6 | 1.5s
2026-08-03 23:10:23,882 [INFO]   进度 40/162 | trades=93 | skip=8 | 1.5s
2026-08-03 23:10:23,901 [INFO]   进度 60/162 | trades=123 | skip=18 | 1.5s
2026-08-03 23:10:23,908 [INFO]   进度 80/162 | trades=129 | skip=36 | 1.5s
2026-08-03 23:10:23,958 [INFO]   进度 100/162 | trades=177 | skip=40 | 1.6s
2026-08-03 23:10:24,000 [INFO]   进度 120/162 | trades=228 | skip=43 | 1.6s
2026-08-03 23:10:24,031 [INFO]   进度 140/162 | trades=267 | skip=50 | 1.7s
2026-08-03 23:10:24,033 [INFO]   进度 160/162 | trades=270 | skip=69 | 1.7s
2026-08-03 23:10:24,033 [INFO] ========== ZT回测完成 | trades=270 | fill_rate=100% | 1.7s ==========
2026-08-03 23:10:24,212 [INFO]   笔数=270 | 胜率=42.6% | 平均=-2.33% | 日均=-1.11% | 总收益=-100.0% | 最大回撤=-100.0%
2026-08-03 23:10:24,212 [INFO]   [best      ] n=270 胜率=67.8% 平均=3.70% 累计=1175696.9%
2026-08-03 23:10:24,212 [INFO]   [close_t1  ] n=270 胜率=27.0% 平均=-3.84% 累计=-100.0%
2026-08-03 23:10:24,212 [INFO]   [close_t2  ] n=270 胜率=30.0% 平均=-3.91% 累计=-100.0%
2026-08-03 23:10:24,212 [INFO]   [close_t3  ] n=270 胜率=32.2% 平均=-4.10% 累计=-100.0%
2026-08-03 23:10:24,213 [INFO]   [gap_t1    ] n=270 胜率=0.0% 平均=0.00% 累计=0.0%
2026-08-03 23:10:24,213 [INFO]   [open_t2   ] n=270 胜率=29.6% 平均=-4.02% 累计=-100.0%
2026-08-03 23:10:24,213 [INFO]   [stop_t1   ] n=117 胜率=0.0% 平均=-12.48% 累计=-100.0%
2026-08-03 23:10:24,213 [INFO]   [trail_t2  ] n=134 胜率=73.9% 平均=4.70% 累计=37228.5%
2026-08-03 23:10:24,213 [INFO]   score=-1.7 | 月复利=-12.5% | 笔数=270 胜率=42.6% DD=-67.0% | lev=1.50x | 1.9s
2026-08-03 23:10:24,213 [INFO] ========== ZT回测 2025-12-01→2026-07-31 | top=5 board=all entry=close_t0 sample=300 ==========
2026-08-03 23:10:25,679 [INFO] HS300 regime 预计算: 365 天 (bull=203 bear=41 crash=62 unknown=59)
2026-08-03 23:10:25,680 [INFO]   进度 20/162 | trades=0 | skip=6 | 1.5s
2026-08-03 23:10:25,681 [INFO]   进度 40/162 | trades=0 | skip=8 | 1.5s
2026-08-03 23:10:25,682 [INFO]   进度 60/162 | trades=0 | skip=18 | 1.5s
2026-08-03 23:10:25,682 [INFO]   进度 80/162 | trades=0 | skip=36 | 1.5s
2026-08-03 23:10:25,683 [INFO]   进度 100/162 | trades=0 | skip=40 | 1.5s
2026-08-03 23:10:25,684 [INFO]   进度 120/162 | trades=0 | skip=43 | 1.5s
2026-08-03 23:10:25,685 [INFO]   进度 140/162 | trades=0 | skip=50 | 1.5s
2026-08-03 23:10:25,685 [INFO]   进度 160/162 | trades=0 | skip=69 | 1.5s
2026-08-03 23:10:25,685 [INFO] ========== ZT回测完成 | trades=0 | fill_rate=25% | 1.5s ==========
2026-08-03 23:10:25,685 [WARNING]   无任何交易产生！
2026-08-03 23:10:25,685 [INFO]   score=-1000.0 | 月复利=0.0% | 笔数=0 胜率=0.0% DD=0.0% | lev=1.75x | 1.5s
2026-08-03 23:10:25,685 [INFO] ========== ZT回测 2025-12-01→2026-07-31 | top=3 board=all entry=close_t0 sample=300 ==========
2026-08-03 23:10:27,124 [INFO] HS300 regime 预计算: 365 天 (bull=203 bear=41 crash=62 unknown=59)
2026-08-03 23:10:27,125 [INFO]   进度 20/162 | trades=0 | skip=6 | 1.4s
2026-08-03 23:10:27,125 [INFO]   进度 40/162 | trades=0 | skip=8 | 1.4s
2026-08-03 23:10:27,126 [INFO]   进度 60/162 | trades=0 | skip=18 | 1.4s
2026-08-03 23:10:27,126 [INFO]   进度 80/162 | trades=0 | skip=36 | 1.4s
2026-08-03 23:10:27,126 [INFO]   进度 100/162 | trades=0 | skip=40 | 1.4s
2026-08-03 23:10:27,126 [INFO]   进度 120/162 | trades=0 | skip=43 | 1.4s
2026-08-03 23:10:27,127 [INFO]   进度 140/162 | trades=0 | skip=50 | 1.4s
2026-08-03 23:10:27,127 [INFO]   进度 160/162 | trades=0 | skip=69 | 1.4s
2026-08-03 23:10:27,127 [INFO] ========== ZT回测完成 | trades=0 | fill_rate=35% | 1.4s ==========
2026-08-03 23:10:27,127 [WARNING]   无任何交易产生！
2026-08-03 23:10:27,127 [INFO]   score=-1000.0 | 月复利=0.0% | 笔数=0 胜率=0.0% DD=0.0% | lev=1.25x | 1.4s
2026-08-03 23:10:27,127 [INFO] ========== ZT回测 2025-12-01→2026-07-31 | top=2 board=main entry=open_t1 sample=300 ==========
2026-08-03 23:10:27,129 [INFO]   进度 20/162 | trades=0 | skip=0 | 0.0s
2026-08-03 23:10:27,130 [INFO]   进度 40/162 | trades=0 | skip=0 | 0.0s
2026-08-03 23:10:27,131 [INFO]   进度 60/162 | trades=0 | skip=0 | 0.0s
2026-08-03 23:10:27,131 [INFO]   进度 80/162 | trades=0 | skip=0 | 0.0s
2026-08-03 23:10:27,132 [INFO]   进度 100/162 | trades=0 | skip=0 | 0.0s
2026-08-03 23:10:27,133 [INFO]   进度 120/162 | trades=0 | skip=0 | 0.0s
2026-08-03 23:10:27,135 [INFO]   进度 140/162 | trades=0 | skip=0 | 0.0s
2026-08-03 23:10:27,137 [INFO]   进度 160/162 | trades=0 | skip=0 | 0.0s
2026-08-03 23:10:27,137 [INFO] ========== ZT回测完成 | trades=0 | fill_rate=35% | 0.0s ==========
2026-08-03 23:10:27,137 [WARNING]   无任何交易产生！
2026-08-03 23:10:27,137 [INFO]   score=-1000.0 | 月复利=0.0% | 笔数=0 胜率=0.0% DD=0.0% | lev=2.00x | 0.0s
2026-08-03 23:10:27,137 [INFO] ========== ZT回测 2025-12-01→2026-07-31 | top=1 board=main entry=open_t1 sample=300 ==========
2026-08-03 23:10:28,547 [INFO] HS300 regime 预计算: 365 天 (bull=203 bear=41 crash=62 unknown=59)
2026-08-03 23:10:28,548 [INFO]   进度 20/162 | trades=0 | skip=6 | 1.4s
2026-08-03 23:10:28,549 [INFO]   进度 40/162 | trades=0 | skip=8 | 1.4s
2026-08-03 23:10:28,549 [INFO]   进度 60/162 | trades=0 | skip=18 | 1.4s
2026-08-03 23:10:28,549 [INFO]   进度 80/162 | trades=0 | skip=36 | 1.4s
2026-08-03 23:10:28,550 [INFO]   进度 100/162 | trades=0 | skip=40 | 1.4s
2026-08-03 23:10:28,550 [INFO]   进度 120/162 | trades=0 | skip=43 | 1.4s
2026-08-03 23:10:28,551 [INFO]   进度 140/162 | trades=0 | skip=50 | 1.4s
2026-08-03 23:10:28,551 [INFO]   进度 160/162 | trades=0 | skip=69 | 1.4s
2026-08-03 23:10:28,551 [INFO] ========== ZT回测完成 | trades=0 | fill_rate=25% | 1.4s ==========
2026-08-03 23:10:28,552 [WARNING]   无任何交易产生！
2026-08-03 23:10:28,552 [INFO]   score=-1000.0 | 月复利=0.0% | 笔数=0 胜率=0.0% DD=0.0% | lev=1.00x | 1.4s
2026-08-03 23:10:28,552 [INFO] ========== ZT回测 2025-12-01→2026-07-31 | top=5 board=all entry=open_t1 sample=300 ==========
2026-08-03 23:10:29,910 [INFO] HS300 regime 预计算: 365 天 (bull=203 bear=41 crash=62 unknown=59)
2026-08-03 23:10:29,911 [INFO]   进度 20/162 | trades=0 | skip=6 | 1.4s
2026-08-03 23:10:29,912 [INFO]   进度 40/162 | trades=0 | skip=8 | 1.4s
2026-08-03 23:10:29,912 [INFO]   进度 60/162 | trades=0 | skip=18 | 1.4s
2026-08-03 23:10:29,912 [INFO]   进度 80/162 | trades=0 | skip=36 | 1.4s
2026-08-03 23:10:29,913 [INFO]   进度 100/162 | trades=0 | skip=40 | 1.4s
2026-08-03 23:10:29,914 [INFO]   进度 120/162 | trades=0 | skip=43 | 1.4s
2026-08-03 23:10:29,914 [INFO]   进度 140/162 | trades=0 | skip=50 | 1.4s
2026-08-03 23:10:29,914 [INFO]   进度 160/162 | trades=0 | skip=69 | 1.4s
2026-08-03 23:10:29,914 [INFO] ========== ZT回测完成 | trades=0 | fill_rate=20% | 1.4s ==========
2026-08-03 23:10:29,914 [WARNING]   无任何交易产生！
2026-08-03 23:10:29,914 [INFO]   score=-1000.0 | 月复利=0.0% | 笔数=0 胜率=0.0% DD=0.0% | lev=1.75x | 1.4s
2026-08-03 23:10:29,914 [INFO] ========== ZT回测 2025-12-01→2026-07-31 | top=1 board=main entry=close_t0 sample=300 ==========
2026-08-03 23:10:31,373 [INFO] HS300 regime 预计算: 365 天 (bull=203 bear=41 crash=62 unknown=59)
2026-08-03 23:10:31,385 [INFO]   进度 20/162 | trades=13 | skip=6 | 1.5s
2026-08-03 23:10:31,409 [INFO]   进度 40/162 | trades=31 | skip=8 | 1.5s
2026-08-03 23:10:31,432 [INFO]   进度 60/162 | trades=41 | skip=18 | 1.5s
2026-08-03 23:10:31,433 [INFO]   进度 80/162 | trades=43 | skip=36 | 1.5s
2026-08-03 23:10:31,451 [INFO]   进度 100/162 | trades=59 | skip=40 | 1.5s
2026-08-03 23:10:31,473 [INFO]   进度 120/162 | trades=76 | skip=43 | 1.6s
2026-08-03 23:10:31,487 [INFO]   进度 140/162 | trades=89 | skip=50 | 1.6s
2026-08-03 23:10:31,488 [INFO]   进度 160/162 | trades=90 | skip=69 | 1.6s
2026-08-03 23:10:31,488 [INFO] ========== ZT回测完成 | trades=90 | fill_rate=40% | 1.6s ==========
2026-08-03 23:10:31,673 [INFO]   笔数=90 | 胜率=77.8% | 平均=1.04% | 日均=1.65% | 总收益=148.0% | 最大回撤=-8.7%
2026-08-03 23:10:31,673 [INFO]   [best      ] n=90 胜率=82.2% 平均=2.72% 累计=986.8%
2026-08-03 23:10:31,673 [INFO]   [close_t1  ] n=90 胜率=43.3% 平均=-0.81% 累计=-53.4%
2026-08-03 23:10:31,673 [INFO]   [close_t2  ] n=90 胜率=44.4% 平均=-0.50% 累计=-41.2%
2026-08-03 23:10:31,673 [INFO]   [close_t3  ] n=90 胜率=44.4% 平均=-0.54% 累计=-45.6%
2026-08-03 23:10:31,673 [INFO]   [gap_t1    ] n=90 胜率=41.1% 平均=-0.37% 累计=-30.0%
2026-08-03 23:10:31,673 [INFO]   [open_t2   ] n=90 胜率=38.9% 平均=-0.80% 累计=-55.5%
2026-08-03 23:10:31,673 [INFO]   [stop_t1   ] n=55 胜率=0.0% 平均=-4.26% 累计=-90.9%
2026-08-03 23:10:31,673 [INFO]   [trail_t2  ] n=35 胜率=100.0% 平均=2.22% 累计=115.8%
2026-08-03 23:10:31,674 [INFO]   score=27.6 | 月复利=18.9% | 笔数=90 胜率=77.8% DD=-12.9% | lev=1.50x | 1.8s
2026-08-03 23:10:31,674 [INFO] ========== ZT回测 2025-12-01→2026-07-31 | top=5 board=main entry=open_t1 sample=300 ==========
2026-08-03 23:10:33,233 [INFO] HS300 regime 预计算: 365 天 (bull=203 bear=41 crash=62 unknown=59)
2026-08-03 23:10:33,274 [INFO]   进度 20/162 | trades=53 | skip=6 | 1.6s
2026-08-03 23:10:33,341 [INFO]   进度 40/162 | trades=128 | skip=8 | 1.7s
2026-08-03 23:10:33,399 [INFO]   进度 60/162 | trades=164 | skip=18 | 1.7s
2026-08-03 23:10:33,401 [INFO]   进度 80/162 | trades=169 | skip=36 | 1.7s
2026-08-03 23:10:33,425 [INFO]   进度 100/162 | trades=201 | skip=40 | 1.8s
2026-08-03 23:10:33,481 [INFO]   进度 120/162 | trades=256 | skip=43 | 1.8s
2026-08-03 23:10:33,509 [INFO]   进度 140/162 | trades=295 | skip=50 | 1.8s
2026-08-03 23:10:33,512 [INFO]   进度 160/162 | trades=297 | skip=69 | 1.8s
2026-08-03 23:10:33,512 [INFO] ========== ZT回测完成 | trades=297 | fill_rate=30% | 1.8s ==========
2026-08-03 23:10:33,676 [INFO]   笔数=297 | 胜率=63.6% | 平均=0.10% | 日均=0.18% | 总收益=15.5% | 最大回撤=-51.6%
2026-08-03 23:10:33,676 [INFO]   [best      ] n=297 胜率=72.7% 平均=1.28% 累计=4055.6%
2026-08-03 23:10:33,676 [INFO]   [close_t1  ] n=297 胜率=20.5% 平均=-1.24% 累计=-97.6%
2026-08-03 23:10:33,676 [INFO]   [close_t2  ] n=297 胜率=45.1% 平均=-0.75% 累计=-90.7%
2026-08-03 23:10:33,676 [INFO]   [close_t3  ] n=296 胜率=43.9% 平均=-0.54% 累计=-84.7%
2026-08-03 23:10:33,676 [INFO]   [gap_t1    ] n=297 胜率=0.0% 平均=0.00% 累计=0.0%
2026-08-03 23:10:33,676 [INFO]   [open_t2   ] n=297 胜率=45.1% 平均=-0.78% 累计=-91.2%
2026-08-03 23:10:33,676 [INFO]   [stop_t1   ] n=32 胜率=0.0% 平均=-5.33% 累计=-82.7%
2026-08-03 23:10:33,676 [INFO]   [trail_t2  ] n=224 胜率=78.6% 平均=1.21% 累计=1308.9%
2026-08-03 23:10:33,676 [INFO]   score=0.4 | 月复利=0.4% | 笔数=297 胜率=63.6% DD=-1.7% | lev=1.00x | 2.0s
2026-08-03 23:10:33,676 [INFO] ========== ZT回测 2025-12-01→2026-07-31 | top=2 board=gem+star entry=close_t0 sample=300 ==========
2026-08-03 23:10:35,313 [INFO] HS300 regime 预计算: 365 天 (bull=203 bear=41 crash=62 unknown=59)
2026-08-03 23:10:35,314 [INFO]   进度 20/162 | trades=0 | skip=6 | 1.6s
2026-08-03 23:10:35,315 [INFO]   进度 40/162 | trades=0 | skip=8 | 1.6s
2026-08-03 23:10:35,315 [INFO]   进度 60/162 | trades=0 | skip=18 | 1.6s
2026-08-03 23:10:35,315 [INFO]   进度 80/162 | trades=0 | skip=36 | 1.6s
2026-08-03 23:10:35,316 [INFO]   进度 100/162 | trades=0 | skip=40 | 1.6s
2026-08-03 23:10:35,317 [INFO]   进度 120/162 | trades=0 | skip=43 | 1.6s
2026-08-03 23:10:35,317 [INFO]   进度 140/162 | trades=0 | skip=50 | 1.6s
2026-08-03 23:10:35,317 [INFO]   进度 160/162 | trades=0 | skip=69 | 1.6s
2026-08-03 23:10:35,317 [INFO] ========== ZT回测完成 | trades=0 | fill_rate=25% | 1.6s ==========
2026-08-03 23:10:35,317 [WARNING]   无任何交易产生！
2026-08-03 23:10:35,317 [INFO]   score=-1000.0 | 月复利=0.0% | 笔数=0 胜率=0.0% DD=0.0% | lev=1.75x | 1.6s
2026-08-03 23:10:35,317 [INFO] ========== ZT回测 2025-12-01→2026-07-31 | top=2 board=main entry=close_t0 sample=300 ==========
2026-08-03 23:10:35,318 [INFO]   进度 20/162 | trades=0 | skip=0 | 0.0s
2026-08-03 23:10:35,318 [INFO]   进度 40/162 | trades=0 | skip=0 | 0.0s
2026-08-03 23:10:35,319 [INFO]   进度 60/162 | trades=0 | skip=0 | 0.0s
2026-08-03 23:10:35,320 [INFO]   进度 80/162 | trades=0 | skip=0 | 0.0s
2026-08-03 23:10:35,321 [INFO]   进度 100/162 | trades=0 | skip=0 | 0.0s
2026-08-03 23:10:35,322 [INFO]   进度 120/162 | trades=0 | skip=0 | 0.0s
2026-08-03 23:10:35,324 [INFO]   进度 140/162 | trades=0 | skip=0 | 0.0s
2026-08-03 23:10:35,325 [INFO]   进度 160/162 | trades=0 | skip=0 | 0.0s
2026-08-03 23:10:35,325 [INFO] ========== ZT回测完成 | trades=0 | fill_rate=25% | 0.0s ==========
2026-08-03 23:10:35,325 [WARNING]   无任何交易产生！
2026-08-03 23:10:35,325 [INFO]   score=-1000.0 | 月复利=0.0% | 笔数=0 胜率=0.0% DD=0.0% | lev=2.00x | 0.0s
2026-08-03 23:10:35,325 [INFO] ========== ZT回测 2025-12-01→2026-07-31 | top=1 board=gem+star entry=close_t0 sample=300 ==========
2026-08-03 23:10:36,910 [INFO] HS300 regime 预计算: 365 天 (bull=203 bear=41 crash=62 unknown=59)
2026-08-03 23:10:36,912 [INFO]   进度 20/162 | trades=0 | skip=6 | 1.6s
2026-08-03 23:10:36,914 [INFO]   进度 40/162 | trades=0 | skip=8 | 1.6s
2026-08-03 23:10:36,915 [INFO]   进度 60/162 | trades=0 | skip=18 | 1.6s
2026-08-03 23:10:36,916 [INFO]   进度 80/162 | trades=0 | skip=36 | 1.6s
2026-08-03 23:10:36,917 [INFO]   进度 100/162 | trades=0 | skip=40 | 1.6s
2026-08-03 23:10:36,918 [INFO]   进度 120/162 | trades=0 | skip=43 | 1.6s
2026-08-03 23:10:36,920 [INFO]   进度 140/162 | trades=0 | skip=50 | 1.6s
2026-08-03 23:10:36,920 [INFO]   进度 160/162 | trades=0 | skip=69 | 1.6s
2026-08-03 23:10:36,920 [INFO] ========== ZT回测完成 | trades=0 | fill_rate=25% | 1.6s ==========
2026-08-03 23:10:36,920 [WARNING]   无任何交易产生！
2026-08-03 23:10:36,920 [INFO]   score=-1000.0 | 月复利=0.0% | 笔数=0 胜率=0.0% DD=0.0% | lev=1.50x | 1.6s
2026-08-03 23:10:36,921 [INFO] ========== ZT回测 2025-12-01→2026-07-31 | top=3 board=main entry=open_t1 sample=300 ==========
2026-08-03 23:10:39,185 [INFO] HS300 regime 预计算: 365 天 (bull=203 bear=41 crash=62 unknown=59)
2026-08-03 23:10:39,187 [INFO]   进度 20/162 | trades=0 | skip=6 | 2.3s
2026-08-03 23:10:39,188 [INFO]   进度 40/162 | trades=0 | skip=8 | 2.3s
2026-08-03 23:10:39,189 [INFO]   进度 60/162 | trades=0 | skip=18 | 2.3s
2026-08-03 23:10:39,190 [INFO]   进度 80/162 | trades=0 | skip=36 | 2.3s
2026-08-03 23:10:39,191 [INFO]   进度 100/162 | trades=0 | skip=40 | 2.3s
2026-08-03 23:10:39,192 [INFO]   进度 120/162 | trades=0 | skip=43 | 2.3s
2026-08-03 23:10:39,195 [INFO]   进度 140/162 | trades=0 | skip=50 | 2.3s
2026-08-03 23:10:39,195 [INFO]   进度 160/162 | trades=0 | skip=69 | 2.3s
2026-08-03 23:10:39,195 [INFO] ========== ZT回测完成 | trades=0 | fill_rate=25% | 2.3s ==========
2026-08-03 23:10:39,196 [WARNING]   无任何交易产生！
2026-08-03 23:10:39,196 [INFO]   score=-1000.0 | 月复利=0.0% | 笔数=0 胜率=0.0% DD=0.0% | lev=1.75x | 2.3s
2026-08-03 23:10:39,196 [INFO] ========== ZT回测 2025-12-01→2026-07-31 | top=1 board=main entry=close_t0 sample=300 ==========
2026-08-03 23:10:40,707 [INFO] HS300 regime 预计算: 365 天 (bull=203 bear=41 crash=62 unknown=59)
2026-08-03 23:10:40,707 [INFO]   进度 20/162 | trades=0 | skip=6 | 1.5s
2026-08-03 23:10:40,708 [INFO]   进度 40/162 | trades=0 | skip=8 | 1.5s
2026-08-03 23:10:40,708 [INFO]   进度 60/162 | trades=0 | skip=18 | 1.5s
2026-08-03 23:10:40,708 [INFO]   进度 80/162 | trades=0 | skip=36 | 1.5s
2026-08-03 23:10:40,708 [INFO]   进度 100/162 | trades=0 | skip=40 | 1.5s
2026-08-03 23:10:40,708 [INFO]   进度 120/162 | trades=0 | skip=43 | 1.5s
2026-08-03 23:10:40,709 [INFO]   进度 140/162 | trades=0 | skip=50 | 1.5s
2026-08-03 23:10:40,709 [INFO]   进度 160/162 | trades=0 | skip=69 | 1.5s
2026-08-03 23:10:40,709 [INFO] ========== ZT回测完成 | trades=0 | fill_rate=35% | 1.5s ==========
2026-08-03 23:10:40,709 [WARNING]   无任何交易产生！
2026-08-03 23:10:40,709 [INFO]   score=-1000.0 | 月复利=0.0% | 笔数=0 胜率=0.0% DD=0.0% | lev=1.00x | 1.5s
2026-08-03 23:10:40,709 [INFO] ========== ZT回测 2025-12-01→2026-07-31 | top=2 board=gem+star entry=close_t0 sample=300 ==========
2026-08-03 23:10:40,709 [INFO]   进度 20/162 | trades=0 | skip=0 | 0.0s
2026-08-03 23:10:40,711 [INFO]   进度 40/162 | trades=0 | skip=0 | 0.0s
2026-08-03 23:10:40,712 [INFO]   进度 60/162 | trades=0 | skip=0 | 0.0s
2026-08-03 23:10:40,713 [INFO]   进度 80/162 | trades=0 | skip=0 | 0.0s
2026-08-03 23:10:40,714 [INFO]   进度 100/162 | trades=0 | skip=0 | 0.0s
2026-08-03 23:10:40,715 [INFO]   进度 120/162 | trades=0 | skip=0 | 0.0s
2026-08-03 23:10:40,716 [INFO]   进度 140/162 | trades=0 | skip=0 | 0.0s
2026-08-03 23:10:40,717 [INFO]   进度 160/162 | trades=0 | skip=0 | 0.0s
2026-08-03 23:10:40,717 [INFO] ========== ZT回测完成 | trades=0 | fill_rate=25% | 0.0s ==========
2026-08-03 23:10:40,717 [WARNING]   无任何交易产生！
2026-08-03 23:10:40,717 [INFO]   score=-1000.0 | 月复利=0.0% | 笔数=0 胜率=0.0% DD=0.0% | lev=2.00x | 0.0s
2026-08-03 23:10:40,717 [INFO] ========== ZT回测 2025-12-01→2026-07-31 | top=2 board=gem+star entry=open_t1 sample=300 ==========
2026-08-03 23:10:40,717 [INFO]   进度 20/162 | trades=0 | skip=0 | 0.0s
2026-08-03 23:10:40,718 [INFO]   进度 40/162 | trades=0 | skip=0 | 0.0s
2026-08-03 23:10:40,719 [INFO]   进度 60/162 | trades=0 | skip=0 | 0.0s
2026-08-03 23:10:40,721 [INFO]   进度 80/162 | trades=0 | skip=0 | 0.0s
2026-08-03 23:10:40,722 [INFO]   进度 100/162 | trades=0 | skip=0 | 0.0s
2026-08-03 23:10:40,723 [INFO]   进度 120/162 | trades=0 | skip=0 | 0.0s
2026-08-03 23:10:40,725 [INFO]   进度 140/162 | trades=0 | skip=0 | 0.0s
2026-08-03 23:10:40,727 [INFO]   进度 160/162 | trades=0 | skip=0 | 0.0s
2026-08-03 23:10:40,728 [INFO] ========== ZT回测完成 | trades=0 | fill_rate=30% | 0.0s ==========
2026-08-03 23:10:40,728 [WARNING]   无任何交易产生！
2026-08-03 23:10:40,728 [INFO]   score=-1000.0 | 月复利=0.0% | 笔数=0 胜率=0.0% DD=0.0% | lev=1.75x | 0.0s
2026-08-03 23:10:40,728 [INFO] ========== ZT回测 2025-12-01→2026-07-31 | top=1 board=main entry=open_t1 sample=300 ==========
2026-08-03 23:10:42,289 [INFO] HS300 regime 预计算: 365 天 (bull=203 bear=41 crash=62 unknown=59)
2026-08-03 23:10:42,291 [INFO]   进度 20/162 | trades=0 | skip=6 | 1.6s
2026-08-03 23:10:42,292 [INFO]   进度 40/162 | trades=0 | skip=8 | 1.6s
2026-08-03 23:10:42,293 [INFO]   进度 60/162 | trades=0 | skip=18 | 1.6s
2026-08-03 23:10:42,293 [INFO]   进度 80/162 | trades=0 | skip=36 | 1.6s
2026-08-03 23:10:42,294 [INFO]   进度 100/162 | trades=0 | skip=40 | 1.6s
2026-08-03 23:10:42,296 [INFO]   进度 120/162 | trades=0 | skip=43 | 1.6s
2026-08-03 23:10:42,297 [INFO]   进度 140/162 | trades=0 | skip=50 | 1.6s
2026-08-03 23:10:42,297 [INFO]   进度 160/162 | trades=0 | skip=69 | 1.6s
2026-08-03 23:10:42,298 [INFO] ========== ZT回测完成 | trades=0 | fill_rate=35% | 1.6s ==========
2026-08-03 23:10:42,298 [WARNING]   无任何交易产生！
2026-08-03 23:10:42,298 [INFO]   score=-1000.0 | 月复利=0.0% | 笔数=0 胜率=0.0% DD=0.0% | lev=1.00x | 1.6s
2026-08-03 23:10:42,298 [INFO] ========== ZT回测 2025-12-01→2026-07-31 | top=2 board=all entry=open_t1 sample=300 ==========
2026-08-03 23:10:42,299 [INFO]   进度 20/162 | trades=0 | skip=0 | 0.0s
2026-08-03 23:10:42,300 [INFO]   进度 40/162 | trades=0 | skip=0 | 0.0s
2026-08-03 23:10:42,300 [INFO]   进度 60/162 | trades=0 | skip=0 | 0.0s
2026-08-03 23:10:42,300 [INFO]   进度 80/162 | trades=0 | skip=0 | 0.0s
2026-08-03 23:10:42,301 [INFO]   进度 100/162 | trades=0 | skip=0 | 0.0s
2026-08-03 23:10:42,301 [INFO]   进度 120/162 | trades=0 | skip=0 | 0.0s
2026-08-03 23:10:42,302 [INFO]   进度 140/162 | trades=0 | skip=0 | 0.0s
2026-08-03 23:10:42,304 [INFO]   进度 160/162 | trades=0 | skip=0 | 0.0s
2026-08-03 23:10:42,305 [INFO] ========== ZT回测完成 | trades=0 | fill_rate=35% | 0.0s ==========
2026-08-03 23:10:42,305 [WARNING]   无任何交易产生！
2026-08-03 23:10:42,305 [INFO]   score=-1000.0 | 月复利=0.0% | 笔数=0 胜率=0.0% DD=0.0% | lev=1.50x | 0.0s
2026-08-03 23:10:42,305 [INFO] ========== ZT回测 2025-12-01→2026-07-31 | top=5 board=main entry=open_t1 sample=300 ==========
2026-08-03 23:10:43,909 [INFO] HS300 regime 预计算: 365 天 (bull=203 bear=41 crash=62 unknown=59)
2026-08-03 23:10:43,910 [INFO]   进度 20/162 | trades=0 | skip=6 | 1.6s
2026-08-03 23:10:43,911 [INFO]   进度 40/162 | trades=0 | skip=8 | 1.6s
2026-08-03 23:10:43,911 [INFO]   进度 60/162 | trades=0 | skip=18 | 1.6s
2026-08-03 23:10:43,911 [INFO]   进度 80/162 | trades=0 | skip=36 | 1.6s
2026-08-03 23:10:43,912 [INFO]   进度 100/162 | trades=0 | skip=40 | 1.6s
2026-08-03 23:10:43,913 [INFO]   进度 120/162 | trades=0 | skip=43 | 1.6s
2026-08-03 23:10:43,914 [INFO]   进度 140/162 | trades=0 | skip=50 | 1.6s
2026-08-03 23:10:43,915 [INFO]   进度 160/162 | trades=0 | skip=69 | 1.6s
2026-08-03 23:10:43,915 [INFO] ========== ZT回测完成 | trades=0 | fill_rate=40% | 1.6s ==========
2026-08-03 23:10:43,915 [WARNING]   无任何交易产生！
2026-08-03 23:10:43,915 [INFO]   score=-1000.0 | 月复利=0.0% | 笔数=0 胜率=0.0% DD=0.0% | lev=2.00x | 1.6s
2026-08-03 23:10:43,915 [INFO] ========== ZT回测 2025-12-01→2026-07-31 | top=1 board=all entry=close_t0 sample=300 ==========
2026-08-03 23:10:43,937 [INFO]   进度 20/162 | trades=19 | skip=0 | 0.0s
2026-08-03 23:10:43,959 [INFO]   进度 40/162 | trades=39 | skip=0 | 0.0s
2026-08-03 23:10:43,978 [INFO]   进度 60/162 | trades=59 | skip=0 | 0.1s
2026-08-03 23:10:44,001 [INFO]   进度 80/162 | trades=79 | skip=0 | 0.1s
2026-08-03 23:10:44,027 [INFO]   进度 100/162 | trades=99 | skip=0 | 0.1s
2026-08-03 23:10:44,046 [INFO]   进度 120/162 | trades=119 | skip=0 | 0.1s
2026-08-03 23:10:44,067 [INFO]   进度 140/162 | trades=139 | skip=0 | 0.2s
2026-08-03 23:10:44,087 [INFO]   进度 160/162 | trades=159 | skip=0 | 0.2s
2026-08-03 23:10:44,090 [INFO] ========== ZT回测完成 | trades=161 | fill_rate=40% | 0.2s ==========
2026-08-03 23:10:44,275 [INFO]   笔数=161 | 胜率=77.6% | 平均=1.15% | 日均=3.18% | 总收益=511.6% | 最大回撤=-10.1%
2026-08-03 23:10:44,275 [INFO]   [best      ] n=160 胜率=81.2% 平均=2.65% 累计=6079.5%
2026-08-03 23:10:44,275 [INFO]   [close_t1  ] n=160 胜率=40.6% 平均=-0.83% 累计=-75.5%
2026-08-03 23:10:44,275 [INFO]   [close_t2  ] n=158 胜率=44.3% 平均=-0.51% 累计=-61.2%
2026-08-03 23:10:44,275 [INFO]   [close_t3  ] n=157 胜率=43.3% 平均=-0.44% 累计=-59.6%
2026-08-03 23:10:44,275 [INFO]   [gap_t1    ] n=160 胜率=35.0% 平均=-0.62% 累计=-64.0%
2026-08-03 23:10:44,275 [INFO]   [open_t2   ] n=158 胜率=35.4% 平均=-0.80% 累计=-75.5%
2026-08-03 23:10:44,275 [INFO]   [stop_t1   ] n=94 胜率=0.0% 平均=-4.32% 累计=-98.4%
2026-08-03 23:10:44,275 [INFO]   [trail_t2  ] n=61 胜率=96.7% 平均=2.24% 累计=286.1%
2026-08-03 23:10:44,275 [INFO]   score=57.7 | 月复利=33.2% | 笔数=161 胜率=77.6% DD=-12.5% | lev=1.25x | 0.4s
2026-08-03 23:10:44,275 [INFO] ========== ZT回测 2025-12-01→2026-07-31 | top=3 board=gem+star entry=close_t0 sample=300 ==========
2026-08-03 23:10:45,690 [INFO] HS300 regime 预计算: 365 天 (bull=203 bear=41 crash=62 unknown=59)
2026-08-03 23:10:45,691 [INFO]   进度 20/162 | trades=0 | skip=6 | 1.4s
2026-08-03 23:10:45,692 [INFO]   进度 40/162 | trades=0 | skip=8 | 1.4s
2026-08-03 23:10:45,692 [INFO]   进度 60/162 | trades=0 | skip=18 | 1.4s
2026-08-03 23:10:45,692 [INFO]   进度 80/162 | trades=0 | skip=36 | 1.4s
2026-08-03 23:10:45,693 [INFO]   进度 100/162 | trades=0 | skip=40 | 1.4s
2026-08-03 23:10:45,694 [INFO]   进度 120/162 | trades=0 | skip=43 | 1.4s
2026-08-03 23:10:45,694 [INFO]   进度 140/162 | trades=0 | skip=50 | 1.4s
2026-08-03 23:10:45,694 [INFO]   进度 160/162 | trades=0 | skip=69 | 1.4s
2026-08-03 23:10:45,694 [INFO] ========== ZT回测完成 | trades=0 | fill_rate=20% | 1.4s ==========
2026-08-03 23:10:45,694 [WARNING]   无任何交易产生！
2026-08-03 23:10:45,694 [INFO]   score=-1000.0 | 月复利=0.0% | 笔数=0 胜率=0.0% DD=0.0% | lev=1.25x | 1.4s
2026-08-03 23:10:45,695 [INFO] ========== ZT回测 2025-12-01→2026-07-31 | top=3 board=all entry=close_t0 sample=300 ==========
2026-08-03 23:10:47,088 [INFO] HS300 regime 预计算: 365 天 (bull=203 bear=41 crash=62 unknown=59)
2026-08-03 23:10:47,124 [INFO]   进度 20/162 | trades=38 | skip=6 | 1.4s
2026-08-03 23:10:47,178 [INFO]   进度 40/162 | trades=91 | skip=8 | 1.5s
2026-08-03 23:10:47,200 [INFO]   进度 60/162 | trades=121 | skip=18 | 1.5s
2026-08-03 23:10:47,205 [INFO]   进度 80/162 | trades=127 | skip=36 | 1.5s
2026-08-03 23:10:47,239 [INFO]   进度 100/162 | trades=170 | skip=40 | 1.5s
2026-08-03 23:10:47,271 [INFO]   进度 120/162 | trades=220 | skip=43 | 1.6s
2026-08-03 23:10:47,298 [INFO]   进度 140/162 | trades=255 | skip=50 | 1.6s
2026-08-03 23:10:47,300 [INFO]   进度 160/162 | trades=258 | skip=69 | 1.6s
2026-08-03 23:10:47,300 [INFO] ========== ZT回测完成 | trades=258 | fill_rate=20% | 1.6s ==========
2026-08-03 23:10:47,422 [INFO]   笔数=258 | 胜率=89.5% | 平均=0.88% | 日均=9.37% | 总收益=843.2% | 最大回撤=-2.7%
2026-08-03 23:10:47,422 [INFO]   [best      ] n=258 胜率=90.3% 平均=1.93% 累计=13344.0%
2026-08-03 23:10:47,422 [INFO]   [close_t1  ] n=258 胜率=65.1% 平均=0.28% 累计=100.8%
2026-08-03 23:10:47,422 [INFO]   [close_t2  ] n=258 胜率=57.8% 平均=0.60% 累计=338.6%
2026-08-03 23:10:47,422 [INFO]   [close_t3  ] n=258 胜率=57.4% 平均=0.81% 累计=617.6%
2026-08-03 23:10:47,422 [INFO]   [gap_t1    ] n=258 胜率=62.4% 平均=0.32% 累计=123.3%
2026-08-03 23:10:47,422 [INFO]   [open_t2   ] n=258 胜率=57.4% 平均=0.57% 累计=309.2%
2026-08-03 23:10:47,422 [INFO]   [stop_t1   ] n=32 胜率=0.0% 平均=-2.56% 累计=-56.4%
2026-08-03 23:10:47,422 [INFO]   [trail_t2  ] n=225 胜率=95.1% 平均=1.04% 累计=916.6%
2026-08-03 23:10:47,422 [INFO]   score=5.1 | 月复利=3.4% | 笔数=258 胜率=89.5% DD=-0.2% | lev=1.00x | 1.7s
2026-08-03 23:10:47,422 [INFO] ========== ZT回测 2025-12-01→2026-07-31 | top=2 board=gem+star entry=close_t0 sample=300 ==========
2026-08-03 23:10:47,423 [INFO]   进度 20/162 | trades=0 | skip=0 | 0.0s
2026-08-03 23:10:47,423 [INFO]   进度 40/162 | trades=0 | skip=0 | 0.0s
2026-08-03 23:10:47,424 [INFO]   进度 60/162 | trades=0 | skip=0 | 0.0s
2026-08-03 23:10:47,424 [INFO]   进度 80/162 | trades=0 | skip=0 | 0.0s
2026-08-03 23:10:47,425 [INFO]   进度 100/162 | trades=0 | skip=0 | 0.0s
2026-08-03 23:10:47,426 [INFO]   进度 120/162 | trades=0 | skip=0 | 0.0s
2026-08-03 23:10:47,427 [INFO]   进度 140/162 | trades=0 | skip=0 | 0.0s
2026-08-03 23:10:47,429 [INFO]   进度 160/162 | trades=0 | skip=0 | 0.0s
2026-08-03 23:10:47,430 [INFO] ========== ZT回测完成 | trades=0 | fill_rate=30% | 0.0s ==========
2026-08-03 23:10:47,430 [WARNING]   无任何交易产生！
2026-08-03 23:10:47,430 [INFO]   score=-1000.0 | 月复利=0.0% | 笔数=0 胜率=0.0% DD=0.0% | lev=1.25x | 0.0s
2026-08-03 23:10:47,430 [INFO] ========== ZT回测 2025-12-01→2026-07-31 | top=5 board=gem+star entry=close_t0 sample=300 ==========
2026-08-03 23:10:48,906 [INFO] HS300 regime 预计算: 365 天 (bull=203 bear=41 crash=62 unknown=59)
2026-08-03 23:10:48,908 [INFO]   进度 20/162 | trades=0 | skip=6 | 1.5s
2026-08-03 23:10:48,909 [INFO]   进度 40/162 | trades=0 | skip=8 | 1.5s
2026-08-03 23:10:48,909 [INFO]   进度 60/162 | trades=0 | skip=18 | 1.5s
2026-08-03 23:10:48,910 [INFO]   进度 80/162 | trades=0 | skip=36 | 1.5s
2026-08-03 23:10:48,911 [INFO]   进度 100/162 | trades=0 | skip=40 | 1.5s
2026-08-03 23:10:48,913 [INFO]   进度 120/162 | trades=0 | skip=43 | 1.5s
2026-08-03 23:10:48,914 [INFO]   进度 140/162 | trades=0 | skip=50 | 1.5s
2026-08-03 23:10:48,915 [INFO]   进度 160/162 | trades=0 | skip=69 | 1.5s
2026-08-03 23:10:48,915 [INFO] ========== ZT回测完成 | trades=0 | fill_rate=30% | 1.5s ==========
2026-08-03 23:10:48,915 [WARNING]   无任何交易产生！
2026-08-03 23:10:48,915 [INFO]   score=-1000.0 | 月复利=0.0% | 笔数=0 胜率=0.0% DD=0.0% | lev=2.00x | 1.5s
2026-08-03 23:10:48,915 [INFO] ========== ZT回测 2025-12-01→2026-07-31 | top=5 board=all entry=open_t1 sample=300 ==========
2026-08-03 23:10:48,916 [INFO]   进度 20/162 | trades=0 | skip=0 | 0.0s
2026-08-03 23:10:48,917 [INFO]   进度 40/162 | trades=0 | skip=0 | 0.0s
2026-08-03 23:10:48,917 [INFO]   进度 60/162 | trades=0 | skip=0 | 0.0s
2026-08-03 23:10:48,918 [INFO]   进度 80/162 | trades=0 | skip=0 | 0.0s
2026-08-03 23:10:48,918 [INFO]   进度 100/162 | trades=0 | skip=0 | 0.0s
2026-08-03 23:10:48,919 [INFO]   进度 120/162 | trades=0 | skip=0 | 0.0s
2026-08-03 23:10:48,920 [INFO]   进度 140/162 | trades=0 | skip=0 | 0.0s
2026-08-03 23:10:48,921 [INFO]   进度 160/162 | trades=0 | skip=0 | 0.0s
2026-08-03 23:10:48,921 [INFO] ========== ZT回测完成 | trades=0 | fill_rate=50% | 0.0s ==========
2026-08-03 23:10:48,921 [WARNING]   无任何交易产生！
2026-08-03 23:10:48,921 [INFO]   score=-1000.0 | 月复利=0.0% | 笔数=0 胜率=0.0% DD=0.0% | lev=2.00x | 0.0s
2026-08-03 23:10:48,921 [INFO] ========== ZT回测 2025-12-01→2026-07-31 | top=2 board=main entry=close_t0 sample=300 ==========
2026-08-03 23:10:50,359 [INFO] HS300 regime 预计算: 365 天 (bull=203 bear=41 crash=62 unknown=59)
2026-08-03 23:10:50,360 [INFO]   进度 20/162 | trades=0 | skip=6 | 1.4s
2026-08-03 23:10:50,361 [INFO]   进度 40/162 | trades=0 | skip=8 | 1.4s
2026-08-03 23:10:50,361 [INFO]   进度 60/162 | trades=0 | skip=18 | 1.4s
2026-08-03 23:10:50,362 [INFO]   进度 80/162 | trades=0 | skip=36 | 1.4s
2026-08-03 23:10:50,362 [INFO]   进度 100/162 | trades=0 | skip=40 | 1.4s
2026-08-03 23:10:50,363 [INFO]   进度 120/162 | trades=0 | skip=43 | 1.4s
2026-08-03 23:10:50,363 [INFO]   进度 140/162 | trades=0 | skip=50 | 1.4s
2026-08-03 23:10:50,363 [INFO]   进度 160/162 | trades=0 | skip=69 | 1.4s
2026-08-03 23:10:50,363 [INFO] ========== ZT回测完成 | trades=0 | fill_rate=25% | 1.4s ==========
2026-08-03 23:10:50,363 [WARNING]   无任何交易产生！
2026-08-03 23:10:50,363 [INFO]   score=-1000.0 | 月复利=0.0% | 笔数=0 胜率=0.0% DD=0.0% | lev=1.75x | 1.4s
2026-08-03 23:10:50,363 [INFO] ========== ZT回测 2025-12-01→2026-07-31 | top=5 board=all entry=open_t1 sample=300 ==========
2026-08-03 23:10:50,364 [INFO]   进度 20/162 | trades=0 | skip=0 | 0.0s
2026-08-03 23:10:50,365 [INFO]   进度 40/162 | trades=0 | skip=0 | 0.0s
2026-08-03 23:10:50,366 [INFO]   进度 60/162 | trades=0 | skip=0 | 0.0s
2026-08-03 23:10:50,366 [INFO]   进度 80/162 | trades=0 | skip=0 | 0.0s
2026-08-03 23:10:50,367 [INFO]   进度 100/162 | trades=0 | skip=0 | 0.0s
2026-08-03 23:10:50,367 [INFO]   进度 120/162 | trades=0 | skip=0 | 0.0s
2026-08-03 23:10:50,369 [INFO]   进度 140/162 | trades=0 | skip=0 | 0.0s
2026-08-03 23:10:50,371 [INFO]   进度 160/162 | trades=0 | skip=0 | 0.0s
2026-08-03 23:10:50,371 [INFO] ========== ZT回测完成 | trades=0 | fill_rate=40% | 0.0s ==========
2026-08-03 23:10:50,371 [WARNING]   无任何交易产生！
2026-08-03 23:10:50,371 [INFO]   score=-1000.0 | 月复利=0.0% | 笔数=0 胜率=0.0% DD=0.0% | lev=1.75x | 0.0s
2026-08-03 23:10:50,372 [INFO] ========== ZT回测 2025-12-01→2026-07-31 | top=3 board=all entry=close_t0 sample=300 ==========
2026-08-03 23:10:50,372 [INFO]   进度 20/162 | trades=0 | skip=0 | 0.0s
2026-08-03 23:10:50,373 [INFO]   进度 40/162 | trades=0 | skip=0 | 0.0s
2026-08-03 23:10:50,373 [INFO]   进度 60/162 | trades=0 | skip=0 | 0.0s
2026-08-03 23:10:50,374 [INFO]   进度 80/162 | trades=0 | skip=0 | 0.0s
2026-08-03 23:10:50,374 [INFO]   进度 100/162 | trades=0 | skip=0 | 0.0s
2026-08-03 23:10:50,375 [INFO]   进度 120/162 | trades=0 | skip=0 | 0.0s
2026-08-03 23:10:50,375 [INFO]   进度 140/162 | trades=0 | skip=0 | 0.0s
2026-08-03 23:10:50,375 [INFO]   进度 160/162 | trades=0 | skip=0 | 0.0s
2026-08-03 23:10:50,375 [INFO] ========== ZT回测完成 | trades=0 | fill_rate=50% | 0.0s ==========
2026-08-03 23:10:50,375 [WARNING]   无任何交易产生！
2026-08-03 23:10:50,375 [INFO]   score=-1000.0 | 月复利=0.0% | 笔数=0 胜率=0.0% DD=0.0% | lev=1.25x | 0.0s
2026-08-03 23:10:50,376 [INFO] ========== ZT回测 2025-12-01→2026-07-31 | top=5 board=main entry=close_t0 sample=300 ==========
2026-08-03 23:10:50,449 [INFO]   进度 20/162 | trades=95 | skip=0 | 0.1s
2026-08-03 23:10:50,516 [INFO]   进度 40/162 | trades=193 | skip=0 | 0.1s
2026-08-03 23:10:50,586 [INFO]   进度 60/162 | trades=284 | skip=0 | 0.2s
2026-08-03 23:10:50,648 [INFO]   进度 80/162 | trades=368 | skip=0 | 0.3s
2026-08-03 23:10:50,726 [INFO]   进度 100/162 | trades=462 | skip=0 | 0.4s
2026-08-03 23:10:50,808 [INFO]   进度 120/162 | trades=559 | skip=0 | 0.4s
2026-08-03 23:10:50,889 [INFO]   进度 140/162 | trades=658 | skip=0 | 0.5s
2026-08-03 23:10:50,962 [INFO]   进度 160/162 | trades=754 | skip=0 | 0.6s
2026-08-03 23:10:50,965 [INFO] ========== ZT回测完成 | trades=759 | fill_rate=35% | 0.6s ==========
2026-08-03 23:10:51,213 [INFO]   笔数=759 | 胜率=73.0% | 平均=0.68% | 日均=90.36% | 总收益=14457.8% | 最大回撤=-20.5%
2026-08-03 23:10:51,213 [INFO]   [best      ] n=753 胜率=80.9% 平均=2.06% 累计=366268117.8%
2026-08-03 23:10:51,213 [INFO]   [close_t1  ] n=753 胜率=40.8% 平均=-0.70% 累计=-99.6%
2026-08-03 23:10:51,213 [INFO]   [close_t2  ] n=751 胜率=37.4% 平均=-0.72% 累计=-99.7%
2026-08-03 23:10:51,213 [INFO]   [close_t3  ] n=748 胜率=38.2% 平均=-0.81% 累计=-99.9%
2026-08-03 23:10:51,213 [INFO]   [gap_t1    ] n=753 胜率=33.7% 平均=-0.61% 累计=-99.1%
2026-08-03 23:10:51,213 [INFO]   [open_t2   ] n=751 胜率=34.6% 平均=-0.85% 累计=-99.9%
2026-08-03 23:10:51,213 [INFO]   [stop_t1   ] n=431 胜率=0.0% 平均=-3.63% 累计=-100.0%
2026-08-03 23:10:51,213 [INFO]   [trail_t2  ] n=322 胜率=91.6% 平均=1.34% 累计=7167.1%
2026-08-03 23:10:51,213 [INFO]   score=6.1 | 月复利=4.0% | 笔数=759 胜率=73.0% DD=-1.2% | lev=1.50x | 0.8s
2026-08-03 23:10:51,213 [INFO] ========== ZT回测 2025-12-01→2026-07-31 | top=2 board=main entry=close_t0 sample=300 ==========
2026-08-03 23:10:52,688 [INFO] HS300 regime 预计算: 365 天 (bull=203 bear=41 crash=62 unknown=59)
2026-08-03 23:10:52,688 [INFO]   进度 20/162 | trades=0 | skip=6 | 1.5s
2026-08-03 23:10:52,689 [INFO]   进度 40/162 | trades=0 | skip=8 | 1.5s
2026-08-03 23:10:52,689 [INFO]   进度 60/162 | trades=0 | skip=18 | 1.5s
2026-08-03 23:10:52,690 [INFO]   进度 80/162 | trades=0 | skip=36 | 1.5s
2026-08-03 23:10:52,690 [INFO]   进度 100/162 | trades=0 | skip=40 | 1.5s
2026-08-03 23:10:52,691 [INFO]   进度 120/162 | trades=0 | skip=43 | 1.5s
2026-08-03 23:10:52,691 [INFO]   进度 140/162 | trades=0 | skip=50 | 1.5s
2026-08-03 23:10:52,691 [INFO]   进度 160/162 | trades=0 | skip=69 | 1.5s
2026-08-03 23:10:52,691 [INFO] ========== ZT回测完成 | trades=0 | fill_rate=25% | 1.5s ==========
2026-08-03 23:10:52,691 [WARNING]   无任何交易产生！
2026-08-03 23:10:52,692 [INFO]   score=-1000.0 | 月复利=0.0% | 笔数=0 胜率=0.0% DD=0.0% | lev=1.75x | 1.5s
2026-08-03 23:10:52,692 [INFO] ========== ZT回测 2025-12-01→2026-07-31 | top=5 board=gem+star entry=close_t0 sample=300 ==========
2026-08-03 23:10:54,291 [INFO] HS300 regime 预计算: 365 天 (bull=203 bear=41 crash=62 unknown=59)
2026-08-03 23:10:54,292 [INFO]   进度 20/162 | trades=0 | skip=6 | 1.6s
2026-08-03 23:10:54,295 [INFO]   进度 40/162 | trades=0 | skip=8 | 1.6s
2026-08-03 23:10:54,296 [INFO]   进度 60/162 | trades=0 | skip=18 | 1.6s
2026-08-03 23:10:54,296 [INFO]   进度 80/162 | trades=0 | skip=36 | 1.6s
2026-08-03 23:10:54,297 [INFO]   进度 100/162 | trades=0 | skip=40 | 1.6s
2026-08-03 23:10:54,298 [INFO]   进度 120/162 | trades=0 | skip=43 | 1.6s
2026-08-03 23:10:54,299 [INFO]   进度 140/162 | trades=0 | skip=50 | 1.6s
2026-08-03 23:10:54,299 [INFO]   进度 160/162 | trades=0 | skip=69 | 1.6s
2026-08-03 23:10:54,299 [INFO] ========== ZT回测完成 | trades=0 | fill_rate=50% | 1.6s ==========
2026-08-03 23:10:54,299 [WARNING]   无任何交易产生！
2026-08-03 23:10:54,299 [INFO]   score=-1000.0 | 月复利=0.0% | 笔数=0 胜率=0.0% DD=0.0% | lev=1.75x | 1.6s
2026-08-03 23:10:54,299 [INFO] ========== ZT回测 2025-12-01→2026-07-31 | top=5 board=gem+star entry=open_t1 sample=300 ==========
2026-08-03 23:10:55,794 [INFO] HS300 regime 预计算: 365 天 (bull=203 bear=41 crash=62 unknown=59)
2026-08-03 23:10:55,795 [INFO]   进度 20/162 | trades=0 | skip=6 | 1.5s
2026-08-03 23:10:55,797 [INFO]   进度 40/162 | trades=0 | skip=8 | 1.5s
2026-08-03 23:10:55,798 [INFO]   进度 60/162 | trades=0 | skip=18 | 1.5s
2026-08-03 23:10:55,798 [INFO]   进度 80/162 | trades=0 | skip=36 | 1.5s
2026-08-03 23:10:55,799 [INFO]   进度 100/162 | trades=0 | skip=40 | 1.5s
2026-08-03 23:10:55,799 [INFO]   进度 120/162 | trades=0 | skip=43 | 1.5s
2026-08-03 23:10:55,800 [INFO]   进度 140/162 | trades=0 | skip=50 | 1.5s
2026-08-03 23:10:55,800 [INFO]   进度 160/162 | trades=0 | skip=69 | 1.5s
2026-08-03 23:10:55,800 [INFO] ========== ZT回测完成 | trades=0 | fill_rate=35% | 1.5s ==========
2026-08-03 23:10:55,800 [WARNING]   无任何交易产生！
2026-08-03 23:10:55,800 [INFO]   score=-1000.0 | 月复利=0.0% | 笔数=0 胜率=0.0% DD=0.0% | lev=2.00x | 1.5s
2026-08-03 23:10:55,800 [INFO] ========== ZT回测 2025-12-01→2026-07-31 | top=2 board=gem+star entry=close_t0 sample=300 ==========
2026-08-03 23:10:57,141 [INFO] HS300 regime 预计算: 365 天 (bull=203 bear=41 crash=62 unknown=59)
2026-08-03 23:10:57,141 [INFO]   进度 20/162 | trades=0 | skip=6 | 1.3s
2026-08-03 23:10:57,141 [INFO]   进度 40/162 | trades=0 | skip=8 | 1.3s
2026-08-03 23:10:57,142 [INFO]   进度 60/162 | trades=0 | skip=18 | 1.3s
2026-08-03 23:10:57,142 [INFO]   进度 80/162 | trades=0 | skip=36 | 1.3s
2026-08-03 23:10:57,142 [INFO]   进度 100/162 | trades=0 | skip=40 | 1.3s
2026-08-03 23:10:57,142 [INFO]   进度 120/162 | trades=0 | skip=43 | 1.3s
2026-08-03 23:10:57,142 [INFO]   进度 140/162 | trades=0 | skip=50 | 1.3s
2026-08-03 23:10:57,142 [INFO]   进度 160/162 | trades=0 | skip=69 | 1.3s
2026-08-03 23:10:57,142 [INFO] ========== ZT回测完成 | trades=0 | fill_rate=50% | 1.3s ==========
2026-08-03 23:10:57,142 [WARNING]   无任何交易产生！
2026-08-03 23:10:57,143 [INFO]   score=-1000.0 | 月复利=0.0% | 笔数=0 胜率=0.0% DD=0.0% | lev=1.25x | 1.3s
2026-08-03 23:10:57,143 [INFO] ========== ZT回测 2025-12-01→2026-07-31 | top=2 board=main entry=close_t0 sample=300 ==========
2026-08-03 23:10:58,515 [INFO] HS300 regime 预计算: 365 天 (bull=203 bear=41 crash=62 unknown=59)
2026-08-03 23:10:58,515 [INFO]   进度 20/162 | trades=0 | skip=6 | 1.4s
2026-08-03 23:10:58,516 [INFO]   进度 40/162 | trades=0 | skip=8 | 1.4s
2026-08-03 23:10:58,517 [INFO]   进度 60/162 | trades=0 | skip=18 | 1.4s
2026-08-03 23:10:58,517 [INFO]   进度 80/162 | trades=0 | skip=36 | 1.4s
2026-08-03 23:10:58,517 [INFO]   进度 100/162 | trades=0 | skip=40 | 1.4s
2026-08-03 23:10:58,518 [INFO]   进度 120/162 | trades=0 | skip=43 | 1.4s
2026-08-03 23:10:58,520 [INFO]   进度 140/162 | trades=0 | skip=50 | 1.4s
2026-08-03 23:10:58,520 [INFO]   进度 160/162 | trades=0 | skip=69 | 1.4s
2026-08-03 23:10:58,520 [INFO] ========== ZT回测完成 | trades=0 | fill_rate=35% | 1.4s ==========
2026-08-03 23:10:58,520 [WARNING]   无任何交易产生！
2026-08-03 23:10:58,521 [INFO]   score=-1000.0 | 月复利=0.0% | 笔数=0 胜率=0.0% DD=0.0% | lev=2.00x | 1.4s
2026-08-03 23:10:58,521 [INFO] ========== ZT回测 2025-12-01→2026-07-31 | top=1 board=all entry=open_t1 sample=300 ==========
2026-08-03 23:10:59,911 [INFO] HS300 regime 预计算: 365 天 (bull=203 bear=41 crash=62 unknown=59)
2026-08-03 23:10:59,912 [INFO]   进度 20/162 | trades=0 | skip=6 | 1.4s
2026-08-03 23:10:59,914 [INFO]   进度 40/162 | trades=0 | skip=8 | 1.4s
2026-08-03 23:10:59,914 [INFO]   进度 60/162 | trades=0 | skip=18 | 1.4s
2026-08-03 23:10:59,914 [INFO]   进度 80/162 | trades=0 | skip=36 | 1.4s
2026-08-03 23:10:59,915 [INFO]   进度 100/162 | trades=0 | skip=40 | 1.4s
2026-08-03 23:10:59,915 [INFO]   进度 120/162 | trades=0 | skip=43 | 1.4s
2026-08-03 23:10:59,916 [INFO]   进度 140/162 | trades=0 | skip=50 | 1.4s
2026-08-03 23:10:59,916 [INFO]   进度 160/162 | trades=0 | skip=69 | 1.4s
2026-08-03 23:10:59,916 [INFO] ========== ZT回测完成 | trades=0 | fill_rate=50% | 1.4s ==========
2026-08-03 23:10:59,916 [WARNING]   无任何交易产生！
2026-08-03 23:10:59,916 [INFO]   score=-1000.0 | 月复利=0.0% | 笔数=0 胜率=0.0% DD=0.0% | lev=1.00x | 1.4s
2026-08-03 23:10:59,916 [INFO] ========== ZT回测 2025-12-01→2026-07-31 | top=2 board=all entry=close_t0 sample=300 ==========
2026-08-03 23:11:01,242 [INFO] HS300 regime 预计算: 365 天 (bull=203 bear=41 crash=62 unknown=59)
2026-08-03 23:11:01,243 [INFO]   进度 20/162 | trades=0 | skip=6 | 1.3s
2026-08-03 23:11:01,244 [INFO]   进度 40/162 | trades=0 | skip=8 | 1.3s
2026-08-03 23:11:01,245 [INFO]   进度 60/162 | trades=0 | skip=18 | 1.3s
2026-08-03 23:11:01,245 [INFO]   进度 80/162 | trades=0 | skip=36 | 1.3s
2026-08-03 23:11:01,245 [INFO]   进度 100/162 | trades=0 | skip=40 | 1.3s
2026-08-03 23:11:01,246 [INFO]   进度 120/162 | trades=0 | skip=43 | 1.3s
2026-08-03 23:11:01,246 [INFO]   进度 140/162 | trades=0 | skip=50 | 1.3s
2026-08-03 23:11:01,247 [INFO]   进度 160/162 | trades=0 | skip=69 | 1.3s
2026-08-03 23:11:01,247 [INFO] ========== ZT回测完成 | trades=0 | fill_rate=30% | 1.3s ==========
2026-08-03 23:11:01,247 [WARNING]   无任何交易产生！
2026-08-03 23:11:01,247 [INFO]   score=-1000.0 | 月复利=0.0% | 笔数=0 胜率=0.0% DD=0.0% | lev=1.25x | 1.3s
2026-08-03 23:11:01,247 [INFO] ========== ZT回测 2025-12-01→2026-07-31 | top=1 board=gem+star entry=close_t0 sample=300 ==========
2026-08-03 23:11:01,247 [INFO]   进度 20/162 | trades=0 | skip=0 | 0.0s
2026-08-03 23:11:01,248 [INFO]   进度 40/162 | trades=0 | skip=0 | 0.0s
2026-08-03 23:11:01,249 [INFO]   进度 60/162 | trades=0 | skip=0 | 0.0s
2026-08-03 23:11:01,249 [INFO]   进度 80/162 | trades=0 | skip=0 | 0.0s
2026-08-03 23:11:01,249 [INFO]   进度 100/162 | trades=0 | skip=0 | 0.0s
2026-08-03 23:11:01,250 [INFO]   进度 120/162 | trades=0 | skip=0 | 0.0s
2026-08-03 23:11:01,250 [INFO]   进度 140/162 | trades=0 | skip=0 | 0.0s
2026-08-03 23:11:01,251 [INFO]   进度 160/162 | trades=0 | skip=0 | 0.0s
2026-08-03 23:11:01,251 [INFO] ========== ZT回测完成 | trades=0 | fill_rate=50% | 0.0s ==========
2026-08-03 23:11:01,252 [WARNING]   无任何交易产生！
2026-08-03 23:11:01,252 [INFO]   score=-1000.0 | 月复利=0.0% | 笔数=0 胜率=0.0% DD=0.0% | lev=1.25x | 0.0s
2026-08-03 23:11:01,252 [INFO] ========== ZT回测 2025-12-01→2026-07-31 | top=1 board=gem+star entry=open_t1 sample=300 ==========
2026-08-03 23:11:01,254 [INFO]   进度 20/162 | trades=0 | skip=0 | 0.0s
2026-08-03 23:11:01,256 [INFO]   进度 40/162 | trades=0 | skip=0 | 0.0s
2026-08-03 23:11:01,257 [INFO]   进度 60/162 | trades=0 | skip=0 | 0.0s
2026-08-03 23:11:01,258 [INFO]   进度 80/162 | trades=0 | skip=0 | 0.0s
2026-08-03 23:11:01,258 [INFO]   进度 100/162 | trades=0 | skip=0 | 0.0s
2026-08-03 23:11:01,261 [INFO]   进度 120/162 | trades=0 | skip=0 | 0.0s
2026-08-03 23:11:01,262 [INFO]   进度 140/162 | trades=0 | skip=0 | 0.0s
2026-08-03 23:11:01,264 [INFO]   进度 160/162 | trades=0 | skip=0 | 0.0s
2026-08-03 23:11:01,264 [INFO] ========== ZT回测完成 | trades=0 | fill_rate=20% | 0.0s ==========
2026-08-03 23:11:01,264 [WARNING]   无任何交易产生！
2026-08-03 23:11:01,264 [INFO]   score=-1000.0 | 月复利=0.0% | 笔数=0 胜率=0.0% DD=0.0% | lev=1.00x | 0.0s
2026-08-03 23:11:01,264 [INFO] ========== ZT回测 2025-12-01→2026-07-31 | top=5 board=all entry=open_t1 sample=300 ==========
2026-08-03 23:11:02,767 [INFO] HS300 regime 预计算: 365 天 (bull=203 bear=41 crash=62 unknown=59)
2026-08-03 23:11:02,768 [INFO]   进度 20/162 | trades=0 | skip=6 | 1.5s
2026-08-03 23:11:02,770 [INFO]   进度 40/162 | trades=0 | skip=8 | 1.5s
2026-08-03 23:11:02,771 [INFO]   进度 60/162 | trades=0 | skip=18 | 1.5s
2026-08-03 23:11:02,771 [INFO]   进度 80/162 | trades=0 | skip=36 | 1.5s
2026-08-03 23:11:02,772 [INFO]   进度 100/162 | trades=0 | skip=40 | 1.5s
2026-08-03 23:11:02,773 [INFO]   进度 120/162 | trades=0 | skip=43 | 1.5s
2026-08-03 23:11:02,774 [INFO]   进度 140/162 | trades=0 | skip=50 | 1.5s
2026-08-03 23:11:02,775 [INFO]   进度 160/162 | trades=0 | skip=69 | 1.5s
2026-08-03 23:11:02,775 [INFO] ========== ZT回测完成 | trades=0 | fill_rate=100% | 1.5s ==========
2026-08-03 23:11:02,775 [WARNING]   无任何交易产生！
2026-08-03 23:11:02,775 [INFO]   score=-1000.0 | 月复利=0.0% | 笔数=0 胜率=0.0% DD=0.0% | lev=1.75x | 1.5s
2026-08-03 23:11:02,775 [INFO] ========== ZT回测 2025-12-01→2026-07-31 | top=5 board=all entry=close_t0 sample=300 ==========
2026-08-03 23:11:04,208 [INFO] HS300 regime 预计算: 365 天 (bull=203 bear=41 crash=62 unknown=59)
2026-08-03 23:11:04,208 [INFO]   进度 20/162 | trades=0 | skip=6 | 1.4s
2026-08-03 23:11:04,209 [INFO]   进度 40/162 | trades=0 | skip=8 | 1.4s
2026-08-03 23:11:04,210 [INFO]   进度 60/162 | trades=0 | skip=18 | 1.4s
2026-08-03 23:11:04,211 [INFO]   进度 80/162 | trades=0 | skip=36 | 1.4s
2026-08-03 23:11:04,212 [INFO]   进度 100/162 | trades=0 | skip=40 | 1.4s
2026-08-03 23:11:04,212 [INFO]   进度 120/162 | trades=0 | skip=43 | 1.4s
2026-08-03 23:11:04,214 [INFO]   进度 140/162 | trades=0 | skip=50 | 1.4s
2026-08-03 23:11:04,214 [INFO]   进度 160/162 | trades=0 | skip=69 | 1.4s
2026-08-03 23:11:04,214 [INFO] ========== ZT回测完成 | trades=0 | fill_rate=40% | 1.4s ==========
2026-08-03 23:11:04,215 [WARNING]   无任何交易产生！
2026-08-03 23:11:04,215 [INFO]   score=-1000.0 | 月复利=0.0% | 笔数=0 胜率=0.0% DD=0.0% | lev=1.75x | 1.4s
2026-08-03 23:11:04,215 [INFO] ========== ZT回测 2025-12-01→2026-07-31 | top=5 board=all entry=open_t1 sample=300 ==========
2026-08-03 23:11:04,216 [INFO]   进度 20/162 | trades=0 | skip=0 | 0.0s
2026-08-03 23:11:04,217 [INFO]   进度 40/162 | trades=0 | skip=0 | 0.0s
2026-08-03 23:11:04,219 [INFO]   进度 60/162 | trades=0 | skip=0 | 0.0s
2026-08-03 23:11:04,220 [INFO]   进度 80/162 | trades=0 | skip=0 | 0.0s
2026-08-03 23:11:04,222 [INFO]   进度 100/162 | trades=0 | skip=0 | 0.0s
2026-08-03 23:11:04,223 [INFO]   进度 120/162 | trades=0 | skip=0 | 0.0s
2026-08-03 23:11:04,224 [INFO]   进度 140/162 | trades=0 | skip=0 | 0.0s
2026-08-03 23:11:04,225 [INFO]   进度 160/162 | trades=0 | skip=0 | 0.0s
2026-08-03 23:11:04,225 [INFO] ========== ZT回测完成 | trades=0 | fill_rate=25% | 0.0s ==========
2026-08-03 23:11:04,225 [WARNING]   无任何交易产生！
2026-08-03 23:11:04,225 [INFO]   score=-1000.0 | 月复利=0.0% | 笔数=0 胜率=0.0% DD=0.0% | lev=2.00x | 0.0s
2026-08-03 23:11:04,225 [INFO] ========== ZT回测 2025-12-01→2026-07-31 | top=5 board=main entry=close_t0 sample=300 ==========
2026-08-03 23:11:05,578 [INFO] HS300 regime 预计算: 365 天 (bull=203 bear=41 crash=62 unknown=59)
2026-08-03 23:11:05,578 [INFO]   进度 20/162 | trades=0 | skip=6 | 1.4s
2026-08-03 23:11:05,579 [INFO]   进度 40/162 | trades=0 | skip=8 | 1.4s
2026-08-03 23:11:05,580 [INFO]   进度 60/162 | trades=0 | skip=18 | 1.4s
2026-08-03 23:11:05,580 [INFO]   进度 80/162 | trades=0 | skip=36 | 1.4s
2026-08-03 23:11:05,580 [INFO]   进度 100/162 | trades=0 | skip=40 | 1.4s
2026-08-03 23:11:05,581 [INFO]   进度 120/162 | trades=0 | skip=43 | 1.4s
2026-08-03 23:11:05,582 [INFO]   进度 140/162 | trades=0 | skip=50 | 1.4s
2026-08-03 23:11:05,582 [INFO]   进度 160/162 | trades=0 | skip=69 | 1.4s
2026-08-03 23:11:05,582 [INFO] ========== ZT回测完成 | trades=0 | fill_rate=40% | 1.4s ==========
2026-08-03 23:11:05,582 [WARNING]   无任何交易产生！
2026-08-03 23:11:05,582 [INFO]   score=-1000.0 | 月复利=0.0% | 笔数=0 胜率=0.0% DD=0.0% | lev=1.00x | 1.4s
2026-08-03 23:11:05,582 [INFO] ========== ZT回测 2025-12-01→2026-07-31 | top=2 board=gem+star entry=open_t1 sample=300 ==========
2026-08-03 23:11:07,355 [INFO] HS300 regime 预计算: 365 天 (bull=203 bear=41 crash=62 unknown=59)
2026-08-03 23:11:07,356 [INFO]   进度 20/162 | trades=0 | skip=6 | 1.8s
2026-08-03 23:11:07,357 [INFO]   进度 40/162 | trades=0 | skip=8 | 1.8s
2026-08-03 23:11:07,357 [INFO]   进度 60/162 | trades=0 | skip=18 | 1.8s
2026-08-03 23:11:07,357 [INFO]   进度 80/162 | trades=0 | skip=36 | 1.8s
2026-08-03 23:11:07,358 [INFO]   进度 100/162 | trades=0 | skip=40 | 1.8s
2026-08-03 23:11:07,358 [INFO]   进度 120/162 | trades=0 | skip=43 | 1.8s
2026-08-03 23:11:07,358 [INFO]   进度 140/162 | trades=0 | skip=50 | 1.8s
2026-08-03 23:11:07,359 [INFO]   进度 160/162 | trades=0 | skip=69 | 1.8s
2026-08-03 23:11:07,359 [INFO] ========== ZT回测完成 | trades=0 | fill_rate=100% | 1.8s ==========
2026-08-03 23:11:07,359 [WARNING]   无任何交易产生！
2026-08-03 23:11:07,359 [INFO]   score=-1000.0 | 月复利=0.0% | 笔数=0 胜率=0.0% DD=0.0% | lev=1.50x | 1.8s
2026-08-03 23:11:07,359 [INFO] ========== ZT回测 2025-12-01→2026-07-31 | top=2 board=main entry=open_t1 sample=300 ==========
2026-08-03 23:11:07,359 [INFO]   进度 20/162 | trades=0 | skip=0 | 0.0s
2026-08-03 23:11:07,359 [INFO]   进度 40/162 | trades=0 | skip=0 | 0.0s
2026-08-03 23:11:07,361 [INFO]   进度 60/162 | trades=0 | skip=0 | 0.0s
2026-08-03 23:11:07,361 [INFO]   进度 80/162 | trades=0 | skip=0 | 0.0s
2026-08-03 23:11:07,362 [INFO]   进度 100/162 | trades=0 | skip=0 | 0.0s
2026-08-03 23:11:07,363 [INFO]   进度 120/162 | trades=0 | skip=0 | 0.0s
2026-08-03 23:11:07,364 [INFO]   进度 140/162 | trades=0 | skip=0 | 0.0s
2026-08-03 23:11:07,365 [INFO]   进度 160/162 | trades=0 | skip=0 | 0.0s
2026-08-03 23:11:07,365 [INFO] ========== ZT回测完成 | trades=0 | fill_rate=100% | 0.0s ==========
2026-08-03 23:11:07,365 [WARNING]   无任何交易产生！
2026-08-03 23:11:07,365 [INFO]   score=-1000.0 | 月复利=0.0% | 笔数=0 胜率=0.0% DD=0.0% | lev=1.50x | 0.0s
2026-08-03 23:11:07,365 [INFO] ========== ZT回测 2025-12-01→2026-07-31 | top=5 board=all entry=close_t0 sample=300 ==========
2026-08-03 23:11:07,425 [INFO]   进度 20/162 | trades=82 | skip=0 | 0.1s
2026-08-03 23:11:07,483 [INFO]   进度 40/162 | trades=169 | skip=0 | 0.1s
2026-08-03 23:11:07,548 [INFO]   进度 60/162 | trades=245 | skip=0 | 0.2s
2026-08-03 23:11:07,638 [INFO]   进度 80/162 | trades=316 | skip=0 | 0.3s
2026-08-03 23:11:07,779 [INFO]   进度 100/162 | trades=403 | skip=0 | 0.4s
2026-08-03 23:11:07,933 [INFO]   进度 120/162 | trades=491 | skip=0 | 0.6s
2026-08-03 23:11:08,045 [INFO]   进度 140/162 | trades=585 | skip=0 | 0.7s
2026-08-03 23:11:08,174 [INFO]   进度 160/162 | trades=674 | skip=0 | 0.8s
2026-08-03 23:11:08,180 [INFO] ========== ZT回测完成 | trades=679 | fill_rate=50% | 0.8s ==========
2026-08-03 23:11:08,600 [INFO]   笔数=679 | 胜率=75.4% | 平均=1.19% | 日均=1526.21% | 总收益=242667.1% | 最大回撤=-20.3%
2026-08-03 23:11:08,600 [INFO]   [best      ] n=672 胜率=80.1% 平均=2.70% 累计=4281932498.6%
2026-08-03 23:11:08,600 [INFO]   [close_t1  ] n=672 胜率=38.2% 平均=-1.00% 累计=-99.9%
2026-08-03 23:11:08,600 [INFO]   [close_t2  ] n=671 胜率=36.8% 平均=-1.09% 累计=-100.0%
2026-08-03 23:11:08,600 [INFO]   [close_t3  ] n=666 胜率=36.9% 平均=-1.27% 累计=-100.0%
2026-08-03 23:11:08,600 [INFO]   [gap_t1    ] n=672 胜率=29.0% 平均=-1.00% 累计=-99.9%
2026-08-03 23:11:08,600 [INFO]   [open_t2   ] n=671 胜率=31.9% 平均=-1.22% 累计=-100.0%
2026-08-03 23:11:08,600 [INFO]   [stop_t1   ] n=129 胜率=0.0% 平均=-6.36% 累计=-100.0%
2026-08-03 23:11:08,600 [INFO]   [trail_t2  ] n=519 胜率=86.9% 平均=1.72% 累计=633599.2%
2026-08-03 23:11:08,600 [INFO]   score=11.8 | 月复利=7.4% | 笔数=679 胜率=75.4% DD=-1.3% | lev=1.50x | 1.2s
2026-08-03 23:11:08,600 [INFO] ========== ZT回测 2025-12-01→2026-07-31 | top=1 board=all entry=close_t0 sample=300 ==========
2026-08-03 23:11:10,104 [INFO] HS300 regime 预计算: 365 天 (bull=203 bear=41 crash=62 unknown=59)
2026-08-03 23:11:10,104 [INFO]   进度 20/162 | trades=0 | skip=6 | 1.5s
2026-08-03 23:11:10,105 [INFO]   进度 40/162 | trades=0 | skip=8 | 1.5s
2026-08-03 23:11:10,106 [INFO]   进度 60/162 | trades=0 | skip=18 | 1.5s
2026-08-03 23:11:10,106 [INFO]   进度 80/162 | trades=0 | skip=36 | 1.5s
2026-08-03 23:11:10,107 [INFO]   进度 100/162 | trades=0 | skip=40 | 1.5s
2026-08-03 23:11:10,107 [INFO]   进度 120/162 | trades=0 | skip=43 | 1.5s
2026-08-03 23:11:10,108 [INFO]   进度 140/162 | trades=0 | skip=50 | 1.5s
2026-08-03 23:11:10,108 [INFO]   进度 160/162 | trades=0 | skip=69 | 1.5s
2026-08-03 23:11:10,108 [INFO] ========== ZT回测完成 | trades=0 | fill_rate=35% | 1.5s ==========
2026-08-03 23:11:10,108 [WARNING]   无任何交易产生！
2026-08-03 23:11:10,108 [INFO]   score=-1000.0 | 月复利=0.0% | 笔数=0 胜率=0.0% DD=0.0% | lev=1.75x | 1.5s
2026-08-03 23:11:10,109 [INFO] ========== ZT回测 2025-12-01→2026-07-31 | top=1 board=gem+star entry=close_t0 sample=300 ==========
2026-08-03 23:11:11,589 [INFO] HS300 regime 预计算: 365 天 (bull=203 bear=41 crash=62 unknown=59)
2026-08-03 23:11:11,589 [INFO]   进度 20/162 | trades=0 | skip=6 | 1.5s
2026-08-03 23:11:11,590 [INFO]   进度 40/162 | trades=0 | skip=8 | 1.5s
2026-08-03 23:11:11,590 [INFO]   进度 60/162 | trades=0 | skip=18 | 1.5s
2026-08-03 23:11:11,590 [INFO]   进度 80/162 | trades=0 | skip=36 | 1.5s
2026-08-03 23:11:11,590 [INFO]   进度 100/162 | trades=0 | skip=40 | 1.5s
2026-08-03 23:11:11,591 [INFO]   进度 120/162 | trades=0 | skip=43 | 1.5s
2026-08-03 23:11:11,592 [INFO]   进度 140/162 | trades=0 | skip=50 | 1.5s
2026-08-03 23:11:11,593 [INFO]   进度 160/162 | trades=0 | skip=69 | 1.5s
2026-08-03 23:11:11,593 [INFO] ========== ZT回测完成 | trades=0 | fill_rate=25% | 1.5s ==========
2026-08-03 23:11:11,593 [WARNING]   无任何交易产生！
2026-08-03 23:11:11,593 [INFO]   score=-1000.0 | 月复利=0.0% | 笔数=0 胜率=0.0% DD=0.0% | lev=1.00x | 1.5s
2026-08-03 23:11:11,593 [INFO] ========== ZT回测 2025-12-01→2026-07-31 | top=5 board=main entry=close_t0 sample=300 ==========
2026-08-03 23:11:13,114 [INFO] HS300 regime 预计算: 365 天 (bull=203 bear=41 crash=62 unknown=59)
2026-08-03 23:11:13,157 [INFO]   进度 20/162 | trades=60 | skip=6 | 1.6s
2026-08-03 23:11:13,225 [INFO]   进度 40/162 | trades=143 | skip=8 | 1.6s
2026-08-03 23:11:13,263 [INFO]   进度 60/162 | trades=188 | skip=18 | 1.7s
2026-08-03 23:11:13,271 [INFO]   进度 80/162 | trades=196 | skip=36 | 1.7s
2026-08-03 23:11:13,315 [INFO]   进度 100/162 | trades=254 | skip=40 | 1.7s
2026-08-03 23:11:13,383 [INFO]   进度 120/162 | trades=328 | skip=43 | 1.8s
2026-08-03 23:11:13,431 [INFO]   进度 140/162 | trades=379 | skip=50 | 1.8s
2026-08-03 23:11:13,434 [INFO]   进度 160/162 | trades=384 | skip=69 | 1.8s
2026-08-03 23:11:13,434 [INFO] ========== ZT回测完成 | trades=384 | fill_rate=35% | 1.8s ==========
2026-08-03 23:11:13,598 [INFO]   笔数=384 | 胜率=86.7% | 平均=1.36% | 日均=186.34% | 总收益=16770.7% | 最大回撤=-8.0%
2026-08-03 23:11:13,598 [INFO]   [best      ] n=384 胜率=87.5% 平均=3.15% 累计=13101311.6%
2026-08-03 23:11:13,598 [INFO]   [close_t1  ] n=384 胜率=61.5% 平均=0.32% 累计=208.6%
2026-08-03 23:11:13,598 [INFO]   [close_t2  ] n=384 胜率=55.2% 平均=0.82% 累计=1603.9%
2026-08-03 23:11:13,598 [INFO]   [close_t3  ] n=383 胜率=54.6% 平均=1.12% 累计=4216.5%
2026-08-03 23:11:13,598 [INFO]   [gap_t1    ] n=384 胜率=60.2% 平均=0.50% 累计=536.3%
2026-08-03 23:11:13,598 [INFO]   [open_t2   ] n=384 胜率=54.7% 平均=0.81% 累计=1614.5%
2026-08-03 23:11:13,598 [INFO]   [stop_t1   ] n=11 胜率=0.0% 平均=-4.75% 累计=-41.5%
2026-08-03 23:11:13,598 [INFO]   [trail_t2  ] n=352 胜率=88.6% 平均=1.47% 累计=16174.2%
2026-08-03 23:11:13,598 [INFO]   score=9.4 | 月复利=5.9% | 笔数=384 胜率=86.7% DD=-0.5% | lev=2.00x | 2.0s
2026-08-03 23:11:13,598 [INFO] ========== ZT回测 2025-12-01→2026-07-31 | top=1 board=main entry=open_t1 sample=300 ==========
2026-08-03 23:11:14,931 [INFO] HS300 regime 预计算: 365 天 (bull=203 bear=41 crash=62 unknown=59)
2026-08-03 23:11:14,931 [INFO]   进度 20/162 | trades=0 | skip=6 | 1.3s
2026-08-03 23:11:14,932 [INFO]   进度 40/162 | trades=0 | skip=8 | 1.3s
2026-08-03 23:11:14,932 [INFO]   进度 60/162 | trades=0 | skip=18 | 1.3s
2026-08-03 23:11:14,932 [INFO]   进度 80/162 | trades=0 | skip=36 | 1.3s
2026-08-03 23:11:14,933 [INFO]   进度 100/162 | trades=0 | skip=40 | 1.3s
2026-08-03 23:11:14,933 [INFO]   进度 120/162 | trades=0 | skip=43 | 1.3s
2026-08-03 23:11:14,934 [INFO]   进度 140/162 | trades=0 | skip=50 | 1.3s
2026-08-03 23:11:14,934 [INFO]   进度 160/162 | trades=0 | skip=69 | 1.3s
2026-08-03 23:11:14,934 [INFO] ========== ZT回测完成 | trades=0 | fill_rate=40% | 1.3s ==========
2026-08-03 23:11:14,934 [WARNING]   无任何交易产生！
2026-08-03 23:11:14,934 [INFO]   score=-1000.0 | 月复利=0.0% | 笔数=0 胜率=0.0% DD=0.0% | lev=1.00x | 1.3s
2026-08-03 23:11:14,934 [INFO] ========== ZT回测 2025-12-01→2026-07-31 | top=2 board=main entry=open_t1 sample=300 ==========
2026-08-03 23:11:14,957 [INFO]   进度 20/162 | trades=38 | skip=0 | 0.0s
2026-08-03 23:11:14,998 [INFO]   进度 40/162 | trades=78 | skip=0 | 0.1s
2026-08-03 23:11:15,024 [INFO]   进度 60/162 | trades=118 | skip=0 | 0.1s
2026-08-03 23:11:15,051 [INFO]   进度 80/162 | trades=156 | skip=0 | 0.1s
2026-08-03 23:11:15,082 [INFO]   进度 100/162 | trades=196 | skip=0 | 0.1s
2026-08-03 23:11:15,108 [INFO]   进度 120/162 | trades=236 | skip=0 | 0.2s
2026-08-03 23:11:15,140 [INFO]   进度 140/162 | trades=276 | skip=0 | 0.2s
2026-08-03 23:11:15,170 [INFO]   进度 160/162 | trades=316 | skip=0 | 0.2s
2026-08-03 23:11:15,171 [INFO] ========== ZT回测完成 | trades=318 | fill_rate=100% | 0.2s ==========
2026-08-03 23:11:15,420 [INFO]   笔数=318 | 胜率=52.8% | 平均=-0.74% | 日均=-0.62% | 总收益=-98.6% | 最大回撤=-99.2%
2026-08-03 23:11:15,420 [INFO]   [best      ] n=318 胜率=73.0% 平均=4.05% 累计=18245222.4%
2026-08-03 23:11:15,420 [INFO]   [close_t1  ] n=318 胜率=25.8% 平均=-3.88% 累计=-100.0%
2026-08-03 23:11:15,420 [INFO]   [close_t2  ] n=317 胜率=33.1% 平均=-4.16% 累计=-100.0%
2026-08-03 23:11:15,420 [INFO]   [close_t3  ] n=315 胜率=31.1% 平均=-4.78% 累计=-100.0%
2026-08-03 23:11:15,420 [INFO]   [gap_t1    ] n=318 胜率=0.0% 平均=0.00% 累计=0.0%
2026-08-03 23:11:15,420 [INFO]   [open_t2   ] n=317 胜率=30.0% 平均=-4.22% 累计=-100.0%
2026-08-03 23:11:15,420 [INFO]   [stop_t1   ] n=206 胜率=0.0% 平均=-10.99% 累计=-100.0%
2026-08-03 23:11:15,420 [INFO]   [trail_t2  ] n=114 胜率=95.6% 平均=8.90% 累计=1420887.9%
2026-08-03 23:11:15,420 [INFO]   score=-1.3 | 月复利=-12.8% | 笔数=318 胜率=52.8% DD=-81.0% | lev=1.75x | 0.5s
2026-08-03 23:11:15,421 [INFO] ========== ZT回测 2025-12-01→2026-07-31 | top=3 board=gem+star entry=open_t1 sample=300 ==========
2026-08-03 23:11:16,834 [INFO] HS300 regime 预计算: 365 天 (bull=203 bear=41 crash=62 unknown=59)
2026-08-03 23:11:16,834 [INFO]   进度 20/162 | trades=0 | skip=6 | 1.4s
2026-08-03 23:11:16,835 [INFO]   进度 40/162 | trades=0 | skip=8 | 1.4s
2026-08-03 23:11:16,835 [INFO]   进度 60/162 | trades=0 | skip=18 | 1.4s
2026-08-03 23:11:16,836 [INFO]   进度 80/162 | trades=0 | skip=36 | 1.4s
2026-08-03 23:11:16,836 [INFO]   进度 100/162 | trades=0 | skip=40 | 1.4s
2026-08-03 23:11:16,836 [INFO]   进度 120/162 | trades=0 | skip=43 | 1.4s
2026-08-03 23:11:16,837 [INFO]   进度 140/162 | trades=0 | skip=50 | 1.4s
2026-08-03 23:11:16,837 [INFO]   进度 160/162 | trades=0 | skip=69 | 1.4s
2026-08-03 23:11:16,837 [INFO] ========== ZT回测完成 | trades=0 | fill_rate=30% | 1.4s ==========
2026-08-03 23:11:16,837 [WARNING]   无任何交易产生！
2026-08-03 23:11:16,837 [INFO]   score=-1000.0 | 月复利=0.0% | 笔数=0 胜率=0.0% DD=0.0% | lev=1.75x | 1.4s
2026-08-03 23:11:16,837 [INFO] ========== ZT回测 2025-12-01→2026-07-31 | top=5 board=all entry=open_t1 sample=300 ==========
2026-08-03 23:11:16,838 [INFO]   进度 20/162 | trades=0 | skip=0 | 0.0s
2026-08-03 23:11:16,839 [INFO]   进度 40/162 | trades=0 | skip=0 | 0.0s
2026-08-03 23:11:16,840 [INFO]   进度 60/162 | trades=0 | skip=0 | 0.0s
2026-08-03 23:11:16,840 [INFO]   进度 80/162 | trades=0 | skip=0 | 0.0s
2026-08-03 23:11:16,841 [INFO]   进度 100/162 | trades=0 | skip=0 | 0.0s
2026-08-03 23:11:16,842 [INFO]   进度 120/162 | trades=0 | skip=0 | 0.0s
2026-08-03 23:11:16,844 [INFO]   进度 140/162 | trades=0 | skip=0 | 0.0s
2026-08-03 23:11:16,845 [INFO]   进度 160/162 | trades=0 | skip=0 | 0.0s
2026-08-03 23:11:16,846 [INFO] ========== ZT回测完成 | trades=0 | fill_rate=35% | 0.0s ==========
2026-08-03 23:11:16,846 [WARNING]   无任何交易产生！
2026-08-03 23:11:16,846 [INFO]   score=-1000.0 | 月复利=0.0% | 笔数=0 胜率=0.0% DD=0.0% | lev=1.75x | 0.0s
2026-08-03 23:11:16,846 [INFO] ========== ZT回测 2025-12-01→2026-07-31 | top=3 board=gem+star entry=close_t0 sample=300 ==========
2026-08-03 23:11:18,332 [INFO] HS300 regime 预计算: 365 天 (bull=203 bear=41 crash=62 unknown=59)
2026-08-03 23:11:18,357 [INFO]   进度 20/162 | trades=35 | skip=6 | 1.5s
2026-08-03 23:11:18,389 [INFO]   进度 40/162 | trades=84 | skip=8 | 1.5s
2026-08-03 23:11:18,400 [INFO]   进度 60/162 | trades=108 | skip=18 | 1.6s
2026-08-03 23:11:18,405 [INFO]   进度 80/162 | trades=112 | skip=36 | 1.6s
2026-08-03 23:11:18,424 [INFO]   进度 100/162 | trades=135 | skip=40 | 1.6s
2026-08-03 23:11:18,456 [INFO]   进度 120/162 | trades=170 | skip=43 | 1.6s
2026-08-03 23:11:18,489 [INFO]   进度 140/162 | trades=197 | skip=50 | 1.6s
2026-08-03 23:11:18,491 [INFO]   进度 160/162 | trades=199 | skip=69 | 1.6s
2026-08-03 23:11:18,491 [INFO] ========== ZT回测完成 | trades=199 | fill_rate=100% | 1.6s ==========
2026-08-03 23:11:18,640 [INFO]   笔数=199 | 胜率=85.9% | 平均=3.76% | 日均=1321.77% | 总收益=109706.8% | 最大回撤=-28.7%
2026-08-03 23:11:18,640 [INFO]   [best      ] n=199 胜率=90.5% 平均=10.20% 累计=15868666749.4%
2026-08-03 23:11:18,640 [INFO]   [close_t1  ] n=199 胜率=66.3% 平均=1.46% 累计=1044.0%
2026-08-03 23:11:18,640 [INFO]   [close_t2  ] n=199 胜率=59.8% 平均=3.32% 累计=17896.5%
2026-08-03 23:11:18,640 [INFO]   [close_t3  ] n=199 胜率=55.8% 平均=4.03% 累计=24497.8%
2026-08-03 23:11:18,640 [INFO]   [gap_t1    ] n=199 胜率=62.3% 平均=1.69% 累计=2064.0%
2026-08-03 23:11:18,640 [INFO]   [open_t2   ] n=199 胜率=59.3% 平均=2.92% 累计=9696.5%
2026-08-03 23:11:18,640 [INFO]   [stop_t1   ] n=29 胜率=0.0% 平均=-12.76% 累计=-98.1%
2026-08-03 23:11:18,640 [INFO]   [trail_t2  ] n=168 胜率=97.0% 平均=5.38% 累计=640429.1%
2026-08-03 23:11:18,641 [INFO]   score=50.7 | 月复利=26.6% | 笔数=199 胜率=85.9% DD=-6.4% | lev=1.75x | 1.8s
2026-08-03 23:11:18,641 [INFO] ========== ZT回测 2025-12-01→2026-07-31 | top=2 board=main entry=open_t1 sample=300 ==========
2026-08-03 23:11:20,064 [INFO] HS300 regime 预计算: 365 天 (bull=203 bear=41 crash=62 unknown=59)
2026-08-03 23:11:20,064 [INFO]   进度 20/162 | trades=0 | skip=6 | 1.4s
2026-08-03 23:11:20,065 [INFO]   进度 40/162 | trades=0 | skip=8 | 1.4s
2026-08-03 23:11:20,065 [INFO]   进度 60/162 | trades=0 | skip=18 | 1.4s
2026-08-03 23:11:20,065 [INFO]   进度 80/162 | trades=0 | skip=36 | 1.4s
2026-08-03 23:11:20,066 [INFO]   进度 100/162 | trades=0 | skip=40 | 1.4s
2026-08-03 23:11:20,066 [INFO]   进度 120/162 | trades=0 | skip=43 | 1.4s
2026-08-03 23:11:20,066 [INFO]   进度 140/162 | trades=0 | skip=50 | 1.4s
2026-08-03 23:11:20,066 [INFO]   进度 160/162 | trades=0 | skip=69 | 1.4s
2026-08-03 23:11:20,066 [INFO] ========== ZT回测完成 | trades=0 | fill_rate=50% | 1.4s ==========
2026-08-03 23:11:20,066 [WARNING]   无任何交易产生！
2026-08-03 23:11:20,066 [INFO]   score=-1000.0 | 月复利=0.0% | 笔数=0 胜率=0.0% DD=0.0% | lev=2.00x | 1.4s
2026-08-03 23:11:20,066 [INFO] ========== ZT回测 2025-12-01→2026-07-31 | top=2 board=gem+star entry=close_t0 sample=300 ==========
2026-08-03 23:11:21,383 [INFO] HS300 regime 预计算: 365 天 (bull=203 bear=41 crash=62 unknown=59)
2026-08-03 23:11:21,406 [INFO]   进度 20/162 | trades=26 | skip=6 | 1.3s
2026-08-03 23:11:21,431 [INFO]   进度 40/162 | trades=62 | skip=8 | 1.4s
2026-08-03 23:11:21,443 [INFO]   进度 60/162 | trades=82 | skip=18 | 1.4s
2026-08-03 23:11:21,446 [INFO]   进度 80/162 | trades=86 | skip=36 | 1.4s
2026-08-03 23:11:21,472 [INFO]   进度 100/162 | trades=118 | skip=40 | 1.4s
2026-08-03 23:11:21,494 [INFO]   进度 120/162 | trades=152 | skip=43 | 1.4s
2026-08-03 23:11:21,514 [INFO]   进度 140/162 | trades=178 | skip=50 | 1.4s
2026-08-03 23:11:21,515 [INFO]   进度 160/162 | trades=180 | skip=69 | 1.4s
2026-08-03 23:11:21,515 [INFO] ========== ZT回测完成 | trades=180 | fill_rate=100% | 1.4s ==========
2026-08-03 23:11:21,641 [INFO]   笔数=180 | 胜率=79.4% | 平均=2.94% | 日均=148.59% | 总收益=13372.7% | 最大回撤=-31.4%
2026-08-03 23:11:21,641 [INFO]   [best      ] n=180 胜率=81.7% 平均=7.71% 累计=38603517.2%
2026-08-03 23:11:21,641 [INFO]   [close_t1  ] n=180 胜率=51.1% 平均=-0.91% 累计=-88.6%
2026-08-03 23:11:21,641 [INFO]   [close_t2  ] n=180 胜率=47.8% 平均=0.30% 累计=-48.7%
2026-08-03 23:11:21,641 [INFO]   [close_t3  ] n=180 胜率=48.3% 平均=0.26% 累计=-74.6%
2026-08-03 23:11:21,641 [INFO]   [gap_t1    ] n=180 胜率=48.9% 平均=-0.31% 累计=-57.1%
2026-08-03 23:11:21,641 [INFO]   [open_t2   ] n=180 胜率=46.7% 平均=-0.55% 累计=-88.7%
2026-08-03 23:11:21,641 [INFO]   [stop_t1   ] n=46 胜率=0.0% 平均=-12.96% 累计=-99.8%
2026-08-03 23:11:21,641 [INFO]   [trail_t2  ] n=131 胜率=85.5% 平均=3.36% 累计=7158.4%
2026-08-03 23:11:21,641 [INFO]   score=52.7 | 月复利=27.7% | 笔数=180 胜率=79.4% DD=-10.7% | lev=1.50x | 1.6s
2026-08-03 23:11:21,641 [INFO] ========== ZT回测 2025-12-01→2026-07-31 | top=2 board=all entry=close_t0 sample=300 ==========
2026-08-03 23:11:21,666 [INFO]   进度 20/162 | trades=38 | skip=0 | 0.0s
2026-08-03 23:11:21,697 [INFO]   进度 40/162 | trades=78 | skip=0 | 0.1s
2026-08-03 23:11:21,737 [INFO]   进度 60/162 | trades=118 | skip=0 | 0.1s
2026-08-03 23:11:21,764 [INFO]   进度 80/162 | trades=158 | skip=0 | 0.1s
2026-08-03 23:11:21,798 [INFO]   进度 100/162 | trades=198 | skip=0 | 0.2s
2026-08-03 23:11:21,828 [INFO]   进度 120/162 | trades=238 | skip=0 | 0.2s
2026-08-03 23:11:21,857 [INFO]   进度 140/162 | trades=278 | skip=0 | 0.2s
2026-08-03 23:11:21,881 [INFO]   进度 160/162 | trades=318 | skip=0 | 0.2s
2026-08-03 23:11:21,883 [INFO] ========== ZT回测完成 | trades=322 | fill_rate=50% | 0.2s ==========
2026-08-03 23:11:22,105 [INFO]   笔数=322 | 胜率=76.1% | 平均=1.35% | 日均=43.37% | 总收益=6982.8% | 最大回撤=-12.2%
2026-08-03 23:11:22,105 [INFO]   [best      ] n=318 胜率=82.4% 平均=2.80% 累计=549380.4%
2026-08-03 23:11:22,105 [INFO]   [close_t1  ] n=318 胜率=39.0% 平均=-0.86% 累计=-94.5%
2026-08-03 23:11:22,106 [INFO]   [close_t2  ] n=315 胜率=37.1% 平均=-0.85% 累计=-95.2%
2026-08-03 23:11:22,106 [INFO]   [close_t3  ] n=312 胜率=38.1% 平均=-1.00% 累计=-97.4%
2026-08-03 23:11:22,106 [INFO]   [gap_t1    ] n=318 胜率=28.6% 平均=-0.91% 累计=-95.0%
2026-08-03 23:11:22,106 [INFO]   [open_t2   ] n=315 胜率=33.6% 平均=-0.93% 累计=-96.2%
2026-08-03 23:11:22,106 [INFO]   [stop_t1   ] n=168 胜率=0.0% 平均=-4.83% 累计=-100.0%
2026-08-03 23:11:22,106 [INFO]   [trail_t2  ] n=134 胜率=89.5% 平均=2.22% 累计=1767.3%
2026-08-03 23:11:22,106 [INFO]   score=58.8 | 月复利=30.7% | 笔数=322 胜率=76.1% DD=-6.0% | lev=2.00x | 0.5s
2026-08-03 23:11:22,106 [INFO] ========== ZT回测 2025-12-01→2026-07-31 | top=1 board=gem+star entry=open_t1 sample=300 ==========
2026-08-03 23:11:23,462 [INFO] HS300 regime 预计算: 365 天 (bull=203 bear=41 crash=62 unknown=59)
2026-08-03 23:11:23,470 [INFO]   进度 20/162 | trades=13 | skip=6 | 1.4s
2026-08-03 23:11:23,484 [INFO]   进度 40/162 | trades=31 | skip=8 | 1.4s
2026-08-03 23:11:23,492 [INFO]   进度 60/162 | trades=41 | skip=18 | 1.4s
2026-08-03 23:11:23,496 [INFO]   进度 80/162 | trades=43 | skip=36 | 1.4s
2026-08-03 23:11:23,506 [INFO]   进度 100/162 | trades=59 | skip=40 | 1.4s
2026-08-03 23:11:23,522 [INFO]   进度 120/162 | trades=76 | skip=43 | 1.4s
2026-08-03 23:11:23,533 [INFO]   进度 140/162 | trades=89 | skip=50 | 1.4s
2026-08-03 23:11:23,533 [INFO]   进度 160/162 | trades=90 | skip=69 | 1.4s
2026-08-03 23:11:23,533 [INFO] ========== ZT回测完成 | trades=90 | fill_rate=40% | 1.4s ==========
2026-08-03 23:11:23,647 [INFO]   笔数=90 | 胜率=53.3% | 平均=-0.53% | 日均=-0.49% | 总收益=-44.1% | 最大回撤=-48.8%
2026-08-03 23:11:23,647 [INFO]   [best      ] n=90 胜率=70.0% 平均=1.63% 累计=315.2%
2026-08-03 23:11:23,647 [INFO]   [close_t1  ] n=90 胜率=26.7% 平均=-1.79% 累计=-81.0%
2026-08-03 23:11:23,647 [INFO]   [close_t2  ] n=90 胜率=32.2% 平均=-1.47% 累计=-75.6%
2026-08-03 23:11:23,647 [INFO]   [close_t3  ] n=90 胜率=34.4% 平均=-1.46% 累计=-76.4%
2026-08-03 23:11:23,647 [INFO]   [gap_t1    ] n=90 胜率=0.0% 平均=0.00% 累计=0.0%
2026-08-03 23:11:23,647 [INFO]   [open_t2   ] n=90 胜率=35.6% 平均=-1.71% 累计=-80.5%
2026-08-03 23:11:23,647 [INFO]   [stop_t1   ] n=63 胜率=0.0% 平均=-4.45% 累计=-94.4%
2026-08-03 23:11:23,647 [INFO]   [trail_t2  ] n=33 胜率=100.0% 平均=3.90% 累计=250.9%
2026-08-03 23:11:23,647 [INFO]   score=-1.7 | 月复利=-9.3% | 笔数=90 胜率=53.3% DD=-65.5% | lev=1.50x | 1.5s
2026-08-03 23:11:23,647 [INFO] ========== ZT回测 2025-12-01→2026-07-31 | top=5 board=all entry=open_t1 sample=300 ==========
2026-08-03 23:11:24,986 [INFO] HS300 regime 预计算: 365 天 (bull=203 bear=41 crash=62 unknown=59)
2026-08-03 23:11:25,024 [INFO]   进度 20/162 | trades=58 | skip=6 | 1.4s
2026-08-03 23:11:25,073 [INFO]   进度 40/162 | trades=135 | skip=8 | 1.4s
2026-08-03 23:11:25,110 [INFO]   进度 60/162 | trades=178 | skip=18 | 1.5s
2026-08-03 23:11:25,121 [INFO]   进度 80/162 | trades=188 | skip=36 | 1.5s
2026-08-03 23:11:25,171 [INFO]   进度 100/162 | trades=264 | skip=40 | 1.5s
2026-08-03 23:11:25,222 [INFO]   进度 120/162 | trades=339 | skip=43 | 1.6s
2026-08-03 23:11:25,272 [INFO]   进度 140/162 | trades=404 | skip=50 | 1.6s
2026-08-03 23:11:25,274 [INFO]   进度 160/162 | trades=409 | skip=69 | 1.6s
2026-08-03 23:11:25,274 [INFO] ========== ZT回测完成 | trades=409 | fill_rate=100% | 1.6s ==========
2026-08-03 23:11:25,417 [INFO]   笔数=409 | 胜率=53.3% | 平均=-1.23% | 日均=-1.11% | 总收益=-99.9% | 最大回撤=-100.0%
2026-08-03 23:11:25,417 [INFO]   [best      ] n=409 胜率=73.1% 平均=3.77% 累计=208879126.0%
2026-08-03 23:11:25,418 [INFO]   [close_t1  ] n=409 胜率=27.1% 平均=-3.34% 累计=-100.0%
2026-08-03 23:11:25,418 [INFO]   [close_t2  ] n=409 胜率=31.8% 平均=-3.40% 累计=-100.0%
2026-08-03 23:11:25,418 [INFO]   [close_t3  ] n=409 胜率=35.7% 平均=-3.25% 累计=-100.0%
2026-08-03 23:11:25,418 [INFO]   [gap_t1    ] n=409 胜率=0.0% 平均=0.00% 累计=0.0%
2026-08-03 23:11:25,418 [INFO]   [open_t2   ] n=409 胜率=28.1% 平均=-3.58% 累计=-100.0%
2026-08-03 23:11:25,418 [INFO]   [stop_t1   ] n=26 胜率=0.0% 平均=-16.22% 累计=-99.0%
2026-08-03 23:11:25,418 [INFO]   [trail_t2  ] n=336 胜率=44.9% 平均=-0.41% 累计=-91.1%
2026-08-03 23:11:25,419 [INFO]   score=-1.5 | 月复利=-2.4% | 笔数=409 胜率=53.3% DD=-19.3% | lev=1.00x | 1.8s
2026-08-03 23:11:25,419 [INFO] ========== ZT回测 2025-12-01→2026-07-31 | top=3 board=all entry=open_t1 sample=300 ==========
2026-08-03 23:11:25,420 [INFO]   进度 20/162 | trades=0 | skip=0 | 0.0s
2026-08-03 23:11:25,422 [INFO]   进度 40/162 | trades=0 | skip=0 | 0.0s
2026-08-03 23:11:25,422 [INFO]   进度 60/162 | trades=0 | skip=0 | 0.0s
2026-08-03 23:11:25,422 [INFO]   进度 80/162 | trades=0 | skip=0 | 0.0s
2026-08-03 23:11:25,423 [INFO]   进度 100/162 | trades=0 | skip=0 | 0.0s
2026-08-03 23:11:25,423 [INFO]   进度 120/162 | trades=0 | skip=0 | 0.0s
2026-08-03 23:11:25,424 [INFO]   进度 140/162 | trades=0 | skip=0 | 0.0s
2026-08-03 23:11:25,424 [INFO]   进度 160/162 | trades=0 | skip=0 | 0.0s
2026-08-03 23:11:25,424 [INFO] ========== ZT回测完成 | trades=0 | fill_rate=50% | 0.0s ==========
2026-08-03 23:11:25,424 [WARNING]   无任何交易产生！
2026-08-03 23:11:25,424 [INFO]   score=-1000.0 | 月复利=0.0% | 笔数=0 胜率=0.0% DD=0.0% | lev=2.00x | 0.0s
2026-08-03 23:11:25,424 [INFO] ========== ZT回测 2025-12-01→2026-07-31 | top=5 board=gem+star entry=close_t0 sample=300 ==========
2026-08-03 23:11:26,988 [INFO] HS300 regime 预计算: 365 天 (bull=203 bear=41 crash=62 unknown=59)
2026-08-03 23:11:26,989 [INFO]   进度 20/162 | trades=0 | skip=6 | 1.6s
2026-08-03 23:11:26,989 [INFO]   进度 40/162 | trades=0 | skip=8 | 1.6s
2026-08-03 23:11:26,989 [INFO]   进度 60/162 | trades=0 | skip=18 | 1.6s
2026-08-03 23:11:26,990 [INFO]   进度 80/162 | trades=0 | skip=36 | 1.6s
2026-08-03 23:11:26,990 [INFO]   进度 100/162 | trades=0 | skip=40 | 1.6s
2026-08-03 23:11:26,990 [INFO]   进度 120/162 | trades=0 | skip=43 | 1.6s
2026-08-03 23:11:26,990 [INFO]   进度 140/162 | trades=0 | skip=50 | 1.6s
2026-08-03 23:11:26,990 [INFO]   进度 160/162 | trades=0 | skip=69 | 1.6s
2026-08-03 23:11:26,991 [INFO] ========== ZT回测完成 | trades=0 | fill_rate=20% | 1.6s ==========
2026-08-03 23:11:26,991 [WARNING]   无任何交易产生！
2026-08-03 23:11:26,991 [INFO]   score=-1000.0 | 月复利=0.0% | 笔数=0 胜率=0.0% DD=0.0% | lev=1.75x | 1.6s
2026-08-03 23:11:26,991 [INFO] ========== ZT回测 2025-12-01→2026-07-31 | top=1 board=all entry=open_t1 sample=300 ==========
2026-08-03 23:11:28,598 [INFO] HS300 regime 预计算: 365 天 (bull=203 bear=41 crash=62 unknown=59)
2026-08-03 23:11:28,598 [INFO]   进度 20/162 | trades=0 | skip=6 | 1.6s
2026-08-03 23:11:28,599 [INFO]   进度 40/162 | trades=0 | skip=8 | 1.6s
2026-08-03 23:11:28,599 [INFO]   进度 60/162 | trades=0 | skip=18 | 1.6s
2026-08-03 23:11:28,599 [INFO]   进度 80/162 | trades=0 | skip=36 | 1.6s
2026-08-03 23:11:28,600 [INFO]   进度 100/162 | trades=0 | skip=40 | 1.6s
2026-08-03 23:11:28,601 [INFO]   进度 120/162 | trades=0 | skip=43 | 1.6s
2026-08-03 23:11:28,603 [INFO]   进度 140/162 | trades=0 | skip=50 | 1.6s
2026-08-03 23:11:28,603 [INFO]   进度 160/162 | trades=0 | skip=69 | 1.6s
2026-08-03 23:11:28,603 [INFO] ========== ZT回测完成 | trades=0 | fill_rate=50% | 1.6s ==========
2026-08-03 23:11:28,603 [WARNING]   无任何交易产生！
2026-08-03 23:11:28,603 [INFO]   score=-1000.0 | 月复利=0.0% | 笔数=0 胜率=0.0% DD=0.0% | lev=1.25x | 1.6s
2026-08-03 23:11:28,603 [INFO] ========== ZT回测 2025-12-01→2026-07-31 | top=1 board=main entry=open_t1 sample=300 ==========
2026-08-03 23:11:29,884 [INFO] HS300 regime 预计算: 365 天 (bull=203 bear=41 crash=62 unknown=59)
2026-08-03 23:11:29,885 [INFO]   进度 20/162 | trades=0 | skip=6 | 1.3s
2026-08-03 23:11:29,886 [INFO]   进度 40/162 | trades=0 | skip=8 | 1.3s
2026-08-03 23:11:29,887 [INFO]   进度 60/162 | trades=0 | skip=18 | 1.3s
2026-08-03 23:11:29,887 [INFO]   进度 80/162 | trades=0 | skip=36 | 1.3s
2026-08-03 23:11:29,887 [INFO]   进度 100/162 | trades=0 | skip=40 | 1.3s
2026-08-03 23:11:29,888 [INFO]   进度 120/162 | trades=0 | skip=43 | 1.3s
2026-08-03 23:11:29,888 [INFO]   进度 140/162 | trades=0 | skip=50 | 1.3s
2026-08-03 23:11:29,888 [INFO]   进度 160/162 | trades=0 | skip=69 | 1.3s
2026-08-03 23:11:29,888 [INFO] ========== ZT回测完成 | trades=0 | fill_rate=100% | 1.3s ==========
2026-08-03 23:11:29,888 [WARNING]   无任何交易产生！
2026-08-03 23:11:29,888 [INFO]   score=-1000.0 | 月复利=0.0% | 笔数=0 胜率=0.0% DD=0.0% | lev=1.00x | 1.3s
2026-08-03 23:11:29,889 [INFO] ========== ZT回测 2025-12-01→2026-07-31 | top=5 board=gem+star entry=close_t0 sample=300 ==========
2026-08-03 23:11:29,889 [INFO]   进度 20/162 | trades=0 | skip=0 | 0.0s
2026-08-03 23:11:29,889 [INFO]   进度 40/162 | trades=0 | skip=0 | 0.0s
2026-08-03 23:11:29,890 [INFO]   进度 60/162 | trades=0 | skip=0 | 0.0s
2026-08-03 23:11:29,890 [INFO]   进度 80/162 | trades=0 | skip=0 | 0.0s
2026-08-03 23:11:29,890 [INFO]   进度 100/162 | trades=0 | skip=0 | 0.0s
2026-08-03 23:11:29,891 [INFO]   进度 120/162 | trades=0 | skip=0 | 0.0s
2026-08-03 23:11:29,891 [INFO]   进度 140/162 | trades=0 | skip=0 | 0.0s
2026-08-03 23:11:29,891 [INFO]   进度 160/162 | trades=0 | skip=0 | 0.0s
2026-08-03 23:11:29,891 [INFO] ========== ZT回测完成 | trades=0 | fill_rate=35% | 0.0s ==========
2026-08-03 23:11:29,891 [WARNING]   无任何交易产生！
2026-08-03 23:11:29,891 [INFO]   score=-1000.0 | 月复利=0.0% | 笔数=0 胜率=0.0% DD=0.0% | lev=1.50x | 0.0s
2026-08-03 23:11:29,891 [INFO] ========== ZT回测 2025-12-01→2026-07-31 | top=3 board=all entry=close_t0 sample=300 ==========
2026-08-03 23:11:31,466 [INFO] HS300 regime 预计算: 365 天 (bull=203 bear=41 crash=62 unknown=59)
2026-08-03 23:11:31,496 [INFO]   进度 20/162 | trades=39 | skip=6 | 1.6s
2026-08-03 23:11:31,525 [INFO]   进度 40/162 | trades=92 | skip=8 | 1.6s
2026-08-03 23:11:31,548 [INFO]   进度 60/162 | trades=122 | skip=18 | 1.7s
2026-08-03 23:11:31,550 [INFO]   进度 80/162 | trades=128 | skip=36 | 1.7s
2026-08-03 23:11:31,582 [INFO]   进度 100/162 | trades=176 | skip=40 | 1.7s
2026-08-03 23:11:31,623 [INFO]   进度 120/162 | trades=226 | skip=43 | 1.7s
2026-08-03 23:11:31,654 [INFO]   进度 140/162 | trades=265 | skip=50 | 1.8s
2026-08-03 23:11:31,655 [INFO]   进度 160/162 | trades=268 | skip=69 | 1.8s
2026-08-03 23:11:31,655 [INFO] ========== ZT回测完成 | trades=268 | fill_rate=100% | 1.8s ==========
2026-08-03 23:11:31,796 [INFO]   笔数=268 | 胜率=76.9% | 平均=2.41% | 日均=431.93% | 总收益=38873.7% | 最大回撤=-26.7%
2026-08-03 23:11:31,796 [INFO]   [best      ] n=268 胜率=87.3% 平均=6.63% 累计=1730117341.6%
2026-08-03 23:11:31,797 [INFO]   [close_t1  ] n=268 胜率=42.2% 平均=-1.09% 累计=-97.0%
2026-08-03 23:11:31,797 [INFO]   [close_t2  ] n=268 胜率=39.9% 平均=-1.08% 累计=-98.7%
2026-08-03 23:11:31,797 [INFO]   [close_t3  ] n=268 胜率=42.9% 平均=-0.67% 累计=-98.1%
2026-08-03 23:11:31,797 [INFO]   [gap_t1    ] n=268 胜率=40.3% 平均=-0.93% 累计=-93.8%
2026-08-03 23:11:31,797 [INFO]   [open_t2   ] n=268 胜率=37.3% 平均=-1.00% 累计=-98.2%
2026-08-03 23:11:31,797 [INFO]   [stop_t1   ] n=129 胜率=0.0% 平均=-9.69% 累计=-100.0%
2026-08-03 23:11:31,797 [INFO]   [trail_t2  ] n=136 胜率=97.8% 平均=4.62% 累计=45408.2%
2026-08-03 23:11:31,797 [INFO]   score=19.8 | 月复利=12.4% | 笔数=268 胜率=76.9% DD=-3.3% | lev=1.25x | 1.9s
2026-08-03 23:11:31,797 [INFO] ========== ZT回测 2025-12-01→2026-07-31 | top=1 board=gem+star entry=close_t0 sample=300 ==========
2026-08-03 23:11:33,177 [INFO] HS300 regime 预计算: 365 天 (bull=203 bear=41 crash=62 unknown=59)
2026-08-03 23:11:33,178 [INFO]   进度 20/162 | trades=0 | skip=6 | 1.4s
2026-08-03 23:11:33,179 [INFO]   进度 40/162 | trades=0 | skip=8 | 1.4s
2026-08-03 23:11:33,179 [INFO]   进度 60/162 | trades=0 | skip=18 | 1.4s
2026-08-03 23:11:33,179 [INFO]   进度 80/162 | trades=0 | skip=36 | 1.4s
2026-08-03 23:11:33,179 [INFO]   进度 100/162 | trades=0 | skip=40 | 1.4s
2026-08-03 23:11:33,180 [INFO]   进度 120/162 | trades=0 | skip=43 | 1.4s
2026-08-03 23:11:33,180 [INFO]   进度 140/162 | trades=0 | skip=50 | 1.4s
2026-08-03 23:11:33,180 [INFO]   进度 160/162 | trades=0 | skip=69 | 1.4s
2026-08-03 23:11:33,180 [INFO] ========== ZT回测完成 | trades=0 | fill_rate=40% | 1.4s ==========
2026-08-03 23:11:33,180 [WARNING]   无任何交易产生！
2026-08-03 23:11:33,180 [INFO]   score=-1000.0 | 月复利=0.0% | 笔数=0 胜率=0.0% DD=0.0% | lev=1.25x | 1.4s
2026-08-03 23:11:33,180 [INFO] ========== ZT回测 2025-12-01→2026-07-31 | top=1 board=gem+star entry=open_t1 sample=300 ==========
2026-08-03 23:11:33,181 [INFO]   进度 20/162 | trades=0 | skip=0 | 0.0s
2026-08-03 23:11:33,182 [INFO]   进度 40/162 | trades=0 | skip=0 | 0.0s
2026-08-03 23:11:33,183 [INFO]   进度 60/162 | trades=0 | skip=0 | 0.0s
2026-08-03 23:11:33,184 [INFO]   进度 80/162 | trades=0 | skip=0 | 0.0s
2026-08-03 23:11:33,186 [INFO]   进度 100/162 | trades=0 | skip=0 | 0.0s
2026-08-03 23:11:33,188 [INFO]   进度 120/162 | trades=0 | skip=0 | 0.0s
2026-08-03 23:11:33,190 [INFO]   进度 140/162 | trades=0 | skip=0 | 0.0s
2026-08-03 23:11:33,192 [INFO]   进度 160/162 | trades=0 | skip=0 | 0.0s
2026-08-03 23:11:33,192 [INFO] ========== ZT回测完成 | trades=0 | fill_rate=35% | 0.0s ==========
2026-08-03 23:11:33,192 [WARNING]   无任何交易产生！
2026-08-03 23:11:33,193 [INFO]   score=-1000.0 | 月复利=0.0% | 笔数=0 胜率=0.0% DD=0.0% | lev=1.00x | 0.0s
2026-08-03 23:11:33,193 [INFO] ========== ZT回测 2025-12-01→2026-07-31 | top=2 board=all entry=close_t0 sample=300 ==========
2026-08-03 23:11:33,194 [INFO]   进度 20/162 | trades=0 | skip=0 | 0.0s
2026-08-03 23:11:33,196 [INFO]   进度 40/162 | trades=0 | skip=0 | 0.0s
2026-08-03 23:11:33,197 [INFO]   进度 60/162 | trades=0 | skip=0 | 0.0s
2026-08-03 23:11:33,197 [INFO]   进度 80/162 | trades=0 | skip=0 | 0.0s
2026-08-03 23:11:33,199 [INFO]   进度 100/162 | trades=0 | skip=0 | 0.0s
2026-08-03 23:11:33,200 [INFO]   进度 120/162 | trades=0 | skip=0 | 0.0s
2026-08-03 23:11:33,202 [INFO]   进度 140/162 | trades=0 | skip=0 | 0.0s
2026-08-03 23:11:33,204 [INFO]   进度 160/162 | trades=0 | skip=0 | 0.0s
2026-08-03 23:11:33,204 [INFO] ========== ZT回测完成 | trades=0 | fill_rate=40% | 0.0s ==========
2026-08-03 23:11:33,204 [WARNING]   无任何交易产生！
2026-08-03 23:11:33,205 [INFO]   score=-1000.0 | 月复利=0.0% | 笔数=0 胜率=0.0% DD=0.0% | lev=1.50x | 0.0s
2026-08-03 23:11:33,205 [INFO] ========== ZT回测 2025-12-01→2026-07-31 | top=1 board=gem+star entry=close_t0 sample=300 ==========
2026-08-03 23:11:34,588 [INFO] HS300 regime 预计算: 365 天 (bull=203 bear=41 crash=62 unknown=59)
2026-08-03 23:11:34,589 [INFO]   进度 20/162 | trades=0 | skip=6 | 1.4s
2026-08-03 23:11:34,589 [INFO]   进度 40/162 | trades=0 | skip=8 | 1.4s
2026-08-03 23:11:34,590 [INFO]   进度 60/162 | trades=0 | skip=18 | 1.4s
2026-08-03 23:11:34,590 [INFO]   进度 80/162 | trades=0 | skip=36 | 1.4s
2026-08-03 23:11:34,590 [INFO]   进度 100/162 | trades=0 | skip=40 | 1.4s
2026-08-03 23:11:34,591 [INFO]   进度 120/162 | trades=0 | skip=43 | 1.4s
2026-08-03 23:11:34,591 [INFO]   进度 140/162 | trades=0 | skip=50 | 1.4s
2026-08-03 23:11:34,591 [INFO]   进度 160/162 | trades=0 | skip=69 | 1.4s
2026-08-03 23:11:34,591 [INFO] ========== ZT回测完成 | trades=0 | fill_rate=30% | 1.4s ==========
2026-08-03 23:11:34,591 [WARNING]   无任何交易产生！
2026-08-03 23:11:34,591 [INFO]   score=-1000.0 | 月复利=0.0% | 笔数=0 胜率=0.0% DD=0.0% | lev=1.75x | 1.4s
2026-08-03 23:11:34,591 [INFO] ========== ZT回测 2025-12-01→2026-07-31 | top=1 board=gem+star entry=close_t0 sample=300 ==========
2026-08-03 23:11:36,054 [INFO] HS300 regime 预计算: 365 天 (bull=203 bear=41 crash=62 unknown=59)
2026-08-03 23:11:36,055 [INFO]   进度 20/162 | trades=0 | skip=6 | 1.5s
2026-08-03 23:11:36,056 [INFO]   进度 40/162 | trades=0 | skip=8 | 1.5s
2026-08-03 23:11:36,057 [INFO]   进度 60/162 | trades=0 | skip=18 | 1.5s
2026-08-03 23:11:36,057 [INFO]   进度 80/162 | trades=0 | skip=36 | 1.5s
2026-08-03 23:11:36,057 [INFO]   进度 100/162 | trades=0 | skip=40 | 1.5s
2026-08-03 23:11:36,058 [INFO]   进度 120/162 | trades=0 | skip=43 | 1.5s
2026-08-03 23:11:36,060 [INFO]   进度 140/162 | trades=0 | skip=50 | 1.5s
2026-08-03 23:11:36,060 [INFO]   进度 160/162 | trades=0 | skip=69 | 1.5s
2026-08-03 23:11:36,060 [INFO] ========== ZT回测完成 | trades=0 | fill_rate=25% | 1.5s ==========
2026-08-03 23:11:36,061 [WARNING]   无任何交易产生！
2026-08-03 23:11:36,061 [INFO]   score=-1000.0 | 月复利=0.0% | 笔数=0 胜率=0.0% DD=0.0% | lev=1.25x | 1.5s
2026-08-03 23:11:36,061 [INFO] ========== ZT回测 2025-12-01→2026-07-31 | top=5 board=all entry=open_t1 sample=300 ==========
2026-08-03 23:11:37,406 [INFO] HS300 regime 预计算: 365 天 (bull=203 bear=41 crash=62 unknown=59)
2026-08-03 23:11:37,407 [INFO]   进度 20/162 | trades=0 | skip=6 | 1.3s
2026-08-03 23:11:37,407 [INFO]   进度 40/162 | trades=0 | skip=8 | 1.3s
2026-08-03 23:11:37,408 [INFO]   进度 60/162 | trades=0 | skip=18 | 1.3s
2026-08-03 23:11:37,408 [INFO]   进度 80/162 | trades=0 | skip=36 | 1.3s
2026-08-03 23:11:37,408 [INFO]   进度 100/162 | trades=0 | skip=40 | 1.3s
2026-08-03 23:11:37,410 [INFO]   进度 120/162 | trades=0 | skip=43 | 1.3s
2026-08-03 23:11:37,412 [INFO]   进度 140/162 | trades=0 | skip=50 | 1.4s
2026-08-03 23:11:37,413 [INFO]   进度 160/162 | trades=0 | skip=69 | 1.4s
2026-08-03 23:11:37,413 [INFO] ========== ZT回测完成 | trades=0 | fill_rate=25% | 1.4s ==========
2026-08-03 23:11:37,413 [WARNING]   无任何交易产生！
2026-08-03 23:11:37,413 [INFO]   score=-1000.0 | 月复利=0.0% | 笔数=0 胜率=0.0% DD=0.0% | lev=1.00x | 1.4s
2026-08-03 23:11:37,413 [INFO] ========== ZT回测 2025-12-01→2026-07-31 | top=5 board=main entry=open_t1 sample=300 ==========
2026-08-03 23:11:38,720 [INFO] HS300 regime 预计算: 365 天 (bull=203 bear=41 crash=62 unknown=59)
2026-08-03 23:11:38,721 [INFO]   进度 20/162 | trades=0 | skip=6 | 1.3s
2026-08-03 23:11:38,721 [INFO]   进度 40/162 | trades=0 | skip=8 | 1.3s
2026-08-03 23:11:38,722 [INFO]   进度 60/162 | trades=0 | skip=18 | 1.3s
2026-08-03 23:11:38,722 [INFO]   进度 80/162 | trades=0 | skip=36 | 1.3s
2026-08-03 23:11:38,722 [INFO]   进度 100/162 | trades=0 | skip=40 | 1.3s
2026-08-03 23:11:38,723 [INFO]   进度 120/162 | trades=0 | skip=43 | 1.3s
2026-08-03 23:11:38,724 [INFO]   进度 140/162 | trades=0 | skip=50 | 1.3s
2026-08-03 23:11:38,724 [INFO]   进度 160/162 | trades=0 | skip=69 | 1.3s
2026-08-03 23:11:38,724 [INFO] ========== ZT回测完成 | trades=0 | fill_rate=40% | 1.3s ==========
2026-08-03 23:11:38,724 [WARNING]   无任何交易产生！
2026-08-03 23:11:38,724 [INFO]   score=-1000.0 | 月复利=0.0% | 笔数=0 胜率=0.0% DD=0.0% | lev=1.75x | 1.3s
2026-08-03 23:11:38,724 [INFO] ========== ZT回测 2025-12-01→2026-07-31 | top=3 board=gem+star entry=open_t1 sample=300 ==========
2026-08-03 23:11:40,116 [INFO] HS300 regime 预计算: 365 天 (bull=203 bear=41 crash=62 unknown=59)
2026-08-03 23:11:40,117 [INFO]   进度 20/162 | trades=0 | skip=6 | 1.4s
2026-08-03 23:11:40,119 [INFO]   进度 40/162 | trades=0 | skip=8 | 1.4s
2026-08-03 23:11:40,119 [INFO]   进度 60/162 | trades=0 | skip=18 | 1.4s
2026-08-03 23:11:40,120 [INFO]   进度 80/162 | trades=0 | skip=36 | 1.4s
2026-08-03 23:11:40,120 [INFO]   进度 100/162 | trades=0 | skip=40 | 1.4s
2026-08-03 23:11:40,121 [INFO]   进度 120/162 | trades=0 | skip=43 | 1.4s
2026-08-03 23:11:40,122 [INFO]   进度 140/162 | trades=0 | skip=50 | 1.4s
2026-08-03 23:11:40,122 [INFO]   进度 160/162 | trades=0 | skip=69 | 1.4s
2026-08-03 23:11:40,122 [INFO] ========== ZT回测完成 | trades=0 | fill_rate=100% | 1.4s ==========
2026-08-03 23:11:40,122 [WARNING]   无任何交易产生！
2026-08-03 23:11:40,122 [INFO]   score=-1000.0 | 月复利=0.0% | 笔数=0 胜率=0.0% DD=0.0% | lev=1.25x | 1.4s
2026-08-03 23:11:40,122 [INFO] ========== ZT回测 2025-12-01→2026-07-31 | top=5 board=main entry=close_t0 sample=300 ==========
2026-08-03 23:11:40,201 [INFO]   进度 20/162 | trades=95 | skip=0 | 0.1s
2026-08-03 23:11:40,281 [INFO]   进度 40/162 | trades=195 | skip=0 | 0.2s
2026-08-03 23:11:40,369 [INFO]   进度 60/162 | trades=295 | skip=0 | 0.2s
2026-08-03 23:11:40,460 [INFO]   进度 80/162 | trades=395 | skip=0 | 0.3s
2026-08-03 23:11:40,563 [INFO]   进度 100/162 | trades=495 | skip=0 | 0.4s
2026-08-03 23:11:40,656 [INFO]   进度 120/162 | trades=595 | skip=0 | 0.5s
2026-08-03 23:11:40,744 [INFO]   进度 140/162 | trades=695 | skip=0 | 0.6s
2026-08-03 23:11:40,815 [INFO]   进度 160/162 | trades=795 | skip=0 | 0.7s
2026-08-03 23:11:40,820 [INFO] ========== ZT回测完成 | trades=805 | fill_rate=40% | 0.7s ==========
2026-08-03 23:11:41,073 [INFO]   笔数=805 | 胜率=73.3% | 平均=0.73% | 日均=164.53% | 总收益=26488.6% | 最大回撤=-30.4%
2026-08-03 23:11:41,073 [INFO]   [best      ] n=796 胜率=78.6% 平均=2.21% 累计=2710641408.0%
2026-08-03 23:11:41,073 [INFO]   [close_t1  ] n=796 胜率=40.5% 平均=-0.79% 累计=-99.9%
2026-08-03 23:11:41,073 [INFO]   [close_t2  ] n=789 胜率=36.9% 平均=-0.79% 累计=-99.9%
2026-08-03 23:11:41,073 [INFO]   [close_t3  ] n=785 胜率=38.6% 平均=-0.90% 累计=-100.0%
2026-08-03 23:11:41,073 [INFO]   [gap_t1    ] n=796 胜率=29.8% 平均=-0.78% 累计=-99.8%
2026-08-03 23:11:41,073 [INFO]   [open_t2   ] n=789 胜率=34.5% 平均=-0.89% 累计=-100.0%
2026-08-03 23:11:41,073 [INFO]   [stop_t1   ] n=183 胜率=0.0% 平均=-5.12% 累计=-100.0%
2026-08-03 23:11:41,073 [INFO]   [trail_t2  ] n=600 胜率=83.2% 平均=1.46% 累计=565556.8%
2026-08-03 23:11:41,073 [INFO]   score=7.7 | 月复利=5.5% | 笔数=805 胜率=73.3% DD=-2.5% | lev=2.00x | 1.0s
2026-08-03 23:11:41,073 [INFO] ========== ZT回测 2025-12-01→2026-07-31 | top=1 board=main entry=open_t1 sample=300 ==========
2026-08-03 23:11:42,417 [INFO] HS300 regime 预计算: 365 天 (bull=203 bear=41 crash=62 unknown=59)
2026-08-03 23:11:42,417 [INFO]   进度 20/162 | trades=0 | skip=6 | 1.3s
2026-08-03 23:11:42,418 [INFO]   进度 40/162 | trades=0 | skip=8 | 1.3s
2026-08-03 23:11:42,419 [INFO]   进度 60/162 | trades=0 | skip=18 | 1.3s
2026-08-03 23:11:42,419 [INFO]   进度 80/162 | trades=0 | skip=36 | 1.3s
2026-08-03 23:11:42,419 [INFO]   进度 100/162 | trades=0 | skip=40 | 1.3s
2026-08-03 23:11:42,420 [INFO]   进度 120/162 | trades=0 | skip=43 | 1.3s
2026-08-03 23:11:42,421 [INFO]   进度 140/162 | trades=0 | skip=50 | 1.3s
2026-08-03 23:11:42,421 [INFO]   进度 160/162 | trades=0 | skip=69 | 1.3s
2026-08-03 23:11:42,421 [INFO] ========== ZT回测完成 | trades=0 | fill_rate=25% | 1.3s ==========
2026-08-03 23:11:42,421 [WARNING]   无任何交易产生！
2026-08-03 23:11:42,421 [INFO]   score=-1000.0 | 月复利=0.0% | 笔数=0 胜率=0.0% DD=0.0% | lev=1.50x | 1.3s
2026-08-03 23:11:42,421 [INFO] ========== ZT回测 2025-12-01→2026-07-31 | top=5 board=gem+star entry=open_t1 sample=300 ==========
2026-08-03 23:11:43,753 [INFO] HS300 regime 预计算: 365 天 (bull=203 bear=41 crash=62 unknown=59)
2026-08-03 23:11:43,754 [INFO]   进度 20/162 | trades=0 | skip=6 | 1.3s
2026-08-03 23:11:43,755 [INFO]   进度 40/162 | trades=0 | skip=8 | 1.3s
2026-08-03 23:11:43,755 [INFO]   进度 60/162 | trades=0 | skip=18 | 1.3s
2026-08-03 23:11:43,755 [INFO]   进度 80/162 | trades=0 | skip=36 | 1.3s
2026-08-03 23:11:43,755 [INFO]   进度 100/162 | trades=0 | skip=40 | 1.3s
2026-08-03 23:11:43,756 [INFO]   进度 120/162 | trades=0 | skip=43 | 1.3s
2026-08-03 23:11:43,757 [INFO]   进度 140/162 | trades=0 | skip=50 | 1.3s
2026-08-03 23:11:43,757 [INFO]   进度 160/162 | trades=0 | skip=69 | 1.3s
2026-08-03 23:11:43,757 [INFO] ========== ZT回测完成 | trades=0 | fill_rate=30% | 1.3s ==========
2026-08-03 23:11:43,757 [WARNING]   无任何交易产生！
2026-08-03 23:11:43,757 [INFO]   score=-1000.0 | 月复利=0.0% | 笔数=0 胜率=0.0% DD=0.0% | lev=1.50x | 1.3s
2026-08-03 23:11:43,757 [INFO] ========== ZT回测 2025-12-01→2026-07-31 | top=2 board=all entry=open_t1 sample=300 ==========
2026-08-03 23:11:45,055 [INFO] HS300 regime 预计算: 365 天 (bull=203 bear=41 crash=62 unknown=59)
2026-08-03 23:11:45,056 [INFO]   进度 20/162 | trades=0 | skip=6 | 1.3s
2026-08-03 23:11:45,057 [INFO]   进度 40/162 | trades=0 | skip=8 | 1.3s
2026-08-03 23:11:45,057 [INFO]   进度 60/162 | trades=0 | skip=18 | 1.3s
2026-08-03 23:11:45,057 [INFO]   进度 80/162 | trades=0 | skip=36 | 1.3s
2026-08-03 23:11:45,058 [INFO]   进度 100/162 | trades=0 | skip=40 | 1.3s
2026-08-03 23:11:45,058 [INFO]   进度 120/162 | trades=0 | skip=43 | 1.3s
2026-08-03 23:11:45,061 [INFO]   进度 140/162 | trades=0 | skip=50 | 1.3s
2026-08-03 23:11:45,061 [INFO]   进度 160/162 | trades=0 | skip=69 | 1.3s
2026-08-03 23:11:45,061 [INFO] ========== ZT回测完成 | trades=0 | fill_rate=25% | 1.3s ==========
2026-08-03 23:11:45,061 [WARNING]   无任何交易产生！
2026-08-03 23:11:45,061 [INFO]   score=-1000.0 | 月复利=0.0% | 笔数=0 胜率=0.0% DD=0.0% | lev=1.50x | 1.3s
2026-08-03 23:11:45,061 [INFO] ========== ZT回测 2025-12-01→2026-07-31 | top=5 board=all entry=open_t1 sample=300 ==========
2026-08-03 23:11:46,430 [INFO] HS300 regime 预计算: 365 天 (bull=203 bear=41 crash=62 unknown=59)
2026-08-03 23:11:46,430 [INFO]   进度 20/162 | trades=0 | skip=6 | 1.4s
2026-08-03 23:11:46,431 [INFO]   进度 40/162 | trades=0 | skip=8 | 1.4s
2026-08-03 23:11:46,431 [INFO]   进度 60/162 | trades=0 | skip=18 | 1.4s
2026-08-03 23:11:46,431 [INFO]   进度 80/162 | trades=0 | skip=36 | 1.4s
2026-08-03 23:11:46,431 [INFO]   进度 100/162 | trades=0 | skip=40 | 1.4s
2026-08-03 23:11:46,432 [INFO]   进度 120/162 | trades=0 | skip=43 | 1.4s
2026-08-03 23:11:46,432 [INFO]   进度 140/162 | trades=0 | skip=50 | 1.4s
2026-08-03 23:11:46,432 [INFO]   进度 160/162 | trades=0 | skip=69 | 1.4s
2026-08-03 23:11:46,432 [INFO] ========== ZT回测完成 | trades=0 | fill_rate=100% | 1.4s ==========
2026-08-03 23:11:46,432 [WARNING]   无任何交易产生！
2026-08-03 23:11:46,432 [INFO]   score=-1000.0 | 月复利=0.0% | 笔数=0 胜率=0.0% DD=0.0% | lev=1.50x | 1.4s
2026-08-03 23:11:46,432 [INFO] ========== ZT回测 2025-12-01→2026-07-31 | top=3 board=all entry=open_t1 sample=300 ==========
2026-08-03 23:11:46,432 [INFO]   进度 20/162 | trades=0 | skip=0 | 0.0s
2026-08-03 23:11:46,433 [INFO]   进度 40/162 | trades=0 | skip=0 | 0.0s
2026-08-03 23:11:46,434 [INFO]   进度 60/162 | trades=0 | skip=0 | 0.0s
2026-08-03 23:11:46,435 [INFO]   进度 80/162 | trades=0 | skip=0 | 0.0s
2026-08-03 23:11:46,436 [INFO]   进度 100/162 | trades=0 | skip=0 | 0.0s
2026-08-03 23:11:46,437 [INFO]   进度 120/162 | trades=0 | skip=0 | 0.0s
2026-08-03 23:11:46,438 [INFO]   进度 140/162 | trades=0 | skip=0 | 0.0s
2026-08-03 23:11:46,440 [INFO]   进度 160/162 | trades=0 | skip=0 | 0.0s
2026-08-03 23:11:46,440 [INFO] ========== ZT回测完成 | trades=0 | fill_rate=35% | 0.0s ==========
2026-08-03 23:11:46,440 [WARNING]   无任何交易产生！
2026-08-03 23:11:46,440 [INFO]   score=-1000.0 | 月复利=0.0% | 笔数=0 胜率=0.0% DD=0.0% | lev=1.50x | 0.0s
2026-08-03 23:11:46,440 [INFO] ========== ZT回测 2025-12-01→2026-07-31 | top=2 board=all entry=close_t0 sample=300 ==========
2026-08-03 23:11:47,928 [INFO] HS300 regime 预计算: 365 天 (bull=203 bear=41 crash=62 unknown=59)
2026-08-03 23:11:47,929 [INFO]   进度 20/162 | trades=0 | skip=6 | 1.5s
2026-08-03 23:11:47,930 [INFO]   进度 40/162 | trades=0 | skip=8 | 1.5s
2026-08-03 23:11:47,931 [INFO]   进度 60/162 | trades=0 | skip=18 | 1.5s
2026-08-03 23:11:47,931 [INFO]   进度 80/162 | trades=0 | skip=36 | 1.5s
2026-08-03 23:11:47,932 [INFO]   进度 100/162 | trades=0 | skip=40 | 1.5s
2026-08-03 23:11:47,933 [INFO]   进度 120/162 | trades=0 | skip=43 | 1.5s
2026-08-03 23:11:47,935 [INFO]   进度 140/162 | trades=0 | skip=50 | 1.5s
2026-08-03 23:11:47,935 [INFO]   进度 160/162 | trades=0 | skip=69 | 1.5s
2026-08-03 23:11:47,936 [INFO] ========== ZT回测完成 | trades=0 | fill_rate=35% | 1.5s ==========
2026-08-03 23:11:47,936 [WARNING]   无任何交易产生！
2026-08-03 23:11:47,936 [INFO]   score=-1000.0 | 月复利=0.0% | 笔数=0 胜率=0.0% DD=0.0% | lev=1.00x | 1.5s
2026-08-03 23:11:47,936 [INFO] ========== ZT回测 2025-12-01→2026-07-31 | top=3 board=main entry=close_t0 sample=300 ==========
2026-08-03 23:11:47,937 [INFO]   进度 20/162 | trades=0 | skip=0 | 0.0s
2026-08-03 23:11:47,938 [INFO]   进度 40/162 | trades=0 | skip=0 | 0.0s
2026-08-03 23:11:47,939 [INFO]   进度 60/162 | trades=0 | skip=0 | 0.0s
2026-08-03 23:11:47,939 [INFO]   进度 80/162 | trades=0 | skip=0 | 0.0s
2026-08-03 23:11:47,939 [INFO]   进度 100/162 | trades=0 | skip=0 | 0.0s
2026-08-03 23:11:47,940 [INFO]   进度 120/162 | trades=0 | skip=0 | 0.0s
2026-08-03 23:11:47,941 [INFO]   进度 140/162 | trades=0 | skip=0 | 0.0s
2026-08-03 23:11:47,941 [INFO]   进度 160/162 | trades=0 | skip=0 | 0.0s
2026-08-03 23:11:47,941 [INFO] ========== ZT回测完成 | trades=0 | fill_rate=100% | 0.0s ==========
2026-08-03 23:11:47,941 [WARNING]   无任何交易产生！
2026-08-03 23:11:47,941 [INFO]   score=-1000.0 | 月复利=0.0% | 笔数=0 胜率=0.0% DD=0.0% | lev=2.00x | 0.0s
2026-08-03 23:11:47,942 [INFO] ========== ZT回测 2025-12-01→2026-07-31 | top=3 board=all entry=open_t1 sample=300 ==========
2026-08-03 23:11:49,333 [INFO] HS300 regime 预计算: 365 天 (bull=203 bear=41 crash=62 unknown=59)
2026-08-03 23:11:49,333 [INFO]   进度 20/162 | trades=0 | skip=6 | 1.4s
2026-08-03 23:11:49,335 [INFO]   进度 40/162 | trades=0 | skip=8 | 1.4s
2026-08-03 23:11:49,335 [INFO]   进度 60/162 | trades=0 | skip=18 | 1.4s
2026-08-03 23:11:49,335 [INFO]   进度 80/162 | trades=0 | skip=36 | 1.4s
2026-08-03 23:11:49,336 [INFO]   进度 100/162 | trades=0 | skip=40 | 1.4s
2026-08-03 23:11:49,337 [INFO]   进度 120/162 | trades=0 | skip=43 | 1.4s
2026-08-03 23:11:49,339 [INFO]   进度 140/162 | trades=0 | skip=50 | 1.4s
2026-08-03 23:11:49,339 [INFO]   进度 160/162 | trades=0 | skip=69 | 1.4s
2026-08-03 23:11:49,339 [INFO] ========== ZT回测完成 | trades=0 | fill_rate=40% | 1.4s ==========
2026-08-03 23:11:49,339 [WARNING]   无任何交易产生！
2026-08-03 23:11:49,339 [INFO]   score=-1000.0 | 月复利=0.0% | 笔数=0 胜率=0.0% DD=0.0% | lev=1.25x | 1.4s
2026-08-03 23:11:49,339 [INFO] ========== ZT回测 2025-12-01→2026-07-31 | top=1 board=gem+star entry=close_t0 sample=300 ==========
2026-08-03 23:11:49,339 [INFO]   进度 20/162 | trades=0 | skip=0 | 0.0s
2026-08-03 23:11:49,340 [INFO]   进度 40/162 | trades=0 | skip=0 | 0.0s
2026-08-03 23:11:49,340 [INFO]   进度 60/162 | trades=0 | skip=0 | 0.0s
2026-08-03 23:11:49,341 [INFO]   进度 80/162 | trades=0 | skip=0 | 0.0s
2026-08-03 23:11:49,342 [INFO]   进度 100/162 | trades=0 | skip=0 | 0.0s
2026-08-03 23:11:49,343 [INFO]   进度 120/162 | trades=0 | skip=0 | 0.0s
2026-08-03 23:11:49,344 [INFO]   进度 140/162 | trades=0 | skip=0 | 0.0s
2026-08-03 23:11:49,345 [INFO]   进度 160/162 | trades=0 | skip=0 | 0.0s
2026-08-03 23:11:49,345 [INFO] ========== ZT回测完成 | trades=0 | fill_rate=40% | 0.0s ==========
2026-08-03 23:11:49,346 [WARNING]   无任何交易产生！
2026-08-03 23:11:49,346 [INFO]   score=-1000.0 | 月复利=0.0% | 笔数=0 胜率=0.0% DD=0.0% | lev=1.75x | 0.0s
2026-08-03 23:11:49,346 [INFO] ========== ZT回测 2025-12-01→2026-07-31 | top=1 board=main entry=close_t0 sample=300 ==========
2026-08-03 23:11:50,794 [INFO] HS300 regime 预计算: 365 天 (bull=203 bear=41 crash=62 unknown=59)
2026-08-03 23:11:50,795 [INFO]   进度 20/162 | trades=0 | skip=6 | 1.4s
2026-08-03 23:11:50,795 [INFO]   进度 40/162 | trades=0 | skip=8 | 1.4s
2026-08-03 23:11:50,795 [INFO]   进度 60/162 | trades=0 | skip=18 | 1.4s
2026-08-03 23:11:50,795 [INFO]   进度 80/162 | trades=0 | skip=36 | 1.4s
2026-08-03 23:11:50,796 [INFO]   进度 100/162 | trades=0 | skip=40 | 1.4s
2026-08-03 23:11:50,796 [INFO]   进度 120/162 | trades=0 | skip=43 | 1.5s
2026-08-03 23:11:50,796 [INFO]   进度 140/162 | trades=0 | skip=50 | 1.5s
2026-08-03 23:11:50,797 [INFO]   进度 160/162 | trades=0 | skip=69 | 1.5s
2026-08-03 23:11:50,797 [INFO] ========== ZT回测完成 | trades=0 | fill_rate=40% | 1.5s ==========
2026-08-03 23:11:50,797 [WARNING]   无任何交易产生！
2026-08-03 23:11:50,797 [INFO]   score=-1000.0 | 月复利=0.0% | 笔数=0 胜率=0.0% DD=0.0% | lev=1.50x | 1.5s
2026-08-03 23:11:50,797 [INFO] ========== ZT回测 2025-12-01→2026-07-31 | top=2 board=main entry=close_t0 sample=300 ==========
2026-08-03 23:11:50,797 [INFO]   进度 20/162 | trades=0 | skip=0 | 0.0s
2026-08-03 23:11:50,798 [INFO]   进度 40/162 | trades=0 | skip=0 | 0.0s
2026-08-03 23:11:50,798 [INFO]   进度 60/162 | trades=0 | skip=0 | 0.0s
2026-08-03 23:11:50,799 [INFO]   进度 80/162 | trades=0 | skip=0 | 0.0s
2026-08-03 23:11:50,801 [INFO]   进度 100/162 | trades=0 | skip=0 | 0.0s
2026-08-03 23:11:50,804 [INFO]   进度 120/162 | trades=0 | skip=0 | 0.0s
2026-08-03 23:11:50,805 [INFO]   进度 140/162 | trades=0 | skip=0 | 0.0s
2026-08-03 23:11:50,806 [INFO]   进度 160/162 | trades=0 | skip=0 | 0.0s
2026-08-03 23:11:50,806 [INFO] ========== ZT回测完成 | trades=0 | fill_rate=25% | 0.0s ==========
2026-08-03 23:11:50,806 [WARNING]   无任何交易产生！
2026-08-03 23:11:50,806 [INFO]   score=-1000.0 | 月复利=0.0% | 笔数=0 胜率=0.0% DD=0.0% | lev=1.50x | 0.0s
2026-08-03 23:11:50,806 [INFO] ========== ZT回测 2025-12-01→2026-07-31 | top=2 board=main entry=open_t1 sample=300 ==========
2026-08-03 23:11:52,165 [INFO] HS300 regime 预计算: 365 天 (bull=203 bear=41 crash=62 unknown=59)
2026-08-03 23:11:52,166 [INFO]   进度 20/162 | trades=0 | skip=6 | 1.4s
2026-08-03 23:11:52,167 [INFO]   进度 40/162 | trades=0 | skip=8 | 1.4s
2026-08-03 23:11:52,168 [INFO]   进度 60/162 | trades=0 | skip=18 | 1.4s
2026-08-03 23:11:52,168 [INFO]   进度 80/162 | trades=0 | skip=36 | 1.4s
2026-08-03 23:11:52,169 [INFO]   进度 100/162 | trades=0 | skip=40 | 1.4s
2026-08-03 23:11:52,170 [INFO]   进度 120/162 | trades=0 | skip=43 | 1.4s
2026-08-03 23:11:52,171 [INFO]   进度 140/162 | trades=0 | skip=50 | 1.4s
2026-08-03 23:11:52,171 [INFO]   进度 160/162 | trades=0 | skip=69 | 1.4s
2026-08-03 23:11:52,171 [INFO] ========== ZT回测完成 | trades=0 | fill_rate=50% | 1.4s ==========
2026-08-03 23:11:52,171 [WARNING]   无任何交易产生！
2026-08-03 23:11:52,171 [INFO]   score=-1000.0 | 月复利=0.0% | 笔数=0 胜率=0.0% DD=0.0% | lev=1.50x | 1.4s
2026-08-03 23:11:52,171 [INFO] ========== ZT回测 2025-12-01→2026-07-31 | top=3 board=main entry=open_t1 sample=300 ==========
2026-08-03 23:11:52,172 [INFO]   进度 20/162 | trades=0 | skip=0 | 0.0s
2026-08-03 23:11:52,173 [INFO]   进度 40/162 | trades=0 | skip=0 | 0.0s
2026-08-03 23:11:52,174 [INFO]   进度 60/162 | trades=0 | skip=0 | 0.0s
2026-08-03 23:11:52,174 [INFO]   进度 80/162 | trades=0 | skip=0 | 0.0s
2026-08-03 23:11:52,175 [INFO]   进度 100/162 | trades=0 | skip=0 | 0.0s
2026-08-03 23:11:52,178 [INFO]   进度 120/162 | trades=0 | skip=0 | 0.0s
2026-08-03 23:11:52,179 [INFO]   进度 140/162 | trades=0 | skip=0 | 0.0s
2026-08-03 23:11:52,181 [INFO]   进度 160/162 | trades=0 | skip=0 | 0.0s
2026-08-03 23:11:52,181 [INFO] ========== ZT回测完成 | trades=0 | fill_rate=100% | 0.0s ==========
2026-08-03 23:11:52,181 [WARNING]   无任何交易产生！
2026-08-03 23:11:52,181 [INFO]   score=-1000.0 | 月复利=0.0% | 笔数=0 胜率=0.0% DD=0.0% | lev=2.00x | 0.0s
2026-08-03 23:11:52,181 [INFO] ========== ZT回测 2025-12-01→2026-07-31 | top=5 board=gem+star entry=close_t0 sample=300 ==========
2026-08-03 23:11:53,570 [INFO] HS300 regime 预计算: 365 天 (bull=203 bear=41 crash=62 unknown=59)
2026-08-03 23:11:53,614 [INFO]   进度 20/162 | trades=61 | skip=6 | 1.4s
2026-08-03 23:11:53,680 [INFO]   进度 40/162 | trades=148 | skip=8 | 1.5s
2026-08-03 23:11:53,715 [INFO]   进度 60/162 | trades=195 | skip=18 | 1.5s
2026-08-03 23:11:53,722 [INFO]   进度 80/162 | trades=204 | skip=36 | 1.5s
2026-08-03 23:11:53,763 [INFO]   进度 100/162 | trades=267 | skip=40 | 1.6s
2026-08-03 23:11:53,816 [INFO]   进度 120/162 | trades=346 | skip=43 | 1.6s
2026-08-03 23:11:53,856 [INFO]   进度 140/162 | trades=400 | skip=50 | 1.7s
2026-08-03 23:11:53,860 [INFO]   进度 160/162 | trades=405 | skip=69 | 1.7s
2026-08-03 23:11:53,860 [INFO] ========== ZT回测完成 | trades=405 | fill_rate=30% | 1.7s ==========
2026-08-03 23:11:54,007 [INFO]   笔数=405 | 胜率=86.9% | 平均=1.21% | 日均=139.61% | 总收益=12564.8% | 最大回撤=-8.2%
2026-08-03 23:11:54,007 [INFO]   [best      ] n=405 胜率=87.4% 平均=2.76% 累计=5546707.0%
2026-08-03 23:11:54,007 [INFO]   [close_t1  ] n=405 胜率=62.5% 平均=0.28% 累计=179.2%
2026-08-03 23:11:54,007 [INFO]   [close_t2  ] n=405 胜率=55.3% 平均=0.73% 累计=1406.6%
2026-08-03 23:11:54,007 [INFO]   [close_t3  ] n=404 胜率=55.2% 平均=1.00% 累计=3512.4%
2026-08-03 23:11:54,007 [INFO]   [gap_t1    ] n=405 胜率=62.5% 平均=0.47% 累计=550.0%
2026-08-03 23:11:54,007 [INFO]   [open_t2   ] n=405 胜率=56.5% 平均=0.73% 累计=1454.4%
2026-08-03 23:11:54,007 [INFO]   [stop_t1   ] n=60 胜率=0.0% 平均=-3.88% 累计=-90.7%
2026-08-03 23:11:54,007 [INFO]   [trail_t2  ] n=326 胜率=89.3% 平均=1.20% 累计=4746.5%
2026-08-03 23:11:54,007 [INFO]   score=5.4 | 月复利=3.4% | 笔数=405 胜率=86.9% DD=-0.4% | lev=1.25x | 1.8s
2026-08-03 23:11:54,007 [INFO] ========== ZT回测 2025-12-01→2026-07-31 | top=3 board=main entry=close_t0 sample=300 ==========
2026-08-03 23:11:55,714 [INFO] HS300 regime 预计算: 365 天 (bull=203 bear=41 crash=62 unknown=59)
2026-08-03 23:11:55,715 [INFO]   进度 20/162 | trades=0 | skip=6 | 1.7s
2026-08-03 23:11:55,716 [INFO]   进度 40/162 | trades=0 | skip=8 | 1.7s
2026-08-03 23:11:55,717 [INFO]   进度 60/162 | trades=0 | skip=18 | 1.7s
2026-08-03 23:11:55,717 [INFO]   进度 80/162 | trades=0 | skip=36 | 1.7s
2026-08-03 23:11:55,718 [INFO]   进度 100/162 | trades=0 | skip=40 | 1.7s
2026-08-03 23:11:55,718 [INFO]   进度 120/162 | trades=0 | skip=43 | 1.7s
2026-08-03 23:11:55,719 [INFO]   进度 140/162 | trades=0 | skip=50 | 1.7s
2026-08-03 23:11:55,719 [INFO]   进度 160/162 | trades=0 | skip=69 | 1.7s
2026-08-03 23:11:55,720 [INFO] ========== ZT回测完成 | trades=0 | fill_rate=50% | 1.7s ==========
2026-08-03 23:11:55,720 [WARNING]   无任何交易产生！
2026-08-03 23:11:55,720 [INFO]   score=-1000.0 | 月复利=0.0% | 笔数=0 胜率=0.0% DD=0.0% | lev=1.75x | 1.7s
2026-08-03 23:11:55,720 [INFO] ========== ZT回测 2025-12-01→2026-07-31 | top=1 board=all entry=open_t1 sample=300 ==========
2026-08-03 23:11:55,721 [INFO]   进度 20/162 | trades=0 | skip=0 | 0.0s
2026-08-03 23:11:55,722 [INFO]   进度 40/162 | trades=0 | skip=0 | 0.0s
2026-08-03 23:11:55,723 [INFO]   进度 60/162 | trades=0 | skip=0 | 0.0s
2026-08-03 23:11:55,724 [INFO]   进度 80/162 | trades=0 | skip=0 | 0.0s
2026-08-03 23:11:55,725 [INFO]   进度 100/162 | trades=0 | skip=0 | 0.0s
2026-08-03 23:11:55,727 [INFO]   进度 120/162 | trades=0 | skip=0 | 0.0s
2026-08-03 23:11:55,729 [INFO]   进度 140/162 | trades=0 | skip=0 | 0.0s
2026-08-03 23:11:55,730 [INFO]   进度 160/162 | trades=0 | skip=0 | 0.0s
2026-08-03 23:11:55,730 [INFO] ========== ZT回测完成 | trades=0 | fill_rate=50% | 0.0s ==========
2026-08-03 23:11:55,730 [WARNING]   无任何交易产生！
2026-08-03 23:11:55,730 [INFO]   score=-1000.0 | 月复利=0.0% | 笔数=0 胜率=0.0% DD=0.0% | lev=2.00x | 0.0s
2026-08-03 23:11:55,730 [INFO] ========== ZT回测 2025-12-01→2026-07-31 | top=2 board=main entry=open_t1 sample=300 ==========
2026-08-03 23:11:57,157 [INFO] HS300 regime 预计算: 365 天 (bull=203 bear=41 crash=62 unknown=59)
2026-08-03 23:11:57,157 [INFO]   进度 20/162 | trades=0 | skip=6 | 1.4s
2026-08-03 23:11:57,158 [INFO]   进度 40/162 | trades=0 | skip=8 | 1.4s
2026-08-03 23:11:57,159 [INFO]   进度 60/162 | trades=0 | skip=18 | 1.4s
2026-08-03 23:11:57,159 [INFO]   进度 80/162 | trades=0 | skip=36 | 1.4s
2026-08-03 23:11:57,160 [INFO]   进度 100/162 | trades=0 | skip=40 | 1.4s
2026-08-03 23:11:57,161 [INFO]   进度 120/162 | trades=0 | skip=43 | 1.4s
2026-08-03 23:11:57,163 [INFO]   进度 140/162 | trades=0 | skip=50 | 1.4s
2026-08-03 23:11:57,163 [INFO]   进度 160/162 | trades=0 | skip=69 | 1.4s
2026-08-03 23:11:57,163 [INFO] ========== ZT回测完成 | trades=0 | fill_rate=100% | 1.4s ==========
2026-08-03 23:11:57,163 [WARNING]   无任何交易产生！
2026-08-03 23:11:57,163 [INFO]   score=-1000.0 | 月复利=0.0% | 笔数=0 胜率=0.0% DD=0.0% | lev=1.25x | 1.4s
2026-08-03 23:11:57,163 [INFO] ========== ZT回测 2025-12-01→2026-07-31 | top=2 board=all entry=open_t1 sample=300 ==========
2026-08-03 23:11:57,164 [INFO]   进度 20/162 | trades=0 | skip=0 | 0.0s
2026-08-03 23:11:57,165 [INFO]   进度 40/162 | trades=0 | skip=0 | 0.0s
2026-08-03 23:11:57,165 [INFO]   进度 60/162 | trades=0 | skip=0 | 0.0s
2026-08-03 23:11:57,166 [INFO]   进度 80/162 | trades=0 | skip=0 | 0.0s
2026-08-03 23:11:57,166 [INFO]   进度 100/162 | trades=0 | skip=0 | 0.0s
2026-08-03 23:11:57,168 [INFO]   进度 120/162 | trades=0 | skip=0 | 0.0s
2026-08-03 23:11:57,169 [INFO]   进度 140/162 | trades=0 | skip=0 | 0.0s
2026-08-03 23:11:57,171 [INFO]   进度 160/162 | trades=0 | skip=0 | 0.0s
2026-08-03 23:11:57,171 [INFO] ========== ZT回测完成 | trades=0 | fill_rate=40% | 0.0s ==========
2026-08-03 23:11:57,171 [WARNING]   无任何交易产生！
2026-08-03 23:11:57,171 [INFO]   score=-1000.0 | 月复利=0.0% | 笔数=0 胜率=0.0% DD=0.0% | lev=2.00x | 0.0s
2026-08-03 23:11:57,171 [INFO] ========== ZT回测 2025-12-01→2026-07-31 | top=1 board=all entry=open_t1 sample=300 ==========
2026-08-03 23:11:58,456 [INFO] HS300 regime 预计算: 365 天 (bull=203 bear=41 crash=62 unknown=59)
2026-08-03 23:11:58,457 [INFO]   进度 20/162 | trades=0 | skip=6 | 1.3s
2026-08-03 23:11:58,458 [INFO]   进度 40/162 | trades=0 | skip=8 | 1.3s
2026-08-03 23:11:58,458 [INFO]   进度 60/162 | trades=0 | skip=18 | 1.3s
2026-08-03 23:11:58,458 [INFO]   进度 80/162 | trades=0 | skip=36 | 1.3s
2026-08-03 23:11:58,459 [INFO]   进度 100/162 | trades=0 | skip=40 | 1.3s
2026-08-03 23:11:58,460 [INFO]   进度 120/162 | trades=0 | skip=43 | 1.3s
2026-08-03 23:11:58,461 [INFO]   进度 140/162 | trades=0 | skip=50 | 1.3s
2026-08-03 23:11:58,461 [INFO]   进度 160/162 | trades=0 | skip=69 | 1.3s
2026-08-03 23:11:58,461 [INFO] ========== ZT回测完成 | trades=0 | fill_rate=50% | 1.3s ==========
2026-08-03 23:11:58,461 [WARNING]   无任何交易产生！
2026-08-03 23:11:58,461 [INFO]   score=-1000.0 | 月复利=0.0% | 笔数=0 胜率=0.0% DD=0.0% | lev=1.25x | 1.3s
2026-08-03 23:11:58,461 [INFO] ========== ZT回测 2025-12-01→2026-07-31 | top=1 board=main entry=open_t1 sample=300 ==========
2026-08-03 23:11:59,747 [INFO] HS300 regime 预计算: 365 天 (bull=203 bear=41 crash=62 unknown=59)
2026-08-03 23:11:59,747 [INFO]   进度 20/162 | trades=0 | skip=6 | 1.3s
2026-08-03 23:11:59,748 [INFO]   进度 40/162 | trades=0 | skip=8 | 1.3s
2026-08-03 23:11:59,748 [INFO]   进度 60/162 | trades=0 | skip=18 | 1.3s
2026-08-03 23:11:59,749 [INFO]   进度 80/162 | trades=0 | skip=36 | 1.3s
2026-08-03 23:11:59,749 [INFO]   进度 100/162 | trades=0 | skip=40 | 1.3s
2026-08-03 23:11:59,750 [INFO]   进度 120/162 | trades=0 | skip=43 | 1.3s
2026-08-03 23:11:59,752 [INFO]   进度 140/162 | trades=0 | skip=50 | 1.3s
2026-08-03 23:11:59,753 [INFO]   进度 160/162 | trades=0 | skip=69 | 1.3s
2026-08-03 23:11:59,753 [INFO] ========== ZT回测完成 | trades=0 | fill_rate=50% | 1.3s ==========
2026-08-03 23:11:59,753 [WARNING]   无任何交易产生！
2026-08-03 23:11:59,753 [INFO]   score=-1000.0 | 月复利=0.0% | 笔数=0 胜率=0.0% DD=0.0% | lev=1.50x | 1.3s
2026-08-03 23:11:59,753 [INFO] ========== ZT回测 2025-12-01→2026-07-31 | top=1 board=main entry=open_t1 sample=300 ==========
2026-08-03 23:11:59,765 [INFO]   进度 20/162 | trades=19 | skip=0 | 0.0s
2026-08-03 23:11:59,785 [INFO]   进度 40/162 | trades=39 | skip=0 | 0.0s
2026-08-03 23:11:59,801 [INFO]   进度 60/162 | trades=59 | skip=0 | 0.0s
2026-08-03 23:11:59,815 [INFO]   进度 80/162 | trades=79 | skip=0 | 0.1s
2026-08-03 23:11:59,829 [INFO]   进度 100/162 | trades=99 | skip=0 | 0.1s
2026-08-03 23:11:59,846 [INFO]   进度 120/162 | trades=119 | skip=0 | 0.1s
2026-08-03 23:11:59,870 [INFO]   进度 140/162 | trades=139 | skip=0 | 0.1s
2026-08-03 23:11:59,886 [INFO]   进度 160/162 | trades=158 | skip=0 | 0.1s
2026-08-03 23:11:59,887 [INFO] ========== ZT回测完成 | trades=160 | fill_rate=35% | 0.1s ==========
2026-08-03 23:12:00,064 [INFO]   笔数=160 | 胜率=58.1% | 平均=0.13% | 日均=0.06% | 总收益=9.2% | 最大回撤=-38.4%
2026-08-03 23:12:00,064 [INFO]   [best      ] n=160 胜率=75.0% 平均=1.62% 累计=1153.4%
2026-08-03 23:12:00,064 [INFO]   [close_t1  ] n=160 胜率=26.9% 平均=-1.32% 累计=-88.7%
2026-08-03 23:12:00,064 [INFO]   [close_t2  ] n=158 胜率=36.7% 平均=-1.14% 累计=-85.0%
2026-08-03 23:12:00,064 [INFO]   [close_t3  ] n=157 胜率=35.0% 平均=-1.06% 累计=-83.8%
2026-08-03 23:12:00,064 [INFO]   [gap_t1    ] n=160 胜率=0.0% 平均=0.00% 累计=0.0%
2026-08-03 23:12:00,064 [INFO]   [open_t2   ] n=158 胜率=34.2% 平均=-1.31% 累计=-88.7%
2026-08-03 23:12:00,064 [INFO]   [stop_t1   ] n=103 胜率=0.0% 平均=-3.85% 累计=-98.2%
2026-08-03 23:12:00,064 [INFO]   [trail_t2  ] n=63 胜率=98.4% 平均=3.32% 累计=675.0%
2026-08-03 23:12:00,064 [INFO]   score=1.2 | 月复利=2.5% | 笔数=160 胜率=58.1% DD=-45.7% | lev=1.25x | 0.3s
2026-08-03 23:12:00,064 [INFO] ========== ZT回测 2025-12-01→2026-07-31 | top=3 board=main entry=open_t1 sample=300 ==========
2026-08-03 23:12:01,438 [INFO] HS300 regime 预计算: 365 天 (bull=203 bear=41 crash=62 unknown=59)
2026-08-03 23:12:01,439 [INFO]   进度 20/162 | trades=0 | skip=6 | 1.4s
2026-08-03 23:12:01,439 [INFO]   进度 40/162 | trades=0 | skip=8 | 1.4s
2026-08-03 23:12:01,439 [INFO]   进度 60/162 | trades=0 | skip=18 | 1.4s
2026-08-03 23:12:01,439 [INFO]   进度 80/162 | trades=0 | skip=36 | 1.4s
2026-08-03 23:12:01,439 [INFO]   进度 100/162 | trades=0 | skip=40 | 1.4s
2026-08-03 23:12:01,440 [INFO]   进度 120/162 | trades=0 | skip=43 | 1.4s
2026-08-03 23:12:01,440 [INFO]   进度 140/162 | trades=0 | skip=50 | 1.4s
2026-08-03 23:12:01,440 [INFO]   进度 160/162 | trades=0 | skip=69 | 1.4s
2026-08-03 23:12:01,440 [INFO] ========== ZT回测完成 | trades=0 | fill_rate=50% | 1.4s ==========
2026-08-03 23:12:01,440 [WARNING]   无任何交易产生！
2026-08-03 23:12:01,440 [INFO]   score=-1000.0 | 月复利=0.0% | 笔数=0 胜率=0.0% DD=0.0% | lev=1.00x | 1.4s
2026-08-03 23:12:01,440 [INFO] ========== ZT回测 2025-12-01→2026-07-31 | top=3 board=all entry=close_t0 sample=300 ==========
2026-08-03 23:12:02,908 [INFO] HS300 regime 预计算: 365 天 (bull=203 bear=41 crash=62 unknown=59)
2026-08-03 23:12:02,934 [INFO]   进度 20/162 | trades=37 | skip=6 | 1.5s
2026-08-03 23:12:03,013 [INFO]   进度 40/162 | trades=89 | skip=8 | 1.6s
2026-08-03 23:12:03,056 [INFO]   进度 60/162 | trades=115 | skip=18 | 1.6s
2026-08-03 23:12:03,063 [INFO]   进度 80/162 | trades=120 | skip=36 | 1.6s
2026-08-03 23:12:03,111 [INFO]   进度 100/162 | trades=150 | skip=40 | 1.7s
2026-08-03 23:12:03,178 [INFO]   进度 120/162 | trades=193 | skip=43 | 1.7s
2026-08-03 23:12:03,233 [INFO]   进度 140/162 | trades=222 | skip=50 | 1.8s
2026-08-03 23:12:03,236 [INFO]   进度 160/162 | trades=224 | skip=69 | 1.8s
2026-08-03 23:12:03,237 [INFO] ========== ZT回测完成 | trades=224 | fill_rate=35% | 1.8s ==========
2026-08-03 23:12:03,432 [INFO]   笔数=224 | 胜率=88.0% | 平均=1.51% | 日均=30.80% | 总收益=2679.3% | 最大回撤=-9.3%
2026-08-03 23:12:03,432 [INFO]   [best      ] n=224 胜率=88.8% 平均=3.54% 累计=226374.7%
2026-08-03 23:12:03,433 [INFO]   [close_t1  ] n=224 胜率=66.5% 平均=0.48% 累计=174.6%
2026-08-03 23:12:03,433 [INFO]   [close_t2  ] n=224 胜率=59.4% 平均=1.12% 累计=890.7%
2026-08-03 23:12:03,433 [INFO]   [close_t3  ] n=224 胜率=55.8% 平均=1.44% 累计=1612.9%
2026-08-03 23:12:03,433 [INFO]   [gap_t1    ] n=224 胜率=65.2% 平均=0.63% 累计=295.4%
2026-08-03 23:12:03,433 [INFO]   [open_t2   ] n=224 胜率=60.7% 平均=1.01% 累计=687.4%
2026-08-03 23:12:03,433 [INFO]   [stop_t1   ] n=36 胜率=0.0% 平均=-4.54% 累计=-81.3%
2026-08-03 23:12:03,433 [INFO]   [trail_t2  ] n=188 胜率=97.3% 平均=1.98% 累计=3902.1%
2026-08-03 23:12:03,433 [INFO]   score=11.5 | 月复利=7.2% | 笔数=224 胜率=88.0% DD=-1.0% | lev=1.25x | 2.0s
2026-08-03 23:12:03,433 [INFO] ========== ZT回测 2025-12-01→2026-07-31 | top=5 board=all entry=close_t0 sample=300 ==========
2026-08-03 23:12:04,813 [INFO] HS300 regime 预计算: 365 天 (bull=203 bear=41 crash=62 unknown=59)
2026-08-03 23:12:04,814 [INFO]   进度 20/162 | trades=0 | skip=6 | 1.4s
2026-08-03 23:12:04,814 [INFO]   进度 40/162 | trades=0 | skip=8 | 1.4s
2026-08-03 23:12:04,815 [INFO]   进度 60/162 | trades=0 | skip=18 | 1.4s
2026-08-03 23:12:04,815 [INFO]   进度 80/162 | trades=0 | skip=36 | 1.4s
2026-08-03 23:12:04,815 [INFO]   进度 100/162 | trades=0 | skip=40 | 1.4s
2026-08-03 23:12:04,816 [INFO]   进度 120/162 | trades=0 | skip=43 | 1.4s
2026-08-03 23:12:04,818 [INFO]   进度 140/162 | trades=0 | skip=50 | 1.4s
2026-08-03 23:12:04,818 [INFO]   进度 160/162 | trades=0 | skip=69 | 1.4s
2026-08-03 23:12:04,818 [INFO] ========== ZT回测完成 | trades=0 | fill_rate=30% | 1.4s ==========
2026-08-03 23:12:04,818 [WARNING]   无任何交易产生！
2026-08-03 23:12:04,818 [INFO]   score=-1000.0 | 月复利=0.0% | 笔数=0 胜率=0.0% DD=0.0% | lev=1.75x | 1.4s
2026-08-03 23:12:04,818 [INFO] ========== ZT回测 2025-12-01→2026-07-31 | top=1 board=gem+star entry=open_t1 sample=300 ==========
2026-08-03 23:12:06,647 [INFO] HS300 regime 预计算: 365 天 (bull=203 bear=41 crash=62 unknown=59)
2026-08-03 23:12:06,648 [INFO]   进度 20/162 | trades=0 | skip=6 | 1.8s
2026-08-03 23:12:06,649 [INFO]   进度 40/162 | trades=0 | skip=8 | 1.8s
2026-08-03 23:12:06,650 [INFO]   进度 60/162 | trades=0 | skip=18 | 1.8s
2026-08-03 23:12:06,651 [INFO]   进度 80/162 | trades=0 | skip=36 | 1.8s
2026-08-03 23:12:06,652 [INFO]   进度 100/162 | trades=0 | skip=40 | 1.8s
2026-08-03 23:12:06,654 [INFO]   进度 120/162 | trades=0 | skip=43 | 1.8s
2026-08-03 23:12:06,655 [INFO]   进度 140/162 | trades=0 | skip=50 | 1.8s
2026-08-03 23:12:06,656 [INFO]   进度 160/162 | trades=0 | skip=69 | 1.8s
2026-08-03 23:12:06,656 [INFO] ========== ZT回测完成 | trades=0 | fill_rate=40% | 1.8s ==========
2026-08-03 23:12:06,656 [WARNING]   无任何交易产生！
2026-08-03 23:12:06,656 [INFO]   score=-1000.0 | 月复利=0.0% | 笔数=0 胜率=0.0% DD=0.0% | lev=1.25x | 1.8s
2026-08-03 23:12:06,656 [INFO] ========== ZT回测 2025-12-01→2026-07-31 | top=1 board=all entry=open_t1 sample=300 ==========
2026-08-03 23:12:06,657 [INFO]   进度 20/162 | trades=0 | skip=0 | 0.0s
2026-08-03 23:12:06,658 [INFO]   进度 40/162 | trades=0 | skip=0 | 0.0s
2026-08-03 23:12:06,660 [INFO]   进度 60/162 | trades=0 | skip=0 | 0.0s
2026-08-03 23:12:06,661 [INFO]   进度 80/162 | trades=0 | skip=0 | 0.0s
2026-08-03 23:12:06,662 [INFO]   进度 100/162 | trades=0 | skip=0 | 0.0s
2026-08-03 23:12:06,663 [INFO]   进度 120/162 | trades=0 | skip=0 | 0.0s
2026-08-03 23:12:06,664 [INFO]   进度 140/162 | trades=0 | skip=0 | 0.0s
2026-08-03 23:12:06,665 [INFO]   进度 160/162 | trades=0 | skip=0 | 0.0s
2026-08-03 23:12:06,665 [INFO] ========== ZT回测完成 | trades=0 | fill_rate=35% | 0.0s ==========
2026-08-03 23:12:06,665 [WARNING]   无任何交易产生！
2026-08-03 23:12:06,665 [INFO]   score=-1000.0 | 月复利=0.0% | 笔数=0 胜率=0.0% DD=0.0% | lev=1.25x | 0.0s
2026-08-03 23:12:06,665 [INFO] ========== ZT回测 2025-12-01→2026-07-31 | top=3 board=all entry=close_t0 sample=300 ==========
2026-08-03 23:12:08,085 [INFO] HS300 regime 预计算: 365 天 (bull=203 bear=41 crash=62 unknown=59)
2026-08-03 23:12:08,085 [INFO]   进度 20/162 | trades=0 | skip=6 | 1.4s
2026-08-03 23:12:08,086 [INFO]   进度 40/162 | trades=0 | skip=8 | 1.4s
2026-08-03 23:12:08,087 [INFO]   进度 60/162 | trades=0 | skip=18 | 1.4s
2026-08-03 23:12:08,087 [INFO]   进度 80/162 | trades=0 | skip=36 | 1.4s
2026-08-03 23:12:08,088 [INFO]   进度 100/162 | trades=0 | skip=40 | 1.4s
2026-08-03 23:12:08,088 [INFO]   进度 120/162 | trades=0 | skip=43 | 1.4s
2026-08-03 23:12:08,089 [INFO]   进度 140/162 | trades=0 | skip=50 | 1.4s
2026-08-03 23:12:08,089 [INFO]   进度 160/162 | trades=0 | skip=69 | 1.4s
2026-08-03 23:12:08,089 [INFO] ========== ZT回测完成 | trades=0 | fill_rate=100% | 1.4s ==========
2026-08-03 23:12:08,089 [WARNING]   无任何交易产生！
2026-08-03 23:12:08,089 [INFO]   score=-1000.0 | 月复利=0.0% | 笔数=0 胜率=0.0% DD=0.0% | lev=1.50x | 1.4s
2026-08-03 23:12:08,089 [INFO] ========== ZT回测 2025-12-01→2026-07-31 | top=5 board=all entry=open_t1 sample=300 ==========
2026-08-03 23:12:09,602 [INFO] HS300 regime 预计算: 365 天 (bull=203 bear=41 crash=62 unknown=59)
2026-08-03 23:12:09,603 [INFO]   进度 20/162 | trades=0 | skip=6 | 1.5s
2026-08-03 23:12:09,604 [INFO]   进度 40/162 | trades=0 | skip=8 | 1.5s
2026-08-03 23:12:09,605 [INFO]   进度 60/162 | trades=0 | skip=18 | 1.5s
2026-08-03 23:12:09,605 [INFO]   进度 80/162 | trades=0 | skip=36 | 1.5s
2026-08-03 23:12:09,607 [INFO]   进度 100/162 | trades=0 | skip=40 | 1.5s
2026-08-03 23:12:09,608 [INFO]   进度 120/162 | trades=0 | skip=43 | 1.5s
2026-08-03 23:12:09,610 [INFO]   进度 140/162 | trades=0 | skip=50 | 1.5s
2026-08-03 23:12:09,610 [INFO]   进度 160/162 | trades=0 | skip=69 | 1.5s
2026-08-03 23:12:09,610 [INFO] ========== ZT回测完成 | trades=0 | fill_rate=30% | 1.5s ==========
2026-08-03 23:12:09,610 [WARNING]   无任何交易产生！
2026-08-03 23:12:09,610 [INFO]   score=-1000.0 | 月复利=0.0% | 笔数=0 胜率=0.0% DD=0.0% | lev=1.00x | 1.5s
2026-08-03 23:12:09,610 [INFO] ========== ZT回测 2025-12-01→2026-07-31 | top=3 board=gem+star entry=open_t1 sample=300 ==========
2026-08-03 23:12:12,370 [INFO] HS300 regime 预计算: 365 天 (bull=203 bear=41 crash=62 unknown=59)
2026-08-03 23:12:12,371 [INFO]   进度 20/162 | trades=0 | skip=6 | 2.8s
2026-08-03 23:12:12,372 [INFO]   进度 40/162 | trades=0 | skip=8 | 2.8s
2026-08-03 23:12:12,373 [INFO]   进度 60/162 | trades=0 | skip=18 | 2.8s
2026-08-03 23:12:12,373 [INFO]   进度 80/162 | trades=0 | skip=36 | 2.8s
2026-08-03 23:12:12,373 [INFO]   进度 100/162 | trades=0 | skip=40 | 2.8s
2026-08-03 23:12:12,374 [INFO]   进度 120/162 | trades=0 | skip=43 | 2.8s
2026-08-03 23:12:12,375 [INFO]   进度 140/162 | trades=0 | skip=50 | 2.8s
2026-08-03 23:12:12,376 [INFO]   进度 160/162 | trades=0 | skip=69 | 2.8s
2026-08-03 23:12:12,376 [INFO] ========== ZT回测完成 | trades=0 | fill_rate=20% | 2.8s ==========
2026-08-03 23:12:12,376 [WARNING]   无任何交易产生！
2026-08-03 23:12:12,376 [INFO]   score=-1000.0 | 月复利=0.0% | 笔数=0 胜率=0.0% DD=0.0% | lev=1.25x | 2.8s
2026-08-03 23:12:12,376 [INFO] ========== ZT回测 2025-12-01→2026-07-31 | top=5 board=gem+star entry=close_t0 sample=300 ==========
2026-08-03 23:12:14,023 [INFO] HS300 regime 预计算: 365 天 (bull=203 bear=41 crash=62 unknown=59)
2026-08-03 23:12:14,024 [INFO]   进度 20/162 | trades=0 | skip=6 | 1.6s
2026-08-03 23:12:14,026 [INFO]   进度 40/162 | trades=0 | skip=8 | 1.6s
2026-08-03 23:12:14,026 [INFO]   进度 60/162 | trades=0 | skip=18 | 1.7s
2026-08-03 23:12:14,027 [INFO]   进度 80/162 | trades=0 | skip=36 | 1.7s
2026-08-03 23:12:14,028 [INFO]   进度 100/162 | trades=0 | skip=40 | 1.7s
2026-08-03 23:12:14,029 [INFO]   进度 120/162 | trades=0 | skip=43 | 1.7s
2026-08-03 23:12:14,030 [INFO]   进度 140/162 | trades=0 | skip=50 | 1.7s
2026-08-03 23:12:14,030 [INFO]   进度 160/162 | trades=0 | skip=69 | 1.7s
2026-08-03 23:12:14,030 [INFO] ========== ZT回测完成 | trades=0 | fill_rate=40% | 1.7s ==========
2026-08-03 23:12:14,030 [WARNING]   无任何交易产生！
2026-08-03 23:12:14,030 [INFO]   score=-1000.0 | 月复利=0.0% | 笔数=0 胜率=0.0% DD=0.0% | lev=2.00x | 1.7s
2026-08-03 23:12:14,030 [INFO] ========== ZT回测 2025-12-01→2026-07-31 | top=2 board=all entry=open_t1 sample=300 ==========
2026-08-03 23:12:15,537 [INFO] HS300 regime 预计算: 365 天 (bull=203 bear=41 crash=62 unknown=59)
2026-08-03 23:12:15,538 [INFO]   进度 20/162 | trades=0 | skip=6 | 1.5s
2026-08-03 23:12:15,538 [INFO]   进度 40/162 | trades=0 | skip=8 | 1.5s
2026-08-03 23:12:15,538 [INFO]   进度 60/162 | trades=0 | skip=18 | 1.5s
2026-08-03 23:12:15,538 [INFO]   进度 80/162 | trades=0 | skip=36 | 1.5s
2026-08-03 23:12:15,539 [INFO]   进度 100/162 | trades=0 | skip=40 | 1.5s
2026-08-03 23:12:15,539 [INFO]   进度 120/162 | trades=0 | skip=43 | 1.5s
2026-08-03 23:12:15,540 [INFO]   进度 140/162 | trades=0 | skip=50 | 1.5s
2026-08-03 23:12:15,540 [INFO]   进度 160/162 | trades=0 | skip=69 | 1.5s
2026-08-03 23:12:15,540 [INFO] ========== ZT回测完成 | trades=0 | fill_rate=20% | 1.5s ==========
2026-08-03 23:12:15,540 [WARNING]   无任何交易产生！
2026-08-03 23:12:15,540 [INFO]   score=-1000.0 | 月复利=0.0% | 笔数=0 胜率=0.0% DD=0.0% | lev=1.25x | 1.5s
2026-08-03 23:12:15,543 [INFO] ========== ZT回测 2025-12-01→2026-07-31 | top=1 board=gem+star entry=open_t1 sample=300 ==========
2026-08-03 23:12:17,005 [INFO] HS300 regime 预计算: 365 天 (bull=203 bear=41 crash=62 unknown=59)
2026-08-03 23:12:17,006 [INFO]   进度 20/162 | trades=0 | skip=6 | 1.5s
2026-08-03 23:12:17,006 [INFO]   进度 40/162 | trades=0 | skip=8 | 1.5s
2026-08-03 23:12:17,007 [INFO]   进度 60/162 | trades=0 | skip=18 | 1.5s
2026-08-03 23:12:17,007 [INFO]   进度 80/162 | trades=0 | skip=36 | 1.5s
2026-08-03 23:12:17,008 [INFO]   进度 100/162 | trades=0 | skip=40 | 1.5s
2026-08-03 23:12:17,010 [INFO]   进度 120/162 | trades=0 | skip=43 | 1.5s
2026-08-03 23:12:17,011 [INFO]   进度 140/162 | trades=0 | skip=50 | 1.5s
2026-08-03 23:12:17,012 [INFO]   进度 160/162 | trades=0 | skip=69 | 1.5s
2026-08-03 23:12:17,012 [INFO] ========== ZT回测完成 | trades=0 | fill_rate=30% | 1.5s ==========
2026-08-03 23:12:17,012 [WARNING]   无任何交易产生！
2026-08-03 23:12:17,012 [INFO]   score=-1000.0 | 月复利=0.0% | 笔数=0 胜率=0.0% DD=0.0% | lev=2.00x | 1.5s
2026-08-03 23:12:17,012 [INFO] ========== ZT回测 2025-12-01→2026-07-31 | top=3 board=gem+star entry=open_t1 sample=300 ==========
2026-08-03 23:12:18,582 [INFO] HS300 regime 预计算: 365 天 (bull=203 bear=41 crash=62 unknown=59)
2026-08-03 23:12:18,584 [INFO]   进度 20/162 | trades=0 | skip=6 | 1.6s
2026-08-03 23:12:18,585 [INFO]   进度 40/162 | trades=0 | skip=8 | 1.6s
2026-08-03 23:12:18,586 [INFO]   进度 60/162 | trades=0 | skip=18 | 1.6s
2026-08-03 23:12:18,586 [INFO]   进度 80/162 | trades=0 | skip=36 | 1.6s
2026-08-03 23:12:18,586 [INFO]   进度 100/162 | trades=0 | skip=40 | 1.6s
2026-08-03 23:12:18,587 [INFO]   进度 120/162 | trades=0 | skip=43 | 1.6s
2026-08-03 23:12:18,587 [INFO]   进度 140/162 | trades=0 | skip=50 | 1.6s
2026-08-03 23:12:18,587 [INFO]   进度 160/162 | trades=0 | skip=69 | 1.6s
2026-08-03 23:12:18,587 [INFO] ========== ZT回测完成 | trades=0 | fill_rate=100% | 1.6s ==========
2026-08-03 23:12:18,587 [WARNING]   无任何交易产生！
2026-08-03 23:12:18,587 [INFO]   score=-1000.0 | 月复利=0.0% | 笔数=0 胜率=0.0% DD=0.0% | lev=1.25x | 1.6s
2026-08-03 23:12:18,587 [INFO] ========== ZT回测 2025-12-01→2026-07-31 | top=2 board=main entry=close_t0 sample=300 ==========
2026-08-03 23:12:18,588 [INFO]   进度 20/162 | trades=0 | skip=0 | 0.0s
2026-08-03 23:12:18,588 [INFO]   进度 40/162 | trades=0 | skip=0 | 0.0s
2026-08-03 23:12:18,589 [INFO]   进度 60/162 | trades=0 | skip=0 | 0.0s
2026-08-03 23:12:18,590 [INFO]   进度 80/162 | trades=0 | skip=0 | 0.0s
2026-08-03 23:12:18,591 [INFO]   进度 100/162 | trades=0 | skip=0 | 0.0s
2026-08-03 23:12:18,592 [INFO]   进度 120/162 | trades=0 | skip=0 | 0.0s
2026-08-03 23:12:18,593 [INFO]   进度 140/162 | trades=0 | skip=0 | 0.0s
2026-08-03 23:12:18,594 [INFO]   进度 160/162 | trades=0 | skip=0 | 0.0s
2026-08-03 23:12:18,594 [INFO] ========== ZT回测完成 | trades=0 | fill_rate=30% | 0.0s ==========
2026-08-03 23:12:18,594 [WARNING]   无任何交易产生！
2026-08-03 23:12:18,594 [INFO]   score=-1000.0 | 月复利=0.0% | 笔数=0 胜率=0.0% DD=0.0% | lev=2.00x | 0.0s
2026-08-03 23:12:18,594 [INFO] ========== ZT回测 2025-12-01→2026-07-31 | top=2 board=gem+star entry=open_t1 sample=300 ==========
2026-08-03 23:12:20,096 [INFO] HS300 regime 预计算: 365 天 (bull=203 bear=41 crash=62 unknown=59)
2026-08-03 23:12:20,096 [INFO]   进度 20/162 | trades=0 | skip=6 | 1.5s
2026-08-03 23:12:20,097 [INFO]   进度 40/162 | trades=0 | skip=8 | 1.5s
2026-08-03 23:12:20,097 [INFO]   进度 60/162 | trades=0 | skip=18 | 1.5s
2026-08-03 23:12:20,097 [INFO]   进度 80/162 | trades=0 | skip=36 | 1.5s
2026-08-03 23:12:20,097 [INFO]   进度 100/162 | trades=0 | skip=40 | 1.5s
2026-08-03 23:12:20,098 [INFO]   进度 120/162 | trades=0 | skip=43 | 1.5s
2026-08-03 23:12:20,098 [INFO]   进度 140/162 | trades=0 | skip=50 | 1.5s
2026-08-03 23:12:20,098 [INFO]   进度 160/162 | trades=0 | skip=69 | 1.5s
2026-08-03 23:12:20,098 [INFO] ========== ZT回测完成 | trades=0 | fill_rate=25% | 1.5s ==========
2026-08-03 23:12:20,098 [WARNING]   无任何交易产生！
2026-08-03 23:12:20,098 [INFO]   score=-1000.0 | 月复利=0.0% | 笔数=0 胜率=0.0% DD=0.0% | lev=1.50x | 1.5s
2026-08-03 23:12:20,098 [INFO] ========== ZT回测 2025-12-01→2026-07-31 | top=2 board=gem+star entry=open_t1 sample=300 ==========
2026-08-03 23:12:21,479 [INFO] HS300 regime 预计算: 365 天 (bull=203 bear=41 crash=62 unknown=59)
2026-08-03 23:12:21,479 [INFO]   进度 20/162 | trades=0 | skip=6 | 1.4s
2026-08-03 23:12:21,480 [INFO]   进度 40/162 | trades=0 | skip=8 | 1.4s
2026-08-03 23:12:21,480 [INFO]   进度 60/162 | trades=0 | skip=18 | 1.4s
2026-08-03 23:12:21,480 [INFO]   进度 80/162 | trades=0 | skip=36 | 1.4s
2026-08-03 23:12:21,481 [INFO]   进度 100/162 | trades=0 | skip=40 | 1.4s
2026-08-03 23:12:21,482 [INFO]   进度 120/162 | trades=0 | skip=43 | 1.4s
2026-08-03 23:12:21,482 [INFO]   进度 140/162 | trades=0 | skip=50 | 1.4s
2026-08-03 23:12:21,483 [INFO]   进度 160/162 | trades=0 | skip=69 | 1.4s
2026-08-03 23:12:21,483 [INFO] ========== ZT回测完成 | trades=0 | fill_rate=100% | 1.4s ==========
2026-08-03 23:12:21,483 [WARNING]   无任何交易产生！
2026-08-03 23:12:21,483 [INFO]   score=-1000.0 | 月复利=0.0% | 笔数=0 胜率=0.0% DD=0.0% | lev=2.00x | 1.4s
2026-08-03 23:12:21,483 [INFO] ========== ZT回测 2025-12-01→2026-07-31 | top=1 board=main entry=close_t0 sample=300 ==========
2026-08-03 23:12:22,873 [INFO] HS300 regime 预计算: 365 天 (bull=203 bear=41 crash=62 unknown=59)
2026-08-03 23:12:22,874 [INFO]   进度 20/162 | trades=0 | skip=6 | 1.4s
2026-08-03 23:12:22,876 [INFO]   进度 40/162 | trades=0 | skip=8 | 1.4s
2026-08-03 23:12:22,877 [INFO]   进度 60/162 | trades=0 | skip=18 | 1.4s
2026-08-03 23:12:22,877 [INFO]   进度 80/162 | trades=0 | skip=36 | 1.4s
2026-08-03 23:12:22,878 [INFO]   进度 100/162 | trades=0 | skip=40 | 1.4s
2026-08-03 23:12:22,880 [INFO]   进度 120/162 | trades=0 | skip=43 | 1.4s
2026-08-03 23:12:22,880 [INFO]   进度 140/162 | trades=0 | skip=50 | 1.4s
2026-08-03 23:12:22,880 [INFO]   进度 160/162 | trades=0 | skip=69 | 1.4s
2026-08-03 23:12:22,880 [INFO] ========== ZT回测完成 | trades=0 | fill_rate=25% | 1.4s ==========
2026-08-03 23:12:22,881 [WARNING]   无任何交易产生！
2026-08-03 23:12:22,881 [INFO]   score=-1000.0 | 月复利=0.0% | 笔数=0 胜率=0.0% DD=0.0% | lev=2.00x | 1.4s
2026-08-03 23:12:22,881 [INFO] ========== ZT回测 2025-12-01→2026-07-31 | top=3 board=main entry=close_t0 sample=300 ==========
2026-08-03 23:12:22,881 [INFO]   进度 20/162 | trades=0 | skip=0 | 0.0s
2026-08-03 23:12:22,882 [INFO]   进度 40/162 | trades=0 | skip=0 | 0.0s
2026-08-03 23:12:22,882 [INFO]   进度 60/162 | trades=0 | skip=0 | 0.0s
2026-08-03 23:12:22,884 [INFO]   进度 80/162 | trades=0 | skip=0 | 0.0s
2026-08-03 23:12:22,885 [INFO]   进度 100/162 | trades=0 | skip=0 | 0.0s
2026-08-03 23:12:22,887 [INFO]   进度 120/162 | trades=0 | skip=0 | 0.0s
2026-08-03 23:12:22,888 [INFO]   进度 140/162 | trades=0 | skip=0 | 0.0s
2026-08-03 23:12:22,889 [INFO]   进度 160/162 | trades=0 | skip=0 | 0.0s
2026-08-03 23:12:22,890 [INFO] ========== ZT回测完成 | trades=0 | fill_rate=50% | 0.0s ==========
2026-08-03 23:12:22,890 [WARNING]   无任何交易产生！
2026-08-03 23:12:22,890 [INFO]   score=-1000.0 | 月复利=0.0% | 笔数=0 胜率=0.0% DD=0.0% | lev=1.50x | 0.0s
2026-08-03 23:12:22,890 [INFO] ========== ZT回测 2025-12-01→2026-07-31 | top=5 board=all entry=close_t0 sample=300 ==========
2026-08-03 23:12:22,973 [INFO]   进度 20/162 | trades=94 | skip=0 | 0.1s
2026-08-03 23:12:23,065 [INFO]   进度 40/162 | trades=188 | skip=0 | 0.2s
2026-08-03 23:12:23,139 [INFO]   进度 60/162 | trades=274 | skip=0 | 0.2s
2026-08-03 23:12:23,190 [INFO]   进度 80/162 | trades=351 | skip=0 | 0.3s
2026-08-03 23:12:23,265 [INFO]   进度 100/162 | trades=444 | skip=0 | 0.4s
2026-08-03 23:12:23,340 [INFO]   进度 120/162 | trades=539 | skip=0 | 0.5s
2026-08-03 23:12:23,412 [INFO]   进度 140/162 | trades=635 | skip=0 | 0.5s
2026-08-03 23:12:23,479 [INFO]   进度 160/162 | trades=730 | skip=0 | 0.6s
2026-08-03 23:12:23,481 [INFO] ========== ZT回测完成 | trades=735 | fill_rate=20% | 0.6s ==========
2026-08-03 23:12:23,764 [INFO]   笔数=735 | 胜率=77.4% | 平均=0.43% | 日均=13.14% | 总收益=2089.6% | 最大回撤=-15.7%
2026-08-03 23:12:23,764 [INFO]   [best      ] n=729 胜率=80.5% 平均=1.16% 累计=429239.5%
2026-08-03 23:12:23,764 [INFO]   [close_t1  ] n=729 胜率=40.6% 平均=-0.40% 累计=-94.8%
2026-08-03 23:12:23,764 [INFO]   [close_t2  ] n=727 胜率=37.5% 平均=-0.41% 累计=-95.5%
2026-08-03 23:12:23,764 [INFO]   [close_t3  ] n=723 胜率=38.5% 平均=-0.47% 累计=-97.4%
2026-08-03 23:12:23,764 [INFO]   [gap_t1    ] n=729 胜率=32.0% 平均=-0.37% 累计=-93.4%
2026-08-03 23:12:23,764 [INFO]   [open_t2   ] n=727 胜率=34.5% 平均=-0.47% 累计=-97.1%
2026-08-03 23:12:23,764 [INFO]   [stop_t1   ] n=50 胜率=0.0% 平均=-2.72% 累计=-74.8%
2026-08-03 23:12:23,764 [INFO]   [trail_t2  ] n=646 胜率=83.6% 平均=0.72% 累计=10092.0%
2026-08-03 23:12:23,764 [INFO]   score=2.8 | 月复利=1.8% | 笔数=735 胜率=77.4% DD=-0.6% | lev=1.00x | 0.9s
2026-08-03 23:12:23,764 [INFO] ========== ZT回测 2025-12-01→2026-07-31 | top=3 board=all entry=open_t1 sample=300 ==========
2026-08-03 23:12:23,765 [INFO]   进度 20/162 | trades=0 | skip=0 | 0.0s
2026-08-03 23:12:23,765 [INFO]   进度 40/162 | trades=0 | skip=0 | 0.0s
2026-08-03 23:12:23,767 [INFO]   进度 60/162 | trades=0 | skip=0 | 0.0s
2026-08-03 23:12:23,768 [INFO]   进度 80/162 | trades=0 | skip=0 | 0.0s
2026-08-03 23:12:23,772 [INFO]   进度 100/162 | trades=0 | skip=0 | 0.0s
2026-08-03 23:12:23,776 [INFO]   进度 120/162 | trades=0 | skip=0 | 0.0s
2026-08-03 23:12:23,780 [INFO]   进度 140/162 | trades=0 | skip=0 | 0.0s
2026-08-03 23:12:23,781 [INFO]   进度 160/162 | trades=0 | skip=0 | 0.0s
2026-08-03 23:12:23,781 [INFO] ========== ZT回测完成 | trades=0 | fill_rate=35% | 0.0s ==========
2026-08-03 23:12:23,781 [WARNING]   无任何交易产生！
2026-08-03 23:12:23,781 [INFO]   score=-1000.0 | 月复利=0.0% | 笔数=0 胜率=0.0% DD=0.0% | lev=1.25x | 0.0s
2026-08-03 23:12:23,781 [INFO] ========== ZT回测 2025-12-01→2026-07-31 | top=3 board=gem+star entry=close_t0 sample=300 ==========
2026-08-03 23:12:23,782 [INFO]   进度 20/162 | trades=0 | skip=0 | 0.0s
2026-08-03 23:12:23,782 [INFO]   进度 40/162 | trades=0 | skip=0 | 0.0s
2026-08-03 23:12:23,784 [INFO]   进度 60/162 | trades=0 | skip=0 | 0.0s
2026-08-03 23:12:23,785 [INFO]   进度 80/162 | trades=0 | skip=0 | 0.0s
2026-08-03 23:12:23,786 [INFO]   进度 100/162 | trades=0 | skip=0 | 0.0s
2026-08-03 23:12:23,787 [INFO]   进度 120/162 | trades=0 | skip=0 | 0.0s
2026-08-03 23:12:23,788 [INFO]   进度 140/162 | trades=0 | skip=0 | 0.0s
2026-08-03 23:12:23,789 [INFO]   进度 160/162 | trades=0 | skip=0 | 0.0s
2026-08-03 23:12:23,789 [INFO] ========== ZT回测完成 | trades=0 | fill_rate=50% | 0.0s ==========
2026-08-03 23:12:23,789 [WARNING]   无任何交易产生！
2026-08-03 23:12:23,789 [INFO]   score=-1000.0 | 月复利=0.0% | 笔数=0 胜率=0.0% DD=0.0% | lev=2.00x | 0.0s
2026-08-03 23:12:23,790 [INFO] ========== ZT回测 2025-12-01→2026-07-31 | top=3 board=gem+star entry=open_t1 sample=300 ==========
2026-08-03 23:12:25,356 [INFO] HS300 regime 预计算: 365 天 (bull=203 bear=41 crash=62 unknown=59)
2026-08-03 23:12:25,356 [INFO]   进度 20/162 | trades=0 | skip=6 | 1.6s
2026-08-03 23:12:25,357 [INFO]   进度 40/162 | trades=0 | skip=8 | 1.6s
2026-08-03 23:12:25,358 [INFO]   进度 60/162 | trades=0 | skip=18 | 1.6s
2026-08-03 23:12:25,359 [INFO]   进度 80/162 | trades=0 | skip=36 | 1.6s
2026-08-03 23:12:25,359 [INFO]   进度 100/162 | trades=0 | skip=40 | 1.6s
2026-08-03 23:12:25,360 [INFO]   进度 120/162 | trades=0 | skip=43 | 1.6s
2026-08-03 23:12:25,361 [INFO]   进度 140/162 | trades=0 | skip=50 | 1.6s
2026-08-03 23:12:25,361 [INFO]   进度 160/162 | trades=0 | skip=69 | 1.6s
2026-08-03 23:12:25,361 [INFO] ========== ZT回测完成 | trades=0 | fill_rate=30% | 1.6s ==========
2026-08-03 23:12:25,362 [WARNING]   无任何交易产生！
2026-08-03 23:12:25,362 [INFO]   score=-1000.0 | 月复利=0.0% | 笔数=0 胜率=0.0% DD=0.0% | lev=1.75x | 1.6s
2026-08-03 23:12:25,362 [INFO] ========== ZT回测 2025-12-01→2026-07-31 | top=3 board=main entry=close_t0 sample=300 ==========
2026-08-03 23:12:26,749 [INFO] HS300 regime 预计算: 365 天 (bull=203 bear=41 crash=62 unknown=59)
2026-08-03 23:12:26,779 [INFO]   进度 20/162 | trades=38 | skip=6 | 1.4s
2026-08-03 23:12:26,818 [INFO]   进度 40/162 | trades=92 | skip=8 | 1.5s
2026-08-03 23:12:26,838 [INFO]   进度 60/162 | trades=122 | skip=18 | 1.5s
2026-08-03 23:12:26,843 [INFO]   进度 80/162 | trades=128 | skip=36 | 1.5s
2026-08-03 23:12:26,879 [INFO]   进度 100/162 | trades=175 | skip=40 | 1.5s
2026-08-03 23:12:26,920 [INFO]   进度 120/162 | trades=225 | skip=43 | 1.6s
2026-08-03 23:12:26,947 [INFO]   进度 140/162 | trades=262 | skip=50 | 1.6s
2026-08-03 23:12:26,952 [INFO]   进度 160/162 | trades=265 | skip=69 | 1.6s
2026-08-03 23:12:26,952 [INFO] ========== ZT回测完成 | trades=265 | fill_rate=20% | 1.6s ==========
2026-08-03 23:12:27,104 [INFO]   笔数=265 | 胜率=89.1% | 平均=0.77% | 日均=7.26% | 总收益=653.3% | 最大回撤=-8.8%
2026-08-03 23:12:27,104 [INFO]   [best      ] n=265 胜率=89.1% 平均=1.96% 累计=16346.1%
2026-08-03 23:12:27,105 [INFO]   [close_t1  ] n=265 胜率=66.0% 平均=0.28% 累计=102.2%
2026-08-03 23:12:27,105 [INFO]   [close_t2  ] n=265 胜率=58.1% 平均=0.59% 累计=344.7%
2026-08-03 23:12:27,105 [INFO]   [close_t3  ] n=265 胜率=56.6% 平均=0.80% 累计=622.5%
2026-08-03 23:12:27,105 [INFO]   [gap_t1    ] n=265 胜率=64.9% 平均=0.34% 累计=145.3%
2026-08-03 23:12:27,105 [INFO]   [open_t2   ] n=265 胜率=58.9% 平均=0.56% 累计=306.7%
2026-08-03 23:12:27,105 [INFO]   [stop_t1   ] n=9 胜率=0.0% 平均=-2.72% 累计=-22.0%
2026-08-03 23:12:27,105 [INFO]   [trail_t2  ] n=247 胜率=93.5% 平均=1.01% 累计=1097.0%
2026-08-03 23:12:27,105 [INFO]   score=6.5 | 月复利=4.2% | 笔数=265 胜率=89.1% DD=-1.3% | lev=1.50x | 1.7s
2026-08-03 23:12:27,105 [INFO] ========== ZT回测 2025-12-01→2026-07-31 | top=3 board=all entry=close_t0 sample=300 ==========
2026-08-03 23:12:27,157 [INFO]   进度 20/162 | trades=57 | skip=0 | 0.1s
2026-08-03 23:12:27,234 [INFO]   进度 40/162 | trades=117 | skip=0 | 0.1s
2026-08-03 23:12:27,289 [INFO]   进度 60/162 | trades=177 | skip=0 | 0.2s
2026-08-03 23:12:27,343 [INFO]   进度 80/162 | trades=237 | skip=0 | 0.2s
2026-08-03 23:12:27,402 [INFO]   进度 100/162 | trades=297 | skip=0 | 0.3s
2026-08-03 23:12:27,464 [INFO]   进度 120/162 | trades=357 | skip=0 | 0.4s
2026-08-03 23:12:27,530 [INFO]   进度 140/162 | trades=417 | skip=0 | 0.4s
2026-08-03 23:12:27,597 [INFO]   进度 160/162 | trades=477 | skip=0 | 0.5s
2026-08-03 23:12:27,603 [INFO] ========== ZT回测完成 | trades=483 | fill_rate=20% | 0.5s ==========
2026-08-03 23:12:27,882 [INFO]   笔数=483 | 胜率=76.4% | 平均=0.56% | 日均=8.48% | 总收益=1365.1% | 最大回撤=-4.7%
2026-08-03 23:12:27,882 [INFO]   [best      ] n=479 胜率=81.2% 平均=1.19% 累计=27938.2%
2026-08-03 23:12:27,882 [INFO]   [close_t1  ] n=479 胜率=41.5% 平均=-0.38% 累计=-84.6%
2026-08-03 23:12:27,882 [INFO]   [close_t2  ] n=474 胜率=39.0% 平均=-0.36% 累计=-83.7%
2026-08-03 23:12:27,882 [INFO]   [close_t3  ] n=471 胜率=39.7% 平均=-0.45% 累计=-89.5%
2026-08-03 23:12:27,882 [INFO]   [gap_t1    ] n=479 胜率=33.4% 平均=-0.32% 累计=-79.4%
2026-08-03 23:12:27,882 [INFO]   [open_t2   ] n=474 胜率=35.6% 平均=-0.42% 累计=-87.9%
2026-08-03 23:12:27,882 [INFO]   [stop_t1   ] n=272 胜率=0.0% 平均=-2.09% 累计=-99.7%
2026-08-03 23:12:27,882 [INFO]   [trail_t2  ] n=207 胜率=93.7% 平均=0.88% 累计=512.0%
2026-08-03 23:12:27,883 [INFO]   score=11.1 | 月复利=7.3% | 笔数=483 胜率=76.4% DD=-0.9% | lev=2.00x | 0.8s
2026-08-03 23:12:27,883 [INFO] ========== ZT回测 2025-12-01→2026-07-31 | top=5 board=all entry=close_t0 sample=300 ==========
2026-08-03 23:12:27,886 [INFO]   进度 20/162 | trades=0 | skip=0 | 0.0s
2026-08-03 23:12:27,887 [INFO]   进度 40/162 | trades=0 | skip=0 | 0.0s
2026-08-03 23:12:27,888 [INFO]   进度 60/162 | trades=0 | skip=0 | 0.0s
2026-08-03 23:12:27,889 [INFO]   进度 80/162 | trades=0 | skip=0 | 0.0s
2026-08-03 23:12:27,890 [INFO]   进度 100/162 | trades=0 | skip=0 | 0.0s
2026-08-03 23:12:27,891 [INFO]   进度 120/162 | trades=0 | skip=0 | 0.0s
2026-08-03 23:12:27,894 [INFO]   进度 140/162 | trades=0 | skip=0 | 0.0s
2026-08-03 23:12:27,894 [INFO]   进度 160/162 | trades=0 | skip=0 | 0.0s
2026-08-03 23:12:27,895 [INFO] ========== ZT回测完成 | trades=0 | fill_rate=100% | 0.0s ==========
2026-08-03 23:12:27,895 [WARNING]   无任何交易产生！
2026-08-03 23:12:27,895 [INFO]   score=-1000.0 | 月复利=0.0% | 笔数=0 胜率=0.0% DD=0.0% | lev=1.25x | 0.0s
2026-08-03 23:12:27,895 [INFO] ========== ZT回测 2025-12-01→2026-07-31 | top=5 board=all entry=close_t0 sample=300 ==========
2026-08-03 23:12:29,586 [INFO] HS300 regime 预计算: 365 天 (bull=203 bear=41 crash=62 unknown=59)
2026-08-03 23:12:29,587 [INFO]   进度 20/162 | trades=0 | skip=6 | 1.7s
2026-08-03 23:12:29,587 [INFO]   进度 40/162 | trades=0 | skip=8 | 1.7s
2026-08-03 23:12:29,588 [INFO]   进度 60/162 | trades=0 | skip=18 | 1.7s
2026-08-03 23:12:29,588 [INFO]   进度 80/162 | trades=0 | skip=36 | 1.7s
2026-08-03 23:12:29,588 [INFO]   进度 100/162 | trades=0 | skip=40 | 1.7s
2026-08-03 23:12:29,588 [INFO]   进度 120/162 | trades=0 | skip=43 | 1.7s
2026-08-03 23:12:29,589 [INFO]   进度 140/162 | trades=0 | skip=50 | 1.7s
2026-08-03 23:12:29,589 [INFO]   进度 160/162 | trades=0 | skip=69 | 1.7s
2026-08-03 23:12:29,589 [INFO] ========== ZT回测完成 | trades=0 | fill_rate=40% | 1.7s ==========
2026-08-03 23:12:29,589 [WARNING]   无任何交易产生！
2026-08-03 23:12:29,589 [INFO]   score=-1000.0 | 月复利=0.0% | 笔数=0 胜率=0.0% DD=0.0% | lev=1.25x | 1.7s
2026-08-03 23:12:29,589 [INFO] ========== ZT回测 2025-12-01→2026-07-31 | top=5 board=gem+star entry=open_t1 sample=300 ==========
2026-08-03 23:12:29,589 [INFO]   进度 20/162 | trades=0 | skip=0 | 0.0s
2026-08-03 23:12:29,590 [INFO]   进度 40/162 | trades=0 | skip=0 | 0.0s
2026-08-03 23:12:29,591 [INFO]   进度 60/162 | trades=0 | skip=0 | 0.0s
2026-08-03 23:12:29,592 [INFO]   进度 80/162 | trades=0 | skip=0 | 0.0s
2026-08-03 23:12:29,594 [INFO]   进度 100/162 | trades=0 | skip=0 | 0.0s
2026-08-03 23:12:29,595 [INFO]   进度 120/162 | trades=0 | skip=0 | 0.0s
2026-08-03 23:12:29,596 [INFO]   进度 140/162 | trades=0 | skip=0 | 0.0s
2026-08-03 23:12:29,597 [INFO]   进度 160/162 | trades=0 | skip=0 | 0.0s
2026-08-03 23:12:29,597 [INFO] ========== ZT回测完成 | trades=0 | fill_rate=40% | 0.0s ==========
2026-08-03 23:12:29,597 [WARNING]   无任何交易产生！
2026-08-03 23:12:29,597 [INFO]   score=-1000.0 | 月复利=0.0% | 笔数=0 胜率=0.0% DD=0.0% | lev=2.00x | 0.0s
2026-08-03 23:12:29,597 [INFO] ========== ZT回测 2025-12-01→2026-07-31 | top=5 board=main entry=close_t0 sample=300 ==========
2026-08-03 23:12:31,039 [INFO] HS300 regime 预计算: 365 天 (bull=203 bear=41 crash=62 unknown=59)
2026-08-03 23:12:31,040 [INFO]   进度 20/162 | trades=0 | skip=6 | 1.4s
2026-08-03 23:12:31,040 [INFO]   进度 40/162 | trades=0 | skip=8 | 1.4s
2026-08-03 23:12:31,040 [INFO]   进度 60/162 | trades=0 | skip=18 | 1.4s
2026-08-03 23:12:31,041 [INFO]   进度 80/162 | trades=0 | skip=36 | 1.4s
2026-08-03 23:12:31,042 [INFO]   进度 100/162 | trades=0 | skip=40 | 1.4s
2026-08-03 23:12:31,043 [INFO]   进度 120/162 | trades=0 | skip=43 | 1.4s
2026-08-03 23:12:31,045 [INFO]   进度 140/162 | trades=0 | skip=50 | 1.4s
2026-08-03 23:12:31,045 [INFO]   进度 160/162 | trades=0 | skip=69 | 1.4s
2026-08-03 23:12:31,045 [INFO] ========== ZT回测完成 | trades=0 | fill_rate=30% | 1.4s ==========
2026-08-03 23:12:31,045 [WARNING]   无任何交易产生！
2026-08-03 23:12:31,046 [INFO]   score=-1000.0 | 月复利=0.0% | 笔数=0 胜率=0.0% DD=0.0% | lev=1.75x | 1.4s
2026-08-03 23:12:31,046 [INFO] ========== ZT回测 2025-12-01→2026-07-31 | top=3 board=main entry=open_t1 sample=300 ==========
2026-08-03 23:12:31,046 [INFO]   进度 20/162 | trades=0 | skip=0 | 0.0s
2026-08-03 23:12:31,048 [INFO]   进度 40/162 | trades=0 | skip=0 | 0.0s
2026-08-03 23:12:31,049 [INFO]   进度 60/162 | trades=0 | skip=0 | 0.0s
2026-08-03 23:12:31,051 [INFO]   进度 80/162 | trades=0 | skip=0 | 0.0s
2026-08-03 23:12:31,053 [INFO]   进度 100/162 | trades=0 | skip=0 | 0.0s
2026-08-03 23:12:31,054 [INFO]   进度 120/162 | trades=0 | skip=0 | 0.0s
2026-08-03 23:12:31,055 [INFO]   进度 140/162 | trades=0 | skip=0 | 0.0s
2026-08-03 23:12:31,056 [INFO]   进度 160/162 | trades=0 | skip=0 | 0.0s
2026-08-03 23:12:31,056 [INFO] ========== ZT回测完成 | trades=0 | fill_rate=50% | 0.0s ==========
2026-08-03 23:12:31,056 [WARNING]   无任何交易产生！
2026-08-03 23:12:31,056 [INFO]   score=-1000.0 | 月复利=0.0% | 笔数=0 胜率=0.0% DD=0.0% | lev=1.25x | 0.0s
2026-08-03 23:12:31,056 [INFO] ========== ZT回测 2025-12-01→2026-07-31 | top=2 board=main entry=open_t1 sample=300 ==========
2026-08-03 23:12:32,782 [INFO] HS300 regime 预计算: 365 天 (bull=203 bear=41 crash=62 unknown=59)
2026-08-03 23:12:32,782 [INFO]   进度 20/162 | trades=0 | skip=6 | 1.7s
2026-08-03 23:12:32,785 [INFO]   进度 40/162 | trades=0 | skip=8 | 1.7s
2026-08-03 23:12:32,786 [INFO]   进度 60/162 | trades=0 | skip=18 | 1.7s
2026-08-03 23:12:32,786 [INFO]   进度 80/162 | trades=0 | skip=36 | 1.7s
2026-08-03 23:12:32,787 [INFO]   进度 100/162 | trades=0 | skip=40 | 1.7s
2026-08-03 23:12:32,787 [INFO]   进度 120/162 | trades=0 | skip=43 | 1.7s
2026-08-03 23:12:32,788 [INFO]   进度 140/162 | trades=0 | skip=50 | 1.7s
2026-08-03 23:12:32,788 [INFO]   进度 160/162 | trades=0 | skip=69 | 1.7s
2026-08-03 23:12:32,788 [INFO] ========== ZT回测完成 | trades=0 | fill_rate=40% | 1.7s ==========
2026-08-03 23:12:32,788 [WARNING]   无任何交易产生！
2026-08-03 23:12:32,788 [INFO]   score=-1000.0 | 月复利=0.0% | 笔数=0 胜率=0.0% DD=0.0% | lev=1.50x | 1.7s
2026-08-03 23:12:32,788 [INFO] ========== ZT回测 2025-12-01→2026-07-31 | top=5 board=main entry=open_t1 sample=300 ==========
2026-08-03 23:12:32,864 [INFO]   进度 20/162 | trades=95 | skip=0 | 0.1s
2026-08-03 23:12:32,977 [INFO]   进度 40/162 | trades=195 | skip=0 | 0.2s
2026-08-03 23:12:33,088 [INFO]   进度 60/162 | trades=295 | skip=0 | 0.3s
2026-08-03 23:12:33,169 [INFO]   进度 80/162 | trades=395 | skip=0 | 0.4s
2026-08-03 23:12:33,265 [INFO]   进度 100/162 | trades=495 | skip=0 | 0.5s
2026-08-03 23:12:33,389 [INFO]   进度 120/162 | trades=595 | skip=0 | 0.6s
2026-08-03 23:12:33,487 [INFO]   进度 140/162 | trades=695 | skip=0 | 0.7s
2026-08-03 23:12:33,565 [INFO]   进度 160/162 | trades=786 | skip=0 | 0.8s
2026-08-03 23:12:33,570 [INFO] ========== ZT回测完成 | trades=794 | fill_rate=20% | 0.8s ==========
2026-08-03 23:12:33,956 [INFO]   笔数=794 | 胜率=53.6% | 平均=-0.15% | 日均=-0.46% | 总收益=-74.4% | 最大回撤=-81.9%
2026-08-03 23:12:33,956 [INFO]   [best      ] n=794 胜率=71.7% 平均=0.76% 累计=37520.1%
2026-08-03 23:12:33,956 [INFO]   [close_t1  ] n=794 胜率=25.6% 平均=-0.72% 累计=-99.7%
2026-08-03 23:12:33,956 [INFO]   [close_t2  ] n=788 胜率=34.8% 平均=-0.64% 累计=-99.5%
2026-08-03 23:12:33,956 [INFO]   [close_t3  ] n=784 胜率=36.2% 平均=-0.67% 累计=-99.6%
2026-08-03 23:12:33,956 [INFO]   [gap_t1    ] n=794 胜率=0.0% 平均=0.00% 累计=0.0%
2026-08-03 23:12:33,956 [INFO]   [open_t2   ] n=788 胜率=27.4% 平均=-0.75% 累计=-99.8%
2026-08-03 23:12:33,956 [INFO]   [stop_t1   ] n=275 胜率=0.0% 平均=-2.38% 累计=-99.9%
2026-08-03 23:12:33,956 [INFO]   [trail_t2  ] n=424 胜率=83.0% 平均=1.08% 累计=8943.6%
2026-08-03 23:12:33,956 [INFO]   score=-0.4 | 月复利=-0.6% | 笔数=794 胜率=53.6% DD=-6.1% | lev=1.00x | 1.2s
2026-08-03 23:12:33,956 [INFO] ========== ZT回测 2025-12-01→2026-07-31 | top=1 board=all entry=close_t0 sample=300 ==========
2026-08-03 23:12:33,956 [INFO]   进度 20/162 | trades=0 | skip=0 | 0.0s
2026-08-03 23:12:33,957 [INFO]   进度 40/162 | trades=0 | skip=0 | 0.0s
2026-08-03 23:12:33,959 [INFO]   进度 60/162 | trades=0 | skip=0 | 0.0s
2026-08-03 23:12:33,960 [INFO]   进度 80/162 | trades=0 | skip=0 | 0.0s
2026-08-03 23:12:33,960 [INFO]   进度 100/162 | trades=0 | skip=0 | 0.0s
2026-08-03 23:12:33,961 [INFO]   进度 120/162 | trades=0 | skip=0 | 0.0s
2026-08-03 23:12:33,962 [INFO]   进度 140/162 | trades=0 | skip=0 | 0.0s
2026-08-03 23:12:33,963 [INFO]   进度 160/162 | trades=0 | skip=0 | 0.0s
2026-08-03 23:12:33,963 [INFO] ========== ZT回测完成 | trades=0 | fill_rate=40% | 0.0s ==========
2026-08-03 23:12:33,963 [WARNING]   无任何交易产生！
2026-08-03 23:12:33,963 [INFO]   score=-1000.0 | 月复利=0.0% | 笔数=0 胜率=0.0% DD=0.0% | lev=1.50x | 0.0s
2026-08-03 23:12:33,963 [INFO] ========== ZT回测 2025-12-01→2026-07-31 | top=2 board=all entry=open_t1 sample=300 ==========
2026-08-03 23:12:33,964 [INFO]   进度 20/162 | trades=0 | skip=0 | 0.0s
2026-08-03 23:12:33,967 [INFO]   进度 40/162 | trades=0 | skip=0 | 0.0s
2026-08-03 23:12:33,969 [INFO]   进度 60/162 | trades=0 | skip=0 | 0.0s
2026-08-03 23:12:33,971 [INFO]   进度 80/162 | trades=0 | skip=0 | 0.0s
2026-08-03 23:12:33,972 [INFO]   进度 100/162 | trades=0 | skip=0 | 0.0s
2026-08-03 23:12:33,975 [INFO]   进度 120/162 | trades=0 | skip=0 | 0.0s
2026-08-03 23:12:33,978 [INFO]   进度 140/162 | trades=0 | skip=0 | 0.0s
2026-08-03 23:12:33,980 [INFO]   进度 160/162 | trades=0 | skip=0 | 0.0s
2026-08-03 23:12:33,980 [INFO] ========== ZT回测完成 | trades=0 | fill_rate=35% | 0.0s ==========
2026-08-03 23:12:33,980 [WARNING]   无任何交易产生！
2026-08-03 23:12:33,980 [INFO]   score=-1000.0 | 月复利=0.0% | 笔数=0 胜率=0.0% DD=0.0% | lev=1.25x | 0.0s
2026-08-03 23:12:33,981 [INFO] ========== ZT回测 2025-12-01→2026-07-31 | top=3 board=main entry=open_t1 sample=300 ==========
2026-08-03 23:12:34,048 [INFO]   进度 20/162 | trades=49 | skip=0 | 0.1s
2026-08-03 23:12:34,104 [INFO]   进度 40/162 | trades=104 | skip=0 | 0.1s
2026-08-03 23:12:34,154 [INFO]   进度 60/162 | trades=147 | skip=0 | 0.2s
2026-08-03 23:12:34,198 [INFO]   进度 80/162 | trades=184 | skip=0 | 0.2s
2026-08-03 23:12:34,220 [INFO]   进度 100/162 | trades=210 | skip=0 | 0.2s
2026-08-03 23:12:34,254 [INFO]   进度 120/162 | trades=249 | skip=0 | 0.3s
2026-08-03 23:12:34,298 [INFO]   进度 140/162 | trades=291 | skip=0 | 0.3s
2026-08-03 23:12:34,340 [INFO]   进度 160/162 | trades=320 | skip=0 | 0.4s
2026-08-03 23:12:34,345 [INFO] ========== ZT回测完成 | trades=324 | fill_rate=40% | 0.4s ==========
2026-08-03 23:12:34,690 [INFO]   笔数=324 | 胜率=61.1% | 平均=0.05% | 日均=-0.09% | 总收益=-12.2% | 最大回撤=-63.4%
2026-08-03 23:12:34,690 [INFO]   [best      ] n=324 胜率=75.9% 平均=1.82% 累计=32286.3%
2026-08-03 23:12:34,690 [INFO]   [close_t1  ] n=324 胜率=21.0% 平均=-1.51% 累计=-99.3%
2026-08-03 23:12:34,690 [INFO]   [close_t2  ] n=322 胜率=46.9% 平均=-0.78% 累计=-93.8%
2026-08-03 23:12:34,690 [INFO]   [close_t3  ] n=320 胜率=42.8% 平均=-0.65% 累计=-92.0%
2026-08-03 23:12:34,690 [INFO]   [gap_t1    ] n=324 胜率=0.0% 平均=0.00% 累计=0.0%
2026-08-03 23:12:34,690 [INFO]   [open_t2   ] n=322 胜率=44.4% 平均=-0.99% 累计=-96.6%
2026-08-03 23:12:34,690 [INFO]   [stop_t1   ] n=81 胜率=0.0% 平均=-5.59% 累计=-99.1%
2026-08-03 23:12:34,690 [INFO]   [trail_t2  ] n=204 胜率=84.3% 平均=2.03% 累计=5762.3%
2026-08-03 23:12:34,690 [INFO]   score=-0.8 | 月复利=-1.1% | 笔数=324 胜率=61.1% DD=-30.4% | lev=1.75x | 0.7s
2026-08-03 23:12:34,690 [INFO] ========== ZT回测 2025-12-01→2026-07-31 | top=1 board=main entry=close_t0 sample=300 ==========
2026-08-03 23:12:36,539 [INFO] HS300 regime 预计算: 365 天 (bull=203 bear=41 crash=62 unknown=59)
2026-08-03 23:12:36,539 [INFO]   进度 20/162 | trades=0 | skip=6 | 1.8s
2026-08-03 23:12:36,540 [INFO]   进度 40/162 | trades=0 | skip=8 | 1.8s
2026-08-03 23:12:36,540 [INFO]   进度 60/162 | trades=0 | skip=18 | 1.8s
2026-08-03 23:12:36,540 [INFO]   进度 80/162 | trades=0 | skip=36 | 1.8s
2026-08-03 23:12:36,540 [INFO]   进度 100/162 | trades=0 | skip=40 | 1.9s
2026-08-03 23:12:36,543 [INFO]   进度 120/162 | trades=0 | skip=43 | 1.9s
2026-08-03 23:12:36,543 [INFO]   进度 140/162 | trades=0 | skip=50 | 1.9s
2026-08-03 23:12:36,544 [INFO]   进度 160/162 | trades=0 | skip=69 | 1.9s
2026-08-03 23:12:36,544 [INFO] ========== ZT回测完成 | trades=0 | fill_rate=25% | 1.9s ==========
2026-08-03 23:12:36,544 [WARNING]   无任何交易产生！
2026-08-03 23:12:36,544 [INFO]   score=-1000.0 | 月复利=0.0% | 笔数=0 胜率=0.0% DD=0.0% | lev=2.00x | 1.9s
2026-08-03 23:12:36,545 [INFO] ========== ZT回测 2025-12-01→2026-07-31 | top=1 board=gem+star entry=close_t0 sample=300 ==========
2026-08-03 23:12:38,380 [INFO] HS300 regime 预计算: 365 天 (bull=203 bear=41 crash=62 unknown=59)
2026-08-03 23:12:38,381 [INFO]   进度 20/162 | trades=0 | skip=6 | 1.8s
2026-08-03 23:12:38,381 [INFO]   进度 40/162 | trades=0 | skip=8 | 1.8s
2026-08-03 23:12:38,382 [INFO]   进度 60/162 | trades=0 | skip=18 | 1.8s
2026-08-03 23:12:38,382 [INFO]   进度 80/162 | trades=0 | skip=36 | 1.8s
2026-08-03 23:12:38,383 [INFO]   进度 100/162 | trades=0 | skip=40 | 1.8s
2026-08-03 23:12:38,385 [INFO]   进度 120/162 | trades=0 | skip=43 | 1.8s
2026-08-03 23:12:38,386 [INFO]   进度 140/162 | trades=0 | skip=50 | 1.8s
2026-08-03 23:12:38,387 [INFO]   进度 160/162 | trades=0 | skip=69 | 1.8s
2026-08-03 23:12:38,387 [INFO] ========== ZT回测完成 | trades=0 | fill_rate=100% | 1.8s ==========
2026-08-03 23:12:38,387 [WARNING]   无任何交易产生！
2026-08-03 23:12:38,387 [INFO]   score=-1000.0 | 月复利=0.0% | 笔数=0 胜率=0.0% DD=0.0% | lev=1.25x | 1.8s
2026-08-03 23:12:38,387 [INFO] ========== ZT回测 2025-12-01→2026-07-31 | top=3 board=gem+star entry=close_t0 sample=300 ==========
2026-08-03 23:12:40,160 [INFO] HS300 regime 预计算: 365 天 (bull=203 bear=41 crash=62 unknown=59)
2026-08-03 23:12:40,161 [INFO]   进度 20/162 | trades=0 | skip=6 | 1.8s
2026-08-03 23:12:40,162 [INFO]   进度 40/162 | trades=0 | skip=8 | 1.8s
2026-08-03 23:12:40,162 [INFO]   进度 60/162 | trades=0 | skip=18 | 1.8s
2026-08-03 23:12:40,162 [INFO]   进度 80/162 | trades=0 | skip=36 | 1.8s
2026-08-03 23:12:40,163 [INFO]   进度 100/162 | trades=0 | skip=40 | 1.8s
2026-08-03 23:12:40,164 [INFO]   进度 120/162 | trades=0 | skip=43 | 1.8s
2026-08-03 23:12:40,164 [INFO]   进度 140/162 | trades=0 | skip=50 | 1.8s
2026-08-03 23:12:40,164 [INFO]   进度 160/162 | trades=0 | skip=69 | 1.8s
2026-08-03 23:12:40,164 [INFO] ========== ZT回测完成 | trades=0 | fill_rate=20% | 1.8s ==========
2026-08-03 23:12:40,164 [WARNING]   无任何交易产生！
2026-08-03 23:12:40,164 [INFO]   score=-1000.0 | 月复利=0.0% | 笔数=0 胜率=0.0% DD=0.0% | lev=1.75x | 1.8s
2026-08-03 23:12:40,164 [INFO] ========== ZT回测 2025-12-01→2026-07-31 | top=3 board=main entry=close_t0 sample=300 ==========
2026-08-03 23:12:41,777 [INFO] HS300 regime 预计算: 365 天 (bull=203 bear=41 crash=62 unknown=59)
2026-08-03 23:12:41,778 [INFO]   进度 20/162 | trades=0 | skip=6 | 1.6s
2026-08-03 23:12:41,779 [INFO]   进度 40/162 | trades=0 | skip=8 | 1.6s
2026-08-03 23:12:41,780 [INFO]   进度 60/162 | trades=0 | skip=18 | 1.6s
2026-08-03 23:12:41,780 [INFO]   进度 80/162 | trades=0 | skip=36 | 1.6s
2026-08-03 23:12:41,781 [INFO]   进度 100/162 | trades=0 | skip=40 | 1.6s
2026-08-03 23:12:41,784 [INFO]   进度 120/162 | trades=0 | skip=43 | 1.6s
2026-08-03 23:12:41,787 [INFO]   进度 140/162 | trades=0 | skip=50 | 1.6s
2026-08-03 23:12:41,787 [INFO]   进度 160/162 | trades=0 | skip=69 | 1.6s
2026-08-03 23:12:41,787 [INFO] ========== ZT回测完成 | trades=0 | fill_rate=40% | 1.6s ==========
2026-08-03 23:12:41,787 [WARNING]   无任何交易产生！
2026-08-03 23:12:41,787 [INFO]   score=-1000.0 | 月复利=0.0% | 笔数=0 胜率=0.0% DD=0.0% | lev=1.00x | 1.6s
2026-08-03 23:12:41,787 [INFO] ========== ZT回测 2025-12-01→2026-07-31 | top=5 board=gem+star entry=open_t1 sample=300 ==========
2026-08-03 23:12:44,161 [INFO] HS300 regime 预计算: 365 天 (bull=203 bear=41 crash=62 unknown=59)
2026-08-03 23:12:44,162 [INFO]   进度 20/162 | trades=0 | skip=6 | 2.4s
2026-08-03 23:12:44,164 [INFO]   进度 40/162 | trades=0 | skip=8 | 2.4s
2026-08-03 23:12:44,165 [INFO]   进度 60/162 | trades=0 | skip=18 | 2.4s
2026-08-03 23:12:44,165 [INFO]   进度 80/162 | trades=0 | skip=36 | 2.4s
2026-08-03 23:12:44,167 [INFO]   进度 100/162 | trades=0 | skip=40 | 2.4s
2026-08-03 23:12:44,169 [INFO]   进度 120/162 | trades=0 | skip=43 | 2.4s
2026-08-03 23:12:44,170 [INFO]   进度 140/162 | trades=0 | skip=50 | 2.4s
2026-08-03 23:12:44,170 [INFO]   进度 160/162 | trades=0 | skip=69 | 2.4s
2026-08-03 23:12:44,170 [INFO] ========== ZT回测完成 | trades=0 | fill_rate=25% | 2.4s ==========
2026-08-03 23:12:44,170 [WARNING]   无任何交易产生！
2026-08-03 23:12:44,170 [INFO]   score=-1000.0 | 月复利=0.0% | 笔数=0 胜率=0.0% DD=0.0% | lev=1.50x | 2.4s
2026-08-03 23:12:44,170 [INFO] ========== ZT回测 2025-12-01→2026-07-31 | top=1 board=main entry=close_t0 sample=300 ==========
2026-08-03 23:12:46,003 [INFO] HS300 regime 预计算: 365 天 (bull=203 bear=41 crash=62 unknown=59)
2026-08-03 23:12:46,004 [INFO]   进度 20/162 | trades=0 | skip=6 | 1.8s
2026-08-03 23:12:46,006 [INFO]   进度 40/162 | trades=0 | skip=8 | 1.8s
2026-08-03 23:12:46,006 [INFO]   进度 60/162 | trades=0 | skip=18 | 1.8s
2026-08-03 23:12:46,007 [INFO]   进度 80/162 | trades=0 | skip=36 | 1.8s
2026-08-03 23:12:46,009 [INFO]   进度 100/162 | trades=0 | skip=40 | 1.8s
2026-08-03 23:12:46,012 [INFO]   进度 120/162 | trades=0 | skip=43 | 1.8s
2026-08-03 23:12:46,012 [INFO]   进度 140/162 | trades=0 | skip=50 | 1.8s
2026-08-03 23:12:46,013 [INFO]   进度 160/162 | trades=0 | skip=69 | 1.8s
2026-08-03 23:12:46,013 [INFO] ========== ZT回测完成 | trades=0 | fill_rate=35% | 1.8s ==========
2026-08-03 23:12:46,013 [WARNING]   无任何交易产生！
2026-08-03 23:12:46,013 [INFO]   score=-1000.0 | 月复利=0.0% | 笔数=0 胜率=0.0% DD=0.0% | lev=1.75x | 1.8s
2026-08-03 23:12:46,013 [INFO] ========== ZT回测 2025-12-01→2026-07-31 | top=1 board=main entry=close_t0 sample=300 ==========
2026-08-03 23:12:47,657 [INFO] HS300 regime 预计算: 365 天 (bull=203 bear=41 crash=62 unknown=59)
2026-08-03 23:12:47,676 [INFO]   进度 20/162 | trades=13 | skip=6 | 1.7s
2026-08-03 23:12:47,703 [INFO]   进度 40/162 | trades=31 | skip=8 | 1.7s
2026-08-03 23:12:47,719 [INFO]   进度 60/162 | trades=41 | skip=18 | 1.7s
2026-08-03 23:12:47,720 [INFO]   进度 80/162 | trades=43 | skip=36 | 1.7s
2026-08-03 23:12:47,737 [INFO]   进度 100/162 | trades=59 | skip=40 | 1.7s
2026-08-03 23:12:47,776 [INFO]   进度 120/162 | trades=76 | skip=43 | 1.8s
2026-08-03 23:12:47,820 [INFO]   进度 140/162 | trades=89 | skip=50 | 1.8s
2026-08-03 23:12:47,824 [INFO]   进度 160/162 | trades=90 | skip=69 | 1.8s
2026-08-03 23:12:47,824 [INFO] ========== ZT回测完成 | trades=90 | fill_rate=30% | 1.8s ==========
2026-08-03 23:12:48,039 [INFO]   笔数=90 | 胜率=80.0% | 平均=0.83% | 日均=1.20% | 总收益=108.2% | 最大回撤=-6.7%
2026-08-03 23:12:48,039 [INFO]   [best      ] n=90 胜率=80.0% 平均=2.03% 累计=496.9%
2026-08-03 23:12:48,039 [INFO]   [close_t1  ] n=90 胜率=42.2% 平均=-0.69% 累计=-47.9%
2026-08-03 23:12:48,039 [INFO]   [close_t2  ] n=90 胜率=41.1% 平均=-0.49% 累计=-38.4%
2026-08-03 23:12:48,039 [INFO]   [close_t3  ] n=90 胜率=42.2% 平均=-0.63% 累计=-47.4%
2026-08-03 23:12:48,039 [INFO]   [gap_t1    ] n=90 胜率=44.4% 平均=-0.16% 累计=-14.6%
2026-08-03 23:12:48,039 [INFO]   [open_t2   ] n=90 胜率=40.0% 平均=-0.79% 累计=-53.4%
2026-08-03 23:12:48,039 [INFO]   [stop_t1   ] n=41 胜率=0.0% 平均=-3.58% 累计=-77.6%
2026-08-03 23:12:48,039 [INFO]   [trail_t2  ] n=48 胜率=97.9% 平均=1.28% 累计=83.8%
2026-08-03 23:12:48,039 [INFO]   score=26.3 | 月复利=17.3% | 笔数=90 胜率=80.0% DD=-11.5% | lev=1.75x | 2.0s
2026-08-03 23:12:48,039 [INFO] ========== ZT回测 2025-12-01→2026-07-31 | top=2 board=main entry=close_t0 sample=300 ==========
2026-08-03 23:12:48,043 [INFO]   进度 20/162 | trades=0 | skip=0 | 0.0s
2026-08-03 23:12:48,047 [INFO]   进度 40/162 | trades=0 | skip=0 | 0.0s
2026-08-03 23:12:48,048 [INFO]   进度 60/162 | trades=0 | skip=0 | 0.0s
2026-08-03 23:12:48,052 [INFO]   进度 80/162 | trades=0 | skip=0 | 0.0s
2026-08-03 23:12:48,053 [INFO]   进度 100/162 | trades=0 | skip=0 | 0.0s
2026-08-03 23:12:48,055 [INFO]   进度 120/162 | trades=0 | skip=0 | 0.0s
2026-08-03 23:12:48,059 [INFO]   进度 140/162 | trades=0 | skip=0 | 0.0s
2026-08-03 23:12:48,061 [INFO]   进度 160/162 | trades=0 | skip=0 | 0.0s
2026-08-03 23:12:48,062 [INFO] ========== ZT回测完成 | trades=0 | fill_rate=50% | 0.0s ==========
2026-08-03 23:12:48,062 [WARNING]   无任何交易产生！
2026-08-03 23:12:48,062 [INFO]   score=-1000.0 | 月复利=0.0% | 笔数=0 胜率=0.0% DD=0.0% | lev=1.50x | 0.0s
2026-08-03 23:12:48,062 [INFO] ========== ZT回测 2025-12-01→2026-07-31 | top=1 board=gem+star entry=open_t1 sample=300 ==========
2026-08-03 23:12:49,769 [INFO] HS300 regime 预计算: 365 天 (bull=203 bear=41 crash=62 unknown=59)
2026-08-03 23:12:49,771 [INFO]   进度 20/162 | trades=0 | skip=6 | 1.7s
2026-08-03 23:12:49,772 [INFO]   进度 40/162 | trades=0 | skip=8 | 1.7s
2026-08-03 23:12:49,773 [INFO]   进度 60/162 | trades=0 | skip=18 | 1.7s
2026-08-03 23:12:49,773 [INFO]   进度 80/162 | trades=0 | skip=36 | 1.7s
2026-08-03 23:12:49,777 [INFO]   进度 100/162 | trades=0 | skip=40 | 1.7s
2026-08-03 23:12:49,779 [INFO]   进度 120/162 | trades=0 | skip=43 | 1.7s
2026-08-03 23:12:49,780 [INFO]   进度 140/162 | trades=0 | skip=50 | 1.7s
2026-08-03 23:12:49,780 [INFO]   进度 160/162 | trades=0 | skip=69 | 1.7s
2026-08-03 23:12:49,780 [INFO] ========== ZT回测完成 | trades=0 | fill_rate=35% | 1.7s ==========
2026-08-03 23:12:49,780 [WARNING]   无任何交易产生！
2026-08-03 23:12:49,780 [INFO]   score=-1000.0 | 月复利=0.0% | 笔数=0 胜率=0.0% DD=0.0% | lev=1.50x | 1.7s
2026-08-03 23:12:49,780 [INFO] ========== ZT回测 2025-12-01→2026-07-31 | top=3 board=main entry=open_t1 sample=300 ==========
2026-08-03 23:12:51,348 [INFO] HS300 regime 预计算: 365 天 (bull=203 bear=41 crash=62 unknown=59)
2026-08-03 23:12:51,384 [INFO]   进度 20/162 | trades=39 | skip=6 | 1.6s
2026-08-03 23:12:51,429 [INFO]   进度 40/162 | trades=93 | skip=8 | 1.6s
2026-08-03 23:12:51,463 [INFO]   进度 60/162 | trades=123 | skip=18 | 1.7s
2026-08-03 23:12:51,466 [INFO]   进度 80/162 | trades=129 | skip=36 | 1.7s
2026-08-03 23:12:51,504 [INFO]   进度 100/162 | trades=177 | skip=40 | 1.7s
2026-08-03 23:12:51,555 [INFO]   进度 120/162 | trades=228 | skip=43 | 1.8s
2026-08-03 23:12:51,589 [INFO]   进度 140/162 | trades=267 | skip=50 | 1.8s
2026-08-03 23:12:51,595 [INFO]   进度 160/162 | trades=270 | skip=69 | 1.8s
2026-08-03 23:12:51,595 [INFO] ========== ZT回测完成 | trades=270 | fill_rate=30% | 1.8s ==========
2026-08-03 23:12:51,788 [INFO]   笔数=270 | 胜率=53.0% | 平均=-0.28% | 日均=-0.67% | 总收益=-60.0% | 最大回撤=-68.5%
2026-08-03 23:12:51,788 [INFO]   [best      ] n=270 胜率=72.6% 平均=1.29% 累计=2964.5%
2026-08-03 23:12:51,788 [INFO]   [close_t1  ] n=270 胜率=23.7% 平均=-1.08% 累计=-94.9%
2026-08-03 23:12:51,788 [INFO]   [close_t2  ] n=270 胜率=36.7% 平均=-0.92% 累计=-92.6%
2026-08-03 23:12:51,788 [INFO]   [close_t3  ] n=270 胜率=33.7% 平均=-0.93% 累计=-93.2%
2026-08-03 23:12:51,788 [INFO]   [gap_t1    ] n=270 胜率=0.0% 平均=0.00% 累计=0.0%
2026-08-03 23:12:51,788 [INFO]   [open_t2   ] n=270 胜率=36.3% 平均=-0.99% 累计=-93.9%
2026-08-03 23:12:51,788 [INFO]   [stop_t1   ] n=103 胜率=0.0% 平均=-3.69% 累计=-97.9%
2026-08-03 23:12:51,788 [INFO]   [trail_t2  ] n=141 胜率=89.4% 平均=2.16% 累计=1893.5%
2026-08-03 23:12:51,788 [INFO]   score=-0.7 | 月复利=-1.1% | 笔数=270 胜率=53.0% DD=-10.2% | lev=1.00x | 2.0s
2026-08-03 23:12:51,789 [INFO] ========== ZT回测 2025-12-01→2026-07-31 | top=3 board=main entry=open_t1 sample=300 ==========
2026-08-03 23:12:53,815 [INFO] HS300 regime 预计算: 365 天 (bull=203 bear=41 crash=62 unknown=59)
2026-08-03 23:12:53,856 [INFO]   进度 20/162 | trades=35 | skip=6 | 2.1s
2026-08-03 23:12:53,921 [INFO]   进度 40/162 | trades=87 | skip=8 | 2.1s
2026-08-03 23:12:53,952 [INFO]   进度 60/162 | trades=117 | skip=18 | 2.2s
2026-08-03 23:12:53,963 [INFO]   进度 80/162 | trades=123 | skip=36 | 2.2s
2026-08-03 23:12:54,022 [INFO]   进度 100/162 | trades=165 | skip=40 | 2.2s
2026-08-03 23:12:54,107 [INFO]   进度 120/162 | trades=215 | skip=43 | 2.3s
2026-08-03 23:12:54,146 [INFO]   进度 140/162 | trades=246 | skip=50 | 2.4s
2026-08-03 23:12:54,148 [INFO]   进度 160/162 | trades=249 | skip=69 | 2.4s
2026-08-03 23:12:54,148 [INFO] ========== ZT回测完成 | trades=249 | fill_rate=50% | 2.4s ==========
2026-08-03 23:12:54,330 [INFO]   笔数=249 | 胜率=56.2% | 平均=-0.30% | 日均=-0.73% | 总收益=-65.1% | 最大回撤=-75.7%
2026-08-03 23:12:54,330 [INFO]   [best      ] n=249 胜率=67.1% 平均=1.64% 累计=5152.2%
2026-08-03 23:12:54,330 [INFO]   [close_t1  ] n=249 胜率=15.3% 平均=-2.12% 累计=-99.6%
2026-08-03 23:12:54,330 [INFO]   [close_t2  ] n=249 胜率=39.4% 平均=-1.42% 累计=-97.8%
2026-08-03 23:12:54,330 [INFO]   [close_t3  ] n=249 胜率=42.6% 平均=-0.85% 累计=-92.6%
2026-08-03 23:12:54,330 [INFO]   [gap_t1    ] n=249 胜率=0.0% 平均=0.00% 累计=0.0%
2026-08-03 23:12:54,330 [INFO]   [open_t2   ] n=249 胜率=34.5% 平均=-1.60% 累计=-98.6%
2026-08-03 23:12:54,331 [INFO]   [stop_t1   ] n=21 胜率=0.0% 平均=-8.65% 累计=-85.1%
2026-08-03 23:12:54,331 [INFO]   [trail_t2  ] n=203 胜率=55.2% 平均=0.40% 累计=93.6%
2026-08-03 23:12:54,331 [INFO]   score=-1.2 | 月复利=-1.9% | 笔数=249 胜率=56.2% DD=-16.5% | lev=1.00x | 2.5s
2026-08-03 23:12:54,331 [INFO] ========== ZT回测 2025-12-01→2026-07-31 | top=5 board=main entry=close_t0 sample=300 ==========
2026-08-03 23:12:54,441 [INFO]   进度 20/162 | trades=95 | skip=0 | 0.1s
2026-08-03 23:12:54,548 [INFO]   进度 40/162 | trades=195 | skip=0 | 0.2s
2026-08-03 23:12:54,655 [INFO]   进度 60/162 | trades=295 | skip=0 | 0.3s
2026-08-03 23:12:54,806 [INFO]   进度 80/162 | trades=395 | skip=0 | 0.5s
2026-08-03 23:12:54,905 [INFO]   进度 100/162 | trades=495 | skip=0 | 0.6s
2026-08-03 23:12:55,004 [INFO]   进度 120/162 | trades=595 | skip=0 | 0.7s
2026-08-03 23:12:55,098 [INFO]   进度 140/162 | trades=695 | skip=0 | 0.8s
2026-08-03 23:12:55,211 [INFO]   进度 160/162 | trades=795 | skip=0 | 0.9s
2026-08-03 23:12:55,219 [INFO] ========== ZT回测完成 | trades=805 | fill_rate=30% | 0.9s ==========
2026-08-03 23:12:55,611 [INFO]   笔数=805 | 胜率=79.9% | 平均=0.92% | 日均=910.45% | 总收益=146583.0% | 最大回撤=-13.3%
2026-08-03 23:12:55,611 [INFO]   [best      ] n=799 胜率=83.2% 平均=2.15% 累计=1921156441.3%
2026-08-03 23:12:55,611 [INFO]   [close_t1  ] n=799 胜率=48.8% 平均=-0.29% 累计=-91.8%
2026-08-03 23:12:55,612 [INFO]   [close_t2  ] n=792 胜率=44.2% 平均=-0.18% 累计=-84.0%
2026-08-03 23:12:55,612 [INFO]   [close_t3  ] n=786 胜率=43.3% 平均=-0.27% 累计=-93.8%
2026-08-03 23:12:55,612 [INFO]   [gap_t1    ] n=799 胜率=41.9% 平均=-0.21% 累计=-83.0%
2026-08-03 23:12:55,612 [INFO]   [open_t2   ] n=792 胜率=42.8% 平均=-0.23% 累计=-89.3%
2026-08-03 23:12:55,612 [INFO]   [stop_t1   ] n=184 胜率=0.0% 平均=-3.88% 累计=-99.9%
2026-08-03 23:12:55,612 [INFO]   [trail_t2  ] n=597 胜率=81.7% 平均=0.88% 累计=17994.5%
2026-08-03 23:12:55,612 [INFO]   score=5.7 | 月复利=3.8% | 笔数=805 胜率=79.9% DD=-0.5% | lev=1.00x | 1.3s
2026-08-03 23:12:55,613 [INFO] ========== ZT回测 2025-12-01→2026-07-31 | top=2 board=main entry=open_t1 sample=300 ==========
2026-08-03 23:12:57,284 [INFO] HS300 regime 预计算: 365 天 (bull=203 bear=41 crash=62 unknown=59)
2026-08-03 23:12:57,285 [INFO]   进度 20/162 | trades=0 | skip=6 | 1.7s
2026-08-03 23:12:57,286 [INFO]   进度 40/162 | trades=0 | skip=8 | 1.7s
2026-08-03 23:12:57,286 [INFO]   进度 60/162 | trades=0 | skip=18 | 1.7s
2026-08-03 23:12:57,286 [INFO]   进度 80/162 | trades=0 | skip=36 | 1.7s
2026-08-03 23:12:57,287 [INFO]   进度 100/162 | trades=0 | skip=40 | 1.7s
2026-08-03 23:12:57,287 [INFO]   进度 120/162 | trades=0 | skip=43 | 1.7s
2026-08-03 23:12:57,288 [INFO]   进度 140/162 | trades=0 | skip=50 | 1.7s
2026-08-03 23:12:57,288 [INFO]   进度 160/162 | trades=0 | skip=69 | 1.7s
2026-08-03 23:12:57,288 [INFO] ========== ZT回测完成 | trades=0 | fill_rate=25% | 1.7s ==========
2026-08-03 23:12:57,288 [WARNING]   无任何交易产生！
2026-08-03 23:12:57,288 [INFO]   score=-1000.0 | 月复利=0.0% | 笔数=0 胜率=0.0% DD=0.0% | lev=2.00x | 1.7s
2026-08-03 23:12:57,288 [INFO] ========== ZT回测 2025-12-01→2026-07-31 | top=1 board=main entry=close_t0 sample=300 ==========
2026-08-03 23:12:59,142 [INFO] HS300 regime 预计算: 365 天 (bull=203 bear=41 crash=62 unknown=59)
2026-08-03 23:12:59,160 [INFO]   进度 20/162 | trades=12 | skip=6 | 1.9s
2026-08-03 23:12:59,179 [INFO]   进度 40/162 | trades=30 | skip=8 | 1.9s
2026-08-03 23:12:59,186 [INFO]   进度 60/162 | trades=40 | skip=18 | 1.9s
2026-08-03 23:12:59,187 [INFO]   进度 80/162 | trades=42 | skip=36 | 1.9s
2026-08-03 23:12:59,204 [INFO]   进度 100/162 | trades=58 | skip=40 | 1.9s
2026-08-03 23:12:59,220 [INFO]   进度 120/162 | trades=75 | skip=43 | 1.9s
2026-08-03 23:12:59,236 [INFO]   进度 140/162 | trades=88 | skip=50 | 1.9s
2026-08-03 23:12:59,237 [INFO]   进度 160/162 | trades=89 | skip=69 | 1.9s
2026-08-03 23:12:59,237 [INFO] ========== ZT回测完成 | trades=89 | fill_rate=100% | 1.9s ==========
2026-08-03 23:12:59,429 [INFO]   笔数=89 | 胜率=92.1% | 平均=4.69% | 日均=61.46% | 总收益=5470.0% | 最大回撤=-9.5%
2026-08-03 23:12:59,430 [INFO]   [best      ] n=89 胜率=92.1% 平均=9.47% 累计=268635.3%
2026-08-03 23:12:59,430 [INFO]   [close_t1  ] n=89 胜率=60.7% 平均=1.01% 累计=101.8%
2026-08-03 23:12:59,430 [INFO]   [close_t2  ] n=89 胜率=56.2% 平均=2.19% 累计=315.1%
2026-08-03 23:12:59,430 [INFO]   [close_t3  ] n=89 胜率=57.3% 平均=3.35% 累计=715.1%
2026-08-03 23:12:59,430 [INFO]   [gap_t1    ] n=89 胜率=62.9% 平均=1.62% 累计=279.9%
2026-08-03 23:12:59,430 [INFO]   [open_t2   ] n=89 胜率=57.3% 平均=2.38% 累计=414.2%
2026-08-03 23:12:59,430 [INFO]   [stop_t1   ] n=19 胜率=0.0% 平均=-11.53% 累计=-90.3%
2026-08-03 23:12:59,430 [INFO]   [trail_t2  ] n=68 胜率=95.6% 平均=4.37% 累计=1706.0%
2026-08-03 23:12:59,430 [INFO]   score=370.3 | 月复利=194.4% | 笔数=89 胜率=92.1% DD=-18.9% | lev=2.00x | 2.1s
2026-08-03 23:12:59,430 [INFO] ========== ZT回测 2025-12-01→2026-07-31 | top=3 board=main entry=close_t0 sample=300 ==========
2026-08-03 23:13:01,077 [INFO] HS300 regime 预计算: 365 天 (bull=203 bear=41 crash=62 unknown=59)
2026-08-03 23:13:01,077 [INFO]   进度 20/162 | trades=0 | skip=6 | 1.6s
2026-08-03 23:13:01,078 [INFO]   进度 40/162 | trades=0 | skip=8 | 1.6s
2026-08-03 23:13:01,078 [INFO]   进度 60/162 | trades=0 | skip=18 | 1.6s
2026-08-03 23:13:01,078 [INFO]   进度 80/162 | trades=0 | skip=36 | 1.6s
2026-08-03 23:13:01,078 [INFO]   进度 100/162 | trades=0 | skip=40 | 1.6s
2026-08-03 23:13:01,079 [INFO]   进度 120/162 | trades=0 | skip=43 | 1.6s
2026-08-03 23:13:01,079 [INFO]   进度 140/162 | trades=0 | skip=50 | 1.6s
2026-08-03 23:13:01,079 [INFO]   进度 160/162 | trades=0 | skip=69 | 1.6s
2026-08-03 23:13:01,079 [INFO] ========== ZT回测完成 | trades=0 | fill_rate=100% | 1.6s ==========
2026-08-03 23:13:01,079 [WARNING]   无任何交易产生！
2026-08-03 23:13:01,079 [INFO]   score=-1000.0 | 月复利=0.0% | 笔数=0 胜率=0.0% DD=0.0% | lev=1.25x | 1.6s
2026-08-03 23:13:01,079 [INFO] ========== ZT回测 2025-12-01→2026-07-31 | top=1 board=main entry=close_t0 sample=300 ==========
2026-08-03 23:13:02,889 [INFO] HS300 regime 预计算: 365 天 (bull=203 bear=41 crash=62 unknown=59)
2026-08-03 23:13:02,889 [INFO]   进度 20/162 | trades=0 | skip=6 | 1.8s
2026-08-03 23:13:02,890 [INFO]   进度 40/162 | trades=0 | skip=8 | 1.8s
2026-08-03 23:13:02,890 [INFO]   进度 60/162 | trades=0 | skip=18 | 1.8s
2026-08-03 23:13:02,891 [INFO]   进度 80/162 | trades=0 | skip=36 | 1.8s
2026-08-03 23:13:02,893 [INFO]   进度 100/162 | trades=0 | skip=40 | 1.8s
2026-08-03 23:13:02,894 [INFO]   进度 120/162 | trades=0 | skip=43 | 1.8s
2026-08-03 23:13:02,895 [INFO]   进度 140/162 | trades=0 | skip=50 | 1.8s
2026-08-03 23:13:02,895 [INFO]   进度 160/162 | trades=0 | skip=69 | 1.8s
2026-08-03 23:13:02,895 [INFO] ========== ZT回测完成 | trades=0 | fill_rate=50% | 1.8s ==========
2026-08-03 23:13:02,895 [WARNING]   无任何交易产生！
2026-08-03 23:13:02,895 [INFO]   score=-1000.0 | 月复利=0.0% | 笔数=0 胜率=0.0% DD=0.0% | lev=1.75x | 1.8s
2026-08-03 23:13:02,895 [INFO] ========== ZT回测 2025-12-01→2026-07-31 | top=2 board=main entry=close_t0 sample=300 ==========
2026-08-03 23:13:04,621 [INFO] HS300 regime 预计算: 365 天 (bull=203 bear=41 crash=62 unknown=59)
2026-08-03 23:13:04,622 [INFO]   进度 20/162 | trades=0 | skip=6 | 1.7s
2026-08-03 23:13:04,622 [INFO]   进度 40/162 | trades=0 | skip=8 | 1.7s
2026-08-03 23:13:04,622 [INFO]   进度 60/162 | trades=0 | skip=18 | 1.7s
2026-08-03 23:13:04,622 [INFO]   进度 80/162 | trades=0 | skip=36 | 1.7s
2026-08-03 23:13:04,623 [INFO]   进度 100/162 | trades=0 | skip=40 | 1.7s
2026-08-03 23:13:04,623 [INFO]   进度 120/162 | trades=0 | skip=43 | 1.7s
2026-08-03 23:13:04,624 [INFO]   进度 140/162 | trades=0 | skip=50 | 1.7s
2026-08-03 23:13:04,624 [INFO]   进度 160/162 | trades=0 | skip=69 | 1.7s
2026-08-03 23:13:04,625 [INFO] ========== ZT回测完成 | trades=0 | fill_rate=30% | 1.7s ==========
2026-08-03 23:13:04,625 [WARNING]   无任何交易产生！
2026-08-03 23:13:04,625 [INFO]   score=-1000.0 | 月复利=0.0% | 笔数=0 胜率=0.0% DD=0.0% | lev=2.00x | 1.7s
2026-08-03 23:13:04,625 [INFO] ========== ZT回测 2025-12-01→2026-07-31 | top=5 board=gem+star entry=open_t1 sample=300 ==========
2026-08-03 23:13:06,213 [INFO] HS300 regime 预计算: 365 天 (bull=203 bear=41 crash=62 unknown=59)
2026-08-03 23:13:06,214 [INFO]   进度 20/162 | trades=0 | skip=6 | 1.6s
2026-08-03 23:13:06,216 [INFO]   进度 40/162 | trades=0 | skip=8 | 1.6s
2026-08-03 23:13:06,218 [INFO]   进度 60/162 | trades=0 | skip=18 | 1.6s
2026-08-03 23:13:06,218 [INFO]   进度 80/162 | trades=0 | skip=36 | 1.6s
2026-08-03 23:13:06,218 [INFO]   进度 100/162 | trades=0 | skip=40 | 1.6s
2026-08-03 23:13:06,219 [INFO]   进度 120/162 | trades=0 | skip=43 | 1.6s
2026-08-03 23:13:06,219 [INFO]   进度 140/162 | trades=0 | skip=50 | 1.6s
2026-08-03 23:13:06,219 [INFO]   进度 160/162 | trades=0 | skip=69 | 1.6s
2026-08-03 23:13:06,219 [INFO] ========== ZT回测完成 | trades=0 | fill_rate=25% | 1.6s ==========
2026-08-03 23:13:06,219 [WARNING]   无任何交易产生！
2026-08-03 23:13:06,219 [INFO]   score=-1000.0 | 月复利=0.0% | 笔数=0 胜率=0.0% DD=0.0% | lev=2.00x | 1.6s
2026-08-03 23:13:06,219 [INFO] ========== ZT回测 2025-12-01→2026-07-31 | top=3 board=all entry=open_t1 sample=300 ==========
2026-08-03 23:13:06,220 [INFO]   进度 20/162 | trades=0 | skip=0 | 0.0s
2026-08-03 23:13:06,221 [INFO]   进度 40/162 | trades=0 | skip=0 | 0.0s
2026-08-03 23:13:06,221 [INFO]   进度 60/162 | trades=0 | skip=0 | 0.0s
2026-08-03 23:13:06,222 [INFO]   进度 80/162 | trades=0 | skip=0 | 0.0s
2026-08-03 23:13:06,222 [INFO]   进度 100/162 | trades=0 | skip=0 | 0.0s
2026-08-03 23:13:06,223 [INFO]   进度 120/162 | trades=0 | skip=0 | 0.0s
2026-08-03 23:13:06,226 [INFO]   进度 140/162 | trades=0 | skip=0 | 0.0s
2026-08-03 23:13:06,228 [INFO]   进度 160/162 | trades=0 | skip=0 | 0.0s
2026-08-03 23:13:06,228 [INFO] ========== ZT回测完成 | trades=0 | fill_rate=30% | 0.0s ==========
2026-08-03 23:13:06,228 [WARNING]   无任何交易产生！
2026-08-03 23:13:06,228 [INFO]   score=-1000.0 | 月复利=0.0% | 笔数=0 胜率=0.0% DD=0.0% | lev=1.50x | 0.0s
2026-08-03 23:13:06,228 [INFO] ========== ZT回测 2025-12-01→2026-07-31 | top=5 board=main entry=close_t0 sample=300 ==========
2026-08-03 23:13:06,229 [INFO]   进度 20/162 | trades=0 | skip=0 | 0.0s
2026-08-03 23:13:06,229 [INFO]   进度 40/162 | trades=0 | skip=0 | 0.0s
2026-08-03 23:13:06,230 [INFO]   进度 60/162 | trades=0 | skip=0 | 0.0s
2026-08-03 23:13:06,230 [INFO]   进度 80/162 | trades=0 | skip=0 | 0.0s
2026-08-03 23:13:06,230 [INFO]   进度 100/162 | trades=0 | skip=0 | 0.0s
2026-08-03 23:13:06,231 [INFO]   进度 120/162 | trades=0 | skip=0 | 0.0s
2026-08-03 23:13:06,235 [INFO]   进度 140/162 | trades=0 | skip=0 | 0.0s
2026-08-03 23:13:06,236 [INFO]   进度 160/162 | trades=0 | skip=0 | 0.0s
2026-08-03 23:13:06,236 [INFO] ========== ZT回测完成 | trades=0 | fill_rate=40% | 0.0s ==========
2026-08-03 23:13:06,236 [WARNING]   无任何交易产生！
2026-08-03 23:13:06,236 [INFO]   score=-1000.0 | 月复利=0.0% | 笔数=0 胜率=0.0% DD=0.0% | lev=1.00x | 0.0s
2026-08-03 23:13:06,237 [INFO] ========== ZT回测 2025-12-01→2026-07-31 | top=2 board=gem+star entry=open_t1 sample=300 ==========
2026-08-03 23:13:07,978 [INFO] HS300 regime 预计算: 365 天 (bull=203 bear=41 crash=62 unknown=59)
2026-08-03 23:13:07,980 [INFO]   进度 20/162 | trades=0 | skip=6 | 1.7s
2026-08-03 23:13:07,984 [INFO]   进度 40/162 | trades=0 | skip=8 | 1.7s
2026-08-03 23:13:07,985 [INFO]   进度 60/162 | trades=0 | skip=18 | 1.7s
2026-08-03 23:13:07,985 [INFO]   进度 80/162 | trades=0 | skip=36 | 1.7s
2026-08-03 23:13:07,986 [INFO]   进度 100/162 | trades=0 | skip=40 | 1.7s
2026-08-03 23:13:07,987 [INFO]   进度 120/162 | trades=0 | skip=43 | 1.8s
2026-08-03 23:13:07,988 [INFO]   进度 140/162 | trades=0 | skip=50 | 1.8s
2026-08-03 23:13:07,988 [INFO]   进度 160/162 | trades=0 | skip=69 | 1.8s
2026-08-03 23:13:07,988 [INFO] ========== ZT回测完成 | trades=0 | fill_rate=35% | 1.8s ==========
2026-08-03 23:13:07,988 [WARNING]   无任何交易产生！
2026-08-03 23:13:07,988 [INFO]   score=-1000.0 | 月复利=0.0% | 笔数=0 胜率=0.0% DD=0.0% | lev=1.25x | 1.8s
2026-08-03 23:13:07,989 [INFO] ========== ZT回测 2025-12-01→2026-07-31 | top=3 board=main entry=close_t0 sample=300 ==========
2026-08-03 23:13:09,696 [INFO] HS300 regime 预计算: 365 天 (bull=203 bear=41 crash=62 unknown=59)
2026-08-03 23:13:09,697 [INFO]   进度 20/162 | trades=0 | skip=6 | 1.7s
2026-08-03 23:13:09,699 [INFO]   进度 40/162 | trades=0 | skip=8 | 1.7s
2026-08-03 23:13:09,700 [INFO]   进度 60/162 | trades=0 | skip=18 | 1.7s
2026-08-03 23:13:09,700 [INFO]   进度 80/162 | trades=0 | skip=36 | 1.7s
2026-08-03 23:13:09,702 [INFO]   进度 100/162 | trades=0 | skip=40 | 1.7s
2026-08-03 23:13:09,703 [INFO]   进度 120/162 | trades=0 | skip=43 | 1.7s
2026-08-03 23:13:09,704 [INFO]   进度 140/162 | trades=0 | skip=50 | 1.7s
2026-08-03 23:13:09,704 [INFO]   进度 160/162 | trades=0 | skip=69 | 1.7s
2026-08-03 23:13:09,704 [INFO] ========== ZT回测完成 | trades=0 | fill_rate=35% | 1.7s ==========
2026-08-03 23:13:09,704 [WARNING]   无任何交易产生！
2026-08-03 23:13:09,704 [INFO]   score=-1000.0 | 月复利=0.0% | 笔数=0 胜率=0.0% DD=0.0% | lev=1.25x | 1.7s
2026-08-03 23:13:09,704 [INFO] ========== ZT回测 2025-12-01→2026-07-31 | top=3 board=main entry=close_t0 sample=300 ==========
2026-08-03 23:13:11,481 [INFO] HS300 regime 预计算: 365 天 (bull=203 bear=41 crash=62 unknown=59)
2026-08-03 23:13:11,481 [INFO]   进度 20/162 | trades=0 | skip=6 | 1.8s
2026-08-03 23:13:11,483 [INFO]   进度 40/162 | trades=0 | skip=8 | 1.8s
2026-08-03 23:13:11,484 [INFO]   进度 60/162 | trades=0 | skip=18 | 1.8s
2026-08-03 23:13:11,485 [INFO]   进度 80/162 | trades=0 | skip=36 | 1.8s
2026-08-03 23:13:11,485 [INFO]   进度 100/162 | trades=0 | skip=40 | 1.8s
2026-08-03 23:13:11,486 [INFO]   进度 120/162 | trades=0 | skip=43 | 1.8s
2026-08-03 23:13:11,487 [INFO]   进度 140/162 | trades=0 | skip=50 | 1.8s
2026-08-03 23:13:11,487 [INFO]   进度 160/162 | trades=0 | skip=69 | 1.8s
2026-08-03 23:13:11,487 [INFO] ========== ZT回测完成 | trades=0 | fill_rate=40% | 1.8s ==========
2026-08-03 23:13:11,487 [WARNING]   无任何交易产生！
2026-08-03 23:13:11,487 [INFO]   score=-1000.0 | 月复利=0.0% | 笔数=0 胜率=0.0% DD=0.0% | lev=2.00x | 1.8s
2026-08-03 23:13:11,487 [INFO] ========== ZT回测 2025-12-01→2026-07-31 | top=1 board=main entry=open_t1 sample=300 ==========
2026-08-03 23:13:13,220 [INFO] HS300 regime 预计算: 365 天 (bull=203 bear=41 crash=62 unknown=59)
2026-08-03 23:13:13,221 [INFO]   进度 20/162 | trades=0 | skip=6 | 1.7s
2026-08-03 23:13:13,224 [INFO]   进度 40/162 | trades=0 | skip=8 | 1.7s
2026-08-03 23:13:13,225 [INFO]   进度 60/162 | trades=0 | skip=18 | 1.7s
2026-08-03 23:13:13,225 [INFO]   进度 80/162 | trades=0 | skip=36 | 1.7s
2026-08-03 23:13:13,226 [INFO]   进度 100/162 | trades=0 | skip=40 | 1.7s
2026-08-03 23:13:13,226 [INFO]   进度 120/162 | trades=0 | skip=43 | 1.7s
2026-08-03 23:13:13,227 [INFO]   进度 140/162 | trades=0 | skip=50 | 1.7s
2026-08-03 23:13:13,227 [INFO]   进度 160/162 | trades=0 | skip=69 | 1.7s
2026-08-03 23:13:13,228 [INFO] ========== ZT回测完成 | trades=0 | fill_rate=40% | 1.7s ==========
2026-08-03 23:13:13,228 [WARNING]   无任何交易产生！
2026-08-03 23:13:13,228 [INFO]   score=-1000.0 | 月复利=0.0% | 笔数=0 胜率=0.0% DD=0.0% | lev=1.00x | 1.7s
2026-08-03 23:13:13,228 [INFO] ========== ZT回测 2025-12-01→2026-07-31 | top=3 board=all entry=close_t0 sample=300 ==========
2026-08-03 23:13:14,931 [INFO] HS300 regime 预计算: 365 天 (bull=203 bear=41 crash=62 unknown=59)
2026-08-03 23:13:14,931 [INFO]   进度 20/162 | trades=0 | skip=6 | 1.7s
2026-08-03 23:13:14,934 [INFO]   进度 40/162 | trades=0 | skip=8 | 1.7s
2026-08-03 23:13:14,934 [INFO]   进度 60/162 | trades=0 | skip=18 | 1.7s
2026-08-03 23:13:14,934 [INFO]   进度 80/162 | trades=0 | skip=36 | 1.7s
2026-08-03 23:13:14,935 [INFO]   进度 100/162 | trades=0 | skip=40 | 1.7s
2026-08-03 23:13:14,935 [INFO]   进度 120/162 | trades=0 | skip=43 | 1.7s
2026-08-03 23:13:14,936 [INFO]   进度 140/162 | trades=0 | skip=50 | 1.7s
2026-08-03 23:13:14,936 [INFO]   进度 160/162 | trades=0 | skip=69 | 1.7s
2026-08-03 23:13:14,936 [INFO] ========== ZT回测完成 | trades=0 | fill_rate=25% | 1.7s ==========
2026-08-03 23:13:14,936 [WARNING]   无任何交易产生！
2026-08-03 23:13:14,936 [INFO]   score=-1000.0 | 月复利=0.0% | 笔数=0 胜率=0.0% DD=0.0% | lev=1.50x | 1.7s
2026-08-03 23:13:14,936 [INFO] ========== ZT回测 2025-12-01→2026-07-31 | top=5 board=gem+star entry=close_t0 sample=300 ==========
2026-08-03 23:13:16,759 [INFO] HS300 regime 预计算: 365 天 (bull=203 bear=41 crash=62 unknown=59)
2026-08-03 23:13:16,820 [INFO]   进度 20/162 | trades=47 | skip=6 | 1.9s
2026-08-03 23:13:16,903 [INFO]   进度 40/162 | trades=114 | skip=8 | 2.0s
2026-08-03 23:13:16,936 [INFO]   进度 60/162 | trades=146 | skip=18 | 2.0s
2026-08-03 23:13:16,938 [INFO]   进度 80/162 | trades=150 | skip=36 | 2.0s
2026-08-03 23:13:16,977 [INFO]   进度 100/162 | trades=175 | skip=40 | 2.0s
2026-08-03 23:13:17,031 [INFO]   进度 120/162 | trades=221 | skip=43 | 2.1s
2026-08-03 23:13:17,087 [INFO]   进度 140/162 | trades=257 | skip=50 | 2.2s
2026-08-03 23:13:17,093 [INFO]   进度 160/162 | trades=259 | skip=69 | 2.2s
2026-08-03 23:13:17,094 [INFO] ========== ZT回测完成 | trades=259 | fill_rate=40% | 2.2s ==========
2026-08-03 23:13:17,252 [INFO]   笔数=259 | 胜率=89.6% | 平均=1.72% | 日均=94.28% | 总收益=7825.0% | 最大回撤=-7.1%
2026-08-03 23:13:17,252 [INFO]   [best      ] n=259 胜率=89.6% 平均=3.99% 累计=2264497.3%
2026-08-03 23:13:17,252 [INFO]   [close_t1  ] n=259 胜率=64.9% 平均=0.49% 累计=221.4%
2026-08-03 23:13:17,252 [INFO]   [close_t2  ] n=259 胜率=57.1% 平均=1.19% 累计=1488.8%
2026-08-03 23:13:17,252 [INFO]   [close_t3  ] n=258 胜率=54.6% 平均=1.52% 累计=2833.4%
2026-08-03 23:13:17,252 [INFO]   [gap_t1    ] n=259 胜率=62.2% 平均=0.66% 累计=423.3%
2026-08-03 23:13:17,252 [INFO]   [open_t2   ] n=259 胜率=59.1% 平均=1.13% 累计=1322.2%
2026-08-03 23:13:17,252 [INFO]   [stop_t1   ] n=65 胜率=0.0% 平均=-4.64% 累计=-95.5%
2026-08-03 23:13:17,252 [INFO]   [trail_t2  ] n=194 胜率=98.5% 平均=2.28% 累计=7782.2%
2026-08-03 23:13:17,253 [INFO]   score=9.7 | 月复利=6.1% | 笔数=259 胜率=89.6% DD=-1.3% | lev=1.75x | 2.3s
2026-08-03 23:13:17,253 [INFO] ========== ZT回测 2025-12-01→2026-07-31 | top=5 board=main entry=open_t1 sample=300 ==========
2026-08-03 23:13:19,014 [INFO] HS300 regime 预计算: 365 天 (bull=203 bear=41 crash=62 unknown=59)
2026-08-03 23:13:19,015 [INFO]   进度 20/162 | trades=0 | skip=6 | 1.8s
2026-08-03 23:13:19,017 [INFO]   进度 40/162 | trades=0 | skip=8 | 1.8s
2026-08-03 23:13:19,017 [INFO]   进度 60/162 | trades=0 | skip=18 | 1.8s
2026-08-03 23:13:19,017 [INFO]   进度 80/162 | trades=0 | skip=36 | 1.8s
2026-08-03 23:13:19,018 [INFO]   进度 100/162 | trades=0 | skip=40 | 1.8s
2026-08-03 23:13:19,019 [INFO]   进度 120/162 | trades=0 | skip=43 | 1.8s
2026-08-03 23:13:19,019 [INFO]   进度 140/162 | trades=0 | skip=50 | 1.8s
2026-08-03 23:13:19,019 [INFO]   进度 160/162 | trades=0 | skip=69 | 1.8s
2026-08-03 23:13:19,019 [INFO] ========== ZT回测完成 | trades=0 | fill_rate=100% | 1.8s ==========
2026-08-03 23:13:19,019 [WARNING]   无任何交易产生！
2026-08-03 23:13:19,019 [INFO]   score=-1000.0 | 月复利=0.0% | 笔数=0 胜率=0.0% DD=0.0% | lev=1.00x | 1.8s
2026-08-03 23:13:19,020 [INFO] ========== ZT回测 2025-12-01→2026-07-31 | top=3 board=all entry=open_t1 sample=300 ==========
2026-08-03 23:13:20,749 [INFO] HS300 regime 预计算: 365 天 (bull=203 bear=41 crash=62 unknown=59)
2026-08-03 23:13:20,750 [INFO]   进度 20/162 | trades=0 | skip=6 | 1.7s
2026-08-03 23:13:20,752 [INFO]   进度 40/162 | trades=0 | skip=8 | 1.7s
2026-08-03 23:13:20,752 [INFO]   进度 60/162 | trades=0 | skip=18 | 1.7s
2026-08-03 23:13:20,752 [INFO]   进度 80/162 | trades=0 | skip=36 | 1.7s
2026-08-03 23:13:20,753 [INFO]   进度 100/162 | trades=0 | skip=40 | 1.7s
2026-08-03 23:13:20,754 [INFO]   进度 120/162 | trades=0 | skip=43 | 1.7s
2026-08-03 23:13:20,755 [INFO]   进度 140/162 | trades=0 | skip=50 | 1.7s
2026-08-03 23:13:20,755 [INFO]   进度 160/162 | trades=0 | skip=69 | 1.7s
2026-08-03 23:13:20,755 [INFO] ========== ZT回测完成 | trades=0 | fill_rate=20% | 1.7s ==========
2026-08-03 23:13:20,755 [WARNING]   无任何交易产生！
2026-08-03 23:13:20,755 [INFO]   score=-1000.0 | 月复利=0.0% | 笔数=0 胜率=0.0% DD=0.0% | lev=2.00x | 1.7s
2026-08-03 23:13:20,755 [INFO] ========== ZT回测 2025-12-01→2026-07-31 | top=3 board=main entry=open_t1 sample=300 ==========
2026-08-03 23:13:20,755 [INFO]   进度 20/162 | trades=0 | skip=0 | 0.0s
2026-08-03 23:13:20,756 [INFO]   进度 40/162 | trades=0 | skip=0 | 0.0s
2026-08-03 23:13:20,756 [INFO]   进度 60/162 | trades=0 | skip=0 | 0.0s
2026-08-03 23:13:20,756 [INFO]   进度 80/162 | trades=0 | skip=0 | 0.0s
2026-08-03 23:13:20,758 [INFO]   进度 100/162 | trades=0 | skip=0 | 0.0s
2026-08-03 23:13:20,760 [INFO]   进度 120/162 | trades=0 | skip=0 | 0.0s
2026-08-03 23:13:20,761 [INFO]   进度 140/162 | trades=0 | skip=0 | 0.0s
2026-08-03 23:13:20,761 [INFO]   进度 160/162 | trades=0 | skip=0 | 0.0s
2026-08-03 23:13:20,761 [INFO] ========== ZT回测完成 | trades=0 | fill_rate=100% | 0.0s ==========
2026-08-03 23:13:20,761 [WARNING]   无任何交易产生！
2026-08-03 23:13:20,761 [INFO]   score=-1000.0 | 月复利=0.0% | 笔数=0 胜率=0.0% DD=0.0% | lev=2.00x | 0.0s
2026-08-03 23:13:20,761 [INFO] ========== ZT回测 2025-12-01→2026-07-31 | top=1 board=gem+star entry=open_t1 sample=300 ==========
2026-08-03 23:13:20,762 [INFO]   进度 20/162 | trades=0 | skip=0 | 0.0s
2026-08-03 23:13:20,763 [INFO]   进度 40/162 | trades=0 | skip=0 | 0.0s
2026-08-03 23:13:20,763 [INFO]   进度 60/162 | trades=0 | skip=0 | 0.0s
2026-08-03 23:13:20,764 [INFO]   进度 80/162 | trades=0 | skip=0 | 0.0s
2026-08-03 23:13:20,764 [INFO]   进度 100/162 | trades=0 | skip=0 | 0.0s
2026-08-03 23:13:20,766 [INFO]   进度 120/162 | trades=0 | skip=0 | 0.0s
2026-08-03 23:13:20,768 [INFO]   进度 140/162 | trades=0 | skip=0 | 0.0s
2026-08-03 23:13:20,768 [INFO]   进度 160/162 | trades=0 | skip=0 | 0.0s
2026-08-03 23:13:20,768 [INFO] ========== ZT回测完成 | trades=0 | fill_rate=40% | 0.0s ==========
2026-08-03 23:13:20,768 [WARNING]   无任何交易产生！
2026-08-03 23:13:20,768 [INFO]   score=-1000.0 | 月复利=0.0% | 笔数=0 胜率=0.0% DD=0.0% | lev=1.25x | 0.0s
2026-08-03 23:13:20,769 [INFO] ========== ZT回测 2025-12-01→2026-07-31 | top=1 board=all entry=open_t1 sample=300 ==========
2026-08-03 23:13:20,769 [INFO]   进度 20/162 | trades=0 | skip=0 | 0.0s
2026-08-03 23:13:20,770 [INFO]   进度 40/162 | trades=0 | skip=0 | 0.0s
2026-08-03 23:13:20,770 [INFO]   进度 60/162 | trades=0 | skip=0 | 0.0s
2026-08-03 23:13:20,770 [INFO]   进度 80/162 | trades=0 | skip=0 | 0.0s
2026-08-03 23:13:20,771 [INFO]   进度 100/162 | trades=0 | skip=0 | 0.0s
2026-08-03 23:13:20,771 [INFO]   进度 120/162 | trades=0 | skip=0 | 0.0s
2026-08-03 23:13:20,771 [INFO]   进度 140/162 | trades=0 | skip=0 | 0.0s
2026-08-03 23:13:20,772 [INFO]   进度 160/162 | trades=0 | skip=0 | 0.0s
2026-08-03 23:13:20,772 [INFO] ========== ZT回测完成 | trades=0 | fill_rate=40% | 0.0s ==========
2026-08-03 23:13:20,772 [WARNING]   无任何交易产生！
2026-08-03 23:13:20,772 [INFO]   score=-1000.0 | 月复利=0.0% | 笔数=0 胜率=0.0% DD=0.0% | lev=1.00x | 0.0s
2026-08-03 23:13:20,772 [INFO] ========== ZT回测 2025-12-01→2026-07-31 | top=5 board=all entry=close_t0 sample=300 ==========
2026-08-03 23:13:22,536 [INFO] HS300 regime 预计算: 365 天 (bull=203 bear=41 crash=62 unknown=59)
2026-08-03 23:13:22,537 [INFO]   进度 20/162 | trades=0 | skip=6 | 1.8s
2026-08-03 23:13:22,538 [INFO]   进度 40/162 | trades=0 | skip=8 | 1.8s
2026-08-03 23:13:22,538 [INFO]   进度 60/162 | trades=0 | skip=18 | 1.8s
2026-08-03 23:13:22,538 [INFO]   进度 80/162 | trades=0 | skip=36 | 1.8s
2026-08-03 23:13:22,539 [INFO]   进度 100/162 | trades=0 | skip=40 | 1.8s
2026-08-03 23:13:22,539 [INFO]   进度 120/162 | trades=0 | skip=43 | 1.8s
2026-08-03 23:13:22,542 [INFO]   进度 140/162 | trades=0 | skip=50 | 1.8s
2026-08-03 23:13:22,542 [INFO]   进度 160/162 | trades=0 | skip=69 | 1.8s
2026-08-03 23:13:22,542 [INFO] ========== ZT回测完成 | trades=0 | fill_rate=20% | 1.8s ==========
2026-08-03 23:13:22,543 [WARNING]   无任何交易产生！
2026-08-03 23:13:22,543 [INFO]   score=-1000.0 | 月复利=0.0% | 笔数=0 胜率=0.0% DD=0.0% | lev=1.25x | 1.8s
2026-08-03 23:13:22,543 [INFO] ========== ZT回测 2025-12-01→2026-07-31 | top=3 board=gem+star entry=close_t0 sample=300 ==========
2026-08-03 23:13:24,157 [INFO] HS300 regime 预计算: 365 天 (bull=203 bear=41 crash=62 unknown=59)
2026-08-03 23:13:24,159 [INFO]   进度 20/162 | trades=0 | skip=6 | 1.6s
2026-08-03 23:13:24,160 [INFO]   进度 40/162 | trades=0 | skip=8 | 1.6s
2026-08-03 23:13:24,161 [INFO]   进度 60/162 | trades=0 | skip=18 | 1.6s
2026-08-03 23:13:24,161 [INFO]   进度 80/162 | trades=0 | skip=36 | 1.6s
2026-08-03 23:13:24,163 [INFO]   进度 100/162 | trades=0 | skip=40 | 1.6s
2026-08-03 23:13:24,164 [INFO]   进度 120/162 | trades=0 | skip=43 | 1.6s
2026-08-03 23:13:24,166 [INFO]   进度 140/162 | trades=0 | skip=50 | 1.6s
2026-08-03 23:13:24,167 [INFO]   进度 160/162 | trades=0 | skip=69 | 1.6s
2026-08-03 23:13:24,167 [INFO] ========== ZT回测完成 | trades=0 | fill_rate=50% | 1.6s ==========
2026-08-03 23:13:24,167 [WARNING]   无任何交易产生！
2026-08-03 23:13:24,167 [INFO]   score=-1000.0 | 月复利=0.0% | 笔数=0 胜率=0.0% DD=0.0% | lev=1.50x | 1.6s
2026-08-03 23:13:24,168 [INFO] ========== ZT回测 2025-12-01→2026-07-31 | top=3 board=all entry=close_t0 sample=300 ==========
2026-08-03 23:13:24,168 [INFO]   进度 20/162 | trades=0 | skip=0 | 0.0s
2026-08-03 23:13:24,169 [INFO]   进度 40/162 | trades=0 | skip=0 | 0.0s
2026-08-03 23:13:24,170 [INFO]   进度 60/162 | trades=0 | skip=0 | 0.0s
2026-08-03 23:13:24,170 [INFO]   进度 80/162 | trades=0 | skip=0 | 0.0s
2026-08-03 23:13:24,170 [INFO]   进度 100/162 | trades=0 | skip=0 | 0.0s
2026-08-03 23:13:24,171 [INFO]   进度 120/162 | trades=0 | skip=0 | 0.0s
2026-08-03 23:13:24,171 [INFO]   进度 140/162 | trades=0 | skip=0 | 0.0s
2026-08-03 23:13:24,172 [INFO]   进度 160/162 | trades=0 | skip=0 | 0.0s
2026-08-03 23:13:24,172 [INFO] ========== ZT回测完成 | trades=0 | fill_rate=35% | 0.0s ==========
2026-08-03 23:13:24,172 [WARNING]   无任何交易产生！
2026-08-03 23:13:24,172 [INFO]   score=-1000.0 | 月复利=0.0% | 笔数=0 胜率=0.0% DD=0.0% | lev=1.75x | 0.0s
2026-08-03 23:13:24,172 [INFO] ========== ZT回测 2025-12-01→2026-07-31 | top=2 board=main entry=open_t1 sample=300 ==========
2026-08-03 23:13:24,172 [INFO]   进度 20/162 | trades=0 | skip=0 | 0.0s
2026-08-03 23:13:24,175 [INFO]   进度 40/162 | trades=0 | skip=0 | 0.0s
2026-08-03 23:13:24,176 [INFO]   进度 60/162 | trades=0 | skip=0 | 0.0s
2026-08-03 23:13:24,176 [INFO]   进度 80/162 | trades=0 | skip=0 | 0.0s
2026-08-03 23:13:24,177 [INFO]   进度 100/162 | trades=0 | skip=0 | 0.0s
2026-08-03 23:13:24,178 [INFO]   进度 120/162 | trades=0 | skip=0 | 0.0s
2026-08-03 23:13:24,179 [INFO]   进度 140/162 | trades=0 | skip=0 | 0.0s
2026-08-03 23:13:24,181 [INFO]   进度 160/162 | trades=0 | skip=0 | 0.0s
2026-08-03 23:13:24,181 [INFO] ========== ZT回测完成 | trades=0 | fill_rate=100% | 0.0s ==========
2026-08-03 23:13:24,181 [WARNING]   无任何交易产生！
2026-08-03 23:13:24,181 [INFO]   score=-1000.0 | 月复利=0.0% | 笔数=0 胜率=0.0% DD=0.0% | lev=1.75x | 0.0s
2026-08-03 23:13:24,182 [INFO] ========== ZT回测 2025-12-01→2026-07-31 | top=5 board=all entry=open_t1 sample=300 ==========
2026-08-03 23:13:24,183 [INFO]   进度 20/162 | trades=0 | skip=0 | 0.0s
2026-08-03 23:13:24,185 [INFO]   进度 40/162 | trades=0 | skip=0 | 0.0s
2026-08-03 23:13:24,185 [INFO]   进度 60/162 | trades=0 | skip=0 | 0.0s
2026-08-03 23:13:24,186 [INFO]   进度 80/162 | trades=0 | skip=0 | 0.0s
2026-08-03 23:13:24,186 [INFO]   进度 100/162 | trades=0 | skip=0 | 0.0s
2026-08-03 23:13:24,186 [INFO]   进度 120/162 | trades=0 | skip=0 | 0.0s
2026-08-03 23:13:24,187 [INFO]   进度 140/162 | trades=0 | skip=0 | 0.0s
2026-08-03 23:13:24,187 [INFO]   进度 160/162 | trades=0 | skip=0 | 0.0s
2026-08-03 23:13:24,187 [INFO] ========== ZT回测完成 | trades=0 | fill_rate=100% | 0.0s ==========
2026-08-03 23:13:24,187 [WARNING]   无任何交易产生！
2026-08-03 23:13:24,187 [INFO]   score=-1000.0 | 月复利=0.0% | 笔数=0 胜率=0.0% DD=0.0% | lev=1.50x | 0.0s
2026-08-03 23:13:24,188 [INFO] ========== ZT回测 2025-12-01→2026-07-31 | top=1 board=main entry=open_t1 sample=300 ==========
2026-08-03 23:13:25,788 [INFO] HS300 regime 预计算: 365 天 (bull=203 bear=41 crash=62 unknown=59)
2026-08-03 23:13:25,789 [INFO]   进度 20/162 | trades=0 | skip=6 | 1.6s
2026-08-03 23:13:25,791 [INFO]   进度 40/162 | trades=0 | skip=8 | 1.6s
2026-08-03 23:13:25,792 [INFO]   进度 60/162 | trades=0 | skip=18 | 1.6s
2026-08-03 23:13:25,792 [INFO]   进度 80/162 | trades=0 | skip=36 | 1.6s
2026-08-03 23:13:25,793 [INFO]   进度 100/162 | trades=0 | skip=40 | 1.6s
2026-08-03 23:13:25,794 [INFO]   进度 120/162 | trades=0 | skip=43 | 1.6s
2026-08-03 23:13:25,795 [INFO]   进度 140/162 | trades=0 | skip=50 | 1.6s
2026-08-03 23:13:25,795 [INFO]   进度 160/162 | trades=0 | skip=69 | 1.6s
2026-08-03 23:13:25,795 [INFO] ========== ZT回测完成 | trades=0 | fill_rate=20% | 1.6s ==========
2026-08-03 23:13:25,795 [WARNING]   无任何交易产生！
2026-08-03 23:13:25,795 [INFO]   score=-1000.0 | 月复利=0.0% | 笔数=0 胜率=0.0% DD=0.0% | lev=1.00x | 1.6s
2026-08-03 23:13:25,795 [INFO] ========== ZT回测 2025-12-01→2026-07-31 | top=5 board=all entry=open_t1 sample=300 ==========
2026-08-03 23:13:25,796 [INFO]   进度 20/162 | trades=0 | skip=0 | 0.0s
2026-08-03 23:13:25,796 [INFO]   进度 40/162 | trades=0 | skip=0 | 0.0s
2026-08-03 23:13:25,796 [INFO]   进度 60/162 | trades=0 | skip=0 | 0.0s
2026-08-03 23:13:25,797 [INFO]   进度 80/162 | trades=0 | skip=0 | 0.0s
2026-08-03 23:13:25,798 [INFO]   进度 100/162 | trades=0 | skip=0 | 0.0s
2026-08-03 23:13:25,800 [INFO]   进度 120/162 | trades=0 | skip=0 | 0.0s
2026-08-03 23:13:25,801 [INFO]   进度 140/162 | trades=0 | skip=0 | 0.0s
2026-08-03 23:13:25,801 [INFO]   进度 160/162 | trades=0 | skip=0 | 0.0s
2026-08-03 23:13:25,801 [INFO] ========== ZT回测完成 | trades=0 | fill_rate=100% | 0.0s ==========
2026-08-03 23:13:25,801 [WARNING]   无任何交易产生！
2026-08-03 23:13:25,801 [INFO]   score=-1000.0 | 月复利=0.0% | 笔数=0 胜率=0.0% DD=0.0% | lev=1.75x | 0.0s
2026-08-03 23:13:25,802 [INFO] ========== ZT回测 2025-12-01→2026-07-31 | top=1 board=all entry=close_t0 sample=300 ==========
2026-08-03 23:13:25,830 [INFO]   进度 20/162 | trades=19 | skip=0 | 0.0s
2026-08-03 23:13:25,852 [INFO]   进度 40/162 | trades=39 | skip=0 | 0.1s
2026-08-03 23:13:25,885 [INFO]   进度 60/162 | trades=59 | skip=0 | 0.1s
2026-08-03 23:13:25,914 [INFO]   进度 80/162 | trades=79 | skip=0 | 0.1s
2026-08-03 23:13:25,945 [INFO]   进度 100/162 | trades=99 | skip=0 | 0.1s
2026-08-03 23:13:25,970 [INFO]   进度 120/162 | trades=119 | skip=0 | 0.2s
2026-08-03 23:13:25,988 [INFO]   进度 140/162 | trades=139 | skip=0 | 0.2s
2026-08-03 23:13:26,018 [INFO]   进度 160/162 | trades=159 | skip=0 | 0.2s
2026-08-03 23:13:26,020 [INFO] ========== ZT回测完成 | trades=161 | fill_rate=50% | 0.2s ==========
2026-08-03 23:13:26,760 [INFO]   笔数=161 | 胜率=78.3% | 平均=1.28% | 日均=3.96% | 总收益=638.0% | 最大回撤=-16.5%
2026-08-03 23:13:26,760 [INFO]   [best      ] n=160 胜率=81.2% 平均=3.31% 累计=16630.9%
2026-08-03 23:13:26,760 [INFO]   [close_t1  ] n=160 胜率=40.6% 平均=-1.04% 累计=-83.1%
2026-08-03 23:13:26,760 [INFO]   [close_t2  ] n=158 胜率=44.3% 平均=-0.63% 累计=-70.7%
2026-08-03 23:13:26,760 [INFO]   [close_t3  ] n=157 胜率=43.3% 平均=-0.55% 累计=-69.9%
2026-08-03 23:13:26,760 [INFO]   [gap_t1    ] n=160 胜率=35.0% 平均=-0.77% 累计=-72.5%
2026-08-03 23:13:26,760 [INFO]   [open_t2   ] n=158 胜率=35.4% 平均=-0.99% 累计=-83.6%
2026-08-03 23:13:26,760 [INFO]   [stop_t1   ] n=94 胜率=0.0% 平均=-5.39% 累计=-99.5%
2026-08-03 23:13:26,760 [INFO]   [trail_t2  ] n=66 胜率=97.0% 平均=1.93% 累计=252.9%
2026-08-03 23:13:26,761 [INFO]   score=68.4 | 月复利=65.6% | 笔数=161 胜率=78.3% DD=-30.7% | lev=2.00x | 1.0s
2026-08-03 23:13:26,761 [INFO] ========== ZT回测 2025-12-01→2026-07-31 | top=1 board=main entry=close_t0 sample=300 ==========
2026-08-03 23:13:28,459 [INFO] HS300 regime 预计算: 365 天 (bull=203 bear=41 crash=62 unknown=59)
2026-08-03 23:13:28,459 [INFO]   进度 20/162 | trades=0 | skip=6 | 1.7s
2026-08-03 23:13:28,460 [INFO]   进度 40/162 | trades=0 | skip=8 | 1.7s
2026-08-03 23:13:28,461 [INFO]   进度 60/162 | trades=0 | skip=18 | 1.7s
2026-08-03 23:13:28,461 [INFO]   进度 80/162 | trades=0 | skip=36 | 1.7s
2026-08-03 23:13:28,462 [INFO]   进度 100/162 | trades=0 | skip=40 | 1.7s
2026-08-03 23:13:28,463 [INFO]   进度 120/162 | trades=0 | skip=43 | 1.7s
2026-08-03 23:13:28,464 [INFO]   进度 140/162 | trades=0 | skip=50 | 1.7s
2026-08-03 23:13:28,464 [INFO]   进度 160/162 | trades=0 | skip=69 | 1.7s
2026-08-03 23:13:28,464 [INFO] ========== ZT回测完成 | trades=0 | fill_rate=20% | 1.7s ==========
2026-08-03 23:13:28,465 [WARNING]   无任何交易产生！
2026-08-03 23:13:28,466 [INFO]   score=-1000.0 | 月复利=0.0% | 笔数=0 胜率=0.0% DD=0.0% | lev=1.50x | 1.7s
2026-08-03 23:13:28,466 [INFO] ========== ZT回测 2025-12-01→2026-07-31 | top=1 board=all entry=close_t0 sample=300 ==========
2026-08-03 23:13:30,129 [INFO] HS300 regime 预计算: 365 天 (bull=203 bear=41 crash=62 unknown=59)
2026-08-03 23:13:30,129 [INFO]   进度 20/162 | trades=0 | skip=6 | 1.7s
2026-08-03 23:13:30,130 [INFO]   进度 40/162 | trades=0 | skip=8 | 1.7s
2026-08-03 23:13:30,131 [INFO]   进度 60/162 | trades=0 | skip=18 | 1.7s
2026-08-03 23:13:30,131 [INFO]   进度 80/162 | trades=0 | skip=36 | 1.7s
2026-08-03 23:13:30,131 [INFO]   进度 100/162 | trades=0 | skip=40 | 1.7s
2026-08-03 23:13:30,133 [INFO]   进度 120/162 | trades=0 | skip=43 | 1.7s
2026-08-03 23:13:30,134 [INFO]   进度 140/162 | trades=0 | skip=50 | 1.7s
2026-08-03 23:13:30,134 [INFO]   进度 160/162 | trades=0 | skip=69 | 1.7s
2026-08-03 23:13:30,134 [INFO] ========== ZT回测完成 | trades=0 | fill_rate=35% | 1.7s ==========
2026-08-03 23:13:30,134 [WARNING]   无任何交易产生！
2026-08-03 23:13:30,134 [INFO]   score=-1000.0 | 月复利=0.0% | 笔数=0 胜率=0.0% DD=0.0% | lev=2.00x | 1.7s
2026-08-03 23:13:30,135 [INFO] ========== ZT回测 2025-12-01→2026-07-31 | top=2 board=gem+star entry=close_t0 sample=300 ==========
2026-08-03 23:13:31,902 [INFO] HS300 regime 预计算: 365 天 (bull=203 bear=41 crash=62 unknown=59)
2026-08-03 23:13:31,902 [INFO]   进度 20/162 | trades=0 | skip=6 | 1.8s
2026-08-03 23:13:31,902 [INFO]   进度 40/162 | trades=0 | skip=8 | 1.8s
2026-08-03 23:13:31,903 [INFO]   进度 60/162 | trades=0 | skip=18 | 1.8s
2026-08-03 23:13:31,903 [INFO]   进度 80/162 | trades=0 | skip=36 | 1.8s
2026-08-03 23:13:31,904 [INFO]   进度 100/162 | trades=0 | skip=40 | 1.8s
2026-08-03 23:13:31,905 [INFO]   进度 120/162 | trades=0 | skip=43 | 1.8s
2026-08-03 23:13:31,906 [INFO]   进度 140/162 | trades=0 | skip=50 | 1.8s
2026-08-03 23:13:31,907 [INFO]   进度 160/162 | trades=0 | skip=69 | 1.8s
2026-08-03 23:13:31,907 [INFO] ========== ZT回测完成 | trades=0 | fill_rate=40% | 1.8s ==========
2026-08-03 23:13:31,907 [WARNING]   无任何交易产生！
2026-08-03 23:13:31,907 [INFO]   score=-1000.0 | 月复利=0.0% | 笔数=0 胜率=0.0% DD=0.0% | lev=1.00x | 1.8s
2026-08-03 23:13:31,907 [INFO] ========== ZT回测 2025-12-01→2026-07-31 | top=3 board=gem+star entry=close_t0 sample=300 ==========
2026-08-03 23:13:33,596 [INFO] HS300 regime 预计算: 365 天 (bull=203 bear=41 crash=62 unknown=59)
2026-08-03 23:13:33,597 [INFO]   进度 20/162 | trades=0 | skip=6 | 1.7s
2026-08-03 23:13:33,599 [INFO]   进度 40/162 | trades=0 | skip=8 | 1.7s
2026-08-03 23:13:33,600 [INFO]   进度 60/162 | trades=0 | skip=18 | 1.7s
2026-08-03 23:13:33,601 [INFO]   进度 80/162 | trades=0 | skip=36 | 1.7s
2026-08-03 23:13:33,602 [INFO]   进度 100/162 | trades=0 | skip=40 | 1.7s
2026-08-03 23:13:33,604 [INFO]   进度 120/162 | trades=0 | skip=43 | 1.7s
2026-08-03 23:13:33,607 [INFO]   进度 140/162 | trades=0 | skip=50 | 1.7s
2026-08-03 23:13:33,607 [INFO]   进度 160/162 | trades=0 | skip=69 | 1.7s
2026-08-03 23:13:33,608 [INFO] ========== ZT回测完成 | trades=0 | fill_rate=20% | 1.7s ==========
2026-08-03 23:13:33,608 [WARNING]   无任何交易产生！
2026-08-03 23:13:33,608 [INFO]   score=-1000.0 | 月复利=0.0% | 笔数=0 胜率=0.0% DD=0.0% | lev=1.25x | 1.7s
2026-08-03 23:13:33,608 [INFO] ========== ZT回测 2025-12-01→2026-07-31 | top=5 board=all entry=close_t0 sample=300 ==========
2026-08-03 23:13:35,192 [INFO] HS300 regime 预计算: 365 天 (bull=203 bear=41 crash=62 unknown=59)
2026-08-03 23:13:35,193 [INFO]   进度 20/162 | trades=0 | skip=6 | 1.6s
2026-08-03 23:13:35,193 [INFO]   进度 40/162 | trades=0 | skip=8 | 1.6s
2026-08-03 23:13:35,194 [INFO]   进度 60/162 | trades=0 | skip=18 | 1.6s
2026-08-03 23:13:35,194 [INFO]   进度 80/162 | trades=0 | skip=36 | 1.6s
2026-08-03 23:13:35,194 [INFO]   进度 100/162 | trades=0 | skip=40 | 1.6s
2026-08-03 23:13:35,195 [INFO]   进度 120/162 | trades=0 | skip=43 | 1.6s
2026-08-03 23:13:35,196 [INFO]   进度 140/162 | trades=0 | skip=50 | 1.6s
2026-08-03 23:13:35,196 [INFO]   进度 160/162 | trades=0 | skip=69 | 1.6s
2026-08-03 23:13:35,196 [INFO] ========== ZT回测完成 | trades=0 | fill_rate=40% | 1.6s ==========
2026-08-03 23:13:35,196 [WARNING]   无任何交易产生！
2026-08-03 23:13:35,196 [INFO]   score=-1000.0 | 月复利=0.0% | 笔数=0 胜率=0.0% DD=0.0% | lev=1.75x | 1.6s
2026-08-03 23:13:35,196 [INFO] ========== ZT回测 2025-12-01→2026-07-31 | top=2 board=all entry=open_t1 sample=300 ==========
2026-08-03 23:13:35,197 [INFO]   进度 20/162 | trades=0 | skip=0 | 0.0s
2026-08-03 23:13:35,199 [INFO]   进度 40/162 | trades=0 | skip=0 | 0.0s
2026-08-03 23:13:35,200 [INFO]   进度 60/162 | trades=0 | skip=0 | 0.0s
2026-08-03 23:13:35,201 [INFO]   进度 80/162 | trades=0 | skip=0 | 0.0s
2026-08-03 23:13:35,201 [INFO]   进度 100/162 | trades=0 | skip=0 | 0.0s
2026-08-03 23:13:35,201 [INFO]   进度 120/162 | trades=0 | skip=0 | 0.0s
2026-08-03 23:13:35,202 [INFO]   进度 140/162 | trades=0 | skip=0 | 0.0s
2026-08-03 23:13:35,202 [INFO]   进度 160/162 | trades=0 | skip=0 | 0.0s
2026-08-03 23:13:35,202 [INFO] ========== ZT回测完成 | trades=0 | fill_rate=50% | 0.0s ==========
2026-08-03 23:13:35,202 [WARNING]   无任何交易产生！
2026-08-03 23:13:35,202 [INFO]   score=-1000.0 | 月复利=0.0% | 笔数=0 胜率=0.0% DD=0.0% | lev=2.00x | 0.0s
2026-08-03 23:13:35,202 [INFO] ========== ZT回测 2025-12-01→2026-07-31 | top=3 board=gem+star entry=open_t1 sample=300 ==========
2026-08-03 23:13:37,151 [INFO] HS300 regime 预计算: 365 天 (bull=203 bear=41 crash=62 unknown=59)
2026-08-03 23:13:37,152 [INFO]   进度 20/162 | trades=0 | skip=6 | 1.9s
2026-08-03 23:13:37,152 [INFO]   进度 40/162 | trades=0 | skip=8 | 2.0s
2026-08-03 23:13:37,153 [INFO]   进度 60/162 | trades=0 | skip=18 | 2.0s
2026-08-03 23:13:37,153 [INFO]   进度 80/162 | trades=0 | skip=36 | 2.0s
2026-08-03 23:13:37,154 [INFO]   进度 100/162 | trades=0 | skip=40 | 2.0s
2026-08-03 23:13:37,155 [INFO]   进度 120/162 | trades=0 | skip=43 | 2.0s
2026-08-03 23:13:37,155 [INFO]   进度 140/162 | trades=0 | skip=50 | 2.0s
2026-08-03 23:13:37,155 [INFO]   进度 160/162 | trades=0 | skip=69 | 2.0s
2026-08-03 23:13:37,155 [INFO] ========== ZT回测完成 | trades=0 | fill_rate=30% | 2.0s ==========
2026-08-03 23:13:37,155 [WARNING]   无任何交易产生！
2026-08-03 23:13:37,155 [INFO]   score=-1000.0 | 月复利=0.0% | 笔数=0 胜率=0.0% DD=0.0% | lev=1.50x | 2.0s
2026-08-03 23:13:37,155 [INFO] ========== ZT回测 2025-12-01→2026-07-31 | top=5 board=gem+star entry=close_t0 sample=300 ==========
2026-08-03 23:13:38,976 [INFO] HS300 regime 预计算: 365 天 (bull=203 bear=41 crash=62 unknown=59)
2026-08-03 23:13:38,977 [INFO]   进度 20/162 | trades=0 | skip=6 | 1.8s
2026-08-03 23:13:38,978 [INFO]   进度 40/162 | trades=0 | skip=8 | 1.8s
2026-08-03 23:13:38,979 [INFO]   进度 60/162 | trades=0 | skip=18 | 1.8s
2026-08-03 23:13:38,979 [INFO]   进度 80/162 | trades=0 | skip=36 | 1.8s
2026-08-03 23:13:38,983 [INFO]   进度 100/162 | trades=0 | skip=40 | 1.8s
2026-08-03 23:13:38,985 [INFO]   进度 120/162 | trades=0 | skip=43 | 1.8s
2026-08-03 23:13:38,987 [INFO]   进度 140/162 | trades=0 | skip=50 | 1.8s
2026-08-03 23:13:38,992 [INFO]   进度 160/162 | trades=0 | skip=69 | 1.8s
2026-08-03 23:13:38,992 [INFO] ========== ZT回测完成 | trades=0 | fill_rate=25% | 1.8s ==========
2026-08-03 23:13:38,992 [WARNING]   无任何交易产生！
2026-08-03 23:13:38,992 [INFO]   score=-1000.0 | 月复利=0.0% | 笔数=0 胜率=0.0% DD=0.0% | lev=1.50x | 1.8s
2026-08-03 23:13:38,992 [INFO] ========== ZT回测 2025-12-01→2026-07-31 | top=3 board=all entry=close_t0 sample=300 ==========
2026-08-03 23:13:40,653 [INFO] HS300 regime 预计算: 365 天 (bull=203 bear=41 crash=62 unknown=59)
2026-08-03 23:13:40,654 [INFO]   进度 20/162 | trades=0 | skip=6 | 1.7s
2026-08-03 23:13:40,656 [INFO]   进度 40/162 | trades=0 | skip=8 | 1.7s
2026-08-03 23:13:40,657 [INFO]   进度 60/162 | trades=0 | skip=18 | 1.7s
2026-08-03 23:13:40,657 [INFO]   进度 80/162 | trades=0 | skip=36 | 1.7s
2026-08-03 23:13:40,658 [INFO]   进度 100/162 | trades=0 | skip=40 | 1.7s
2026-08-03 23:13:40,659 [INFO]   进度 120/162 | trades=0 | skip=43 | 1.7s
2026-08-03 23:13:40,660 [INFO]   进度 140/162 | trades=0 | skip=50 | 1.7s
2026-08-03 23:13:40,660 [INFO]   进度 160/162 | trades=0 | skip=69 | 1.7s
2026-08-03 23:13:40,660 [INFO] ========== ZT回测完成 | trades=0 | fill_rate=25% | 1.7s ==========
2026-08-03 23:13:40,660 [WARNING]   无任何交易产生！
2026-08-03 23:13:40,660 [INFO]   score=-1000.0 | 月复利=0.0% | 笔数=0 胜率=0.0% DD=0.0% | lev=1.75x | 1.7s
2026-08-03 23:13:40,660 [INFO] ========== ZT回测 2025-12-01→2026-07-31 | top=5 board=main entry=open_t1 sample=300 ==========
2026-08-03 23:13:40,661 [INFO]   进度 20/162 | trades=0 | skip=0 | 0.0s
2026-08-03 23:13:40,662 [INFO]   进度 40/162 | trades=0 | skip=0 | 0.0s
2026-08-03 23:13:40,663 [INFO]   进度 60/162 | trades=0 | skip=0 | 0.0s
2026-08-03 23:13:40,663 [INFO]   进度 80/162 | trades=0 | skip=0 | 0.0s
2026-08-03 23:13:40,665 [INFO]   进度 100/162 | trades=0 | skip=0 | 0.0s
2026-08-03 23:13:40,667 [INFO]   进度 120/162 | trades=0 | skip=0 | 0.0s
2026-08-03 23:13:40,669 [INFO]   进度 140/162 | trades=0 | skip=0 | 0.0s
2026-08-03 23:13:40,670 [INFO]   进度 160/162 | trades=0 | skip=0 | 0.0s
2026-08-03 23:13:40,671 [INFO] ========== ZT回测完成 | trades=0 | fill_rate=50% | 0.0s ==========
2026-08-03 23:13:40,671 [WARNING]   无任何交易产生！
2026-08-03 23:13:40,671 [INFO]   score=-1000.0 | 月复利=0.0% | 笔数=0 胜率=0.0% DD=0.0% | lev=1.00x | 0.0s
2026-08-03 23:13:40,671 [INFO] ========== ZT回测 2025-12-01→2026-07-31 | top=3 board=main entry=open_t1 sample=300 ==========
2026-08-03 23:13:42,451 [INFO] HS300 regime 预计算: 365 天 (bull=203 bear=41 crash=62 unknown=59)
2026-08-03 23:13:42,452 [INFO]   进度 20/162 | trades=0 | skip=6 | 1.8s
2026-08-03 23:13:42,453 [INFO]   进度 40/162 | trades=0 | skip=8 | 1.8s
2026-08-03 23:13:42,454 [INFO]   进度 60/162 | trades=0 | skip=18 | 1.8s
2026-08-03 23:13:42,454 [INFO]   进度 80/162 | trades=0 | skip=36 | 1.8s
2026-08-03 23:13:42,455 [INFO]   进度 100/162 | trades=0 | skip=40 | 1.8s
2026-08-03 23:13:42,457 [INFO]   进度 120/162 | trades=0 | skip=43 | 1.8s
2026-08-03 23:13:42,459 [INFO]   进度 140/162 | trades=0 | skip=50 | 1.8s
2026-08-03 23:13:42,459 [INFO]   进度 160/162 | trades=0 | skip=69 | 1.8s
2026-08-03 23:13:42,459 [INFO] ========== ZT回测完成 | trades=0 | fill_rate=35% | 1.8s ==========
2026-08-03 23:13:42,459 [WARNING]   无任何交易产生！
2026-08-03 23:13:42,459 [INFO]   score=-1000.0 | 月复利=0.0% | 笔数=0 胜率=0.0% DD=0.0% | lev=1.00x | 1.8s
2026-08-03 23:13:42,459 [INFO] ========== ZT回测 2025-12-01→2026-07-31 | top=1 board=main entry=close_t0 sample=300 ==========
2026-08-03 23:13:42,460 [INFO]   进度 20/162 | trades=0 | skip=0 | 0.0s
2026-08-03 23:13:42,461 [INFO]   进度 40/162 | trades=0 | skip=0 | 0.0s
2026-08-03 23:13:42,463 [INFO]   进度 60/162 | trades=0 | skip=0 | 0.0s
2026-08-03 23:13:42,465 [INFO]   进度 80/162 | trades=0 | skip=0 | 0.0s
2026-08-03 23:13:42,468 [INFO]   进度 100/162 | trades=0 | skip=0 | 0.0s
2026-08-03 23:13:42,469 [INFO]   进度 120/162 | trades=0 | skip=0 | 0.0s
2026-08-03 23:13:42,471 [INFO]   进度 140/162 | trades=0 | skip=0 | 0.0s
2026-08-03 23:13:42,472 [INFO]   进度 160/162 | trades=0 | skip=0 | 0.0s
2026-08-03 23:13:42,472 [INFO] ========== ZT回测完成 | trades=0 | fill_rate=100% | 0.0s ==========
2026-08-03 23:13:42,472 [WARNING]   无任何交易产生！
2026-08-03 23:13:42,472 [INFO]   score=-1000.0 | 月复利=0.0% | 笔数=0 胜率=0.0% DD=0.0% | lev=1.50x | 0.0s
2026-08-03 23:13:42,473 [INFO] ========== ZT回测 2025-12-01→2026-07-31 | top=1 board=gem+star entry=close_t0 sample=300 ==========
2026-08-03 23:13:44,228 [INFO] HS300 regime 预计算: 365 天 (bull=203 bear=41 crash=62 unknown=59)
2026-08-03 23:13:44,229 [INFO]   进度 20/162 | trades=0 | skip=6 | 1.8s
2026-08-03 23:13:44,232 [INFO]   进度 40/162 | trades=0 | skip=8 | 1.8s
2026-08-03 23:13:44,233 [INFO]   进度 60/162 | trades=0 | skip=18 | 1.8s
2026-08-03 23:13:44,234 [INFO]   进度 80/162 | trades=0 | skip=36 | 1.8s
2026-08-03 23:13:44,235 [INFO]   进度 100/162 | trades=0 | skip=40 | 1.8s
2026-08-03 23:13:44,236 [INFO]   进度 120/162 | trades=0 | skip=43 | 1.8s
2026-08-03 23:13:44,238 [INFO]   进度 140/162 | trades=0 | skip=50 | 1.8s
2026-08-03 23:13:44,239 [INFO]   进度 160/162 | trades=0 | skip=69 | 1.8s
2026-08-03 23:13:44,239 [INFO] ========== ZT回测完成 | trades=0 | fill_rate=25% | 1.8s ==========
2026-08-03 23:13:44,239 [WARNING]   无任何交易产生！
2026-08-03 23:13:44,239 [INFO]   score=-1000.0 | 月复利=0.0% | 笔数=0 胜率=0.0% DD=0.0% | lev=1.00x | 1.8s
2026-08-03 23:13:44,239 [INFO] ========== ZT回测 2025-12-01→2026-07-31 | top=3 board=main entry=close_t0 sample=300 ==========
2026-08-03 23:13:45,967 [INFO] HS300 regime 预计算: 365 天 (bull=203 bear=41 crash=62 unknown=59)
2026-08-03 23:13:45,991 [INFO]   进度 20/162 | trades=26 | skip=6 | 1.8s
2026-08-03 23:13:46,051 [INFO]   进度 40/162 | trades=64 | skip=8 | 1.8s
2026-08-03 23:13:46,080 [INFO]   进度 60/162 | trades=84 | skip=18 | 1.8s
2026-08-03 23:13:46,086 [INFO]   进度 80/162 | trades=87 | skip=36 | 1.8s
2026-08-03 23:13:46,110 [INFO]   进度 100/162 | trades=103 | skip=40 | 1.9s
2026-08-03 23:13:46,130 [INFO]   进度 120/162 | trades=130 | skip=43 | 1.9s
2026-08-03 23:13:46,145 [INFO]   进度 140/162 | trades=149 | skip=50 | 1.9s
2026-08-03 23:13:46,149 [INFO]   进度 160/162 | trades=151 | skip=69 | 1.9s
2026-08-03 23:13:46,149 [INFO] ========== ZT回测完成 | trades=151 | fill_rate=20% | 1.9s ==========
2026-08-03 23:13:46,336 [INFO]   笔数=151 | 胜率=86.8% | 平均=0.81% | 日均=3.16% | 总收益=237.1% | 最大回撤=-6.4%
2026-08-03 23:13:46,336 [INFO]   [best      ] n=151 胜率=90.7% 平均=1.91% 累计=1615.3%
2026-08-03 23:13:46,336 [INFO]   [close_t1  ] n=151 胜率=58.9% 平均=0.16% 累计=25.6%
2026-08-03 23:13:46,336 [INFO]   [close_t2  ] n=151 胜率=55.0% 平均=0.54% 累计=117.3%
2026-08-03 23:13:46,336 [INFO]   [close_t3  ] n=151 胜率=54.3% 平均=0.76% 累计=192.5%
2026-08-03 23:13:46,336 [INFO]   [gap_t1    ] n=151 胜率=62.9% 平均=0.33% 累计=63.9%
2026-08-03 23:13:46,336 [INFO]   [open_t2   ] n=151 胜率=55.0% 平均=0.41% 累计=78.1%
2026-08-03 23:13:46,336 [INFO]   [stop_t1   ] n=50 胜率=0.0% 平均=-2.08% 累计=-65.1%
2026-08-03 23:13:46,336 [INFO]   [trail_t2  ] n=101 胜率=100.0% 平均=1.18% 累计=228.4%
2026-08-03 23:13:46,336 [INFO]   score=4.5 | 月复利=3.3% | 笔数=151 胜率=86.8% DD=-0.9% | lev=1.25x | 2.1s
2026-08-03 23:13:46,336 [INFO] ========== ZT回测 2025-12-01→2026-07-31 | top=5 board=all entry=close_t0 sample=300 ==========
2026-08-03 23:13:46,454 [INFO]   进度 20/162 | trades=91 | skip=0 | 0.1s
2026-08-03 23:13:46,554 [INFO]   进度 40/162 | trades=187 | skip=0 | 0.2s
2026-08-03 23:13:46,643 [INFO]   进度 60/162 | trades=270 | skip=0 | 0.3s
2026-08-03 23:13:46,754 [INFO]   进度 80/162 | trades=352 | skip=0 | 0.4s
2026-08-03 23:13:46,874 [INFO]   进度 100/162 | trades=442 | skip=0 | 0.5s
2026-08-03 23:13:47,001 [INFO]   进度 120/162 | trades=535 | skip=0 | 0.7s
2026-08-03 23:13:47,115 [INFO]   进度 140/162 | trades=633 | skip=0 | 0.8s
2026-08-03 23:13:47,229 [INFO]   进度 160/162 | trades=727 | skip=0 | 0.9s
2026-08-03 23:13:47,237 [INFO] ========== ZT回测完成 | trades=733 | fill_rate=100% | 0.9s ==========
2026-08-03 23:13:47,661 [INFO]   笔数=733 | 胜率=79.0% | 平均=3.04% | 日均=1090785535.20% | 总收益=174525685632.8% | 最大回撤=-32.9%
2026-08-03 23:13:47,662 [INFO]   [best      ] n=726 胜率=82.8% 平均=6.37% 累计=625542207653188468736.0%
2026-08-03 23:13:47,662 [INFO]   [close_t1  ] n=726 胜率=43.1% 平均=-1.40% 累计=-100.0%
2026-08-03 23:13:47,662 [INFO]   [close_t2  ] n=724 胜率=41.7% 平均=-0.98% 累计=-100.0%
2026-08-03 23:13:47,662 [INFO]   [close_t3  ] n=720 胜率=41.7% 平均=-1.12% 累计=-100.0%
2026-08-03 23:13:47,662 [INFO]   [gap_t1    ] n=726 胜率=37.5% 平均=-1.23% 累计=-100.0%
2026-08-03 23:13:47,662 [INFO]   [open_t2   ] n=724 胜率=36.5% 平均=-1.56% 累计=-100.0%
2026-08-03 23:13:47,662 [INFO]   [stop_t1   ] n=368 胜率=0.0% 平均=-10.02% 累计=-100.0%
2026-08-03 23:13:47,662 [INFO]   [trail_t2  ] n=351 胜率=95.4% 平均=3.76% 累计=39488694.3%
2026-08-03 23:13:47,662 [INFO]   score=32.3 | 月复利=16.8% | 笔数=733 胜率=79.0% DD=-1.6% | lev=1.25x | 1.3s
2026-08-03 23:13:47,663 [INFO] ========== ZT回测 2025-12-01→2026-07-31 | top=5 board=main entry=close_t0 sample=300 ==========
2026-08-03 23:13:47,664 [INFO]   进度 20/162 | trades=0 | skip=0 | 0.0s
2026-08-03 23:13:47,666 [INFO]   进度 40/162 | trades=0 | skip=0 | 0.0s
2026-08-03 23:13:47,668 [INFO]   进度 60/162 | trades=0 | skip=0 | 0.0s
2026-08-03 23:13:47,668 [INFO]   进度 80/162 | trades=0 | skip=0 | 0.0s
2026-08-03 23:13:47,669 [INFO]   进度 100/162 | trades=0 | skip=0 | 0.0s
2026-08-03 23:13:47,670 [INFO]   进度 120/162 | trades=0 | skip=0 | 0.0s
2026-08-03 23:13:47,671 [INFO]   进度 140/162 | trades=0 | skip=0 | 0.0s
2026-08-03 23:13:47,671 [INFO]   进度 160/162 | trades=0 | skip=0 | 0.0s
2026-08-03 23:13:47,671 [INFO] ========== ZT回测完成 | trades=0 | fill_rate=100% | 0.0s ==========
2026-08-03 23:13:47,671 [WARNING]   无任何交易产生！
2026-08-03 23:13:47,671 [INFO]   score=-1000.0 | 月复利=0.0% | 笔数=0 胜率=0.0% DD=0.0% | lev=1.25x | 0.0s
2026-08-03 23:13:47,672 [INFO] ========== ZT回测 2025-12-01→2026-07-31 | top=2 board=gem+star entry=open_t1 sample=300 ==========
2026-08-03 23:13:47,673 [INFO]   进度 20/162 | trades=0 | skip=0 | 0.0s
2026-08-03 23:13:47,674 [INFO]   进度 40/162 | trades=0 | skip=0 | 0.0s
2026-08-03 23:13:47,675 [INFO]   进度 60/162 | trades=0 | skip=0 | 0.0s
2026-08-03 23:13:47,675 [INFO]   进度 80/162 | trades=0 | skip=0 | 0.0s
2026-08-03 23:13:47,677 [INFO]   进度 100/162 | trades=0 | skip=0 | 0.0s
2026-08-03 23:13:47,678 [INFO]   进度 120/162 | trades=0 | skip=0 | 0.0s
2026-08-03 23:13:47,680 [INFO]   进度 140/162 | trades=0 | skip=0 | 0.0s
2026-08-03 23:13:47,683 [INFO]   进度 160/162 | trades=0 | skip=0 | 0.0s
2026-08-03 23:13:47,683 [INFO] ========== ZT回测完成 | trades=0 | fill_rate=40% | 0.0s ==========
2026-08-03 23:13:47,683 [WARNING]   无任何交易产生！
2026-08-03 23:13:47,683 [INFO]   score=-1000.0 | 月复利=0.0% | 笔数=0 胜率=0.0% DD=0.0% | lev=2.00x | 0.0s
2026-08-03 23:13:47,684 [INFO] ========== ZT回测 2025-12-01→2026-07-31 | top=5 board=all entry=open_t1 sample=300 ==========
2026-08-03 23:13:47,684 [INFO]   进度 20/162 | trades=0 | skip=0 | 0.0s
2026-08-03 23:13:47,685 [INFO]   进度 40/162 | trades=0 | skip=0 | 0.0s
2026-08-03 23:13:47,685 [INFO]   进度 60/162 | trades=0 | skip=0 | 0.0s
2026-08-03 23:13:47,686 [INFO]   进度 80/162 | trades=0 | skip=0 | 0.0s
2026-08-03 23:13:47,687 [INFO]   进度 100/162 | trades=0 | skip=0 | 0.0s
2026-08-03 23:13:47,688 [INFO]   进度 120/162 | trades=0 | skip=0 | 0.0s
2026-08-03 23:13:47,690 [INFO]   进度 140/162 | trades=0 | skip=0 | 0.0s
2026-08-03 23:13:47,691 [INFO]   进度 160/162 | trades=0 | skip=0 | 0.0s
2026-08-03 23:13:47,691 [INFO] ========== ZT回测完成 | trades=0 | fill_rate=100% | 0.0s ==========
2026-08-03 23:13:47,692 [WARNING]   无任何交易产生！
2026-08-03 23:13:47,692 [INFO]   score=-1000.0 | 月复利=0.0% | 笔数=0 胜率=0.0% DD=0.0% | lev=1.75x | 0.0s
2026-08-03 23:13:47,692 [INFO] ========== ZT回测 2025-12-01→2026-07-31 | top=3 board=gem+star entry=open_t1 sample=300 ==========
2026-08-03 23:13:49,454 [INFO] HS300 regime 预计算: 365 天 (bull=203 bear=41 crash=62 unknown=59)
2026-08-03 23:13:49,454 [INFO]   进度 20/162 | trades=0 | skip=6 | 1.8s
2026-08-03 23:13:49,456 [INFO]   进度 40/162 | trades=0 | skip=8 | 1.8s
2026-08-03 23:13:49,457 [INFO]   进度 60/162 | trades=0 | skip=18 | 1.8s
2026-08-03 23:13:49,457 [INFO]   进度 80/162 | trades=0 | skip=36 | 1.8s
2026-08-03 23:13:49,458 [INFO]   进度 100/162 | trades=0 | skip=40 | 1.8s
2026-08-03 23:13:49,460 [INFO]   进度 120/162 | trades=0 | skip=43 | 1.8s
2026-08-03 23:13:49,461 [INFO]   进度 140/162 | trades=0 | skip=50 | 1.8s
2026-08-03 23:13:49,461 [INFO]   进度 160/162 | trades=0 | skip=69 | 1.8s
2026-08-03 23:13:49,461 [INFO] ========== ZT回测完成 | trades=0 | fill_rate=20% | 1.8s ==========
2026-08-03 23:13:49,461 [WARNING]   无任何交易产生！
2026-08-03 23:13:49,461 [INFO]   score=-1000.0 | 月复利=0.0% | 笔数=0 胜率=0.0% DD=0.0% | lev=1.75x | 1.8s
2026-08-03 23:13:49,461 [INFO] ========== ZT回测 2025-12-01→2026-07-31 | top=2 board=all entry=close_t0 sample=300 ==========
2026-08-03 23:13:49,525 [INFO]   进度 20/162 | trades=38 | skip=0 | 0.1s
2026-08-03 23:13:49,580 [INFO]   进度 40/162 | trades=78 | skip=0 | 0.1s
2026-08-03 23:13:49,619 [INFO]   进度 60/162 | trades=115 | skip=0 | 0.2s
2026-08-03 23:13:49,652 [INFO]   进度 80/162 | trades=152 | skip=0 | 0.2s
2026-08-03 23:13:49,693 [INFO]   进度 100/162 | trades=192 | skip=0 | 0.2s
2026-08-03 23:13:49,743 [INFO]   进度 120/162 | trades=232 | skip=0 | 0.3s
2026-08-03 23:13:49,793 [INFO]   进度 140/162 | trades=272 | skip=0 | 0.3s
2026-08-03 23:13:49,843 [INFO]   进度 160/162 | trades=312 | skip=0 | 0.4s
2026-08-03 23:13:49,844 [INFO] ========== ZT回测完成 | trades=314 | fill_rate=25% | 0.4s ==========
2026-08-03 23:13:50,226 [INFO]   笔数=314 | 胜率=79.3% | 平均=0.66% | 日均=4.15% | 总收益=660.0% | 最大回撤=-9.1%
2026-08-03 23:13:50,226 [INFO]   [best      ] n=313 胜率=84.0% 平均=1.46% 累计=8938.5%
2026-08-03 23:13:50,226 [INFO]   [close_t1  ] n=313 胜率=40.3% 平均=-0.41% 累计=-73.7%
2026-08-03 23:13:50,226 [INFO]   [close_t2  ] n=312 胜率=37.5% 平均=-0.50% 累计=-80.7%
2026-08-03 23:13:50,226 [INFO]   [close_t3  ] n=309 胜率=36.9% 平均=-0.64% 累计=-87.8%
2026-08-03 23:13:50,226 [INFO]   [gap_t1    ] n=313 胜率=31.3% 平均=-0.44% 累计=-75.7%
2026-08-03 23:13:50,226 [INFO]   [open_t2   ] n=312 胜率=34.3% 平均=-0.48% 累计=-79.3%
2026-08-03 23:13:50,226 [INFO]   [stop_t1   ] n=17 胜率=0.0% 平均=-3.40% 累计=-44.4%
2026-08-03 23:13:50,226 [INFO]   [trail_t2  ] n=287 胜率=81.5% 平均=0.85% 累计=1039.8%
2026-08-03 23:13:50,226 [INFO]   score=20.4 | 月复利=13.5% | 笔数=314 胜率=79.3% DD=-4.5% | lev=2.00x | 0.8s
2026-08-03 23:13:50,226 [INFO] ========== ZT回测 2025-12-01→2026-07-31 | top=1 board=gem+star entry=close_t0 sample=300 ==========
2026-08-03 23:13:52,110 [INFO] HS300 regime 预计算: 365 天 (bull=203 bear=41 crash=62 unknown=59)
2026-08-03 23:13:52,111 [INFO]   进度 20/162 | trades=0 | skip=6 | 1.9s
2026-08-03 23:13:52,112 [INFO]   进度 40/162 | trades=0 | skip=8 | 1.9s
2026-08-03 23:13:52,112 [INFO]   进度 60/162 | trades=0 | skip=18 | 1.9s
2026-08-03 23:13:52,112 [INFO]   进度 80/162 | trades=0 | skip=36 | 1.9s
2026-08-03 23:13:52,113 [INFO]   进度 100/162 | trades=0 | skip=40 | 1.9s
2026-08-03 23:13:52,113 [INFO]   进度 120/162 | trades=0 | skip=43 | 1.9s
2026-08-03 23:13:52,115 [INFO]   进度 140/162 | trades=0 | skip=50 | 1.9s
2026-08-03 23:13:52,116 [INFO]   进度 160/162 | trades=0 | skip=69 | 1.9s
2026-08-03 23:13:52,116 [INFO] ========== ZT回测完成 | trades=0 | fill_rate=40% | 1.9s ==========
2026-08-03 23:13:52,116 [WARNING]   无任何交易产生！
2026-08-03 23:13:52,116 [INFO]   score=-1000.0 | 月复利=0.0% | 笔数=0 胜率=0.0% DD=0.0% | lev=1.00x | 1.9s
2026-08-03 23:13:52,116 [INFO] ========== ZT回测 2025-12-01→2026-07-31 | top=1 board=all entry=open_t1 sample=300 ==========
2026-08-03 23:13:52,118 [INFO]   进度 20/162 | trades=0 | skip=0 | 0.0s
2026-08-03 23:13:52,119 [INFO]   进度 40/162 | trades=0 | skip=0 | 0.0s
2026-08-03 23:13:52,119 [INFO]   进度 60/162 | trades=0 | skip=0 | 0.0s
2026-08-03 23:13:52,120 [INFO]   进度 80/162 | trades=0 | skip=0 | 0.0s
2026-08-03 23:13:52,121 [INFO]   进度 100/162 | trades=0 | skip=0 | 0.0s
2026-08-03 23:13:52,123 [INFO]   进度 120/162 | trades=0 | skip=0 | 0.0s
2026-08-03 23:13:52,124 [INFO]   进度 140/162 | trades=0 | skip=0 | 0.0s
2026-08-03 23:13:52,125 [INFO]   进度 160/162 | trades=0 | skip=0 | 0.0s
2026-08-03 23:13:52,125 [INFO] ========== ZT回测完成 | trades=0 | fill_rate=100% | 0.0s ==========
2026-08-03 23:13:52,125 [WARNING]   无任何交易产生！
2026-08-03 23:13:52,125 [INFO]   score=-1000.0 | 月复利=0.0% | 笔数=0 胜率=0.0% DD=0.0% | lev=1.25x | 0.0s
2026-08-03 23:13:52,126 [INFO] ========== ZT回测 2025-12-01→2026-07-31 | top=5 board=all entry=open_t1 sample=300 ==========
2026-08-03 23:13:53,901 [INFO] HS300 regime 预计算: 365 天 (bull=203 bear=41 crash=62 unknown=59)
2026-08-03 23:13:53,902 [INFO]   进度 20/162 | trades=0 | skip=6 | 1.8s
2026-08-03 23:13:53,903 [INFO]   进度 40/162 | trades=0 | skip=8 | 1.8s
2026-08-03 23:13:53,905 [INFO]   进度 60/162 | trades=0 | skip=18 | 1.8s
2026-08-03 23:13:53,905 [INFO]   进度 80/162 | trades=0 | skip=36 | 1.8s
2026-08-03 23:13:53,908 [INFO]   进度 100/162 | trades=0 | skip=40 | 1.8s
2026-08-03 23:13:53,910 [INFO]   进度 120/162 | trades=0 | skip=43 | 1.8s
2026-08-03 23:13:53,912 [INFO]   进度 140/162 | trades=0 | skip=50 | 1.8s
2026-08-03 23:13:53,912 [INFO]   进度 160/162 | trades=0 | skip=69 | 1.8s
2026-08-03 23:13:53,912 [INFO] ========== ZT回测完成 | trades=0 | fill_rate=40% | 1.8s ==========
2026-08-03 23:13:53,913 [WARNING]   无任何交易产生！
2026-08-03 23:13:53,913 [INFO]   score=-1000.0 | 月复利=0.0% | 笔数=0 胜率=0.0% DD=0.0% | lev=1.25x | 1.8s
2026-08-03 23:13:53,913 [INFO] ========== ZT回测 2025-12-01→2026-07-31 | top=5 board=main entry=close_t0 sample=300 ==========
2026-08-03 23:13:53,914 [INFO]   进度 20/162 | trades=0 | skip=0 | 0.0s
2026-08-03 23:13:53,918 [INFO]   进度 40/162 | trades=0 | skip=0 | 0.0s
2026-08-03 23:13:53,920 [INFO]   进度 60/162 | trades=0 | skip=0 | 0.0s
2026-08-03 23:13:53,921 [INFO]   进度 80/162 | trades=0 | skip=0 | 0.0s
2026-08-03 23:13:53,923 [INFO]   进度 100/162 | trades=0 | skip=0 | 0.0s
2026-08-03 23:13:53,926 [INFO]   进度 120/162 | trades=0 | skip=0 | 0.0s
2026-08-03 23:13:53,927 [INFO]   进度 140/162 | trades=0 | skip=0 | 0.0s
2026-08-03 23:13:53,928 [INFO]   进度 160/162 | trades=0 | skip=0 | 0.0s
2026-08-03 23:13:53,928 [INFO] ========== ZT回测完成 | trades=0 | fill_rate=40% | 0.0s ==========
2026-08-03 23:13:53,928 [WARNING]   无任何交易产生！
2026-08-03 23:13:53,928 [INFO]   score=-1000.0 | 月复利=0.0% | 笔数=0 胜率=0.0% DD=0.0% | lev=1.25x | 0.0s
2026-08-03 23:13:53,928 [INFO] ========== ZT回测 2025-12-01→2026-07-31 | top=5 board=all entry=open_t1 sample=300 ==========
2026-08-03 23:13:53,929 [INFO]   进度 20/162 | trades=0 | skip=0 | 0.0s
2026-08-03 23:13:53,930 [INFO]   进度 40/162 | trades=0 | skip=0 | 0.0s
2026-08-03 23:13:53,933 [INFO]   进度 60/162 | trades=0 | skip=0 | 0.0s
2026-08-03 23:13:53,934 [INFO]   进度 80/162 | trades=0 | skip=0 | 0.0s
2026-08-03 23:13:53,936 [INFO]   进度 100/162 | trades=0 | skip=0 | 0.0s
2026-08-03 23:13:53,937 [INFO]   进度 120/162 | trades=0 | skip=0 | 0.0s
2026-08-03 23:13:53,939 [INFO]   进度 140/162 | trades=0 | skip=0 | 0.0s
2026-08-03 23:13:53,941 [INFO]   进度 160/162 | trades=0 | skip=0 | 0.0s
2026-08-03 23:13:53,942 [INFO] ========== ZT回测完成 | trades=0 | fill_rate=20% | 0.0s ==========
2026-08-03 23:13:53,942 [WARNING]   无任何交易产生！
2026-08-03 23:13:53,942 [INFO]   score=-1000.0 | 月复利=0.0% | 笔数=0 胜率=0.0% DD=0.0% | lev=1.00x | 0.0s
2026-08-03 23:13:53,942 [INFO] ========== ZT回测 2025-12-01→2026-07-31 | top=1 board=all entry=open_t1 sample=300 ==========
2026-08-03 23:13:55,659 [INFO] HS300 regime 预计算: 365 天 (bull=203 bear=41 crash=62 unknown=59)
2026-08-03 23:13:55,660 [INFO]   进度 20/162 | trades=0 | skip=6 | 1.7s
2026-08-03 23:13:55,661 [INFO]   进度 40/162 | trades=0 | skip=8 | 1.7s
2026-08-03 23:13:55,662 [INFO]   进度 60/162 | trades=0 | skip=18 | 1.7s
2026-08-03 23:13:55,662 [INFO]   进度 80/162 | trades=0 | skip=36 | 1.7s
2026-08-03 23:13:55,664 [INFO]   进度 100/162 | trades=0 | skip=40 | 1.7s
2026-08-03 23:13:55,666 [INFO]   进度 120/162 | trades=0 | skip=43 | 1.7s
2026-08-03 23:13:55,667 [INFO]   进度 140/162 | trades=0 | skip=50 | 1.7s
2026-08-03 23:13:55,668 [INFO]   进度 160/162 | trades=0 | skip=69 | 1.7s
2026-08-03 23:13:55,668 [INFO] ========== ZT回测完成 | trades=0 | fill_rate=35% | 1.7s ==========
2026-08-03 23:13:55,668 [WARNING]   无任何交易产生！
2026-08-03 23:13:55,668 [INFO]   score=-1000.0 | 月复利=0.0% | 笔数=0 胜率=0.0% DD=0.0% | lev=1.00x | 1.7s
2026-08-03 23:13:55,668 [INFO] ========== ZT回测 2025-12-01→2026-07-31 | top=5 board=main entry=open_t1 sample=300 ==========
2026-08-03 23:13:57,453 [INFO] HS300 regime 预计算: 365 天 (bull=203 bear=41 crash=62 unknown=59)
2026-08-03 23:13:57,523 [INFO]   进度 20/162 | trades=65 | skip=6 | 1.9s
2026-08-03 23:13:57,625 [INFO]   进度 40/162 | trades=155 | skip=8 | 2.0s
2026-08-03 23:13:57,688 [INFO]   进度 60/162 | trades=205 | skip=18 | 2.0s
2026-08-03 23:13:57,709 [INFO]   进度 80/162 | trades=215 | skip=36 | 2.0s
2026-08-03 23:13:57,838 [INFO]   进度 100/162 | trades=295 | skip=40 | 2.2s
2026-08-03 23:13:57,929 [INFO]   进度 120/162 | trades=380 | skip=43 | 2.3s
2026-08-03 23:13:57,996 [INFO]   进度 140/162 | trades=445 | skip=50 | 2.3s
2026-08-03 23:13:58,002 [INFO]   进度 160/162 | trades=450 | skip=69 | 2.3s
2026-08-03 23:13:58,002 [INFO] ========== ZT回测完成 | trades=450 | fill_rate=40% | 2.3s ==========
2026-08-03 23:13:58,202 [INFO]   笔数=450 | 胜率=56.2% | 平均=-0.16% | 日均=-0.74% | 总收益=-66.5% | 最大回撤=-80.8%
2026-08-03 23:13:58,202 [INFO]   [best      ] n=450 胜率=70.7% 平均=1.55% 累计=91899.0%
2026-08-03 23:13:58,202 [INFO]   [close_t1  ] n=450 胜率=24.4% 平均=-1.54% 累计=-99.9%
2026-08-03 23:13:58,202 [INFO]   [close_t2  ] n=450 胜率=34.2% 平均=-1.48% 累计=-99.9%
2026-08-03 23:13:58,202 [INFO]   [close_t3  ] n=449 胜率=34.3% 平均=-1.49% 累计=-99.9%
2026-08-03 23:13:58,202 [INFO]   [gap_t1    ] n=450 胜率=0.0% 平均=0.00% 累计=0.0%
2026-08-03 23:13:58,202 [INFO]   [open_t2   ] n=450 胜率=34.4% 平均=-1.46% 累计=-99.9%
2026-08-03 23:13:58,202 [INFO]   [stop_t1   ] n=179 胜率=0.0% 平均=-4.97% 累计=-100.0%
2026-08-03 23:13:58,202 [INFO]   [trail_t2  ] n=233 胜率=81.1% 平均=2.02% 累计=9696.8%
2026-08-03 23:13:58,202 [INFO]   score=-0.5 | 月复利=-0.6% | 笔数=450 胜率=56.2% DD=-6.5% | lev=1.25x | 2.5s
2026-08-03 23:13:58,202 [INFO] ========== ZT回测 2025-12-01→2026-07-31 | top=1 board=main entry=close_t0 sample=300 ==========
2026-08-03 23:13:59,780 [INFO] HS300 regime 预计算: 365 天 (bull=203 bear=41 crash=62 unknown=59)
2026-08-03 23:13:59,795 [INFO]   进度 20/162 | trades=13 | skip=6 | 1.6s
2026-08-03 23:13:59,825 [INFO]   进度 40/162 | trades=31 | skip=8 | 1.6s
2026-08-03 23:13:59,844 [INFO]   进度 60/162 | trades=41 | skip=18 | 1.6s
2026-08-03 23:13:59,845 [INFO]   进度 80/162 | trades=43 | skip=36 | 1.6s
2026-08-03 23:13:59,868 [INFO]   进度 100/162 | trades=59 | skip=40 | 1.7s
2026-08-03 23:13:59,901 [INFO]   进度 120/162 | trades=76 | skip=43 | 1.7s
2026-08-03 23:13:59,925 [INFO]   进度 140/162 | trades=89 | skip=50 | 1.7s
2026-08-03 23:13:59,929 [INFO]   进度 160/162 | trades=90 | skip=69 | 1.7s
2026-08-03 23:13:59,929 [INFO] ========== ZT回测完成 | trades=90 | fill_rate=100% | 1.7s ==========
2026-08-03 23:14:00,127 [INFO]   笔数=90 | 胜率=77.8% | 平均=2.40% | 日均=6.65% | 总收益=598.5% | 最大回撤=-44.5%
2026-08-03 23:14:00,128 [INFO]   [best      ] n=90 胜率=78.9% 平均=6.46% 累计=22719.5%
2026-08-03 23:14:00,128 [INFO]   [close_t1  ] n=90 胜率=41.1% 平均=-2.31% 累计=-90.4%
2026-08-03 23:14:00,128 [INFO]   [close_t2  ] n=90 胜率=44.4% 平均=-1.47% 累计=-84.2%
2026-08-03 23:14:00,128 [INFO]   [close_t3  ] n=90 胜率=42.2% 平均=-1.45% 累计=-87.8%
2026-08-03 23:14:00,128 [INFO]   [gap_t1    ] n=90 胜率=38.9% 平均=-1.23% 累计=-71.3%
2026-08-03 23:14:00,128 [INFO]   [open_t2   ] n=90 胜率=38.9% 平均=-2.07% 累计=-91.3%
2026-08-03 23:14:00,128 [INFO]   [stop_t1   ] n=6 胜率=0.0% 平均=-13.58% 累计=-58.4%
2026-08-03 23:14:00,128 [INFO]   [trail_t2  ] n=79 胜率=82.3% 平均=3.32% 累计=1135.9%
2026-08-03 23:14:00,128 [INFO]   score=21.1 | 月复利=36.9% | 笔数=90 胜率=77.8% DD=-53.4% | lev=1.25x | 1.9s
2026-08-03 23:14:00,128 [INFO] ========== ZT回测 2025-12-01→2026-07-31 | top=3 board=all entry=close_t0 sample=300 ==========
2026-08-03 23:14:01,827 [INFO] HS300 regime 预计算: 365 天 (bull=203 bear=41 crash=62 unknown=59)
2026-08-03 23:14:01,827 [INFO]   进度 20/162 | trades=0 | skip=6 | 1.7s
2026-08-03 23:14:01,828 [INFO]   进度 40/162 | trades=0 | skip=8 | 1.7s
2026-08-03 23:14:01,828 [INFO]   进度 60/162 | trades=0 | skip=18 | 1.7s
2026-08-03 23:14:01,828 [INFO]   进度 80/162 | trades=0 | skip=36 | 1.7s
2026-08-03 23:14:01,829 [INFO]   进度 100/162 | trades=0 | skip=40 | 1.7s
2026-08-03 23:14:01,830 [INFO]   进度 120/162 | trades=0 | skip=43 | 1.7s
2026-08-03 23:14:01,832 [INFO]   进度 140/162 | trades=0 | skip=50 | 1.7s
2026-08-03 23:14:01,833 [INFO]   进度 160/162 | trades=0 | skip=69 | 1.7s
2026-08-03 23:14:01,833 [INFO] ========== ZT回测完成 | trades=0 | fill_rate=40% | 1.7s ==========
2026-08-03 23:14:01,833 [WARNING]   无任何交易产生！
2026-08-03 23:14:01,833 [INFO]   score=-1000.0 | 月复利=0.0% | 笔数=0 胜率=0.0% DD=0.0% | lev=1.00x | 1.7s
2026-08-03 23:14:01,834 [INFO] ========== ZT回测 2025-12-01→2026-07-31 | top=5 board=all entry=close_t0 sample=300 ==========
2026-08-03 23:14:03,586 [INFO] HS300 regime 预计算: 365 天 (bull=203 bear=41 crash=62 unknown=59)
2026-08-03 23:14:03,586 [INFO]   进度 20/162 | trades=0 | skip=6 | 1.8s
2026-08-03 23:14:03,587 [INFO]   进度 40/162 | trades=0 | skip=8 | 1.8s
2026-08-03 23:14:03,587 [INFO]   进度 60/162 | trades=0 | skip=18 | 1.8s
2026-08-03 23:14:03,587 [INFO]   进度 80/162 | trades=0 | skip=36 | 1.8s
2026-08-03 23:14:03,587 [INFO]   进度 100/162 | trades=0 | skip=40 | 1.8s
2026-08-03 23:14:03,587 [INFO]   进度 120/162 | trades=0 | skip=43 | 1.8s
2026-08-03 23:14:03,588 [INFO]   进度 140/162 | trades=0 | skip=50 | 1.8s
2026-08-03 23:14:03,588 [INFO]   进度 160/162 | trades=0 | skip=69 | 1.8s
2026-08-03 23:14:03,588 [INFO] ========== ZT回测完成 | trades=0 | fill_rate=30% | 1.8s ==========
2026-08-03 23:14:03,588 [WARNING]   无任何交易产生！
2026-08-03 23:14:03,588 [INFO]   score=-1000.0 | 月复利=0.0% | 笔数=0 胜率=0.0% DD=0.0% | lev=1.75x | 1.8s
2026-08-03 23:14:03,588 [INFO] ========== ZT回测 2025-12-01→2026-07-31 | top=2 board=all entry=open_t1 sample=300 ==========
2026-08-03 23:14:05,244 [INFO] HS300 regime 预计算: 365 天 (bull=203 bear=41 crash=62 unknown=59)
2026-08-03 23:14:05,245 [INFO]   进度 20/162 | trades=0 | skip=6 | 1.7s
2026-08-03 23:14:05,246 [INFO]   进度 40/162 | trades=0 | skip=8 | 1.7s
2026-08-03 23:14:05,246 [INFO]   进度 60/162 | trades=0 | skip=18 | 1.7s
2026-08-03 23:14:05,246 [INFO]   进度 80/162 | trades=0 | skip=36 | 1.7s
2026-08-03 23:14:05,247 [INFO]   进度 100/162 | trades=0 | skip=40 | 1.7s
2026-08-03 23:14:05,248 [INFO]   进度 120/162 | trades=0 | skip=43 | 1.7s
2026-08-03 23:14:05,249 [INFO]   进度 140/162 | trades=0 | skip=50 | 1.7s
2026-08-03 23:14:05,249 [INFO]   进度 160/162 | trades=0 | skip=69 | 1.7s
2026-08-03 23:14:05,249 [INFO] ========== ZT回测完成 | trades=0 | fill_rate=25% | 1.7s ==========
2026-08-03 23:14:05,249 [WARNING]   无任何交易产生！
2026-08-03 23:14:05,249 [INFO]   score=-1000.0 | 月复利=0.0% | 笔数=0 胜率=0.0% DD=0.0% | lev=1.50x | 1.7s
2026-08-03 23:14:05,249 [INFO] ========== ZT回测 2025-12-01→2026-07-31 | top=2 board=gem+star entry=close_t0 sample=300 ==========
2026-08-03 23:14:05,250 [INFO]   进度 20/162 | trades=0 | skip=0 | 0.0s
2026-08-03 23:14:05,251 [INFO]   进度 40/162 | trades=0 | skip=0 | 0.0s
2026-08-03 23:14:05,252 [INFO]   进度 60/162 | trades=0 | skip=0 | 0.0s
2026-08-03 23:14:05,252 [INFO]   进度 80/162 | trades=0 | skip=0 | 0.0s
2026-08-03 23:14:05,253 [INFO]   进度 100/162 | trades=0 | skip=0 | 0.0s
2026-08-03 23:14:05,253 [INFO]   进度 120/162 | trades=0 | skip=0 | 0.0s
2026-08-03 23:14:05,253 [INFO]   进度 140/162 | trades=0 | skip=0 | 0.0s
2026-08-03 23:14:05,254 [INFO]   进度 160/162 | trades=0 | skip=0 | 0.0s
2026-08-03 23:14:05,254 [INFO] ========== ZT回测完成 | trades=0 | fill_rate=25% | 0.0s ==========
2026-08-03 23:14:05,254 [WARNING]   无任何交易产生！
2026-08-03 23:14:05,254 [INFO]   score=-1000.0 | 月复利=0.0% | 笔数=0 胜率=0.0% DD=0.0% | lev=1.50x | 0.0s
2026-08-03 23:14:05,255 [INFO] ========== ZT回测 2025-12-01→2026-07-31 | top=2 board=gem+star entry=close_t0 sample=300 ==========
2026-08-03 23:14:07,363 [INFO] HS300 regime 预计算: 365 天 (bull=203 bear=41 crash=62 unknown=59)
2026-08-03 23:14:07,365 [INFO]   进度 20/162 | trades=0 | skip=6 | 2.1s
2026-08-03 23:14:07,367 [INFO]   进度 40/162 | trades=0 | skip=8 | 2.1s
2026-08-03 23:14:07,368 [INFO]   进度 60/162 | trades=0 | skip=18 | 2.1s
2026-08-03 23:14:07,368 [INFO]   进度 80/162 | trades=0 | skip=36 | 2.1s
2026-08-03 23:14:07,369 [INFO]   进度 100/162 | trades=0 | skip=40 | 2.1s
2026-08-03 23:14:07,370 [INFO]   进度 120/162 | trades=0 | skip=43 | 2.1s
2026-08-03 23:14:07,371 [INFO]   进度 140/162 | trades=0 | skip=50 | 2.1s
2026-08-03 23:14:07,371 [INFO]   进度 160/162 | trades=0 | skip=69 | 2.1s
2026-08-03 23:14:07,371 [INFO] ========== ZT回测完成 | trades=0 | fill_rate=25% | 2.1s ==========
2026-08-03 23:14:07,371 [WARNING]   无任何交易产生！
2026-08-03 23:14:07,371 [INFO]   score=-1000.0 | 月复利=0.0% | 笔数=0 胜率=0.0% DD=0.0% | lev=1.00x | 2.1s
2026-08-03 23:14:07,372 [INFO] ========== ZT回测 2025-12-01→2026-07-31 | top=3 board=all entry=open_t1 sample=300 ==========
2026-08-03 23:14:09,077 [INFO] HS300 regime 预计算: 365 天 (bull=203 bear=41 crash=62 unknown=59)
2026-08-03 23:14:09,079 [INFO]   进度 20/162 | trades=0 | skip=6 | 1.7s
2026-08-03 23:14:09,081 [INFO]   进度 40/162 | trades=0 | skip=8 | 1.7s
2026-08-03 23:14:09,082 [INFO]   进度 60/162 | trades=0 | skip=18 | 1.7s
2026-08-03 23:14:09,082 [INFO]   进度 80/162 | trades=0 | skip=36 | 1.7s
2026-08-03 23:14:09,084 [INFO]   进度 100/162 | trades=0 | skip=40 | 1.7s
2026-08-03 23:14:09,085 [INFO]   进度 120/162 | trades=0 | skip=43 | 1.7s
2026-08-03 23:14:09,086 [INFO]   进度 140/162 | trades=0 | skip=50 | 1.7s
2026-08-03 23:14:09,086 [INFO]   进度 160/162 | trades=0 | skip=69 | 1.7s
2026-08-03 23:14:09,086 [INFO] ========== ZT回测完成 | trades=0 | fill_rate=30% | 1.7s ==========
2026-08-03 23:14:09,086 [WARNING]   无任何交易产生！
2026-08-03 23:14:09,086 [INFO]   score=-1000.0 | 月复利=0.0% | 笔数=0 胜率=0.0% DD=0.0% | lev=1.25x | 1.7s
2026-08-03 23:14:09,086 [INFO] ========== ZT回测 2025-12-01→2026-07-31 | top=3 board=gem+star entry=close_t0 sample=300 ==========
2026-08-03 23:14:10,701 [INFO] HS300 regime 预计算: 365 天 (bull=203 bear=41 crash=62 unknown=59)
2026-08-03 23:14:10,702 [INFO]   进度 20/162 | trades=0 | skip=6 | 1.6s
2026-08-03 23:14:10,702 [INFO]   进度 40/162 | trades=0 | skip=8 | 1.6s
2026-08-03 23:14:10,703 [INFO]   进度 60/162 | trades=0 | skip=18 | 1.6s
2026-08-03 23:14:10,703 [INFO]   进度 80/162 | trades=0 | skip=36 | 1.6s
2026-08-03 23:14:10,703 [INFO]   进度 100/162 | trades=0 | skip=40 | 1.6s
2026-08-03 23:14:10,704 [INFO]   进度 120/162 | trades=0 | skip=43 | 1.6s
2026-08-03 23:14:10,704 [INFO]   进度 140/162 | trades=0 | skip=50 | 1.6s
2026-08-03 23:14:10,704 [INFO]   进度 160/162 | trades=0 | skip=69 | 1.6s
2026-08-03 23:14:10,704 [INFO] ========== ZT回测完成 | trades=0 | fill_rate=25% | 1.6s ==========
2026-08-03 23:14:10,704 [WARNING]   无任何交易产生！
2026-08-03 23:14:10,704 [INFO]   score=-1000.0 | 月复利=0.0% | 笔数=0 胜率=0.0% DD=0.0% | lev=1.00x | 1.6s
2026-08-03 23:14:10,704 [INFO] ========== ZT回测 2025-12-01→2026-07-31 | top=1 board=main entry=open_t1 sample=300 ==========
2026-08-03 23:14:10,705 [INFO]   进度 20/162 | trades=0 | skip=0 | 0.0s
2026-08-03 23:14:10,705 [INFO]   进度 40/162 | trades=0 | skip=0 | 0.0s
2026-08-03 23:14:10,705 [INFO]   进度 60/162 | trades=0 | skip=0 | 0.0s
2026-08-03 23:14:10,706 [INFO]   进度 80/162 | trades=0 | skip=0 | 0.0s
2026-08-03 23:14:10,708 [INFO]   进度 100/162 | trades=0 | skip=0 | 0.0s
2026-08-03 23:14:10,709 [INFO]   进度 120/162 | trades=0 | skip=0 | 0.0s
2026-08-03 23:14:10,709 [INFO]   进度 140/162 | trades=0 | skip=0 | 0.0s
2026-08-03 23:14:10,710 [INFO]   进度 160/162 | trades=0 | skip=0 | 0.0s
2026-08-03 23:14:10,710 [INFO] ========== ZT回测完成 | trades=0 | fill_rate=100% | 0.0s ==========
2026-08-03 23:14:10,710 [WARNING]   无任何交易产生！
2026-08-03 23:14:10,710 [INFO]   score=-1000.0 | 月复利=0.0% | 笔数=0 胜率=0.0% DD=0.0% | lev=2.00x | 0.0s
2026-08-03 23:14:10,710 [INFO] ========== ZT回测 2025-12-01→2026-07-31 | top=2 board=main entry=open_t1 sample=300 ==========
2026-08-03 23:14:12,512 [INFO] HS300 regime 预计算: 365 天 (bull=203 bear=41 crash=62 unknown=59)
2026-08-03 23:14:12,513 [INFO]   进度 20/162 | trades=0 | skip=6 | 1.8s
2026-08-03 23:14:12,513 [INFO]   进度 40/162 | trades=0 | skip=8 | 1.8s
2026-08-03 23:14:12,516 [INFO]   进度 60/162 | trades=0 | skip=18 | 1.8s
2026-08-03 23:14:12,516 [INFO]   进度 80/162 | trades=0 | skip=36 | 1.8s
2026-08-03 23:14:12,517 [INFO]   进度 100/162 | trades=0 | skip=40 | 1.8s
2026-08-03 23:14:12,518 [INFO]   进度 120/162 | trades=0 | skip=43 | 1.8s
2026-08-03 23:14:12,519 [INFO]   进度 140/162 | trades=0 | skip=50 | 1.8s
2026-08-03 23:14:12,519 [INFO]   进度 160/162 | trades=0 | skip=69 | 1.8s
2026-08-03 23:14:12,519 [INFO] ========== ZT回测完成 | trades=0 | fill_rate=20% | 1.8s ==========
2026-08-03 23:14:12,519 [WARNING]   无任何交易产生！
2026-08-03 23:14:12,519 [INFO]   score=-1000.0 | 月复利=0.0% | 笔数=0 胜率=0.0% DD=0.0% | lev=1.50x | 1.8s
2026-08-03 23:14:12,520 [INFO] ========== ZT回测 2025-12-01→2026-07-31 | top=3 board=gem+star entry=close_t0 sample=300 ==========
2026-08-03 23:14:14,204 [INFO] HS300 regime 预计算: 365 天 (bull=203 bear=41 crash=62 unknown=59)
2026-08-03 23:14:14,205 [INFO]   进度 20/162 | trades=0 | skip=6 | 1.7s
2026-08-03 23:14:14,206 [INFO]   进度 40/162 | trades=0 | skip=8 | 1.7s
2026-08-03 23:14:14,207 [INFO]   进度 60/162 | trades=0 | skip=18 | 1.7s
2026-08-03 23:14:14,207 [INFO]   进度 80/162 | trades=0 | skip=36 | 1.7s
2026-08-03 23:14:14,208 [INFO]   进度 100/162 | trades=0 | skip=40 | 1.7s
2026-08-03 23:14:14,209 [INFO]   进度 120/162 | trades=0 | skip=43 | 1.7s
2026-08-03 23:14:14,210 [INFO]   进度 140/162 | trades=0 | skip=50 | 1.7s
2026-08-03 23:14:14,210 [INFO]   进度 160/162 | trades=0 | skip=69 | 1.7s
2026-08-03 23:14:14,210 [INFO] ========== ZT回测完成 | trades=0 | fill_rate=40% | 1.7s ==========
2026-08-03 23:14:14,210 [WARNING]   无任何交易产生！
2026-08-03 23:14:14,210 [INFO]   score=-1000.0 | 月复利=0.0% | 笔数=0 胜率=0.0% DD=0.0% | lev=1.75x | 1.7s
2026-08-03 23:14:14,210 [INFO] ========== ZT回测 2025-12-01→2026-07-31 | top=1 board=gem+star entry=open_t1 sample=300 ==========
2026-08-03 23:14:16,028 [INFO] HS300 regime 预计算: 365 天 (bull=203 bear=41 crash=62 unknown=59)
2026-08-03 23:14:16,029 [INFO]   进度 20/162 | trades=0 | skip=6 | 1.8s
2026-08-03 23:14:16,031 [INFO]   进度 40/162 | trades=0 | skip=8 | 1.8s
2026-08-03 23:14:16,031 [INFO]   进度 60/162 | trades=0 | skip=18 | 1.8s
2026-08-03 23:14:16,032 [INFO]   进度 80/162 | trades=0 | skip=36 | 1.8s
2026-08-03 23:14:16,033 [INFO]   进度 100/162 | trades=0 | skip=40 | 1.8s
2026-08-03 23:14:16,034 [INFO]   进度 120/162 | trades=0 | skip=43 | 1.8s
2026-08-03 23:14:16,036 [INFO]   进度 140/162 | trades=0 | skip=50 | 1.8s
2026-08-03 23:14:16,036 [INFO]   进度 160/162 | trades=0 | skip=69 | 1.8s
2026-08-03 23:14:16,036 [INFO] ========== ZT回测完成 | trades=0 | fill_rate=40% | 1.8s ==========
2026-08-03 23:14:16,036 [WARNING]   无任何交易产生！
2026-08-03 23:14:16,039 [INFO]   score=-1000.0 | 月复利=0.0% | 笔数=0 胜率=0.0% DD=0.0% | lev=1.25x | 1.8s
2026-08-03 23:14:16,039 [INFO] ========== ZT回测 2025-12-01→2026-07-31 | top=3 board=gem+star entry=close_t0 sample=300 ==========
2026-08-03 23:14:17,754 [INFO] HS300 regime 预计算: 365 天 (bull=203 bear=41 crash=62 unknown=59)
2026-08-03 23:14:17,756 [INFO]   进度 20/162 | trades=0 | skip=6 | 1.7s
2026-08-03 23:14:17,758 [INFO]   进度 40/162 | trades=0 | skip=8 | 1.7s
2026-08-03 23:14:17,758 [INFO]   进度 60/162 | trades=0 | skip=18 | 1.7s
2026-08-03 23:14:17,758 [INFO]   进度 80/162 | trades=0 | skip=36 | 1.7s
2026-08-03 23:14:17,759 [INFO]   进度 100/162 | trades=0 | skip=40 | 1.7s
2026-08-03 23:14:17,760 [INFO]   进度 120/162 | trades=0 | skip=43 | 1.7s
2026-08-03 23:14:17,761 [INFO]   进度 140/162 | trades=0 | skip=50 | 1.7s
2026-08-03 23:14:17,761 [INFO]   进度 160/162 | trades=0 | skip=69 | 1.7s
2026-08-03 23:14:17,761 [INFO] ========== ZT回测完成 | trades=0 | fill_rate=30% | 1.7s ==========
2026-08-03 23:14:17,761 [WARNING]   无任何交易产生！
2026-08-03 23:14:17,761 [INFO]   score=-1000.0 | 月复利=0.0% | 笔数=0 胜率=0.0% DD=0.0% | lev=2.00x | 1.7s
2026-08-03 23:14:17,761 [INFO] ========== ZT回测 2025-12-01→2026-07-31 | top=2 board=gem+star entry=close_t0 sample=300 ==========
2026-08-03 23:14:19,342 [INFO] HS300 regime 预计算: 365 天 (bull=203 bear=41 crash=62 unknown=59)
2026-08-03 23:14:19,375 [INFO]   进度 20/162 | trades=26 | skip=6 | 1.6s
2026-08-03 23:14:19,432 [INFO]   进度 40/162 | trades=62 | skip=8 | 1.7s
2026-08-03 23:14:19,454 [INFO]   进度 60/162 | trades=82 | skip=18 | 1.7s
2026-08-03 23:14:19,460 [INFO]   进度 80/162 | trades=86 | skip=36 | 1.7s
2026-08-03 23:14:19,489 [INFO]   进度 100/162 | trades=118 | skip=40 | 1.7s
2026-08-03 23:14:19,551 [INFO]   进度 120/162 | trades=152 | skip=43 | 1.8s
2026-08-03 23:14:19,579 [INFO]   进度 140/162 | trades=178 | skip=50 | 1.8s
2026-08-03 23:14:19,582 [INFO]   进度 160/162 | trades=180 | skip=69 | 1.8s
2026-08-03 23:14:19,582 [INFO] ========== ZT回测完成 | trades=180 | fill_rate=25% | 1.8s ==========
2026-08-03 23:14:19,832 [INFO]   笔数=180 | 胜率=87.2% | 平均=0.86% | 日均=3.96% | 总收益=356.6% | 最大回撤=-11.4%
2026-08-03 23:14:19,833 [INFO]   [best      ] n=180 胜率=87.2% 平均=2.43% 累计=7226.7%
2026-08-03 23:14:19,833 [INFO]   [close_t1  ] n=180 胜率=65.0% 平均=0.30% 累计=66.1%
2026-08-03 23:14:19,833 [INFO]   [close_t2  ] n=180 胜率=57.8% 平均=0.66% 累计=200.7%
2026-08-03 23:14:19,833 [INFO]   [close_t3  ] n=180 胜率=55.0% 平均=0.85% 累计=298.4%
2026-08-03 23:14:19,833 [INFO]   [gap_t1    ] n=180 胜率=63.3% 平均=0.39% 累计=99.5%
2026-08-03 23:14:19,833 [INFO]   [open_t2   ] n=180 胜率=58.9% 平均=0.61% 累计=178.5%
2026-08-03 23:14:19,833 [INFO]   [stop_t1   ] n=7 胜率=0.0% 平均=-3.40% 累计=-21.5%
2026-08-03 23:14:19,833 [INFO]   [trail_t2  ] n=164 胜率=87.2% 平均=0.93% 累计=353.1%
2026-08-03 23:14:19,833 [INFO]   score=10.1 | 月复利=7.3% | 笔数=180 胜率=87.2% DD=-4.2% | lev=1.50x | 2.1s
2026-08-03 23:14:19,834 [INFO] ========== ZT回测 2025-12-01→2026-07-31 | top=2 board=all entry=close_t0 sample=300 ==========
2026-08-03 23:14:19,835 [INFO]   进度 20/162 | trades=0 | skip=0 | 0.0s
2026-08-03 23:14:19,836 [INFO]   进度 40/162 | trades=0 | skip=0 | 0.0s
2026-08-03 23:14:19,836 [INFO]   进度 60/162 | trades=0 | skip=0 | 0.0s
2026-08-03 23:14:19,837 [INFO]   进度 80/162 | trades=0 | skip=0 | 0.0s
2026-08-03 23:14:19,837 [INFO]   进度 100/162 | trades=0 | skip=0 | 0.0s
2026-08-03 23:14:19,838 [INFO]   进度 120/162 | trades=0 | skip=0 | 0.0s
2026-08-03 23:14:19,840 [INFO]   进度 140/162 | trades=0 | skip=0 | 0.0s
2026-08-03 23:14:19,841 [INFO]   进度 160/162 | trades=0 | skip=0 | 0.0s
2026-08-03 23:14:19,841 [INFO] ========== ZT回测完成 | trades=0 | fill_rate=100% | 0.0s ==========
2026-08-03 23:14:19,841 [WARNING]   无任何交易产生！
2026-08-03 23:14:19,842 [INFO]   score=-1000.0 | 月复利=0.0% | 笔数=0 胜率=0.0% DD=0.0% | lev=1.50x | 0.0s
2026-08-03 23:14:19,842 [INFO] ========== ZT回测 2025-12-01→2026-07-31 | top=2 board=all entry=close_t0 sample=300 ==========
2026-08-03 23:14:19,843 [INFO]   进度 20/162 | trades=0 | skip=0 | 0.0s
2026-08-03 23:14:19,843 [INFO]   进度 40/162 | trades=0 | skip=0 | 0.0s
2026-08-03 23:14:19,844 [INFO]   进度 60/162 | trades=0 | skip=0 | 0.0s
2026-08-03 23:14:19,844 [INFO]   进度 80/162 | trades=0 | skip=0 | 0.0s
2026-08-03 23:14:19,845 [INFO]   进度 100/162 | trades=0 | skip=0 | 0.0s
2026-08-03 23:14:19,846 [INFO]   进度 120/162 | trades=0 | skip=0 | 0.0s
2026-08-03 23:14:19,847 [INFO]   进度 140/162 | trades=0 | skip=0 | 0.0s
2026-08-03 23:14:19,849 [INFO]   进度 160/162 | trades=0 | skip=0 | 0.0s
2026-08-03 23:14:19,849 [INFO] ========== ZT回测完成 | trades=0 | fill_rate=40% | 0.0s ==========
2026-08-03 23:14:19,850 [WARNING]   无任何交易产生！
2026-08-03 23:14:19,850 [INFO]   score=-1000.0 | 月复利=0.0% | 笔数=0 胜率=0.0% DD=0.0% | lev=1.25x | 0.0s
2026-08-03 23:14:19,850 [INFO] ========== ZT回测 2025-12-01→2026-07-31 | top=3 board=gem+star entry=open_t1 sample=300 ==========
2026-08-03 23:14:22,836 [INFO] HS300 regime 预计算: 365 天 (bull=203 bear=41 crash=62 unknown=59)
2026-08-03 23:14:22,839 [INFO]   进度 20/162 | trades=0 | skip=6 | 3.0s
2026-08-03 23:14:22,841 [INFO]   进度 40/162 | trades=0 | skip=8 | 3.0s
2026-08-03 23:14:22,842 [INFO]   进度 60/162 | trades=0 | skip=18 | 3.0s
2026-08-03 23:14:22,842 [INFO]   进度 80/162 | trades=0 | skip=36 | 3.0s
2026-08-03 23:14:22,843 [INFO]   进度 100/162 | trades=0 | skip=40 | 3.0s
2026-08-03 23:14:22,845 [INFO]   进度 120/162 | trades=0 | skip=43 | 3.0s
2026-08-03 23:14:22,846 [INFO]   进度 140/162 | trades=0 | skip=50 | 3.0s
2026-08-03 23:14:22,848 [INFO]   进度 160/162 | trades=0 | skip=69 | 3.0s
2026-08-03 23:14:22,848 [INFO] ========== ZT回测完成 | trades=0 | fill_rate=100% | 3.0s ==========
2026-08-03 23:14:22,848 [WARNING]   无任何交易产生！
2026-08-03 23:14:22,849 [INFO]   score=-1000.0 | 月复利=0.0% | 笔数=0 胜率=0.0% DD=0.0% | lev=1.25x | 3.0s
2026-08-03 23:14:22,849 [INFO] ========== ZT回测 2025-12-01→2026-07-31 | top=2 board=all entry=open_t1 sample=300 ==========
2026-08-03 23:14:25,021 [INFO] HS300 regime 预计算: 365 天 (bull=203 bear=41 crash=62 unknown=59)
2026-08-03 23:14:25,022 [INFO]   进度 20/162 | trades=0 | skip=6 | 2.2s
2026-08-03 23:14:25,024 [INFO]   进度 40/162 | trades=0 | skip=8 | 2.2s
2026-08-03 23:14:25,025 [INFO]   进度 60/162 | trades=0 | skip=18 | 2.2s
2026-08-03 23:14:25,025 [INFO]   进度 80/162 | trades=0 | skip=36 | 2.2s
2026-08-03 23:14:25,028 [INFO]   进度 100/162 | trades=0 | skip=40 | 2.2s
2026-08-03 23:14:25,032 [INFO]   进度 120/162 | trades=0 | skip=43 | 2.2s
2026-08-03 23:14:25,036 [INFO]   进度 140/162 | trades=0 | skip=50 | 2.2s
2026-08-03 23:14:25,036 [INFO]   进度 160/162 | trades=0 | skip=69 | 2.2s
2026-08-03 23:14:25,036 [INFO] ========== ZT回测完成 | trades=0 | fill_rate=25% | 2.2s ==========
2026-08-03 23:14:25,036 [WARNING]   无任何交易产生！
2026-08-03 23:14:25,036 [INFO]   score=-1000.0 | 月复利=0.0% | 笔数=0 胜率=0.0% DD=0.0% | lev=1.00x | 2.2s
2026-08-03 23:14:25,036 [INFO] ========== ZT回测 2025-12-01→2026-07-31 | top=1 board=gem+star entry=open_t1 sample=300 ==========
2026-08-03 23:14:27,069 [INFO] HS300 regime 预计算: 365 天 (bull=203 bear=41 crash=62 unknown=59)
2026-08-03 23:14:27,069 [INFO]   进度 20/162 | trades=0 | skip=6 | 2.0s
2026-08-03 23:14:27,070 [INFO]   进度 40/162 | trades=0 | skip=8 | 2.0s
2026-08-03 23:14:27,072 [INFO]   进度 60/162 | trades=0 | skip=18 | 2.0s
2026-08-03 23:14:27,072 [INFO]   进度 80/162 | trades=0 | skip=36 | 2.0s
2026-08-03 23:14:27,073 [INFO]   进度 100/162 | trades=0 | skip=40 | 2.0s
2026-08-03 23:14:27,076 [INFO]   进度 120/162 | trades=0 | skip=43 | 2.0s
2026-08-03 23:14:27,077 [INFO]   进度 140/162 | trades=0 | skip=50 | 2.0s
2026-08-03 23:14:27,079 [INFO]   进度 160/162 | trades=0 | skip=69 | 2.0s
2026-08-03 23:14:27,079 [INFO] ========== ZT回测完成 | trades=0 | fill_rate=35% | 2.0s ==========
2026-08-03 23:14:27,079 [WARNING]   无任何交易产生！
2026-08-03 23:14:27,079 [INFO]   score=-1000.0 | 月复利=0.0% | 笔数=0 胜率=0.0% DD=0.0% | lev=1.00x | 2.0s
2026-08-03 23:14:27,079 [INFO] ========== ZT回测 2025-12-01→2026-07-31 | top=2 board=main entry=open_t1 sample=300 ==========
2026-08-03 23:14:29,195 [INFO] HS300 regime 预计算: 365 天 (bull=203 bear=41 crash=62 unknown=59)
2026-08-03 23:14:29,196 [INFO]   进度 20/162 | trades=0 | skip=6 | 2.1s
2026-08-03 23:14:29,199 [INFO]   进度 40/162 | trades=0 | skip=8 | 2.1s
2026-08-03 23:14:29,199 [INFO]   进度 60/162 | trades=0 | skip=18 | 2.1s
2026-08-03 23:14:29,199 [INFO]   进度 80/162 | trades=0 | skip=36 | 2.1s
2026-08-03 23:14:29,200 [INFO]   进度 100/162 | trades=0 | skip=40 | 2.1s
2026-08-03 23:14:29,201 [INFO]   进度 120/162 | trades=0 | skip=43 | 2.1s
2026-08-03 23:14:29,201 [INFO]   进度 140/162 | trades=0 | skip=50 | 2.1s
2026-08-03 23:14:29,201 [INFO]   进度 160/162 | trades=0 | skip=69 | 2.1s
2026-08-03 23:14:29,201 [INFO] ========== ZT回测完成 | trades=0 | fill_rate=40% | 2.1s ==========
2026-08-03 23:14:29,201 [WARNING]   无任何交易产生！
2026-08-03 23:14:29,201 [INFO]   score=-1000.0 | 月复利=0.0% | 笔数=0 胜率=0.0% DD=0.0% | lev=1.50x | 2.1s
2026-08-03 23:14:29,202 [INFO] ========== ZT回测 2025-12-01→2026-07-31 | top=5 board=gem+star entry=open_t1 sample=300 ==========
2026-08-03 23:14:29,202 [INFO]   进度 20/162 | trades=0 | skip=0 | 0.0s
2026-08-03 23:14:29,203 [INFO]   进度 40/162 | trades=0 | skip=0 | 0.0s
2026-08-03 23:14:29,204 [INFO]   进度 60/162 | trades=0 | skip=0 | 0.0s
2026-08-03 23:14:29,204 [INFO]   进度 80/162 | trades=0 | skip=0 | 0.0s
2026-08-03 23:14:29,206 [INFO]   进度 100/162 | trades=0 | skip=0 | 0.0s
2026-08-03 23:14:29,207 [INFO]   进度 120/162 | trades=0 | skip=0 | 0.0s
2026-08-03 23:14:29,208 [INFO]   进度 140/162 | trades=0 | skip=0 | 0.0s
2026-08-03 23:14:29,209 [INFO]   进度 160/162 | trades=0 | skip=0 | 0.0s
2026-08-03 23:14:29,209 [INFO] ========== ZT回测完成 | trades=0 | fill_rate=40% | 0.0s ==========
2026-08-03 23:14:29,209 [WARNING]   无任何交易产生！
2026-08-03 23:14:29,209 [INFO]   score=-1000.0 | 月复利=0.0% | 笔数=0 胜率=0.0% DD=0.0% | lev=1.75x | 0.0s
2026-08-03 23:14:29,209 [INFO] ========== ZT回测 2025-12-01→2026-07-31 | top=5 board=gem+star entry=close_t0 sample=300 ==========
2026-08-03 23:14:32,101 [INFO] HS300 regime 预计算: 365 天 (bull=203 bear=41 crash=62 unknown=59)
2026-08-03 23:14:32,102 [INFO]   进度 20/162 | trades=0 | skip=6 | 2.9s
2026-08-03 23:14:32,104 [INFO]   进度 40/162 | trades=0 | skip=8 | 2.9s
2026-08-03 23:14:32,104 [INFO]   进度 60/162 | trades=0 | skip=18 | 2.9s
2026-08-03 23:14:32,105 [INFO]   进度 80/162 | trades=0 | skip=36 | 2.9s
2026-08-03 23:14:32,107 [INFO]   进度 100/162 | trades=0 | skip=40 | 2.9s
2026-08-03 23:14:32,109 [INFO]   进度 120/162 | trades=0 | skip=43 | 2.9s
2026-08-03 23:14:32,111 [INFO]   进度 140/162 | trades=0 | skip=50 | 2.9s
2026-08-03 23:14:32,111 [INFO]   进度 160/162 | trades=0 | skip=69 | 2.9s
2026-08-03 23:14:32,111 [INFO] ========== ZT回测完成 | trades=0 | fill_rate=50% | 2.9s ==========
2026-08-03 23:14:32,111 [WARNING]   无任何交易产生！
2026-08-03 23:14:32,112 [INFO]   score=-1000.0 | 月复利=0.0% | 笔数=0 胜率=0.0% DD=0.0% | lev=1.25x | 2.9s
2026-08-03 23:14:32,112 [INFO] ========== ZT回测 2025-12-01→2026-07-31 | top=3 board=all entry=open_t1 sample=300 ==========
2026-08-03 23:14:34,178 [INFO] HS300 regime 预计算: 365 天 (bull=203 bear=41 crash=62 unknown=59)
2026-08-03 23:14:34,182 [INFO]   进度 20/162 | trades=0 | skip=6 | 2.1s
2026-08-03 23:14:34,185 [INFO]   进度 40/162 | trades=0 | skip=8 | 2.1s
2026-08-03 23:14:34,185 [INFO]   进度 60/162 | trades=0 | skip=18 | 2.1s
2026-08-03 23:14:34,185 [INFO]   进度 80/162 | trades=0 | skip=36 | 2.1s
2026-08-03 23:14:34,186 [INFO]   进度 100/162 | trades=0 | skip=40 | 2.1s
2026-08-03 23:14:34,187 [INFO]   进度 120/162 | trades=0 | skip=43 | 2.1s
2026-08-03 23:14:34,193 [INFO]   进度 140/162 | trades=0 | skip=50 | 2.1s
2026-08-03 23:14:34,193 [INFO]   进度 160/162 | trades=0 | skip=69 | 2.1s
2026-08-03 23:14:34,193 [INFO] ========== ZT回测完成 | trades=0 | fill_rate=40% | 2.1s ==========
2026-08-03 23:14:34,193 [WARNING]   无任何交易产生！
2026-08-03 23:14:34,193 [INFO]   score=-1000.0 | 月复利=0.0% | 笔数=0 胜率=0.0% DD=0.0% | lev=1.50x | 2.1s
2026-08-03 23:14:34,193 [INFO] ========== ZT回测 2025-12-01→2026-07-31 | top=2 board=main entry=open_t1 sample=300 ==========
2026-08-03 23:14:34,194 [INFO]   进度 20/162 | trades=0 | skip=0 | 0.0s
2026-08-03 23:14:34,196 [INFO]   进度 40/162 | trades=0 | skip=0 | 0.0s
2026-08-03 23:14:34,199 [INFO]   进度 60/162 | trades=0 | skip=0 | 0.0s
2026-08-03 23:14:34,200 [INFO]   进度 80/162 | trades=0 | skip=0 | 0.0s
2026-08-03 23:14:34,201 [INFO]   进度 100/162 | trades=0 | skip=0 | 0.0s
2026-08-03 23:14:34,204 [INFO]   进度 120/162 | trades=0 | skip=0 | 0.0s
2026-08-03 23:14:34,207 [INFO]   进度 140/162 | trades=0 | skip=0 | 0.0s
2026-08-03 23:14:34,209 [INFO]   进度 160/162 | trades=0 | skip=0 | 0.0s
2026-08-03 23:14:34,210 [INFO] ========== ZT回测完成 | trades=0 | fill_rate=30% | 0.0s ==========
2026-08-03 23:14:34,210 [WARNING]   无任何交易产生！
2026-08-03 23:14:34,210 [INFO]   score=-1000.0 | 月复利=0.0% | 笔数=0 胜率=0.0% DD=0.0% | lev=1.25x | 0.0s
2026-08-03 23:14:34,210 [INFO] ========== ZT回测 2025-12-01→2026-07-31 | top=5 board=all entry=open_t1 sample=300 ==========
2026-08-03 23:14:36,115 [INFO] HS300 regime 预计算: 365 天 (bull=203 bear=41 crash=62 unknown=59)
2026-08-03 23:14:36,116 [INFO]   进度 20/162 | trades=0 | skip=6 | 1.9s
2026-08-03 23:14:36,117 [INFO]   进度 40/162 | trades=0 | skip=8 | 1.9s
2026-08-03 23:14:36,118 [INFO]   进度 60/162 | trades=0 | skip=18 | 1.9s
2026-08-03 23:14:36,118 [INFO]   进度 80/162 | trades=0 | skip=36 | 1.9s
2026-08-03 23:14:36,119 [INFO]   进度 100/162 | trades=0 | skip=40 | 1.9s
2026-08-03 23:14:36,120 [INFO]   进度 120/162 | trades=0 | skip=43 | 1.9s
2026-08-03 23:14:36,121 [INFO]   进度 140/162 | trades=0 | skip=50 | 1.9s
2026-08-03 23:14:36,121 [INFO]   进度 160/162 | trades=0 | skip=69 | 1.9s
2026-08-03 23:14:36,121 [INFO] ========== ZT回测完成 | trades=0 | fill_rate=25% | 1.9s ==========
2026-08-03 23:14:36,121 [WARNING]   无任何交易产生！
2026-08-03 23:14:36,122 [INFO]   score=-1000.0 | 月复利=0.0% | 笔数=0 胜率=0.0% DD=0.0% | lev=1.75x | 1.9s
2026-08-03 23:14:36,122 [INFO] ========== ZT回测 2025-12-01→2026-07-31 | top=2 board=all entry=close_t0 sample=300 ==========
2026-08-03 23:14:36,124 [INFO]   进度 20/162 | trades=0 | skip=0 | 0.0s
2026-08-03 23:14:36,127 [INFO]   进度 40/162 | trades=0 | skip=0 | 0.0s
2026-08-03 23:14:36,128 [INFO]   进度 60/162 | trades=0 | skip=0 | 0.0s
2026-08-03 23:14:36,129 [INFO]   进度 80/162 | trades=0 | skip=0 | 0.0s
2026-08-03 23:14:36,131 [INFO]   进度 100/162 | trades=0 | skip=0 | 0.0s
2026-08-03 23:14:36,134 [INFO]   进度 120/162 | trades=0 | skip=0 | 0.0s
2026-08-03 23:14:36,137 [INFO]   进度 140/162 | trades=0 | skip=0 | 0.0s
2026-08-03 23:14:36,140 [INFO]   进度 160/162 | trades=0 | skip=0 | 0.0s
2026-08-03 23:14:36,140 [INFO] ========== ZT回测完成 | trades=0 | fill_rate=50% | 0.0s ==========
2026-08-03 23:14:36,140 [WARNING]   无任何交易产生！
2026-08-03 23:14:36,140 [INFO]   score=-1000.0 | 月复利=0.0% | 笔数=0 胜率=0.0% DD=0.0% | lev=1.25x | 0.0s
2026-08-03 23:14:36,141 [INFO] ========== ZT回测 2025-12-01→2026-07-31 | top=2 board=all entry=close_t0 sample=300 ==========
2026-08-03 23:14:38,062 [INFO] HS300 regime 预计算: 365 天 (bull=203 bear=41 crash=62 unknown=59)
2026-08-03 23:14:38,062 [INFO]   进度 20/162 | trades=0 | skip=6 | 1.9s
2026-08-03 23:14:38,066 [INFO]   进度 40/162 | trades=0 | skip=8 | 1.9s
2026-08-03 23:14:38,067 [INFO]   进度 60/162 | trades=0 | skip=18 | 1.9s
2026-08-03 23:14:38,067 [INFO]   进度 80/162 | trades=0 | skip=36 | 1.9s
2026-08-03 23:14:38,068 [INFO]   进度 100/162 | trades=0 | skip=40 | 1.9s
2026-08-03 23:14:38,068 [INFO]   进度 120/162 | trades=0 | skip=43 | 1.9s
2026-08-03 23:14:38,070 [INFO]   进度 140/162 | trades=0 | skip=50 | 1.9s
2026-08-03 23:14:38,071 [INFO]   进度 160/162 | trades=0 | skip=69 | 1.9s
2026-08-03 23:14:38,071 [INFO] ========== ZT回测完成 | trades=0 | fill_rate=100% | 1.9s ==========
2026-08-03 23:14:38,071 [WARNING]   无任何交易产生！
2026-08-03 23:14:38,071 [INFO]   score=-1000.0 | 月复利=0.0% | 笔数=0 胜率=0.0% DD=0.0% | lev=1.50x | 1.9s
2026-08-03 23:14:38,071 [INFO] ========== ZT回测 2025-12-01→2026-07-31 | top=3 board=all entry=close_t0 sample=300 ==========
2026-08-03 23:14:40,142 [INFO] HS300 regime 预计算: 365 天 (bull=203 bear=41 crash=62 unknown=59)
2026-08-03 23:14:40,226 [INFO]   进度 20/162 | trades=39 | skip=6 | 2.2s
2026-08-03 23:14:40,377 [INFO]   进度 40/162 | trades=91 | skip=8 | 2.3s
2026-08-03 23:14:40,427 [INFO]   进度 60/162 | trades=120 | skip=18 | 2.4s
2026-08-03 23:14:40,449 [INFO]   进度 80/162 | trades=126 | skip=36 | 2.4s
2026-08-03 23:14:40,610 [INFO]   进度 100/162 | trades=174 | skip=40 | 2.5s
2026-08-03 23:14:40,757 [INFO]   进度 120/162 | trades=225 | skip=43 | 2.7s
2026-08-03 23:14:40,833 [INFO]   进度 140/162 | trades=264 | skip=50 | 2.8s
2026-08-03 23:14:40,845 [INFO]   进度 160/162 | trades=267 | skip=69 | 2.8s
2026-08-03 23:14:40,845 [INFO] ========== ZT回测完成 | trades=267 | fill_rate=50% | 2.8s ==========
2026-08-03 23:14:41,231 [INFO]   笔数=267 | 胜率=81.7% | 平均=1.43% | 日均=43.78% | 总收益=3940.3% | 最大回撤=-18.5%
2026-08-03 23:14:41,231 [INFO]   [best      ] n=267 胜率=85.0% 平均=3.17% 累计=352529.0%
2026-08-03 23:14:41,231 [INFO]   [close_t1  ] n=267 胜率=43.5% 平均=-0.77% 累计=-89.1%
2026-08-03 23:14:41,232 [INFO]   [close_t2  ] n=267 胜率=39.7% 平均=-0.78% 累计=-91.4%
2026-08-03 23:14:41,232 [INFO]   [close_t3  ] n=267 胜率=40.5% 平均=-0.98% 累计=-95.7%
2026-08-03 23:14:41,232 [INFO]   [gap_t1    ] n=267 胜率=39.0% 平均=-0.57% 累计=-79.9%
2026-08-03 23:14:41,232 [INFO]   [open_t2   ] n=267 胜率=39.7% 平均=-0.79% 累计=-91.7%
2026-08-03 23:14:41,232 [INFO]   [stop_t1   ] n=61 胜率=0.0% 平均=-6.46% 累计=-98.3%
2026-08-03 23:14:41,232 [INFO]   [trail_t2  ] n=194 胜率=89.2% 平均=2.06% 累计=4908.3%
2026-08-03 23:14:41,232 [INFO]   score=8.9 | 月复利=5.6% | 笔数=267 胜率=81.7% DD=-1.8% | lev=1.00x | 3.2s
2026-08-03 23:14:41,232 [INFO] ========== ZT回测 2025-12-01→2026-07-31 | top=5 board=gem+star entry=open_t1 sample=300 ==========
2026-08-03 23:14:43,216 [INFO] HS300 regime 预计算: 365 天 (bull=203 bear=41 crash=62 unknown=59)
2026-08-03 23:14:43,218 [INFO]   进度 20/162 | trades=0 | skip=6 | 2.0s
2026-08-03 23:14:43,219 [INFO]   进度 40/162 | trades=0 | skip=8 | 2.0s
2026-08-03 23:14:43,219 [INFO]   进度 60/162 | trades=0 | skip=18 | 2.0s
2026-08-03 23:14:43,219 [INFO]   进度 80/162 | trades=0 | skip=36 | 2.0s
2026-08-03 23:14:43,220 [INFO]   进度 100/162 | trades=0 | skip=40 | 2.0s
2026-08-03 23:14:43,221 [INFO]   进度 120/162 | trades=0 | skip=43 | 2.0s
2026-08-03 23:14:43,222 [INFO]   进度 140/162 | trades=0 | skip=50 | 2.0s
2026-08-03 23:14:43,223 [INFO]   进度 160/162 | trades=0 | skip=69 | 2.0s
2026-08-03 23:14:43,223 [INFO] ========== ZT回测完成 | trades=0 | fill_rate=30% | 2.0s ==========
2026-08-03 23:14:43,223 [WARNING]   无任何交易产生！
2026-08-03 23:14:43,223 [INFO]   score=-1000.0 | 月复利=0.0% | 笔数=0 胜率=0.0% DD=0.0% | lev=2.00x | 2.0s
2026-08-03 23:14:43,224 [INFO] ========== ZT回测 2025-12-01→2026-07-31 | top=1 board=gem+star entry=close_t0 sample=300 ==========
2026-08-03 23:14:45,132 [INFO] HS300 regime 预计算: 365 天 (bull=203 bear=41 crash=62 unknown=59)
2026-08-03 23:14:45,132 [INFO]   进度 20/162 | trades=0 | skip=6 | 1.9s
2026-08-03 23:14:45,133 [INFO]   进度 40/162 | trades=0 | skip=8 | 1.9s
2026-08-03 23:14:45,133 [INFO]   进度 60/162 | trades=0 | skip=18 | 1.9s
2026-08-03 23:14:45,133 [INFO]   进度 80/162 | trades=0 | skip=36 | 1.9s
2026-08-03 23:14:45,134 [INFO]   进度 100/162 | trades=0 | skip=40 | 1.9s
2026-08-03 23:14:45,135 [INFO]   进度 120/162 | trades=0 | skip=43 | 1.9s
2026-08-03 23:14:45,136 [INFO]   进度 140/162 | trades=0 | skip=50 | 1.9s
2026-08-03 23:14:45,136 [INFO]   进度 160/162 | trades=0 | skip=69 | 1.9s
2026-08-03 23:14:45,136 [INFO] ========== ZT回测完成 | trades=0 | fill_rate=100% | 1.9s ==========
2026-08-03 23:14:45,136 [WARNING]   无任何交易产生！
2026-08-03 23:14:45,136 [INFO]   score=-1000.0 | 月复利=0.0% | 笔数=0 胜率=0.0% DD=0.0% | lev=2.00x | 1.9s
2026-08-03 23:14:45,136 [INFO] ========== ZT回测 2025-12-01→2026-07-31 | top=2 board=all entry=close_t0 sample=300 ==========
2026-08-03 23:14:47,390 [INFO] HS300 regime 预计算: 365 天 (bull=203 bear=41 crash=62 unknown=59)
2026-08-03 23:14:47,420 [INFO]   进度 20/162 | trades=26 | skip=6 | 2.3s
2026-08-03 23:14:47,468 [INFO]   进度 40/162 | trades=62 | skip=8 | 2.3s
2026-08-03 23:14:47,493 [INFO]   进度 60/162 | trades=82 | skip=18 | 2.4s
2026-08-03 23:14:47,496 [INFO]   进度 80/162 | trades=86 | skip=36 | 2.4s
2026-08-03 23:14:47,534 [INFO]   进度 100/162 | trades=118 | skip=40 | 2.4s
2026-08-03 23:14:47,590 [INFO]   进度 120/162 | trades=152 | skip=43 | 2.5s
2026-08-03 23:14:47,633 [INFO]   进度 140/162 | trades=178 | skip=50 | 2.5s
2026-08-03 23:14:47,635 [INFO]   进度 160/162 | trades=180 | skip=69 | 2.5s
2026-08-03 23:14:47,635 [INFO] ========== ZT回测完成 | trades=180 | fill_rate=50% | 2.5s ==========
2026-08-03 23:14:47,866 [INFO]   笔数=180 | 胜率=77.8% | 平均=1.14% | 日均=6.54% | 总收益=589.0% | 最大回撤=-22.8%
2026-08-03 23:14:47,866 [INFO]   [best      ] n=180 胜率=79.4% 平均=3.64% 累计=54508.1%
2026-08-03 23:14:47,866 [INFO]   [close_t1  ] n=180 胜率=49.4% 平均=-0.56% 累计=-67.8%
2026-08-03 23:14:47,866 [INFO]   [close_t2  ] n=180 胜率=45.0% 平均=-0.08% 累计=-34.0%
2026-08-03 23:14:47,866 [INFO]   [close_t3  ] n=180 胜率=45.6% 平均=-0.10% 累计=-45.0%
2026-08-03 23:14:47,866 [INFO]   [gap_t1    ] n=180 胜率=46.1% 平均=-0.25% 累计=-41.0%
2026-08-03 23:14:47,866 [INFO]   [open_t2   ] n=180 胜率=43.9% 平均=-0.45% 累计=-66.0%
2026-08-03 23:14:47,866 [INFO]   [stop_t1   ] n=13 胜率=0.0% 平均=-6.79% 累计=-59.9%
2026-08-03 23:14:47,866 [INFO]   [trail_t2  ] n=157 胜率=79.0% 平均=1.41% 累计=769.1%
2026-08-03 23:14:47,866 [INFO]   score=9.5 | 月复利=6.6% | 笔数=180 胜率=77.8% DD=-5.2% | lev=1.00x | 2.7s
2026-08-03 23:14:47,867 [INFO] ========== ZT回测 2025-12-01→2026-07-31 | top=2 board=main entry=open_t1 sample=300 ==========
2026-08-03 23:14:49,784 [INFO] HS300 regime 预计算: 365 天 (bull=203 bear=41 crash=62 unknown=59)
2026-08-03 23:14:49,785 [INFO]   进度 20/162 | trades=0 | skip=6 | 1.9s
2026-08-03 23:14:49,785 [INFO]   进度 40/162 | trades=0 | skip=8 | 1.9s
2026-08-03 23:14:49,785 [INFO]   进度 60/162 | trades=0 | skip=18 | 1.9s
2026-08-03 23:14:49,785 [INFO]   进度 80/162 | trades=0 | skip=36 | 1.9s
2026-08-03 23:14:49,786 [INFO]   进度 100/162 | trades=0 | skip=40 | 1.9s
2026-08-03 23:14:49,786 [INFO]   进度 120/162 | trades=0 | skip=43 | 1.9s
2026-08-03 23:14:49,787 [INFO]   进度 140/162 | trades=0 | skip=50 | 1.9s
2026-08-03 23:14:49,789 [INFO]   进度 160/162 | trades=0 | skip=69 | 1.9s
2026-08-03 23:14:49,789 [INFO] ========== ZT回测完成 | trades=0 | fill_rate=40% | 1.9s ==========
2026-08-03 23:14:49,789 [WARNING]   无任何交易产生！
2026-08-03 23:14:49,789 [INFO]   score=-1000.0 | 月复利=0.0% | 笔数=0 胜率=0.0% DD=0.0% | lev=1.50x | 1.9s
2026-08-03 23:14:49,790 [INFO] ========== ZT回测 2025-12-01→2026-07-31 | top=5 board=gem+star entry=open_t1 sample=300 ==========
2026-08-03 23:14:51,777 [INFO] HS300 regime 预计算: 365 天 (bull=203 bear=41 crash=62 unknown=59)
2026-08-03 23:14:51,778 [INFO]   进度 20/162 | trades=0 | skip=6 | 2.0s
2026-08-03 23:14:51,782 [INFO]   进度 40/162 | trades=0 | skip=8 | 2.0s
2026-08-03 23:14:51,784 [INFO]   进度 60/162 | trades=0 | skip=18 | 2.0s
2026-08-03 23:14:51,786 [INFO]   进度 80/162 | trades=0 | skip=36 | 2.0s
2026-08-03 23:14:51,789 [INFO]   进度 100/162 | trades=0 | skip=40 | 2.0s
2026-08-03 23:14:51,795 [INFO]   进度 120/162 | trades=0 | skip=43 | 2.0s
2026-08-03 23:14:51,799 [INFO]   进度 140/162 | trades=0 | skip=50 | 2.0s
2026-08-03 23:14:51,799 [INFO]   进度 160/162 | trades=0 | skip=69 | 2.0s
2026-08-03 23:14:51,799 [INFO] ========== ZT回测完成 | trades=0 | fill_rate=35% | 2.0s ==========
2026-08-03 23:14:51,799 [WARNING]   无任何交易产生！
2026-08-03 23:14:51,799 [INFO]   score=-1000.0 | 月复利=0.0% | 笔数=0 胜率=0.0% DD=0.0% | lev=1.50x | 2.0s
2026-08-03 23:14:51,800 [INFO] ========== ZT回测 2025-12-01→2026-07-31 | top=1 board=gem+star entry=close_t0 sample=300 ==========
2026-08-03 23:14:51,802 [INFO]   进度 20/162 | trades=0 | skip=0 | 0.0s
2026-08-03 23:14:51,803 [INFO]   进度 40/162 | trades=0 | skip=0 | 0.0s
2026-08-03 23:14:51,807 [INFO]   进度 60/162 | trades=0 | skip=0 | 0.0s
2026-08-03 23:14:51,808 [INFO]   进度 80/162 | trades=0 | skip=0 | 0.0s
2026-08-03 23:14:51,809 [INFO]   进度 100/162 | trades=0 | skip=0 | 0.0s
2026-08-03 23:14:51,811 [INFO]   进度 120/162 | trades=0 | skip=0 | 0.0s
2026-08-03 23:14:51,812 [INFO]   进度 140/162 | trades=0 | skip=0 | 0.0s
2026-08-03 23:14:51,815 [INFO]   进度 160/162 | trades=0 | skip=0 | 0.0s
2026-08-03 23:14:51,815 [INFO] ========== ZT回测完成 | trades=0 | fill_rate=100% | 0.0s ==========
2026-08-03 23:14:51,816 [WARNING]   无任何交易产生！
2026-08-03 23:14:51,816 [INFO]   score=-1000.0 | 月复利=0.0% | 笔数=0 胜率=0.0% DD=0.0% | lev=2.00x | 0.0s
2026-08-03 23:14:51,816 [INFO] ========== ZT回测 2025-12-01→2026-07-31 | top=1 board=all entry=open_t1 sample=300 ==========
2026-08-03 23:14:53,785 [INFO] HS300 regime 预计算: 365 天 (bull=203 bear=41 crash=62 unknown=59)
2026-08-03 23:14:53,808 [INFO]   进度 20/162 | trades=13 | skip=6 | 2.0s
2026-08-03 23:14:53,853 [INFO]   进度 40/162 | trades=31 | skip=8 | 2.0s
2026-08-03 23:14:53,876 [INFO]   进度 60/162 | trades=41 | skip=18 | 2.1s
2026-08-03 23:14:53,877 [INFO]   进度 80/162 | trades=43 | skip=36 | 2.1s
2026-08-03 23:14:53,910 [INFO]   进度 100/162 | trades=59 | skip=40 | 2.1s
2026-08-03 23:14:53,936 [INFO]   进度 120/162 | trades=76 | skip=43 | 2.1s
2026-08-03 23:14:53,960 [INFO]   进度 140/162 | trades=89 | skip=50 | 2.1s
2026-08-03 23:14:53,962 [INFO]   进度 160/162 | trades=90 | skip=69 | 2.1s
2026-08-03 23:14:53,964 [INFO] ========== ZT回测完成 | trades=90 | fill_rate=35% | 2.1s ==========
2026-08-03 23:14:54,266 [INFO]   笔数=90 | 胜率=61.1% | 平均=0.04% | 日均=-0.03% | 总收益=-2.8% | 最大回撤=-32.9%
2026-08-03 23:14:54,266 [INFO]   [best      ] n=90 胜率=76.7% 平均=1.62% 累计=317.4%
2026-08-03 23:14:54,266 [INFO]   [close_t1  ] n=90 胜率=22.2% 平均=-1.26% 累计=-68.6%
2026-08-03 23:14:54,266 [INFO]   [close_t2  ] n=90 胜率=46.7% 平均=-0.71% 累计=-50.1%
2026-08-03 23:14:54,266 [INFO]   [close_t3  ] n=90 胜率=42.2% 平均=-0.43% 累计=-38.4%
2026-08-03 23:14:54,266 [INFO]   [gap_t1    ] n=90 胜率=0.0% 平均=0.00% 累计=0.0%
2026-08-03 23:14:54,266 [INFO]   [open_t2   ] n=90 胜率=42.2% 平均=-0.91% 累计=-57.9%
2026-08-03 23:14:54,266 [INFO]   [stop_t1   ] n=7 胜率=0.0% 平均=-5.92% 累计=-34.8%
2026-08-03 23:14:54,266 [INFO]   [trail_t2  ] n=69 胜率=71.0% 平均=1.02% 累计=97.8%
2026-08-03 23:14:54,267 [INFO]   score=-0.1 | 月复利=-0.1% | 笔数=90 胜率=61.1% DD=-39.7% | lev=1.25x | 2.5s
2026-08-03 23:14:54,267 [INFO] ========== ZT回测 2025-12-01→2026-07-31 | top=5 board=all entry=close_t0 sample=300 ==========
2026-08-03 23:14:56,133 [INFO] HS300 regime 预计算: 365 天 (bull=203 bear=41 crash=62 unknown=59)
2026-08-03 23:14:56,135 [INFO]   进度 20/162 | trades=0 | skip=6 | 1.9s
2026-08-03 23:14:56,137 [INFO]   进度 40/162 | trades=0 | skip=8 | 1.9s
2026-08-03 23:14:56,137 [INFO]   进度 60/162 | trades=0 | skip=18 | 1.9s
2026-08-03 23:14:56,138 [INFO]   进度 80/162 | trades=0 | skip=36 | 1.9s
2026-08-03 23:14:56,139 [INFO]   进度 100/162 | trades=0 | skip=40 | 1.9s
2026-08-03 23:14:56,140 [INFO]   进度 120/162 | trades=0 | skip=43 | 1.9s
2026-08-03 23:14:56,140 [INFO]   进度 140/162 | trades=0 | skip=50 | 1.9s
2026-08-03 23:14:56,140 [INFO]   进度 160/162 | trades=0 | skip=69 | 1.9s
2026-08-03 23:14:56,140 [INFO] ========== ZT回测完成 | trades=0 | fill_rate=20% | 1.9s ==========
2026-08-03 23:14:56,141 [WARNING]   无任何交易产生！
2026-08-03 23:14:56,141 [INFO]   score=-1000.0 | 月复利=0.0% | 笔数=0 胜率=0.0% DD=0.0% | lev=2.00x | 1.9s
2026-08-03 23:14:56,141 [INFO] ========== ZT回测 2025-12-01→2026-07-31 | top=5 board=main entry=open_t1 sample=300 ==========
2026-08-03 23:14:58,059 [INFO] HS300 regime 预计算: 365 天 (bull=203 bear=41 crash=62 unknown=59)
2026-08-03 23:14:58,060 [INFO]   进度 20/162 | trades=0 | skip=6 | 1.9s
2026-08-03 23:14:58,062 [INFO]   进度 40/162 | trades=0 | skip=8 | 1.9s
2026-08-03 23:14:58,063 [INFO]   进度 60/162 | trades=0 | skip=18 | 1.9s
2026-08-03 23:14:58,063 [INFO]   进度 80/162 | trades=0 | skip=36 | 1.9s
2026-08-03 23:14:58,065 [INFO]   进度 100/162 | trades=0 | skip=40 | 1.9s
2026-08-03 23:14:58,066 [INFO]   进度 120/162 | trades=0 | skip=43 | 1.9s
2026-08-03 23:14:58,068 [INFO]   进度 140/162 | trades=0 | skip=50 | 1.9s
2026-08-03 23:14:58,068 [INFO]   进度 160/162 | trades=0 | skip=69 | 1.9s
2026-08-03 23:14:58,068 [INFO] ========== ZT回测完成 | trades=0 | fill_rate=20% | 1.9s ==========
2026-08-03 23:14:58,069 [WARNING]   无任何交易产生！
2026-08-03 23:14:58,069 [INFO]   score=-1000.0 | 月复利=0.0% | 笔数=0 胜率=0.0% DD=0.0% | lev=2.00x | 1.9s
2026-08-03 23:14:58,069 [INFO] ========== ZT回测 2025-12-01→2026-07-31 | top=1 board=main entry=open_t1 sample=300 ==========
2026-08-03 23:15:00,392 [INFO] HS300 regime 预计算: 365 天 (bull=203 bear=41 crash=62 unknown=59)
2026-08-03 23:15:00,393 [INFO]   进度 20/162 | trades=0 | skip=6 | 2.3s
2026-08-03 23:15:00,393 [INFO]   进度 40/162 | trades=0 | skip=8 | 2.3s
2026-08-03 23:15:00,394 [INFO]   进度 60/162 | trades=0 | skip=18 | 2.3s
2026-08-03 23:15:00,394 [INFO]   进度 80/162 | trades=0 | skip=36 | 2.3s
2026-08-03 23:15:00,397 [INFO]   进度 100/162 | trades=0 | skip=40 | 2.3s
2026-08-03 23:15:00,398 [INFO]   进度 120/162 | trades=0 | skip=43 | 2.3s
2026-08-03 23:15:00,398 [INFO]   进度 140/162 | trades=0 | skip=50 | 2.3s
2026-08-03 23:15:00,398 [INFO]   进度 160/162 | trades=0 | skip=69 | 2.3s
2026-08-03 23:15:00,398 [INFO] ========== ZT回测完成 | trades=0 | fill_rate=20% | 2.3s ==========
2026-08-03 23:15:00,398 [WARNING]   无任何交易产生！
2026-08-03 23:15:00,398 [INFO]   score=-1000.0 | 月复利=0.0% | 笔数=0 胜率=0.0% DD=0.0% | lev=2.00x | 2.3s
2026-08-03 23:15:00,399 [INFO] ========== ZT回测 2025-12-01→2026-07-31 | top=2 board=main entry=close_t0 sample=300 ==========
2026-08-03 23:15:02,395 [INFO] HS300 regime 预计算: 365 天 (bull=203 bear=41 crash=62 unknown=59)
2026-08-03 23:15:02,397 [INFO]   进度 20/162 | trades=0 | skip=6 | 2.0s
2026-08-03 23:15:02,400 [INFO]   进度 40/162 | trades=0 | skip=8 | 2.0s
2026-08-03 23:15:02,400 [INFO]   进度 60/162 | trades=0 | skip=18 | 2.0s
2026-08-03 23:15:02,401 [INFO]   进度 80/162 | trades=0 | skip=36 | 2.0s
2026-08-03 23:15:02,401 [INFO]   进度 100/162 | trades=0 | skip=40 | 2.0s
2026-08-03 23:15:02,402 [INFO]   进度 120/162 | trades=0 | skip=43 | 2.0s
2026-08-03 23:15:02,406 [INFO]   进度 140/162 | trades=0 | skip=50 | 2.0s
2026-08-03 23:15:02,407 [INFO]   进度 160/162 | trades=0 | skip=69 | 2.0s
2026-08-03 23:15:02,407 [INFO] ========== ZT回测完成 | trades=0 | fill_rate=35% | 2.0s ==========
2026-08-03 23:15:02,407 [WARNING]   无任何交易产生！
2026-08-03 23:15:02,407 [INFO]   score=-1000.0 | 月复利=0.0% | 笔数=0 胜率=0.0% DD=0.0% | lev=1.00x | 2.0s
2026-08-03 23:15:02,407 [INFO] ========== ZT回测 2025-12-01→2026-07-31 | top=5 board=gem+star entry=close_t0 sample=300 ==========
2026-08-03 23:15:04,443 [INFO] HS300 regime 预计算: 365 天 (bull=203 bear=41 crash=62 unknown=59)
2026-08-03 23:15:04,443 [INFO]   进度 20/162 | trades=0 | skip=6 | 2.0s
2026-08-03 23:15:04,444 [INFO]   进度 40/162 | trades=0 | skip=8 | 2.0s
2026-08-03 23:15:04,446 [INFO]   进度 60/162 | trades=0 | skip=18 | 2.0s
2026-08-03 23:15:04,446 [INFO]   进度 80/162 | trades=0 | skip=36 | 2.0s
2026-08-03 23:15:04,447 [INFO]   进度 100/162 | trades=0 | skip=40 | 2.0s
2026-08-03 23:15:04,448 [INFO]   进度 120/162 | trades=0 | skip=43 | 2.0s
2026-08-03 23:15:04,449 [INFO]   进度 140/162 | trades=0 | skip=50 | 2.0s
2026-08-03 23:15:04,450 [INFO]   进度 160/162 | trades=0 | skip=69 | 2.0s
2026-08-03 23:15:04,450 [INFO] ========== ZT回测完成 | trades=0 | fill_rate=35% | 2.0s ==========
2026-08-03 23:15:04,450 [WARNING]   无任何交易产生！
2026-08-03 23:15:04,450 [INFO]   score=-1000.0 | 月复利=0.0% | 笔数=0 胜率=0.0% DD=0.0% | lev=2.00x | 2.0s
2026-08-03 23:15:04,450 [INFO] ========== ZT回测 2025-12-01→2026-07-31 | top=3 board=all entry=open_t1 sample=300 ==========
2026-08-03 23:15:06,543 [INFO] HS300 regime 预计算: 365 天 (bull=203 bear=41 crash=62 unknown=59)
2026-08-03 23:15:06,544 [INFO]   进度 20/162 | trades=0 | skip=6 | 2.1s
2026-08-03 23:15:06,544 [INFO]   进度 40/162 | trades=0 | skip=8 | 2.1s
2026-08-03 23:15:06,545 [INFO]   进度 60/162 | trades=0 | skip=18 | 2.1s
2026-08-03 23:15:06,545 [INFO]   进度 80/162 | trades=0 | skip=36 | 2.1s
2026-08-03 23:15:06,546 [INFO]   进度 100/162 | trades=0 | skip=40 | 2.1s
2026-08-03 23:15:06,548 [INFO]   进度 120/162 | trades=0 | skip=43 | 2.1s
2026-08-03 23:15:06,548 [INFO]   进度 140/162 | trades=0 | skip=50 | 2.1s
2026-08-03 23:15:06,548 [INFO]   进度 160/162 | trades=0 | skip=69 | 2.1s
2026-08-03 23:15:06,549 [INFO] ========== ZT回测完成 | trades=0 | fill_rate=30% | 2.1s ==========
2026-08-03 23:15:06,549 [WARNING]   无任何交易产生！
2026-08-03 23:15:06,549 [INFO]   score=-1000.0 | 月复利=0.0% | 笔数=0 胜率=0.0% DD=0.0% | lev=1.00x | 2.1s
2026-08-03 23:15:06,549 [INFO] ========== ZT回测 2025-12-01→2026-07-31 | top=1 board=all entry=open_t1 sample=300 ==========
2026-08-03 23:15:08,470 [INFO] HS300 regime 预计算: 365 天 (bull=203 bear=41 crash=62 unknown=59)
2026-08-03 23:15:08,473 [INFO]   进度 20/162 | trades=0 | skip=6 | 1.9s
2026-08-03 23:15:08,474 [INFO]   进度 40/162 | trades=0 | skip=8 | 1.9s
2026-08-03 23:15:08,475 [INFO]   进度 60/162 | trades=0 | skip=18 | 1.9s
2026-08-03 23:15:08,475 [INFO]   进度 80/162 | trades=0 | skip=36 | 1.9s
2026-08-03 23:15:08,475 [INFO]   进度 100/162 | trades=0 | skip=40 | 1.9s
2026-08-03 23:15:08,476 [INFO]   进度 120/162 | trades=0 | skip=43 | 1.9s
2026-08-03 23:15:08,477 [INFO]   进度 140/162 | trades=0 | skip=50 | 1.9s
2026-08-03 23:15:08,477 [INFO]   进度 160/162 | trades=0 | skip=69 | 1.9s
2026-08-03 23:15:08,477 [INFO] ========== ZT回测完成 | trades=0 | fill_rate=30% | 1.9s ==========
2026-08-03 23:15:08,477 [WARNING]   无任何交易产生！
2026-08-03 23:15:08,477 [INFO]   score=-1000.0 | 月复利=0.0% | 笔数=0 胜率=0.0% DD=0.0% | lev=1.50x | 1.9s
2026-08-03 23:15:08,478 [INFO] ========== ZT回测 2025-12-01→2026-07-31 | top=5 board=main entry=close_t0 sample=300 ==========
2026-08-03 23:15:11,541 [INFO] HS300 regime 预计算: 365 天 (bull=203 bear=41 crash=62 unknown=59)
2026-08-03 23:15:11,541 [INFO]   进度 20/162 | trades=0 | skip=6 | 3.1s
2026-08-03 23:15:11,542 [INFO]   进度 40/162 | trades=0 | skip=8 | 3.1s
2026-08-03 23:15:11,543 [INFO]   进度 60/162 | trades=0 | skip=18 | 3.1s
2026-08-03 23:15:11,543 [INFO]   进度 80/162 | trades=0 | skip=36 | 3.1s
2026-08-03 23:15:11,544 [INFO]   进度 100/162 | trades=0 | skip=40 | 3.1s
2026-08-03 23:15:11,544 [INFO]   进度 120/162 | trades=0 | skip=43 | 3.1s
2026-08-03 23:15:11,548 [INFO]   进度 140/162 | trades=0 | skip=50 | 3.1s
2026-08-03 23:15:11,548 [INFO]   进度 160/162 | trades=0 | skip=69 | 3.1s
2026-08-03 23:15:11,548 [INFO] ========== ZT回测完成 | trades=0 | fill_rate=30% | 3.1s ==========
2026-08-03 23:15:11,548 [WARNING]   无任何交易产生！
2026-08-03 23:15:11,548 [INFO]   score=-1000.0 | 月复利=0.0% | 笔数=0 胜率=0.0% DD=0.0% | lev=2.00x | 3.1s
2026-08-03 23:15:11,549 [INFO] ========== ZT回测 2025-12-01→2026-07-31 | top=2 board=all entry=open_t1 sample=300 ==========
2026-08-03 23:15:13,516 [INFO] HS300 regime 预计算: 365 天 (bull=203 bear=41 crash=62 unknown=59)
2026-08-03 23:15:13,575 [INFO]   进度 20/162 | trades=26 | skip=6 | 2.0s
2026-08-03 23:15:13,650 [INFO]   进度 40/162 | trades=62 | skip=8 | 2.1s
2026-08-03 23:15:13,683 [INFO]   进度 60/162 | trades=82 | skip=18 | 2.1s
2026-08-03 23:15:13,689 [INFO]   进度 80/162 | trades=86 | skip=36 | 2.1s
2026-08-03 23:15:13,750 [INFO]   进度 100/162 | trades=118 | skip=40 | 2.2s
2026-08-03 23:15:13,807 [INFO]   进度 120/162 | trades=152 | skip=43 | 2.3s
2026-08-03 23:15:13,849 [INFO]   进度 140/162 | trades=178 | skip=50 | 2.3s
2026-08-03 23:15:13,851 [INFO]   进度 160/162 | trades=180 | skip=69 | 2.3s
2026-08-03 23:15:13,851 [INFO] ========== ZT回测完成 | trades=180 | fill_rate=100% | 2.3s ==========
2026-08-03 23:15:14,169 [INFO]   笔数=180 | 胜率=53.9% | 平均=-0.70% | 日均=-1.01% | 总收益=-91.2% | 最大回撤=-93.2%
2026-08-03 23:15:14,169 [INFO]   [best      ] n=180 胜率=69.4% 平均=4.10% 累计=102287.7%
2026-08-03 23:15:14,169 [INFO]   [close_t1  ] n=180 胜率=28.3% 平均=-3.74% 累计=-99.9%
2026-08-03 23:15:14,169 [INFO]   [close_t2  ] n=180 胜率=32.2% 平均=-3.82% 累计=-100.0%
2026-08-03 23:15:14,169 [INFO]   [close_t3  ] n=180 胜率=33.9% 平均=-4.24% 累计=-100.0%
2026-08-03 23:15:14,169 [INFO]   [gap_t1    ] n=180 胜率=0.0% 平均=0.00% 累计=0.0%
2026-08-03 23:15:14,169 [INFO]   [open_t2   ] n=180 胜率=33.3% 平均=-3.97% 累计=-100.0%
2026-08-03 23:15:14,169 [INFO]   [stop_t1   ] n=82 胜率=0.0% 平均=-12.62% 累计=-100.0%
2026-08-03 23:15:14,169 [INFO]   [trail_t2  ] n=87 胜率=83.9% 平均=7.23% 累计=36184.6%
2026-08-03 23:15:14,169 [INFO]   score=-1.8 | 月复利=-10.1% | 笔数=180 胜率=53.9% DD=-64.8% | lev=2.00x | 2.6s
2026-08-03 23:15:14,169 [INFO] ========== ZT回测 2025-12-01→2026-07-31 | top=1 board=all entry=close_t0 sample=300 ==========
2026-08-03 23:15:16,110 [INFO] HS300 regime 预计算: 365 天 (bull=203 bear=41 crash=62 unknown=59)
2026-08-03 23:15:16,112 [INFO]   进度 20/162 | trades=0 | skip=6 | 1.9s
2026-08-03 23:15:16,115 [INFO]   进度 40/162 | trades=0 | skip=8 | 1.9s
2026-08-03 23:15:16,116 [INFO]   进度 60/162 | trades=0 | skip=18 | 1.9s
2026-08-03 23:15:16,116 [INFO]   进度 80/162 | trades=0 | skip=36 | 1.9s
2026-08-03 23:15:16,116 [INFO]   进度 100/162 | trades=0 | skip=40 | 1.9s
2026-08-03 23:15:16,117 [INFO]   进度 120/162 | trades=0 | skip=43 | 1.9s
2026-08-03 23:15:16,118 [INFO]   进度 140/162 | trades=0 | skip=50 | 1.9s
2026-08-03 23:15:16,118 [INFO]   进度 160/162 | trades=0 | skip=69 | 1.9s
2026-08-03 23:15:16,118 [INFO] ========== ZT回测完成 | trades=0 | fill_rate=100% | 1.9s ==========
2026-08-03 23:15:16,118 [WARNING]   无任何交易产生！
2026-08-03 23:15:16,118 [INFO]   score=-1000.0 | 月复利=0.0% | 笔数=0 胜率=0.0% DD=0.0% | lev=1.50x | 1.9s
2026-08-03 23:15:16,118 [INFO] ========== ZT回测 2025-12-01→2026-07-31 | top=5 board=main entry=open_t1 sample=300 ==========
2026-08-03 23:15:18,346 [INFO] HS300 regime 预计算: 365 天 (bull=203 bear=41 crash=62 unknown=59)
2026-08-03 23:15:18,443 [INFO]   进度 20/162 | trades=65 | skip=6 | 2.3s
2026-08-03 23:15:18,627 [INFO]   进度 40/162 | trades=154 | skip=8 | 2.5s
2026-08-03 23:15:18,684 [INFO]   进度 60/162 | trades=204 | skip=18 | 2.6s
2026-08-03 23:15:18,697 [INFO]   进度 80/162 | trades=214 | skip=36 | 2.6s
2026-08-03 23:15:18,817 [INFO]   进度 100/162 | trades=294 | skip=40 | 2.7s
2026-08-03 23:15:18,923 [INFO]   进度 120/162 | trades=378 | skip=43 | 2.8s
2026-08-03 23:15:19,016 [INFO]   进度 140/162 | trades=443 | skip=50 | 2.9s
2026-08-03 23:15:19,024 [INFO]   进度 160/162 | trades=448 | skip=69 | 2.9s
2026-08-03 23:15:19,024 [INFO] ========== ZT回测完成 | trades=448 | fill_rate=35% | 2.9s ==========
2026-08-03 23:15:19,444 [INFO]   笔数=448 | 胜率=57.1% | 平均=-0.08% | 日均=-0.54% | 总收益=-48.8% | 最大回撤=-66.0%
2026-08-03 23:15:19,444 [INFO]   [best      ] n=448 胜率=72.8% 平均=1.47% 累计=61481.4%
2026-08-03 23:15:19,444 [INFO]   [close_t1  ] n=448 胜率=25.0% 平均=-1.27% 累计=-99.7%
2026-08-03 23:15:19,446 [INFO]   [close_t2  ] n=448 胜率=35.5% 平均=-1.17% 累计=-99.6%
2026-08-03 23:15:19,446 [INFO]   [close_t3  ] n=447 胜率=34.9% 平均=-1.20% 累计=-99.7%
2026-08-03 23:15:19,446 [INFO]   [gap_t1    ] n=448 胜率=0.0% 平均=0.00% 累计=0.0%
2026-08-03 23:15:19,446 [INFO]   [open_t2   ] n=448 胜率=36.2% 平均=-1.15% 累计=-99.5%
2026-08-03 23:15:19,446 [INFO]   [stop_t1   ] n=50 胜率=0.0% 平均=-5.89% 累计=-95.2%
2026-08-03 23:15:19,446 [INFO]   [trail_t2  ] n=349 胜率=66.2% 平均=0.95% 累计=2262.1%
2026-08-03 23:15:19,447 [INFO]   score=-0.2 | 月复利=-0.3% | 笔数=448 胜率=57.1% DD=-3.9% | lev=1.25x | 3.3s
2026-08-03 23:15:19,448 [INFO] ========== ZT回测 2025-12-01→2026-07-31 | top=5 board=all entry=close_t0 sample=300 ==========
2026-08-03 23:15:21,700 [INFO] HS300 regime 预计算: 365 天 (bull=203 bear=41 crash=62 unknown=59)
2026-08-03 23:15:21,701 [INFO]   进度 20/162 | trades=0 | skip=6 | 2.3s
2026-08-03 23:15:21,702 [INFO]   进度 40/162 | trades=0 | skip=8 | 2.3s
2026-08-03 23:15:21,702 [INFO]   进度 60/162 | trades=0 | skip=18 | 2.3s
2026-08-03 23:15:21,705 [INFO]   进度 80/162 | trades=0 | skip=36 | 2.3s
2026-08-03 23:15:21,707 [INFO]   进度 100/162 | trades=0 | skip=40 | 2.3s
2026-08-03 23:15:21,707 [INFO]   进度 120/162 | trades=0 | skip=43 | 2.3s
2026-08-03 23:15:21,708 [INFO]   进度 140/162 | trades=0 | skip=50 | 2.3s
2026-08-03 23:15:21,709 [INFO]   进度 160/162 | trades=0 | skip=69 | 2.3s
2026-08-03 23:15:21,709 [INFO] ========== ZT回测完成 | trades=0 | fill_rate=25% | 2.3s ==========
2026-08-03 23:15:21,709 [WARNING]   无任何交易产生！
2026-08-03 23:15:21,709 [INFO]   score=-1000.0 | 月复利=0.0% | 笔数=0 胜率=0.0% DD=0.0% | lev=1.25x | 2.3s
2026-08-03 23:15:21,709 [INFO] ========== ZT回测 2025-12-01→2026-07-31 | top=2 board=all entry=close_t0 sample=300 ==========
2026-08-03 23:15:23,778 [INFO] HS300 regime 预计算: 365 天 (bull=203 bear=41 crash=62 unknown=59)
2026-08-03 23:15:23,814 [INFO]   进度 20/162 | trades=25 | skip=6 | 2.1s
2026-08-03 23:15:23,868 [INFO]   进度 40/162 | trades=61 | skip=8 | 2.2s
2026-08-03 23:15:23,908 [INFO]   进度 60/162 | trades=78 | skip=18 | 2.2s
2026-08-03 23:15:23,916 [INFO]   进度 80/162 | trades=81 | skip=36 | 2.2s
2026-08-03 23:15:23,960 [INFO]   进度 100/162 | trades=102 | skip=40 | 2.3s
2026-08-03 23:15:24,008 [INFO]   进度 120/162 | trades=129 | skip=43 | 2.3s
2026-08-03 23:15:24,028 [INFO]   进度 140/162 | trades=148 | skip=50 | 2.3s
2026-08-03 23:15:24,032 [INFO]   进度 160/162 | trades=150 | skip=69 | 2.3s
2026-08-03 23:15:24,032 [INFO] ========== ZT回测完成 | trades=150 | fill_rate=20% | 2.3s ==========
2026-08-03 23:15:24,316 [INFO]   笔数=150 | 胜率=89.3% | 平均=0.86% | 日均=3.11% | 总收益=258.4% | 最大回撤=-2.7%
2026-08-03 23:15:24,316 [INFO]   [best      ] n=150 胜率=89.3% 平均=2.06% 累计=1986.4%
2026-08-03 23:15:24,317 [INFO]   [close_t1  ] n=150 胜率=67.3% 平均=0.33% 累计=60.6%
2026-08-03 23:15:24,317 [INFO]   [close_t2  ] n=150 胜率=61.3% 平均=0.69% 累计=170.4%
2026-08-03 23:15:24,317 [INFO]   [close_t3  ] n=150 胜率=57.3% 平均=0.89% 累计=251.7%
2026-08-03 23:15:24,317 [INFO]   [gap_t1    ] n=150 胜率=63.3% 平均=0.36% 累计=69.7%
2026-08-03 23:15:24,317 [INFO]   [open_t2   ] n=150 胜率=61.3% 平均=0.62% 累计=145.2%
2026-08-03 23:15:24,317 [INFO]   [stop_t1   ] n=22 胜率=0.0% 平均=-2.56% 累计=-43.5%
2026-08-03 23:15:24,317 [INFO]   [trail_t2  ] n=128 胜率=97.7% 平均=1.13% 累计=321.2%
2026-08-03 23:15:24,317 [INFO]   score=7.6 | 月复利=5.5% | 笔数=150 胜率=89.3% DD=-1.4% | lev=1.25x | 2.6s
2026-08-03 23:15:24,317 [INFO] ========== ZT回测 2025-12-01→2026-07-31 | top=1 board=gem+star entry=close_t0 sample=300 ==========
2026-08-03 23:15:26,387 [INFO] HS300 regime 预计算: 365 天 (bull=203 bear=41 crash=62 unknown=59)
2026-08-03 23:15:26,389 [INFO]   进度 20/162 | trades=0 | skip=6 | 2.1s
2026-08-03 23:15:26,391 [INFO]   进度 40/162 | trades=0 | skip=8 | 2.1s
2026-08-03 23:15:26,392 [INFO]   进度 60/162 | trades=0 | skip=18 | 2.1s
2026-08-03 23:15:26,392 [INFO]   进度 80/162 | trades=0 | skip=36 | 2.1s
2026-08-03 23:15:26,394 [INFO]   进度 100/162 | trades=0 | skip=40 | 2.1s
2026-08-03 23:15:26,395 [INFO]   进度 120/162 | trades=0 | skip=43 | 2.1s
2026-08-03 23:15:26,397 [INFO]   进度 140/162 | trades=0 | skip=50 | 2.1s
2026-08-03 23:15:26,397 [INFO]   进度 160/162 | trades=0 | skip=69 | 2.1s
2026-08-03 23:15:26,397 [INFO] ========== ZT回测完成 | trades=0 | fill_rate=40% | 2.1s ==========
2026-08-03 23:15:26,397 [WARNING]   无任何交易产生！
2026-08-03 23:15:26,397 [INFO]   score=-1000.0 | 月复利=0.0% | 笔数=0 胜率=0.0% DD=0.0% | lev=1.50x | 2.1s
2026-08-03 23:15:26,397 [INFO] ========== ZT回测 2025-12-01→2026-07-31 | top=5 board=all entry=close_t0 sample=300 ==========
2026-08-03 23:15:28,327 [INFO] HS300 regime 预计算: 365 天 (bull=203 bear=41 crash=62 unknown=59)
2026-08-03 23:15:28,330 [INFO]   进度 20/162 | trades=0 | skip=6 | 1.9s
2026-08-03 23:15:28,331 [INFO]   进度 40/162 | trades=0 | skip=8 | 1.9s
2026-08-03 23:15:28,331 [INFO]   进度 60/162 | trades=0 | skip=18 | 1.9s
2026-08-03 23:15:28,332 [INFO]   进度 80/162 | trades=0 | skip=36 | 1.9s
2026-08-03 23:15:28,333 [INFO]   进度 100/162 | trades=0 | skip=40 | 1.9s
2026-08-03 23:15:28,335 [INFO]   进度 120/162 | trades=0 | skip=43 | 1.9s
2026-08-03 23:15:28,339 [INFO]   进度 140/162 | trades=0 | skip=50 | 1.9s
2026-08-03 23:15:28,339 [INFO]   进度 160/162 | trades=0 | skip=69 | 1.9s
2026-08-03 23:15:28,340 [INFO] ========== ZT回测完成 | trades=0 | fill_rate=20% | 1.9s ==========
2026-08-03 23:15:28,340 [WARNING]   无任何交易产生！
2026-08-03 23:15:28,340 [INFO]   score=-1000.0 | 月复利=0.0% | 笔数=0 胜率=0.0% DD=0.0% | lev=2.00x | 1.9s
2026-08-03 23:15:28,340 [INFO] ========== ZT回测 2025-12-01→2026-07-31 | top=1 board=gem+star entry=close_t0 sample=300 ==========
2026-08-03 23:15:30,532 [INFO] HS300 regime 预计算: 365 天 (bull=203 bear=41 crash=62 unknown=59)
2026-08-03 23:15:30,533 [INFO]   进度 20/162 | trades=0 | skip=6 | 2.2s
2026-08-03 23:15:30,534 [INFO]   进度 40/162 | trades=0 | skip=8 | 2.2s
2026-08-03 23:15:30,535 [INFO]   进度 60/162 | trades=0 | skip=18 | 2.2s
2026-08-03 23:15:30,535 [INFO]   进度 80/162 | trades=0 | skip=36 | 2.2s
2026-08-03 23:15:30,536 [INFO]   进度 100/162 | trades=0 | skip=40 | 2.2s
2026-08-03 23:15:30,539 [INFO]   进度 120/162 | trades=0 | skip=43 | 2.2s
2026-08-03 23:15:30,540 [INFO]   进度 140/162 | trades=0 | skip=50 | 2.2s
2026-08-03 23:15:30,541 [INFO]   进度 160/162 | trades=0 | skip=69 | 2.2s
2026-08-03 23:15:30,541 [INFO] ========== ZT回测完成 | trades=0 | fill_rate=35% | 2.2s ==========
2026-08-03 23:15:30,541 [WARNING]   无任何交易产生！
2026-08-03 23:15:30,541 [INFO]   score=-1000.0 | 月复利=0.0% | 笔数=0 胜率=0.0% DD=0.0% | lev=2.00x | 2.2s
2026-08-03 23:15:30,542 [INFO] ========== ZT回测 2025-12-01→2026-07-31 | top=5 board=all entry=open_t1 sample=300 ==========
2026-08-03 23:15:30,542 [INFO]   进度 20/162 | trades=0 | skip=0 | 0.0s
2026-08-03 23:15:30,543 [INFO]   进度 40/162 | trades=0 | skip=0 | 0.0s
2026-08-03 23:15:30,544 [INFO]   进度 60/162 | trades=0 | skip=0 | 0.0s
2026-08-03 23:15:30,545 [INFO]   进度 80/162 | trades=0 | skip=0 | 0.0s
2026-08-03 23:15:30,546 [INFO]   进度 100/162 | trades=0 | skip=0 | 0.0s
2026-08-03 23:15:30,547 [INFO]   进度 120/162 | trades=0 | skip=0 | 0.0s
2026-08-03 23:15:30,549 [INFO]   进度 140/162 | trades=0 | skip=0 | 0.0s
2026-08-03 23:15:30,549 [INFO]   进度 160/162 | trades=0 | skip=0 | 0.0s
2026-08-03 23:15:30,550 [INFO] ========== ZT回测完成 | trades=0 | fill_rate=50% | 0.0s ==========
2026-08-03 23:15:30,550 [WARNING]   无任何交易产生！
2026-08-03 23:15:30,550 [INFO]   score=-1000.0 | 月复利=0.0% | 笔数=0 胜率=0.0% DD=0.0% | lev=1.75x | 0.0s
2026-08-03 23:15:30,550 [INFO] ========== ZT回测 2025-12-01→2026-07-31 | top=1 board=gem+star entry=open_t1 sample=300 ==========
2026-08-03 23:15:32,675 [INFO] HS300 regime 预计算: 365 天 (bull=203 bear=41 crash=62 unknown=59)
2026-08-03 23:15:32,676 [INFO]   进度 20/162 | trades=0 | skip=6 | 2.1s
2026-08-03 23:15:32,677 [INFO]   进度 40/162 | trades=0 | skip=8 | 2.1s
2026-08-03 23:15:32,678 [INFO]   进度 60/162 | trades=0 | skip=18 | 2.1s
2026-08-03 23:15:32,679 [INFO]   进度 80/162 | trades=0 | skip=36 | 2.1s
2026-08-03 23:15:32,681 [INFO]   进度 100/162 | trades=0 | skip=40 | 2.1s
2026-08-03 23:15:32,682 [INFO]   进度 120/162 | trades=0 | skip=43 | 2.1s
2026-08-03 23:15:32,684 [INFO]   进度 140/162 | trades=0 | skip=50 | 2.1s
2026-08-03 23:15:32,684 [INFO]   进度 160/162 | trades=0 | skip=69 | 2.1s
2026-08-03 23:15:32,685 [INFO] ========== ZT回测完成 | trades=0 | fill_rate=100% | 2.1s ==========
2026-08-03 23:15:32,685 [WARNING]   无任何交易产生！
2026-08-03 23:15:32,685 [INFO]   score=-1000.0 | 月复利=0.0% | 笔数=0 胜率=0.0% DD=0.0% | lev=1.00x | 2.1s
2026-08-03 23:15:32,685 [INFO] ========== ZT回测 2025-12-01→2026-07-31 | top=1 board=all entry=open_t1 sample=300 ==========
2026-08-03 23:15:35,031 [INFO] HS300 regime 预计算: 365 天 (bull=203 bear=41 crash=62 unknown=59)
2026-08-03 23:15:35,059 [INFO]   进度 20/162 | trades=13 | skip=6 | 2.4s
2026-08-03 23:15:35,109 [INFO]   进度 40/162 | trades=31 | skip=8 | 2.4s
2026-08-03 23:15:35,147 [INFO]   进度 60/162 | trades=41 | skip=18 | 2.5s
2026-08-03 23:15:35,153 [INFO]   进度 80/162 | trades=43 | skip=36 | 2.5s
2026-08-03 23:15:35,184 [INFO]   进度 100/162 | trades=59 | skip=40 | 2.5s
2026-08-03 23:15:35,237 [INFO]   进度 120/162 | trades=76 | skip=43 | 2.6s
2026-08-03 23:15:35,269 [INFO]   进度 140/162 | trades=89 | skip=50 | 2.6s
2026-08-03 23:15:35,273 [INFO]   进度 160/162 | trades=90 | skip=69 | 2.6s
2026-08-03 23:15:35,274 [INFO] ========== ZT回测完成 | trades=90 | fill_rate=30% | 2.6s ==========
2026-08-03 23:15:35,673 [INFO]   笔数=90 | 胜率=65.6% | 平均=0.40% | 日均=0.41% | 总收益=37.3% | 最大回撤=-15.9%
2026-08-03 23:15:35,673 [INFO]   [best      ] n=90 胜率=76.7% 平均=1.39% 累计=241.4%
2026-08-03 23:15:35,673 [INFO]   [close_t1  ] n=90 胜率=22.2% 平均=-1.08% 累计=-62.8%
2026-08-03 23:15:35,673 [INFO]   [close_t2  ] n=90 胜率=46.7% 平均=-0.61% 累计=-44.5%
2026-08-03 23:15:35,673 [INFO]   [close_t3  ] n=90 胜率=42.2% 平均=-0.37% 累计=-33.2%
2026-08-03 23:15:35,673 [INFO]   [gap_t1    ] n=90 胜率=0.0% 平均=0.00% 累计=0.0%
2026-08-03 23:15:35,673 [INFO]   [open_t2   ] n=90 胜率=42.2% 平均=-0.78% 累计=-52.1%
2026-08-03 23:15:35,673 [INFO]   [stop_t1   ] n=41 胜率=0.0% 平均=-3.19% 累计=-73.6%
2026-08-03 23:15:35,673 [INFO]   [trail_t2  ] n=48 胜率=93.8% 平均=1.99% 累计=156.8%
2026-08-03 23:15:35,673 [INFO]   score=4.4 | 月复利=4.4% | 笔数=90 胜率=65.6% DD=-15.9% | lev=1.00x | 3.0s
2026-08-03 23:15:35,674 [INFO] ========== ZT回测 2025-12-01→2026-07-31 | top=2 board=main entry=close_t0 sample=300 ==========
2026-08-03 23:15:35,674 [INFO]   进度 20/162 | trades=0 | skip=0 | 0.0s
2026-08-03 23:15:35,677 [INFO]   进度 40/162 | trades=0 | skip=0 | 0.0s
2026-08-03 23:15:35,682 [INFO]   进度 60/162 | trades=0 | skip=0 | 0.0s
2026-08-03 23:15:35,683 [INFO]   进度 80/162 | trades=0 | skip=0 | 0.0s
2026-08-03 23:15:35,684 [INFO]   进度 100/162 | trades=0 | skip=0 | 0.0s
2026-08-03 23:15:35,685 [INFO]   进度 120/162 | trades=0 | skip=0 | 0.0s
2026-08-03 23:15:35,689 [INFO]   进度 140/162 | trades=0 | skip=0 | 0.0s
2026-08-03 23:15:35,689 [INFO]   进度 160/162 | trades=0 | skip=0 | 0.0s
2026-08-03 23:15:35,690 [INFO] ========== ZT回测完成 | trades=0 | fill_rate=40% | 0.0s ==========
2026-08-03 23:15:35,691 [WARNING]   无任何交易产生！
2026-08-03 23:15:35,691 [INFO]   score=-1000.0 | 月复利=0.0% | 笔数=0 胜率=0.0% DD=0.0% | lev=1.75x | 0.0s
2026-08-03 23:15:35,691 [INFO] ========== ZT回测 2025-12-01→2026-07-31 | top=1 board=all entry=close_t0 sample=300 ==========
2026-08-03 23:15:37,605 [INFO] HS300 regime 预计算: 365 天 (bull=203 bear=41 crash=62 unknown=59)
2026-08-03 23:15:37,606 [INFO]   进度 20/162 | trades=0 | skip=6 | 1.9s
2026-08-03 23:15:37,608 [INFO]   进度 40/162 | trades=0 | skip=8 | 1.9s
2026-08-03 23:15:37,608 [INFO]   进度 60/162 | trades=0 | skip=18 | 1.9s
2026-08-03 23:15:37,608 [INFO]   进度 80/162 | trades=0 | skip=36 | 1.9s
2026-08-03 23:15:37,609 [INFO]   进度 100/162 | trades=0 | skip=40 | 1.9s
2026-08-03 23:15:37,610 [INFO]   进度 120/162 | trades=0 | skip=43 | 1.9s
2026-08-03 23:15:37,610 [INFO]   进度 140/162 | trades=0 | skip=50 | 1.9s
2026-08-03 23:15:37,610 [INFO]   进度 160/162 | trades=0 | skip=69 | 1.9s
2026-08-03 23:15:37,610 [INFO] ========== ZT回测完成 | trades=0 | fill_rate=50% | 1.9s ==========
2026-08-03 23:15:37,610 [WARNING]   无任何交易产生！
2026-08-03 23:15:37,610 [INFO]   score=-1000.0 | 月复利=0.0% | 笔数=0 胜率=0.0% DD=0.0% | lev=1.50x | 1.9s
2026-08-03 23:15:37,610 [INFO] ========== ZT回测 2025-12-01→2026-07-31 | top=5 board=main entry=open_t1 sample=300 ==========
2026-08-03 23:15:40,335 [INFO] HS300 regime 预计算: 365 天 (bull=203 bear=41 crash=62 unknown=59)
2026-08-03 23:15:40,337 [INFO]   进度 20/162 | trades=0 | skip=6 | 2.7s
2026-08-03 23:15:40,339 [INFO]   进度 40/162 | trades=0 | skip=8 | 2.7s
2026-08-03 23:15:40,340 [INFO]   进度 60/162 | trades=0 | skip=18 | 2.7s
2026-08-03 23:15:40,340 [INFO]   进度 80/162 | trades=0 | skip=36 | 2.7s
2026-08-03 23:15:40,341 [INFO]   进度 100/162 | trades=0 | skip=40 | 2.7s
2026-08-03 23:15:40,342 [INFO]   进度 120/162 | trades=0 | skip=43 | 2.7s
2026-08-03 23:15:40,349 [INFO]   进度 140/162 | trades=0 | skip=50 | 2.7s
2026-08-03 23:15:40,350 [INFO]   进度 160/162 | trades=0 | skip=69 | 2.7s
2026-08-03 23:15:40,350 [INFO] ========== ZT回测完成 | trades=0 | fill_rate=35% | 2.7s ==========
2026-08-03 23:15:40,350 [WARNING]   无任何交易产生！
2026-08-03 23:15:40,350 [INFO]   score=-1000.0 | 月复利=0.0% | 笔数=0 胜率=0.0% DD=0.0% | lev=1.75x | 2.7s
2026-08-03 23:15:40,350 [INFO] ========== ZT回测 2025-12-01→2026-07-31 | top=2 board=main entry=open_t1 sample=300 ==========
2026-08-03 23:15:42,736 [INFO] HS300 regime 预计算: 365 天 (bull=203 bear=41 crash=62 unknown=59)
2026-08-03 23:15:42,738 [INFO]   进度 20/162 | trades=0 | skip=6 | 2.4s
2026-08-03 23:15:42,740 [INFO]   进度 40/162 | trades=0 | skip=8 | 2.4s
2026-08-03 23:15:42,740 [INFO]   进度 60/162 | trades=0 | skip=18 | 2.4s
2026-08-03 23:15:42,740 [INFO]   进度 80/162 | trades=0 | skip=36 | 2.4s
2026-08-03 23:15:42,741 [INFO]   进度 100/162 | trades=0 | skip=40 | 2.4s
2026-08-03 23:15:42,742 [INFO]   进度 120/162 | trades=0 | skip=43 | 2.4s
2026-08-03 23:15:42,742 [INFO]   进度 140/162 | trades=0 | skip=50 | 2.4s
2026-08-03 23:15:42,742 [INFO]   进度 160/162 | trades=0 | skip=69 | 2.4s
2026-08-03 23:15:42,742 [INFO] ========== ZT回测完成 | trades=0 | fill_rate=30% | 2.4s ==========
2026-08-03 23:15:42,742 [WARNING]   无任何交易产生！
2026-08-03 23:15:42,742 [INFO]   score=-1000.0 | 月复利=0.0% | 笔数=0 胜率=0.0% DD=0.0% | lev=1.50x | 2.4s
2026-08-03 23:15:42,742 [INFO] ========== ZT回测 2025-12-01→2026-07-31 | top=1 board=gem+star entry=close_t0 sample=300 ==========
2026-08-03 23:15:44,740 [INFO] HS300 regime 预计算: 365 天 (bull=203 bear=41 crash=62 unknown=59)
2026-08-03 23:15:44,757 [INFO]   进度 20/162 | trades=13 | skip=6 | 2.0s
2026-08-03 23:15:44,788 [INFO]   进度 40/162 | trades=31 | skip=8 | 2.0s
2026-08-03 23:15:44,800 [INFO]   进度 60/162 | trades=40 | skip=18 | 2.1s
2026-08-03 23:15:44,803 [INFO]   进度 80/162 | trades=42 | skip=36 | 2.1s
2026-08-03 23:15:44,822 [INFO]   进度 100/162 | trades=55 | skip=40 | 2.1s
2026-08-03 23:15:44,840 [INFO]   进度 120/162 | trades=71 | skip=43 | 2.1s
2026-08-03 23:15:44,859 [INFO]   进度 140/162 | trades=82 | skip=50 | 2.1s
2026-08-03 23:15:44,860 [INFO]   进度 160/162 | trades=83 | skip=69 | 2.1s
2026-08-03 23:15:44,861 [INFO] ========== ZT回测完成 | trades=83 | fill_rate=35% | 2.1s ==========
2026-08-03 23:15:45,099 [INFO]   笔数=83 | 胜率=88.0% | 平均=1.47% | 日均=2.79% | 总收益=231.7% | 最大回撤=-5.1%
2026-08-03 23:15:45,099 [INFO]   [best      ] n=83 胜率=88.0% 平均=3.43% 累计=1495.4%
2026-08-03 23:15:45,099 [INFO]   [close_t1  ] n=83 胜率=62.6% 平均=0.36% 累计=31.7%
2026-08-03 23:15:45,099 [INFO]   [close_t2  ] n=83 胜率=59.0% 平均=1.01% 累计=115.0%
2026-08-03 23:15:45,099 [INFO]   [close_t3  ] n=83 胜率=57.8% 平均=1.35% 累计=167.3%
2026-08-03 23:15:45,099 [INFO]   [gap_t1    ] n=83 胜率=62.6% 平均=0.45% 累计=43.0%
2026-08-03 23:15:45,099 [INFO]   [open_t2   ] n=83 胜率=59.0% 平均=0.79% 累计=80.2%
2026-08-03 23:15:45,099 [INFO]   [stop_t1   ] n=21 胜率=0.0% 平均=-4.22% 累计=-59.6%
2026-08-03 23:15:45,099 [INFO]   [trail_t2  ] n=62 胜率=100.0% 平均=1.82% 累计=205.1%
2026-08-03 23:15:45,099 [INFO]   score=26.8 | 月复利=16.8% | 笔数=83 胜率=88.0% DD=-5.1% | lev=1.00x | 2.4s
2026-08-03 23:15:45,099 [INFO] ========== ZT回测 2025-12-01→2026-07-31 | top=3 board=gem+star entry=close_t0 sample=300 ==========
2026-08-03 23:15:45,100 [INFO]   进度 20/162 | trades=0 | skip=0 | 0.0s
2026-08-03 23:15:45,100 [INFO]   进度 40/162 | trades=0 | skip=0 | 0.0s
2026-08-03 23:15:45,100 [INFO]   进度 60/162 | trades=0 | skip=0 | 0.0s
2026-08-03 23:15:45,101 [INFO]   进度 80/162 | trades=0 | skip=0 | 0.0s
2026-08-03 23:15:45,101 [INFO]   进度 100/162 | trades=0 | skip=0 | 0.0s
2026-08-03 23:15:45,102 [INFO]   进度 120/162 | trades=0 | skip=0 | 0.0s
2026-08-03 23:15:45,105 [INFO]   进度 140/162 | trades=0 | skip=0 | 0.0s
2026-08-03 23:15:45,106 [INFO]   进度 160/162 | trades=0 | skip=0 | 0.0s
2026-08-03 23:15:45,106 [INFO] ========== ZT回测完成 | trades=0 | fill_rate=30% | 0.0s ==========
2026-08-03 23:15:45,106 [WARNING]   无任何交易产生！
2026-08-03 23:15:45,106 [INFO]   score=-1000.0 | 月复利=0.0% | 笔数=0 胜率=0.0% DD=0.0% | lev=2.00x | 0.0s
2026-08-03 23:15:45,106 [INFO] ========== ZT回测 2025-12-01→2026-07-31 | top=2 board=all entry=open_t1 sample=300 ==========
2026-08-03 23:15:46,950 [INFO] HS300 regime 预计算: 365 天 (bull=203 bear=41 crash=62 unknown=59)
2026-08-03 23:15:46,997 [INFO]   进度 20/162 | trades=26 | skip=6 | 1.9s
2026-08-03 23:15:47,046 [INFO]   进度 40/162 | trades=62 | skip=8 | 1.9s
2026-08-03 23:15:47,069 [INFO]   进度 60/162 | trades=82 | skip=18 | 2.0s
2026-08-03 23:15:47,074 [INFO]   进度 80/162 | trades=86 | skip=36 | 2.0s
2026-08-03 23:15:47,132 [INFO]   进度 100/162 | trades=118 | skip=40 | 2.0s
2026-08-03 23:15:47,179 [INFO]   进度 120/162 | trades=152 | skip=43 | 2.1s
2026-08-03 23:15:47,215 [INFO]   进度 140/162 | trades=178 | skip=50 | 2.1s
2026-08-03 23:15:47,218 [INFO]   进度 160/162 | trades=180 | skip=69 | 2.1s
2026-08-03 23:15:47,218 [INFO] ========== ZT回测完成 | trades=180 | fill_rate=20% | 2.1s ==========
2026-08-03 23:15:47,477 [INFO]   笔数=180 | 胜率=52.8% | 平均=-0.16% | 日均=-0.31% | 总收益=-27.9% | 最大回撤=-31.7%
2026-08-03 23:15:47,477 [INFO]   [best      ] n=180 胜率=69.4% 平均=0.81% 累计=321.9%
2026-08-03 23:15:47,477 [INFO]   [close_t1  ] n=180 胜率=27.2% 平均=-0.75% 累计=-74.5%
2026-08-03 23:15:47,477 [INFO]   [close_t2  ] n=180 胜率=32.2% 平均=-0.76% 累计=-75.5%
2026-08-03 23:15:47,477 [INFO]   [close_t3  ] n=180 胜率=33.3% 平均=-0.83% 累计=-79.0%
2026-08-03 23:15:47,477 [INFO]   [gap_t1    ] n=180 胜率=0.0% 平均=0.00% 累计=0.0%
2026-08-03 23:15:47,477 [INFO]   [open_t2   ] n=180 胜率=32.8% 平均=-0.78% 累计=-76.2%
2026-08-03 23:15:47,477 [INFO]   [stop_t1   ] n=50 胜率=0.0% 平均=-2.91% 累计=-77.2%
2026-08-03 23:15:47,477 [INFO]   [trail_t2  ] n=105 胜率=70.5% 平均=0.85% 累计=141.2%
2026-08-03 23:15:47,478 [INFO]   score=-0.5 | 月复利=-0.9% | 笔数=180 胜率=52.8% DD=-8.3% | lev=1.00x | 2.4s
2026-08-03 23:15:47,479 [INFO] ========== ZT回测 2025-12-01→2026-07-31 | top=1 board=gem+star entry=close_t0 sample=300 ==========
2026-08-03 23:15:49,415 [INFO] HS300 regime 预计算: 365 天 (bull=203 bear=41 crash=62 unknown=59)
2026-08-03 23:15:49,416 [INFO]   进度 20/162 | trades=0 | skip=6 | 1.9s
2026-08-03 23:15:49,417 [INFO]   进度 40/162 | trades=0 | skip=8 | 1.9s
2026-08-03 23:15:49,417 [INFO]   进度 60/162 | trades=0 | skip=18 | 1.9s
2026-08-03 23:15:49,417 [INFO]   进度 80/162 | trades=0 | skip=36 | 1.9s
2026-08-03 23:15:49,418 [INFO]   进度 100/162 | trades=0 | skip=40 | 1.9s
2026-08-03 23:15:49,419 [INFO]   进度 120/162 | trades=0 | skip=43 | 1.9s
2026-08-03 23:15:49,419 [INFO]   进度 140/162 | trades=0 | skip=50 | 1.9s
2026-08-03 23:15:49,421 [INFO]   进度 160/162 | trades=0 | skip=69 | 1.9s
2026-08-03 23:15:49,422 [INFO] ========== ZT回测完成 | trades=0 | fill_rate=100% | 1.9s ==========
2026-08-03 23:15:49,422 [WARNING]   无任何交易产生！
2026-08-03 23:15:49,422 [INFO]   score=-1000.0 | 月复利=0.0% | 笔数=0 胜率=0.0% DD=0.0% | lev=1.25x | 1.9s
2026-08-03 23:15:49,422 [INFO] ========== ZT回测 2025-12-01→2026-07-31 | top=1 board=all entry=close_t0 sample=300 ==========
2026-08-03 23:15:51,390 [INFO] HS300 regime 预计算: 365 天 (bull=203 bear=41 crash=62 unknown=59)
2026-08-03 23:15:51,391 [INFO]   进度 20/162 | trades=0 | skip=6 | 2.0s
2026-08-03 23:15:51,392 [INFO]   进度 40/162 | trades=0 | skip=8 | 2.0s
2026-08-03 23:15:51,393 [INFO]   进度 60/162 | trades=0 | skip=18 | 2.0s
2026-08-03 23:15:51,393 [INFO]   进度 80/162 | trades=0 | skip=36 | 2.0s
2026-08-03 23:15:51,394 [INFO]   进度 100/162 | trades=0 | skip=40 | 2.0s
2026-08-03 23:15:51,396 [INFO]   进度 120/162 | trades=0 | skip=43 | 2.0s
2026-08-03 23:15:51,397 [INFO]   进度 140/162 | trades=0 | skip=50 | 2.0s
2026-08-03 23:15:51,398 [INFO]   进度 160/162 | trades=0 | skip=69 | 2.0s
2026-08-03 23:15:51,398 [INFO] ========== ZT回测完成 | trades=0 | fill_rate=40% | 2.0s ==========
2026-08-03 23:15:51,399 [WARNING]   无任何交易产生！
2026-08-03 23:15:51,399 [INFO]   score=-1000.0 | 月复利=0.0% | 笔数=0 胜率=0.0% DD=0.0% | lev=1.75x | 2.0s
2026-08-03 23:15:51,400 [INFO] ========== ZT回测 2025-12-01→2026-07-31 | top=2 board=main entry=close_t0 sample=300 ==========
2026-08-03 23:15:51,481 [INFO]   进度 20/162 | trades=38 | skip=0 | 0.1s
2026-08-03 23:15:51,567 [INFO]   进度 40/162 | trades=78 | skip=0 | 0.2s
2026-08-03 23:15:51,688 [INFO]   进度 60/162 | trades=118 | skip=0 | 0.3s
2026-08-03 23:15:51,760 [INFO]   进度 80/162 | trades=158 | skip=0 | 0.4s
2026-08-03 23:15:51,817 [INFO]   进度 100/162 | trades=198 | skip=0 | 0.4s
2026-08-03 23:15:51,874 [INFO]   进度 120/162 | trades=238 | skip=0 | 0.5s
2026-08-03 23:15:51,934 [INFO]   进度 140/162 | trades=278 | skip=0 | 0.5s
2026-08-03 23:15:51,997 [INFO]   进度 160/162 | trades=318 | skip=0 | 0.6s
2026-08-03 23:15:52,002 [INFO] ========== ZT回测完成 | trades=322 | fill_rate=30% | 0.6s ==========
2026-08-03 23:15:52,335 [INFO]   笔数=322 | 胜率=77.3% | 平均=0.79% | 日均=6.79% | 总收益=1092.7% | 最大回撤=-16.0%
2026-08-03 23:15:52,335 [INFO]   [best      ] n=321 胜率=80.1% 平均=2.24% 累计=110993.2%
2026-08-03 23:15:52,336 [INFO]   [close_t1  ] n=321 胜率=49.8% 平均=-0.31% 累计=-65.9%
2026-08-03 23:15:52,336 [INFO]   [close_t2  ] n=318 胜率=44.0% 平均=-0.08% 累计=-35.1%
2026-08-03 23:15:52,336 [INFO]   [close_t3  ] n=316 胜率=45.9% 平均=-0.10% 累计=-44.3%
2026-08-03 23:15:52,336 [INFO]   [gap_t1    ] n=321 胜率=43.3% 平均=-0.20% 累计=-49.7%
2026-08-03 23:15:52,336 [INFO]   [open_t2   ] n=318 胜率=44.0% 平均=-0.18% 累计=-52.6%
2026-08-03 23:15:52,336 [INFO]   [stop_t1   ] n=26 胜率=0.0% 平均=-4.08% 累计=-66.1%
2026-08-03 23:15:52,336 [INFO]   [trail_t2  ] n=276 胜率=85.9% 平均=1.16% 累计=2259.8%
2026-08-03 23:15:52,336 [INFO]   score=12.5 | 月复利=8.2% | 笔数=322 胜率=77.3% DD=-4.2% | lev=1.00x | 0.9s
2026-08-03 23:15:52,338 [INFO] ========== ZT回测 2025-12-01→2026-07-31 | top=5 board=main entry=close_t0 sample=300 ==========
2026-08-03 23:15:54,418 [INFO] HS300 regime 预计算: 365 天 (bull=203 bear=41 crash=62 unknown=59)
2026-08-03 23:15:54,419 [INFO]   进度 20/162 | trades=0 | skip=6 | 2.1s
2026-08-03 23:15:54,422 [INFO]   进度 40/162 | trades=0 | skip=8 | 2.1s
2026-08-03 23:15:54,423 [INFO]   进度 60/162 | trades=0 | skip=18 | 2.1s
2026-08-03 23:15:54,423 [INFO]   进度 80/162 | trades=0 | skip=36 | 2.1s
2026-08-03 23:15:54,424 [INFO]   进度 100/162 | trades=0 | skip=40 | 2.1s
2026-08-03 23:15:54,426 [INFO]   进度 120/162 | trades=0 | skip=43 | 2.1s
2026-08-03 23:15:54,426 [INFO]   进度 140/162 | trades=0 | skip=50 | 2.1s
2026-08-03 23:15:54,426 [INFO]   进度 160/162 | trades=0 | skip=69 | 2.1s
2026-08-03 23:15:54,427 [INFO] ========== ZT回测完成 | trades=0 | fill_rate=25% | 2.1s ==========
2026-08-03 23:15:54,427 [WARNING]   无任何交易产生！
2026-08-03 23:15:54,427 [INFO]   score=-1000.0 | 月复利=0.0% | 笔数=0 胜率=0.0% DD=0.0% | lev=2.00x | 2.1s
2026-08-03 23:15:54,427 [INFO] ========== ZT回测 2025-12-01→2026-07-31 | top=3 board=all entry=close_t0 sample=300 ==========
2026-08-03 23:15:56,442 [INFO] HS300 regime 预计算: 365 天 (bull=203 bear=41 crash=62 unknown=59)
2026-08-03 23:15:56,443 [INFO]   进度 20/162 | trades=0 | skip=6 | 2.0s
2026-08-03 23:15:56,444 [INFO]   进度 40/162 | trades=0 | skip=8 | 2.0s
2026-08-03 23:15:56,445 [INFO]   进度 60/162 | trades=0 | skip=18 | 2.0s
2026-08-03 23:15:56,445 [INFO]   进度 80/162 | trades=0 | skip=36 | 2.0s
2026-08-03 23:15:56,446 [INFO]   进度 100/162 | trades=0 | skip=40 | 2.0s
2026-08-03 23:15:56,447 [INFO]   进度 120/162 | trades=0 | skip=43 | 2.0s
2026-08-03 23:15:56,448 [INFO]   进度 140/162 | trades=0 | skip=50 | 2.0s
2026-08-03 23:15:56,448 [INFO]   进度 160/162 | trades=0 | skip=69 | 2.0s
2026-08-03 23:15:56,448 [INFO] ========== ZT回测完成 | trades=0 | fill_rate=50% | 2.0s ==========
2026-08-03 23:15:56,448 [WARNING]   无任何交易产生！
2026-08-03 23:15:56,449 [INFO]   score=-1000.0 | 月复利=0.0% | 笔数=0 胜率=0.0% DD=0.0% | lev=1.00x | 2.0s
2026-08-03 23:15:56,449 [INFO] ========== ZT回测 2025-12-01→2026-07-31 | top=3 board=gem+star entry=open_t1 sample=300 ==========
2026-08-03 23:15:58,652 [INFO] HS300 regime 预计算: 365 天 (bull=203 bear=41 crash=62 unknown=59)
2026-08-03 23:15:58,656 [INFO]   进度 20/162 | trades=0 | skip=6 | 2.2s
2026-08-03 23:15:58,658 [INFO]   进度 40/162 | trades=0 | skip=8 | 2.2s
2026-08-03 23:15:58,659 [INFO]   进度 60/162 | trades=0 | skip=18 | 2.2s
2026-08-03 23:15:58,659 [INFO]   进度 80/162 | trades=0 | skip=36 | 2.2s
2026-08-03 23:15:58,660 [INFO]   进度 100/162 | trades=0 | skip=40 | 2.2s
2026-08-03 23:15:58,662 [INFO]   进度 120/162 | trades=0 | skip=43 | 2.2s
2026-08-03 23:15:58,665 [INFO]   进度 140/162 | trades=0 | skip=50 | 2.2s
2026-08-03 23:15:58,665 [INFO]   进度 160/162 | trades=0 | skip=69 | 2.2s
2026-08-03 23:15:58,665 [INFO] ========== ZT回测完成 | trades=0 | fill_rate=25% | 2.2s ==========
2026-08-03 23:15:58,665 [WARNING]   无任何交易产生！
2026-08-03 23:15:58,665 [INFO]   score=-1000.0 | 月复利=0.0% | 笔数=0 胜率=0.0% DD=0.0% | lev=1.50x | 2.2s
2026-08-03 23:15:58,666 [INFO] ========== ZT回测 2025-12-01→2026-07-31 | top=5 board=main entry=close_t0 sample=300 ==========
2026-08-03 23:15:58,666 [INFO]   进度 20/162 | trades=0 | skip=0 | 0.0s
2026-08-03 23:15:58,666 [INFO]   进度 40/162 | trades=0 | skip=0 | 0.0s
2026-08-03 23:15:58,666 [INFO]   进度 60/162 | trades=0 | skip=0 | 0.0s
2026-08-03 23:15:58,667 [INFO]   进度 80/162 | trades=0 | skip=0 | 0.0s
2026-08-03 23:15:58,667 [INFO]   进度 100/162 | trades=0 | skip=0 | 0.0s
2026-08-03 23:15:58,667 [INFO]   进度 120/162 | trades=0 | skip=0 | 0.0s
2026-08-03 23:15:58,668 [INFO]   进度 140/162 | trades=0 | skip=0 | 0.0s
2026-08-03 23:15:58,669 [INFO]   进度 160/162 | trades=0 | skip=0 | 0.0s
2026-08-03 23:15:58,669 [INFO] ========== ZT回测完成 | trades=0 | fill_rate=50% | 0.0s ==========
2026-08-03 23:15:58,669 [WARNING]   无任何交易产生！
2026-08-03 23:15:58,670 [INFO]   score=-1000.0 | 月复利=0.0% | 笔数=0 胜率=0.0% DD=0.0% | lev=1.00x | 0.0s
2026-08-03 23:15:58,672 [INFO] ========== ZT回测 2025-12-01→2026-07-31 | top=3 board=main entry=close_t0 sample=300 ==========
2026-08-03 23:16:00,614 [INFO] HS300 regime 预计算: 365 天 (bull=203 bear=41 crash=62 unknown=59)
2026-08-03 23:16:00,615 [INFO]   进度 20/162 | trades=0 | skip=6 | 1.9s
2026-08-03 23:16:00,617 [INFO]   进度 40/162 | trades=0 | skip=8 | 1.9s
2026-08-03 23:16:00,617 [INFO]   进度 60/162 | trades=0 | skip=18 | 1.9s
2026-08-03 23:16:00,617 [INFO]   进度 80/162 | trades=0 | skip=36 | 1.9s
2026-08-03 23:16:00,618 [INFO]   进度 100/162 | trades=0 | skip=40 | 1.9s
2026-08-03 23:16:00,619 [INFO]   进度 120/162 | trades=0 | skip=43 | 1.9s
2026-08-03 23:16:00,620 [INFO]   进度 140/162 | trades=0 | skip=50 | 1.9s
2026-08-03 23:16:00,621 [INFO]   进度 160/162 | trades=0 | skip=69 | 1.9s
2026-08-03 23:16:00,621 [INFO] ========== ZT回测完成 | trades=0 | fill_rate=40% | 1.9s ==========
2026-08-03 23:16:00,621 [WARNING]   无任何交易产生！
2026-08-03 23:16:00,621 [INFO]   score=-1000.0 | 月复利=0.0% | 笔数=0 胜率=0.0% DD=0.0% | lev=1.75x | 1.9s
2026-08-03 23:16:00,621 [INFO] ========== ZT回测 2025-12-01→2026-07-31 | top=1 board=gem+star entry=open_t1 sample=300 ==========
2026-08-03 23:16:00,623 [INFO]   进度 20/162 | trades=0 | skip=0 | 0.0s
2026-08-03 23:16:00,625 [INFO]   进度 40/162 | trades=0 | skip=0 | 0.0s
2026-08-03 23:16:00,626 [INFO]   进度 60/162 | trades=0 | skip=0 | 0.0s
2026-08-03 23:16:00,627 [INFO]   进度 80/162 | trades=0 | skip=0 | 0.0s
2026-08-03 23:16:00,631 [INFO]   进度 100/162 | trades=0 | skip=0 | 0.0s
2026-08-03 23:16:00,632 [INFO]   进度 120/162 | trades=0 | skip=0 | 0.0s
2026-08-03 23:16:00,633 [INFO]   进度 140/162 | trades=0 | skip=0 | 0.0s
2026-08-03 23:16:00,634 [INFO]   进度 160/162 | trades=0 | skip=0 | 0.0s
2026-08-03 23:16:00,634 [INFO] ========== ZT回测完成 | trades=0 | fill_rate=40% | 0.0s ==========
2026-08-03 23:16:00,635 [WARNING]   无任何交易产生！
2026-08-03 23:16:00,635 [INFO]   score=-1000.0 | 月复利=0.0% | 笔数=0 胜率=0.0% DD=0.0% | lev=2.00x | 0.0s
2026-08-03 23:16:00,635 [INFO] ========== ZT回测 2025-12-01→2026-07-31 | top=3 board=main entry=close_t0 sample=300 ==========
2026-08-03 23:16:00,719 [INFO]   进度 20/162 | trades=57 | skip=0 | 0.1s
2026-08-03 23:16:00,870 [INFO]   进度 40/162 | trades=117 | skip=0 | 0.2s
2026-08-03 23:16:00,960 [INFO]   进度 60/162 | trades=177 | skip=0 | 0.3s
2026-08-03 23:16:01,068 [INFO]   进度 80/162 | trades=237 | skip=0 | 0.4s
2026-08-03 23:16:01,210 [INFO]   进度 100/162 | trades=297 | skip=0 | 0.6s
2026-08-03 23:16:01,320 [INFO]   进度 120/162 | trades=357 | skip=0 | 0.7s
2026-08-03 23:16:01,477 [INFO]   进度 140/162 | trades=417 | skip=0 | 0.8s
2026-08-03 23:16:01,567 [INFO]   进度 160/162 | trades=477 | skip=0 | 0.9s
2026-08-03 23:16:01,575 [INFO] ========== ZT回测完成 | trades=483 | fill_rate=30% | 0.9s ==========
2026-08-03 23:16:02,098 [INFO]   笔数=483 | 胜率=72.5% | 平均=0.55% | 日均=7.25% | 总收益=1167.0% | 最大回撤=-21.1%
2026-08-03 23:16:02,098 [INFO]   [best      ] n=479 胜率=81.2% 平均=1.79% 累计=442863.3%
2026-08-03 23:16:02,098 [INFO]   [close_t1  ] n=479 胜率=41.5% 平均=-0.57% 累计=-94.2%
2026-08-03 23:16:02,098 [INFO]   [close_t2  ] n=474 胜率=39.0% 平均=-0.54% 累计=-93.9%
2026-08-03 23:16:02,098 [INFO]   [close_t3  ] n=471 胜率=39.7% 平均=-0.67% 累计=-97.0%
2026-08-03 23:16:02,098 [INFO]   [gap_t1    ] n=479 胜率=33.4% 平均=-0.49% 累计=-90.8%
2026-08-03 23:16:02,098 [INFO]   [open_t2   ] n=474 胜率=35.6% 平均=-0.64% 累计=-96.1%
2026-08-03 23:16:02,098 [INFO]   [stop_t1   ] n=34 胜率=0.0% 平均=-4.08% 累计=-75.7%
2026-08-03 23:16:02,098 [INFO]   [trail_t2  ] n=420 胜率=75.5% 平均=0.64% 累计=1313.6%
2026-08-03 23:16:02,098 [INFO]   score=10.8 | 月复利=7.1% | 笔数=483 胜率=72.5% DD=-5.0% | lev=2.00x | 1.5s
2026-08-03 23:16:02,098 [INFO] ========== ZT回测 2025-12-01→2026-07-31 | top=1 board=all entry=close_t0 sample=300 ==========
2026-08-03 23:16:04,102 [INFO] HS300 regime 预计算: 365 天 (bull=203 bear=41 crash=62 unknown=59)
2026-08-03 23:16:04,124 [INFO]   进度 20/162 | trades=13 | skip=6 | 2.0s
2026-08-03 23:16:04,156 [INFO]   进度 40/162 | trades=31 | skip=8 | 2.1s
2026-08-03 23:16:04,181 [INFO]   进度 60/162 | trades=41 | skip=18 | 2.1s
2026-08-03 23:16:04,185 [INFO]   进度 80/162 | trades=43 | skip=36 | 2.1s
2026-08-03 23:16:04,218 [INFO]   进度 100/162 | trades=59 | skip=40 | 2.1s
2026-08-03 23:16:04,245 [INFO]   进度 120/162 | trades=76 | skip=43 | 2.1s
2026-08-03 23:16:04,262 [INFO]   进度 140/162 | trades=89 | skip=50 | 2.2s
2026-08-03 23:16:04,264 [INFO]   进度 160/162 | trades=90 | skip=69 | 2.2s
2026-08-03 23:16:04,264 [INFO] ========== ZT回测完成 | trades=90 | fill_rate=30% | 2.2s ==========
2026-08-03 23:16:04,504 [INFO]   笔数=90 | 胜率=87.8% | 平均=1.27% | 日均=2.31% | 总收益=207.6% | 最大回撤=-6.4%
2026-08-03 23:16:04,504 [INFO]   [best      ] n=90 胜率=87.8% 平均=2.96% 累计=1240.3%
2026-08-03 23:16:04,504 [INFO]   [close_t1  ] n=90 胜率=65.6% 平均=0.36% 累计=34.6%
2026-08-03 23:16:04,504 [INFO]   [close_t2  ] n=90 胜率=60.0% 平均=0.95% 累计=121.2%
2026-08-03 23:16:04,504 [INFO]   [close_t3  ] n=90 胜率=58.9% 平均=1.24% 累计=172.2%
2026-08-03 23:16:04,504 [INFO]   [gap_t1    ] n=90 胜率=64.4% 平均=0.38% 累计=39.3%
2026-08-03 23:16:04,504 [INFO]   [open_t2   ] n=90 胜率=62.2% 平均=0.75% 累计=84.7%
2026-08-03 23:16:04,504 [INFO]   [stop_t1   ] n=25 胜率=0.0% 平均=-3.55% 累计=-59.5%
2026-08-03 23:16:04,504 [INFO]   [trail_t2  ] n=65 胜率=98.5% 平均=1.44% 累计=153.7%
2026-08-03 23:16:04,504 [INFO]   score=57.8 | 月复利=33.2% | 笔数=90 胜率=87.8% DD=-12.7% | lev=2.00x | 2.4s
2026-08-03 23:16:04,504 [INFO] ========== ZT回测 2025-12-01→2026-07-31 | top=1 board=gem+star entry=open_t1 sample=300 ==========
2026-08-03 23:16:06,506 [INFO] HS300 regime 预计算: 365 天 (bull=203 bear=41 crash=62 unknown=59)
2026-08-03 23:16:06,525 [INFO]   进度 20/162 | trades=13 | skip=6 | 2.0s
2026-08-03 23:16:06,568 [INFO]   进度 40/162 | trades=31 | skip=8 | 2.1s
2026-08-03 23:16:06,591 [INFO]   进度 60/162 | trades=41 | skip=18 | 2.1s
2026-08-03 23:16:06,596 [INFO]   进度 80/162 | trades=43 | skip=36 | 2.1s
2026-08-03 23:16:06,631 [INFO]   进度 100/162 | trades=59 | skip=40 | 2.1s
2026-08-03 23:16:06,656 [INFO]   进度 120/162 | trades=76 | skip=43 | 2.2s
2026-08-03 23:16:06,676 [INFO]   进度 140/162 | trades=89 | skip=50 | 2.2s
2026-08-03 23:16:06,677 [INFO]   进度 160/162 | trades=90 | skip=69 | 2.2s
2026-08-03 23:16:06,677 [INFO] ========== ZT回测完成 | trades=90 | fill_rate=35% | 2.2s ==========
2026-08-03 23:16:06,876 [INFO]   笔数=90 | 胜率=50.0% | 平均=-0.75% | 日均=-0.59% | 总收益=-52.8% | 最大回撤=-52.2%
2026-08-03 23:16:06,876 [INFO]   [best      ] n=90 胜率=65.6% 平均=1.24% 累计=197.3%
2026-08-03 23:16:06,876 [INFO]   [close_t1  ] n=90 胜率=23.3% 平均=-1.79% 累计=-80.9%
2026-08-03 23:16:06,876 [INFO]   [close_t2  ] n=90 胜率=30.0% 平均=-1.61% 累计=-78.0%
2026-08-03 23:16:06,876 [INFO]   [close_t3  ] n=90 胜率=28.9% 平均=-1.81% 累计=-82.3%
2026-08-03 23:16:06,876 [INFO]   [gap_t1    ] n=90 胜率=0.0% 平均=0.00% 累计=0.0%
2026-08-03 23:16:06,876 [INFO]   [open_t2   ] n=90 胜率=30.0% 平均=-1.92% 累计=-83.5%
2026-08-03 23:16:06,876 [INFO]   [stop_t1   ] n=59 胜率=0.0% 平均=-4.22% 累计=-92.2%
2026-08-03 23:16:06,876 [INFO]   [trail_t2  ] n=27 胜率=100.0% 平均=3.06% 累计=124.9%
2026-08-03 23:16:06,876 [INFO]   score=-1.8 | 月复利=-10.2% | 笔数=90 胜率=50.0% DD=-61.2% | lev=1.25x | 2.4s
2026-08-03 23:16:06,876 [INFO] ========== ZT回测 2025-12-01→2026-07-31 | top=1 board=main entry=close_t0 sample=300 ==========
2026-08-03 23:16:09,526 [INFO] HS300 regime 预计算: 365 天 (bull=203 bear=41 crash=62 unknown=59)
2026-08-03 23:16:09,526 [INFO]   进度 20/162 | trades=0 | skip=6 | 2.7s
2026-08-03 23:16:09,530 [INFO]   进度 40/162 | trades=0 | skip=8 | 2.7s
2026-08-03 23:16:09,531 [INFO]   进度 60/162 | trades=0 | skip=18 | 2.7s
2026-08-03 23:16:09,531 [INFO]   进度 80/162 | trades=0 | skip=36 | 2.7s
2026-08-03 23:16:09,532 [INFO]   进度 100/162 | trades=0 | skip=40 | 2.7s
2026-08-03 23:16:09,533 [INFO]   进度 120/162 | trades=0 | skip=43 | 2.7s
2026-08-03 23:16:09,534 [INFO]   进度 140/162 | trades=0 | skip=50 | 2.7s
2026-08-03 23:16:09,534 [INFO]   进度 160/162 | trades=0 | skip=69 | 2.7s
2026-08-03 23:16:09,534 [INFO] ========== ZT回测完成 | trades=0 | fill_rate=100% | 2.7s ==========
2026-08-03 23:16:09,534 [WARNING]   无任何交易产生！
2026-08-03 23:16:09,534 [INFO]   score=-1000.0 | 月复利=0.0% | 笔数=0 胜率=0.0% DD=0.0% | lev=1.00x | 2.7s
2026-08-03 23:16:09,534 [INFO] ========== ZT回测 2025-12-01→2026-07-31 | top=3 board=gem+star entry=close_t0 sample=300 ==========
2026-08-03 23:16:11,383 [INFO] HS300 regime 预计算: 365 天 (bull=203 bear=41 crash=62 unknown=59)
2026-08-03 23:16:11,384 [INFO]   进度 20/162 | trades=0 | skip=6 | 1.8s
2026-08-03 23:16:11,385 [INFO]   进度 40/162 | trades=0 | skip=8 | 1.9s
2026-08-03 23:16:11,387 [INFO]   进度 60/162 | trades=0 | skip=18 | 1.9s
2026-08-03 23:16:11,387 [INFO]   进度 80/162 | trades=0 | skip=36 | 1.9s
2026-08-03 23:16:11,388 [INFO]   进度 100/162 | trades=0 | skip=40 | 1.9s
2026-08-03 23:16:11,391 [INFO]   进度 120/162 | trades=0 | skip=43 | 1.9s
2026-08-03 23:16:11,392 [INFO]   进度 140/162 | trades=0 | skip=50 | 1.9s
2026-08-03 23:16:11,392 [INFO]   进度 160/162 | trades=0 | skip=69 | 1.9s
2026-08-03 23:16:11,392 [INFO] ========== ZT回测完成 | trades=0 | fill_rate=40% | 1.9s ==========
2026-08-03 23:16:11,392 [WARNING]   无任何交易产生！
2026-08-03 23:16:11,392 [INFO]   score=-1000.0 | 月复利=0.0% | 笔数=0 胜率=0.0% DD=0.0% | lev=2.00x | 1.9s
2026-08-03 23:16:11,392 [INFO] ========== ZT回测 2025-12-01→2026-07-31 | top=5 board=all entry=close_t0 sample=300 ==========
2026-08-03 23:16:13,528 [INFO] HS300 regime 预计算: 365 天 (bull=203 bear=41 crash=62 unknown=59)
2026-08-03 23:16:13,529 [INFO]   进度 20/162 | trades=0 | skip=6 | 2.1s
2026-08-03 23:16:13,530 [INFO]   进度 40/162 | trades=0 | skip=8 | 2.1s
2026-08-03 23:16:13,531 [INFO]   进度 60/162 | trades=0 | skip=18 | 2.1s
2026-08-03 23:16:13,531 [INFO]   进度 80/162 | trades=0 | skip=36 | 2.1s
2026-08-03 23:16:13,533 [INFO]   进度 100/162 | trades=0 | skip=40 | 2.1s
2026-08-03 23:16:13,535 [INFO]   进度 120/162 | trades=0 | skip=43 | 2.1s
2026-08-03 23:16:13,538 [INFO]   进度 140/162 | trades=0 | skip=50 | 2.1s
2026-08-03 23:16:13,538 [INFO]   进度 160/162 | trades=0 | skip=69 | 2.1s
2026-08-03 23:16:13,538 [INFO] ========== ZT回测完成 | trades=0 | fill_rate=30% | 2.1s ==========
2026-08-03 23:16:13,538 [WARNING]   无任何交易产生！
2026-08-03 23:16:13,538 [INFO]   score=-1000.0 | 月复利=0.0% | 笔数=0 胜率=0.0% DD=0.0% | lev=1.25x | 2.1s
2026-08-03 23:16:13,538 [INFO] ========== ZT回测 2025-12-01→2026-07-31 | top=2 board=main entry=open_t1 sample=300 ==========
2026-08-03 23:16:15,413 [INFO] HS300 regime 预计算: 365 天 (bull=203 bear=41 crash=62 unknown=59)
2026-08-03 23:16:15,447 [INFO]   进度 20/162 | trades=25 | skip=6 | 1.9s
2026-08-03 23:16:15,516 [INFO]   进度 40/162 | trades=61 | skip=8 | 2.0s
2026-08-03 23:16:15,543 [INFO]   进度 60/162 | trades=78 | skip=18 | 2.0s
2026-08-03 23:16:15,550 [INFO]   进度 80/162 | trades=81 | skip=36 | 2.0s
2026-08-03 23:16:15,584 [INFO]   进度 100/162 | trades=102 | skip=40 | 2.0s
2026-08-03 23:16:15,659 [INFO]   进度 120/162 | trades=129 | skip=43 | 2.1s
2026-08-03 23:16:15,762 [INFO]   进度 140/162 | trades=148 | skip=50 | 2.2s
2026-08-03 23:16:15,763 [INFO]   进度 160/162 | trades=150 | skip=69 | 2.2s
2026-08-03 23:16:15,763 [INFO] ========== ZT回测完成 | trades=150 | fill_rate=30% | 2.2s ==========
2026-08-03 23:16:16,114 [INFO]   笔数=150 | 胜率=66.0% | 平均=0.33% | 日均=0.65% | 总收益=53.5% | 最大回撤=-23.6%
2026-08-03 23:16:16,114 [INFO]   [best      ] n=150 胜率=76.7% 平均=1.36% 累计=641.0%
2026-08-03 23:16:16,114 [INFO]   [close_t1  ] n=150 胜率=19.3% 平均=-1.10% 累计=-81.3%
2026-08-03 23:16:16,114 [INFO]   [close_t2  ] n=150 胜率=48.0% 平均=-0.61% 累计=-62.2%
2026-08-03 23:16:16,114 [INFO]   [close_t3  ] n=150 胜率=44.0% 平均=-0.35% 累计=-47.7%
2026-08-03 23:16:16,114 [INFO]   [gap_t1    ] n=150 胜率=0.0% 平均=0.00% 累计=0.0%
2026-08-03 23:16:16,114 [INFO]   [open_t2   ] n=150 胜率=44.7% 平均=-0.71% 累计=-67.2%
2026-08-03 23:16:16,114 [INFO]   [stop_t1   ] n=31 胜率=0.0% 平均=-4.11% 累计=-72.8%
2026-08-03 23:16:16,114 [INFO]   [trail_t2  ] n=94 胜率=94.7% 平均=1.97% 累计=516.8%
2026-08-03 23:16:16,114 [INFO]   score=2.8 | 月复利=2.8% | 笔数=150 胜率=66.0% DD=-11.6% | lev=2.00x | 2.6s
2026-08-03 23:16:16,114 [INFO] ========== ZT回测 2025-12-01→2026-07-31 | top=3 board=gem+star entry=open_t1 sample=300 ==========
2026-08-03 23:16:18,098 [INFO] HS300 regime 预计算: 365 天 (bull=203 bear=41 crash=62 unknown=59)
2026-08-03 23:16:18,098 [INFO]   进度 20/162 | trades=0 | skip=6 | 2.0s
2026-08-03 23:16:18,099 [INFO]   进度 40/162 | trades=0 | skip=8 | 2.0s
2026-08-03 23:16:18,099 [INFO]   进度 60/162 | trades=0 | skip=18 | 2.0s
2026-08-03 23:16:18,099 [INFO]   进度 80/162 | trades=0 | skip=36 | 2.0s
2026-08-03 23:16:18,099 [INFO]   进度 100/162 | trades=0 | skip=40 | 2.0s
2026-08-03 23:16:18,100 [INFO]   进度 120/162 | trades=0 | skip=43 | 2.0s
2026-08-03 23:16:18,100 [INFO]   进度 140/162 | trades=0 | skip=50 | 2.0s
2026-08-03 23:16:18,100 [INFO]   进度 160/162 | trades=0 | skip=69 | 2.0s
2026-08-03 23:16:18,101 [INFO] ========== ZT回测完成 | trades=0 | fill_rate=40% | 2.0s ==========
2026-08-03 23:16:18,101 [WARNING]   无任何交易产生！
2026-08-03 23:16:18,101 [INFO]   score=-1000.0 | 月复利=0.0% | 笔数=0 胜率=0.0% DD=0.0% | lev=2.00x | 2.0s
2026-08-03 23:16:18,101 [INFO] ========== ZT回测 2025-12-01→2026-07-31 | top=2 board=gem+star entry=close_t0 sample=300 ==========
2026-08-03 23:16:18,101 [INFO]   进度 20/162 | trades=0 | skip=0 | 0.0s
2026-08-03 23:16:18,102 [INFO]   进度 40/162 | trades=0 | skip=0 | 0.0s
2026-08-03 23:16:18,104 [INFO]   进度 60/162 | trades=0 | skip=0 | 0.0s
2026-08-03 23:16:18,105 [INFO]   进度 80/162 | trades=0 | skip=0 | 0.0s
2026-08-03 23:16:18,107 [INFO]   进度 100/162 | trades=0 | skip=0 | 0.0s
2026-08-03 23:16:18,108 [INFO]   进度 120/162 | trades=0 | skip=0 | 0.0s
2026-08-03 23:16:18,108 [INFO]   进度 140/162 | trades=0 | skip=0 | 0.0s
2026-08-03 23:16:18,109 [INFO]   进度 160/162 | trades=0 | skip=0 | 0.0s
2026-08-03 23:16:18,109 [INFO] ========== ZT回测完成 | trades=0 | fill_rate=40% | 0.0s ==========
2026-08-03 23:16:18,109 [WARNING]   无任何交易产生！
2026-08-03 23:16:18,109 [INFO]   score=-1000.0 | 月复利=0.0% | 笔数=0 胜率=0.0% DD=0.0% | lev=1.00x | 0.0s
2026-08-03 23:16:18,110 [INFO] ========== ZT回测 2025-12-01→2026-07-31 | top=3 board=gem+star entry=open_t1 sample=300 ==========
2026-08-03 23:16:20,263 [INFO] HS300 regime 预计算: 365 天 (bull=203 bear=41 crash=62 unknown=59)
2026-08-03 23:16:20,264 [INFO]   进度 20/162 | trades=0 | skip=6 | 2.2s
2026-08-03 23:16:20,266 [INFO]   进度 40/162 | trades=0 | skip=8 | 2.2s
2026-08-03 23:16:20,266 [INFO]   进度 60/162 | trades=0 | skip=18 | 2.2s
2026-08-03 23:16:20,266 [INFO]   进度 80/162 | trades=0 | skip=36 | 2.2s
2026-08-03 23:16:20,267 [INFO]   进度 100/162 | trades=0 | skip=40 | 2.2s
2026-08-03 23:16:20,268 [INFO]   进度 120/162 | trades=0 | skip=43 | 2.2s
2026-08-03 23:16:20,271 [INFO]   进度 140/162 | trades=0 | skip=50 | 2.2s
2026-08-03 23:16:20,271 [INFO]   进度 160/162 | trades=0 | skip=69 | 2.2s
2026-08-03 23:16:20,271 [INFO] ========== ZT回测完成 | trades=0 | fill_rate=25% | 2.2s ==========
2026-08-03 23:16:20,272 [WARNING]   无任何交易产生！
2026-08-03 23:16:20,272 [INFO]   score=-1000.0 | 月复利=0.0% | 笔数=0 胜率=0.0% DD=0.0% | lev=1.25x | 2.2s
2026-08-03 23:16:20,272 [INFO] ========== ZT回测 2025-12-01→2026-07-31 | top=1 board=gem+star entry=close_t0 sample=300 ==========
2026-08-03 23:16:22,165 [INFO] HS300 regime 预计算: 365 天 (bull=203 bear=41 crash=62 unknown=59)
2026-08-03 23:16:22,166 [INFO]   进度 20/162 | trades=0 | skip=6 | 1.9s
2026-08-03 23:16:22,168 [INFO]   进度 40/162 | trades=0 | skip=8 | 1.9s
2026-08-03 23:16:22,170 [INFO]   进度 60/162 | trades=0 | skip=18 | 1.9s
2026-08-03 23:16:22,171 [INFO]   进度 80/162 | trades=0 | skip=36 | 1.9s
2026-08-03 23:16:22,171 [INFO]   进度 100/162 | trades=0 | skip=40 | 1.9s
2026-08-03 23:16:22,172 [INFO]   进度 120/162 | trades=0 | skip=43 | 1.9s
2026-08-03 23:16:22,173 [INFO]   进度 140/162 | trades=0 | skip=50 | 1.9s
2026-08-03 23:16:22,173 [INFO]   进度 160/162 | trades=0 | skip=69 | 1.9s
2026-08-03 23:16:22,173 [INFO] ========== ZT回测完成 | trades=0 | fill_rate=30% | 1.9s ==========
2026-08-03 23:16:22,173 [WARNING]   无任何交易产生！
2026-08-03 23:16:22,173 [INFO]   score=-1000.0 | 月复利=0.0% | 笔数=0 胜率=0.0% DD=0.0% | lev=1.50x | 1.9s
2026-08-03 23:16:22,174 [INFO] ========== ZT回测 2025-12-01→2026-07-31 | top=3 board=gem+star entry=open_t1 sample=300 ==========
2026-08-03 23:16:24,506 [INFO] HS300 regime 预计算: 365 天 (bull=203 bear=41 crash=62 unknown=59)
2026-08-03 23:16:24,507 [INFO]   进度 20/162 | trades=0 | skip=6 | 2.3s
2026-08-03 23:16:24,509 [INFO]   进度 40/162 | trades=0 | skip=8 | 2.3s
2026-08-03 23:16:24,511 [INFO]   进度 60/162 | trades=0 | skip=18 | 2.3s
2026-08-03 23:16:24,511 [INFO]   进度 80/162 | trades=0 | skip=36 | 2.3s
2026-08-03 23:16:24,512 [INFO]   进度 100/162 | trades=0 | skip=40 | 2.3s
2026-08-03 23:16:24,513 [INFO]   进度 120/162 | trades=0 | skip=43 | 2.3s
2026-08-03 23:16:24,515 [INFO]   进度 140/162 | trades=0 | skip=50 | 2.3s
2026-08-03 23:16:24,515 [INFO]   进度 160/162 | trades=0 | skip=69 | 2.3s
2026-08-03 23:16:24,515 [INFO] ========== ZT回测完成 | trades=0 | fill_rate=25% | 2.3s ==========
2026-08-03 23:16:24,515 [WARNING]   无任何交易产生！
2026-08-03 23:16:24,515 [INFO]   score=-1000.0 | 月复利=0.0% | 笔数=0 胜率=0.0% DD=0.0% | lev=1.25x | 2.3s
2026-08-03 23:16:24,515 [INFO] ========== ZT回测 2025-12-01→2026-07-31 | top=3 board=gem+star entry=open_t1 sample=300 ==========
2026-08-03 23:16:26,329 [INFO] HS300 regime 预计算: 365 天 (bull=203 bear=41 crash=62 unknown=59)
2026-08-03 23:16:26,330 [INFO]   进度 20/162 | trades=0 | skip=6 | 1.8s
2026-08-03 23:16:26,334 [INFO]   进度 40/162 | trades=0 | skip=8 | 1.8s
2026-08-03 23:16:26,335 [INFO]   进度 60/162 | trades=0 | skip=18 | 1.8s
2026-08-03 23:16:26,335 [INFO]   进度 80/162 | trades=0 | skip=36 | 1.8s
2026-08-03 23:16:26,336 [INFO]   进度 100/162 | trades=0 | skip=40 | 1.8s
2026-08-03 23:16:26,337 [INFO]   进度 120/162 | trades=0 | skip=43 | 1.8s
2026-08-03 23:16:26,337 [INFO]   进度 140/162 | trades=0 | skip=50 | 1.8s
2026-08-03 23:16:26,338 [INFO]   进度 160/162 | trades=0 | skip=69 | 1.8s
2026-08-03 23:16:26,338 [INFO] ========== ZT回测完成 | trades=0 | fill_rate=25% | 1.8s ==========
2026-08-03 23:16:26,338 [WARNING]   无任何交易产生！
2026-08-03 23:16:26,338 [INFO]   score=-1000.0 | 月复利=0.0% | 笔数=0 胜率=0.0% DD=0.0% | lev=1.75x | 1.8s
2026-08-03 23:16:26,338 [INFO] ========== ZT回测 2025-12-01→2026-07-31 | top=2 board=main entry=close_t0 sample=300 ==========
2026-08-03 23:16:26,340 [INFO]   进度 20/162 | trades=0 | skip=0 | 0.0s
2026-08-03 23:16:26,343 [INFO]   进度 40/162 | trades=0 | skip=0 | 0.0s
2026-08-03 23:16:26,346 [INFO]   进度 60/162 | trades=0 | skip=0 | 0.0s
2026-08-03 23:16:26,347 [INFO]   进度 80/162 | trades=0 | skip=0 | 0.0s
2026-08-03 23:16:26,349 [INFO]   进度 100/162 | trades=0 | skip=0 | 0.0s
2026-08-03 23:16:26,351 [INFO]   进度 120/162 | trades=0 | skip=0 | 0.0s
2026-08-03 23:16:26,354 [INFO]   进度 140/162 | trades=0 | skip=0 | 0.0s
2026-08-03 23:16:26,357 [INFO]   进度 160/162 | trades=0 | skip=0 | 0.0s
2026-08-03 23:16:26,358 [INFO] ========== ZT回测完成 | trades=0 | fill_rate=40% | 0.0s ==========
2026-08-03 23:16:26,358 [WARNING]   无任何交易产生！
2026-08-03 23:16:26,358 [INFO]   score=-1000.0 | 月复利=0.0% | 笔数=0 胜率=0.0% DD=0.0% | lev=2.00x | 0.0s
2026-08-03 23:16:26,358 [INFO] ========== ZT回测 2025-12-01→2026-07-31 | top=5 board=all entry=open_t1 sample=300 ==========
2026-08-03 23:16:26,359 [INFO]   进度 20/162 | trades=0 | skip=0 | 0.0s
2026-08-03 23:16:26,362 [INFO]   进度 40/162 | trades=0 | skip=0 | 0.0s
2026-08-03 23:16:26,365 [INFO]   进度 60/162 | trades=0 | skip=0 | 0.0s
2026-08-03 23:16:26,366 [INFO]   进度 80/162 | trades=0 | skip=0 | 0.0s
2026-08-03 23:16:26,368 [INFO]   进度 100/162 | trades=0 | skip=0 | 0.0s
2026-08-03 23:16:26,370 [INFO]   进度 120/162 | trades=0 | skip=0 | 0.0s
2026-08-03 23:16:26,372 [INFO]   进度 140/162 | trades=0 | skip=0 | 0.0s
2026-08-03 23:16:26,374 [INFO]   进度 160/162 | trades=0 | skip=0 | 0.0s
2026-08-03 23:16:26,375 [INFO] ========== ZT回测完成 | trades=0 | fill_rate=25% | 0.0s ==========
2026-08-03 23:16:26,375 [WARNING]   无任何交易产生！
2026-08-03 23:16:26,375 [INFO]   score=-1000.0 | 月复利=0.0% | 笔数=0 胜率=0.0% DD=0.0% | lev=1.25x | 0.0s
2026-08-03 23:16:26,376 [INFO] ========== ZT回测 2025-12-01→2026-07-31 | top=1 board=gem+star entry=close_t0 sample=300 ==========
2026-08-03 23:16:28,623 [INFO] HS300 regime 预计算: 365 天 (bull=203 bear=41 crash=62 unknown=59)
2026-08-03 23:16:28,623 [INFO]   进度 20/162 | trades=0 | skip=6 | 2.2s
2026-08-03 23:16:28,624 [INFO]   进度 40/162 | trades=0 | skip=8 | 2.2s
2026-08-03 23:16:28,625 [INFO]   进度 60/162 | trades=0 | skip=18 | 2.2s
2026-08-03 23:16:28,625 [INFO]   进度 80/162 | trades=0 | skip=36 | 2.2s
2026-08-03 23:16:28,626 [INFO]   进度 100/162 | trades=0 | skip=40 | 2.2s
2026-08-03 23:16:28,628 [INFO]   进度 120/162 | trades=0 | skip=43 | 2.3s
2026-08-03 23:16:28,630 [INFO]   进度 140/162 | trades=0 | skip=50 | 2.3s
2026-08-03 23:16:28,630 [INFO]   进度 160/162 | trades=0 | skip=69 | 2.3s
2026-08-03 23:16:28,630 [INFO] ========== ZT回测完成 | trades=0 | fill_rate=20% | 2.3s ==========
2026-08-03 23:16:28,631 [WARNING]   无任何交易产生！
2026-08-03 23:16:28,631 [INFO]   score=-1000.0 | 月复利=0.0% | 笔数=0 胜率=0.0% DD=0.0% | lev=1.50x | 2.3s
2026-08-03 23:16:28,631 [INFO] ========== ZT回测 2025-12-01→2026-07-31 | top=1 board=all entry=close_t0 sample=300 ==========
2026-08-03 23:16:28,631 [INFO]   进度 20/162 | trades=0 | skip=0 | 0.0s
2026-08-03 23:16:28,632 [INFO]   进度 40/162 | trades=0 | skip=0 | 0.0s
2026-08-03 23:16:28,632 [INFO]   进度 60/162 | trades=0 | skip=0 | 0.0s
2026-08-03 23:16:28,632 [INFO]   进度 80/162 | trades=0 | skip=0 | 0.0s
2026-08-03 23:16:28,633 [INFO]   进度 100/162 | trades=0 | skip=0 | 0.0s
2026-08-03 23:16:28,633 [INFO]   进度 120/162 | trades=0 | skip=0 | 0.0s
2026-08-03 23:16:28,634 [INFO]   进度 140/162 | trades=0 | skip=0 | 0.0s
2026-08-03 23:16:28,634 [INFO]   进度 160/162 | trades=0 | skip=0 | 0.0s
2026-08-03 23:16:28,635 [INFO] ========== ZT回测完成 | trades=0 | fill_rate=100% | 0.0s ==========
2026-08-03 23:16:28,635 [WARNING]   无任何交易产生！
2026-08-03 23:16:28,635 [INFO]   score=-1000.0 | 月复利=0.0% | 笔数=0 胜率=0.0% DD=0.0% | lev=1.00x | 0.0s
2026-08-03 23:16:28,635 [INFO] ========== ZT回测 2025-12-01→2026-07-31 | top=5 board=gem+star entry=close_t0 sample=300 ==========
2026-08-03 23:16:30,706 [INFO] HS300 regime 预计算: 365 天 (bull=203 bear=41 crash=62 unknown=59)
2026-08-03 23:16:30,707 [INFO]   进度 20/162 | trades=0 | skip=6 | 2.1s
2026-08-03 23:16:30,708 [INFO]   进度 40/162 | trades=0 | skip=8 | 2.1s
2026-08-03 23:16:30,709 [INFO]   进度 60/162 | trades=0 | skip=18 | 2.1s
2026-08-03 23:16:30,709 [INFO]   进度 80/162 | trades=0 | skip=36 | 2.1s
2026-08-03 23:16:30,711 [INFO]   进度 100/162 | trades=0 | skip=40 | 2.1s
2026-08-03 23:16:30,713 [INFO]   进度 120/162 | trades=0 | skip=43 | 2.1s
2026-08-03 23:16:30,714 [INFO]   进度 140/162 | trades=0 | skip=50 | 2.1s
2026-08-03 23:16:30,714 [INFO]   进度 160/162 | trades=0 | skip=69 | 2.1s
2026-08-03 23:16:30,714 [INFO] ========== ZT回测完成 | trades=0 | fill_rate=35% | 2.1s ==========
2026-08-03 23:16:30,716 [WARNING]   无任何交易产生！
2026-08-03 23:16:30,716 [INFO]   score=-1000.0 | 月复利=0.0% | 笔数=0 胜率=0.0% DD=0.0% | lev=1.25x | 2.1s
2026-08-03 23:16:30,716 [INFO] ========== ZT回测 2025-12-01→2026-07-31 | top=1 board=main entry=open_t1 sample=300 ==========
2026-08-03 23:16:32,748 [INFO] HS300 regime 预计算: 365 天 (bull=203 bear=41 crash=62 unknown=59)
2026-08-03 23:16:32,749 [INFO]   进度 20/162 | trades=0 | skip=6 | 2.0s
2026-08-03 23:16:32,749 [INFO]   进度 40/162 | trades=0 | skip=8 | 2.0s
2026-08-03 23:16:32,750 [INFO]   进度 60/162 | trades=0 | skip=18 | 2.0s
2026-08-03 23:16:32,750 [INFO]   进度 80/162 | trades=0 | skip=36 | 2.0s
2026-08-03 23:16:32,750 [INFO]   进度 100/162 | trades=0 | skip=40 | 2.0s
2026-08-03 23:16:32,751 [INFO]   进度 120/162 | trades=0 | skip=43 | 2.0s
2026-08-03 23:16:32,756 [INFO]   进度 140/162 | trades=0 | skip=50 | 2.0s
2026-08-03 23:16:32,756 [INFO]   进度 160/162 | trades=0 | skip=69 | 2.0s
2026-08-03 23:16:32,756 [INFO] ========== ZT回测完成 | trades=0 | fill_rate=30% | 2.0s ==========
2026-08-03 23:16:32,757 [WARNING]   无任何交易产生！
2026-08-03 23:16:32,757 [INFO]   score=-1000.0 | 月复利=0.0% | 笔数=0 胜率=0.0% DD=0.0% | lev=1.75x | 2.0s
2026-08-03 23:16:32,757 [INFO] ========== ZT回测 2025-12-01→2026-07-31 | top=3 board=gem+star entry=open_t1 sample=300 ==========
2026-08-03 23:16:32,757 [INFO]   进度 20/162 | trades=0 | skip=0 | 0.0s
2026-08-03 23:16:32,758 [INFO]   进度 40/162 | trades=0 | skip=0 | 0.0s
2026-08-03 23:16:32,759 [INFO]   进度 60/162 | trades=0 | skip=0 | 0.0s
2026-08-03 23:16:32,759 [INFO]   进度 80/162 | trades=0 | skip=0 | 0.0s
2026-08-03 23:16:32,760 [INFO]   进度 100/162 | trades=0 | skip=0 | 0.0s
2026-08-03 23:16:32,764 [INFO]   进度 120/162 | trades=0 | skip=0 | 0.0s
2026-08-03 23:16:32,765 [INFO]   进度 140/162 | trades=0 | skip=0 | 0.0s
2026-08-03 23:16:32,766 [INFO]   进度 160/162 | trades=0 | skip=0 | 0.0s
2026-08-03 23:16:32,767 [INFO] ========== ZT回测完成 | trades=0 | fill_rate=50% | 0.0s ==========
2026-08-03 23:16:32,767 [WARNING]   无任何交易产生！
2026-08-03 23:16:32,767 [INFO]   score=-1000.0 | 月复利=0.0% | 笔数=0 胜率=0.0% DD=0.0% | lev=2.00x | 0.0s
2026-08-03 23:16:32,767 [INFO] ========== ZT回测 2025-12-01→2026-07-31 | top=3 board=all entry=open_t1 sample=300 ==========
2026-08-03 23:16:32,772 [INFO]   进度 20/162 | trades=0 | skip=0 | 0.0s
2026-08-03 23:16:32,772 [INFO]   进度 40/162 | trades=0 | skip=0 | 0.0s
2026-08-03 23:16:32,773 [INFO]   进度 60/162 | trades=0 | skip=0 | 0.0s
2026-08-03 23:16:32,773 [INFO]   进度 80/162 | trades=0 | skip=0 | 0.0s
2026-08-03 23:16:32,774 [INFO]   进度 100/162 | trades=0 | skip=0 | 0.0s
2026-08-03 23:16:32,774 [INFO]   进度 120/162 | trades=0 | skip=0 | 0.0s
2026-08-03 23:16:32,775 [INFO]   进度 140/162 | trades=0 | skip=0 | 0.0s
2026-08-03 23:16:32,776 [INFO]   进度 160/162 | trades=0 | skip=0 | 0.0s
2026-08-03 23:16:32,776 [INFO] ========== ZT回测完成 | trades=0 | fill_rate=35% | 0.0s ==========
2026-08-03 23:16:32,776 [WARNING]   无任何交易产生！
2026-08-03 23:16:32,776 [INFO]   score=-1000.0 | 月复利=0.0% | 笔数=0 胜率=0.0% DD=0.0% | lev=1.00x | 0.0s
2026-08-03 23:16:32,777 [INFO] ========== ZT回测 2025-12-01→2026-07-31 | top=3 board=main entry=open_t1 sample=300 ==========
2026-08-03 23:16:34,892 [INFO] HS300 regime 预计算: 365 天 (bull=203 bear=41 crash=62 unknown=59)
2026-08-03 23:16:34,893 [INFO]   进度 20/162 | trades=0 | skip=6 | 2.1s
2026-08-03 23:16:34,893 [INFO]   进度 40/162 | trades=0 | skip=8 | 2.1s
2026-08-03 23:16:34,895 [INFO]   进度 60/162 | trades=0 | skip=18 | 2.1s
2026-08-03 23:16:34,895 [INFO]   进度 80/162 | trades=0 | skip=36 | 2.1s
2026-08-03 23:16:34,896 [INFO]   进度 100/162 | trades=0 | skip=40 | 2.1s
2026-08-03 23:16:34,897 [INFO]   进度 120/162 | trades=0 | skip=43 | 2.1s
2026-08-03 23:16:34,897 [INFO]   进度 140/162 | trades=0 | skip=50 | 2.1s
2026-08-03 23:16:34,897 [INFO]   进度 160/162 | trades=0 | skip=69 | 2.1s
2026-08-03 23:16:34,897 [INFO] ========== ZT回测完成 | trades=0 | fill_rate=50% | 2.1s ==========
2026-08-03 23:16:34,897 [WARNING]   无任何交易产生！
2026-08-03 23:16:34,897 [INFO]   score=-1000.0 | 月复利=0.0% | 笔数=0 胜率=0.0% DD=0.0% | lev=1.75x | 2.1s
2026-08-03 23:16:34,898 [INFO] ========== ZT回测 2025-12-01→2026-07-31 | top=2 board=gem+star entry=close_t0 sample=300 ==========
2026-08-03 23:16:34,956 [INFO]   进度 20/162 | trades=38 | skip=0 | 0.1s
2026-08-03 23:16:35,023 [INFO]   进度 40/162 | trades=78 | skip=0 | 0.1s
2026-08-03 23:16:35,092 [INFO]   进度 60/162 | trades=118 | skip=0 | 0.2s
2026-08-03 23:16:35,151 [INFO]   进度 80/162 | trades=158 | skip=0 | 0.3s
2026-08-03 23:16:35,203 [INFO]   进度 100/162 | trades=198 | skip=0 | 0.3s
2026-08-03 23:16:35,274 [INFO]   进度 120/162 | trades=238 | skip=0 | 0.4s
2026-08-03 23:16:35,333 [INFO]   进度 140/162 | trades=278 | skip=0 | 0.4s
2026-08-03 23:16:35,390 [INFO]   进度 160/162 | trades=318 | skip=0 | 0.5s
2026-08-03 23:16:35,397 [INFO] ========== ZT回测完成 | trades=322 | fill_rate=35% | 0.5s ==========
2026-08-03 23:16:35,757 [INFO]   笔数=322 | 胜率=75.2% | 平均=0.94% | 日均=11.24% | 总收益=1809.4% | 最大回撤=-14.8%
2026-08-03 23:16:35,757 [INFO]   [best      ] n=320 胜率=79.1% 平均=2.09% 累计=68506.0%
2026-08-03 23:16:35,757 [INFO]   [close_t1  ] n=320 胜率=42.8% 平均=-0.72% 累计=-90.9%
2026-08-03 23:16:35,757 [INFO]   [close_t2  ] n=317 胜率=39.4% 平均=-0.71% 累计=-91.4%
2026-08-03 23:16:35,757 [INFO]   [close_t3  ] n=315 胜率=39.0% 平均=-0.84% 累计=-94.9%
2026-08-03 23:16:35,757 [INFO]   [gap_t1    ] n=320 胜率=33.8% 平均=-0.56% 累计=-84.3%
2026-08-03 23:16:35,757 [INFO]   [open_t2   ] n=317 胜率=36.6% 平均=-0.80% 累计=-93.6%
2026-08-03 23:16:35,757 [INFO]   [stop_t1   ] n=183 胜率=0.0% 平均=-3.75% 累计=-99.9%
2026-08-03 23:16:35,757 [INFO]   [trail_t2  ] n=137 胜率=91.2% 平均=1.39% 累计=560.8%
2026-08-03 23:16:35,758 [INFO]   score=18.7 | 月复利=12.3% | 笔数=322 胜率=75.2% DD=-4.8% | lev=1.25x | 0.9s
2026-08-03 23:16:35,758 [INFO] ========== ZT回测 2025-12-01→2026-07-31 | top=2 board=all entry=close_t0 sample=300 ==========
2026-08-03 23:16:37,843 [INFO] HS300 regime 预计算: 365 天 (bull=203 bear=41 crash=62 unknown=59)
2026-08-03 23:16:37,844 [INFO]   进度 20/162 | trades=0 | skip=6 | 2.1s
2026-08-03 23:16:37,845 [INFO]   进度 40/162 | trades=0 | skip=8 | 2.1s
2026-08-03 23:16:37,846 [INFO]   进度 60/162 | trades=0 | skip=18 | 2.1s
2026-08-03 23:16:37,846 [INFO]   进度 80/162 | trades=0 | skip=36 | 2.1s
2026-08-03 23:16:37,847 [INFO]   进度 100/162 | trades=0 | skip=40 | 2.1s
2026-08-03 23:16:37,848 [INFO]   进度 120/162 | trades=0 | skip=43 | 2.1s
2026-08-03 23:16:37,849 [INFO]   进度 140/162 | trades=0 | skip=50 | 2.1s
2026-08-03 23:16:37,849 [INFO]   进度 160/162 | trades=0 | skip=69 | 2.1s
2026-08-03 23:16:37,849 [INFO] ========== ZT回测完成 | trades=0 | fill_rate=35% | 2.1s ==========
2026-08-03 23:16:37,849 [WARNING]   无任何交易产生！
2026-08-03 23:16:37,849 [INFO]   score=-1000.0 | 月复利=0.0% | 笔数=0 胜率=0.0% DD=0.0% | lev=1.00x | 2.1s
2026-08-03 23:16:37,849 [INFO] ========== ZT回测 2025-12-01→2026-07-31 | top=5 board=gem+star entry=open_t1 sample=300 ==========
2026-08-03 23:16:39,805 [INFO] HS300 regime 预计算: 365 天 (bull=203 bear=41 crash=62 unknown=59)
2026-08-03 23:16:39,806 [INFO]   进度 20/162 | trades=0 | skip=6 | 2.0s
2026-08-03 23:16:39,808 [INFO]   进度 40/162 | trades=0 | skip=8 | 2.0s
2026-08-03 23:16:39,808 [INFO]   进度 60/162 | trades=0 | skip=18 | 2.0s
2026-08-03 23:16:39,809 [INFO]   进度 80/162 | trades=0 | skip=36 | 2.0s
2026-08-03 23:16:39,812 [INFO]   进度 100/162 | trades=0 | skip=40 | 2.0s
2026-08-03 23:16:39,813 [INFO]   进度 120/162 | trades=0 | skip=43 | 2.0s
2026-08-03 23:16:39,814 [INFO]   进度 140/162 | trades=0 | skip=50 | 2.0s
2026-08-03 23:16:39,815 [INFO]   进度 160/162 | trades=0 | skip=69 | 2.0s
2026-08-03 23:16:39,815 [INFO] ========== ZT回测完成 | trades=0 | fill_rate=20% | 2.0s ==========
2026-08-03 23:16:39,815 [WARNING]   无任何交易产生！
2026-08-03 23:16:39,815 [INFO]   score=-1000.0 | 月复利=0.0% | 笔数=0 胜率=0.0% DD=0.0% | lev=1.00x | 2.0s
2026-08-03 23:16:39,815 [INFO] ========== ZT回测 2025-12-01→2026-07-31 | top=1 board=gem+star entry=open_t1 sample=300 ==========
2026-08-03 23:16:41,729 [INFO] HS300 regime 预计算: 365 天 (bull=203 bear=41 crash=62 unknown=59)
2026-08-03 23:16:41,730 [INFO]   进度 20/162 | trades=0 | skip=6 | 1.9s
2026-08-03 23:16:41,731 [INFO]   进度 40/162 | trades=0 | skip=8 | 1.9s
2026-08-03 23:16:41,731 [INFO]   进度 60/162 | trades=0 | skip=18 | 1.9s
2026-08-03 23:16:41,732 [INFO]   进度 80/162 | trades=0 | skip=36 | 1.9s
2026-08-03 23:16:41,733 [INFO]   进度 100/162 | trades=0 | skip=40 | 1.9s
2026-08-03 23:16:41,733 [INFO]   进度 120/162 | trades=0 | skip=43 | 1.9s
2026-08-03 23:16:41,735 [INFO]   进度 140/162 | trades=0 | skip=50 | 1.9s
2026-08-03 23:16:41,735 [INFO]   进度 160/162 | trades=0 | skip=69 | 1.9s
2026-08-03 23:16:41,735 [INFO] ========== ZT回测完成 | trades=0 | fill_rate=50% | 1.9s ==========
2026-08-03 23:16:41,735 [WARNING]   无任何交易产生！
2026-08-03 23:16:41,736 [INFO]   score=-1000.0 | 月复利=0.0% | 笔数=0 胜率=0.0% DD=0.0% | lev=1.00x | 1.9s
2026-08-03 23:16:41,736 [INFO] ========== ZT回测 2025-12-01→2026-07-31 | top=2 board=gem+star entry=close_t0 sample=300 ==========
2026-08-03 23:16:41,737 [INFO]   进度 20/162 | trades=0 | skip=0 | 0.0s
2026-08-03 23:16:41,739 [INFO]   进度 40/162 | trades=0 | skip=0 | 0.0s
2026-08-03 23:16:41,740 [INFO]   进度 60/162 | trades=0 | skip=0 | 0.0s
2026-08-03 23:16:41,741 [INFO]   进度 80/162 | trades=0 | skip=0 | 0.0s
2026-08-03 23:16:41,742 [INFO]   进度 100/162 | trades=0 | skip=0 | 0.0s
2026-08-03 23:16:41,745 [INFO]   进度 120/162 | trades=0 | skip=0 | 0.0s
2026-08-03 23:16:41,746 [INFO]   进度 140/162 | trades=0 | skip=0 | 0.0s
2026-08-03 23:16:41,748 [INFO]   进度 160/162 | trades=0 | skip=0 | 0.0s
2026-08-03 23:16:41,748 [INFO] ========== ZT回测完成 | trades=0 | fill_rate=25% | 0.0s ==========
2026-08-03 23:16:41,749 [WARNING]   无任何交易产生！
2026-08-03 23:16:41,749 [INFO]   score=-1000.0 | 月复利=0.0% | 笔数=0 胜率=0.0% DD=0.0% | lev=1.00x | 0.0s
2026-08-03 23:16:41,749 [INFO] ========== ZT回测 2025-12-01→2026-07-31 | top=1 board=main entry=open_t1 sample=300 ==========
2026-08-03 23:16:43,596 [INFO] HS300 regime 预计算: 365 天 (bull=203 bear=41 crash=62 unknown=59)
2026-08-03 23:16:43,597 [INFO]   进度 20/162 | trades=0 | skip=6 | 1.8s
2026-08-03 23:16:43,598 [INFO]   进度 40/162 | trades=0 | skip=8 | 1.8s
2026-08-03 23:16:43,598 [INFO]   进度 60/162 | trades=0 | skip=18 | 1.8s
2026-08-03 23:16:43,598 [INFO]   进度 80/162 | trades=0 | skip=36 | 1.8s
2026-08-03 23:16:43,599 [INFO]   进度 100/162 | trades=0 | skip=40 | 1.8s
2026-08-03 23:16:43,599 [INFO]   进度 120/162 | trades=0 | skip=43 | 1.9s
2026-08-03 23:16:43,600 [INFO]   进度 140/162 | trades=0 | skip=50 | 1.9s
2026-08-03 23:16:43,600 [INFO]   进度 160/162 | trades=0 | skip=69 | 1.9s
2026-08-03 23:16:43,600 [INFO] ========== ZT回测完成 | trades=0 | fill_rate=40% | 1.9s ==========
2026-08-03 23:16:43,600 [WARNING]   无任何交易产生！
2026-08-03 23:16:43,600 [INFO]   score=-1000.0 | 月复利=0.0% | 笔数=0 胜率=0.0% DD=0.0% | lev=1.25x | 1.9s
2026-08-03 23:16:43,600 [INFO] ========== ZT回测 2025-12-01→2026-07-31 | top=5 board=gem+star entry=open_t1 sample=300 ==========
2026-08-03 23:16:43,600 [INFO]   进度 20/162 | trades=0 | skip=0 | 0.0s
2026-08-03 23:16:43,602 [INFO]   进度 40/162 | trades=0 | skip=0 | 0.0s
2026-08-03 23:16:43,605 [INFO]   进度 60/162 | trades=0 | skip=0 | 0.0s
2026-08-03 23:16:43,606 [INFO]   进度 80/162 | trades=0 | skip=0 | 0.0s
2026-08-03 23:16:43,608 [INFO]   进度 100/162 | trades=0 | skip=0 | 0.0s
2026-08-03 23:16:43,608 [INFO]   进度 120/162 | trades=0 | skip=0 | 0.0s
2026-08-03 23:16:43,609 [INFO]   进度 140/162 | trades=0 | skip=0 | 0.0s
2026-08-03 23:16:43,609 [INFO]   进度 160/162 | trades=0 | skip=0 | 0.0s
2026-08-03 23:16:43,609 [INFO] ========== ZT回测完成 | trades=0 | fill_rate=100% | 0.0s ==========
2026-08-03 23:16:43,610 [WARNING]   无任何交易产生！
2026-08-03 23:16:43,610 [INFO]   score=-1000.0 | 月复利=0.0% | 笔数=0 胜率=0.0% DD=0.0% | lev=1.00x | 0.0s
2026-08-03 23:16:43,610 [INFO] ========== ZT回测 2025-12-01→2026-07-31 | top=5 board=main entry=open_t1 sample=300 ==========
2026-08-03 23:16:45,557 [INFO] HS300 regime 预计算: 365 天 (bull=203 bear=41 crash=62 unknown=59)
2026-08-03 23:16:45,557 [INFO]   进度 20/162 | trades=0 | skip=6 | 1.9s
2026-08-03 23:16:45,559 [INFO]   进度 40/162 | trades=0 | skip=8 | 1.9s
2026-08-03 23:16:45,560 [INFO]   进度 60/162 | trades=0 | skip=18 | 1.9s
2026-08-03 23:16:45,561 [INFO]   进度 80/162 | trades=0 | skip=36 | 1.9s
2026-08-03 23:16:45,562 [INFO]   进度 100/162 | trades=0 | skip=40 | 2.0s
2026-08-03 23:16:45,563 [INFO]   进度 120/162 | trades=0 | skip=43 | 2.0s
2026-08-03 23:16:45,564 [INFO]   进度 140/162 | trades=0 | skip=50 | 2.0s
2026-08-03 23:16:45,564 [INFO]   进度 160/162 | trades=0 | skip=69 | 2.0s
2026-08-03 23:16:45,564 [INFO] ========== ZT回测完成 | trades=0 | fill_rate=30% | 2.0s ==========
2026-08-03 23:16:45,564 [WARNING]   无任何交易产生！
2026-08-03 23:16:45,564 [INFO]   score=-1000.0 | 月复利=0.0% | 笔数=0 胜率=0.0% DD=0.0% | lev=1.50x | 2.0s
2026-08-03 23:16:45,565 [INFO] ========== ZT回测 2025-12-01→2026-07-31 | top=5 board=main entry=open_t1 sample=300 ==========
2026-08-03 23:16:45,565 [INFO]   进度 20/162 | trades=0 | skip=0 | 0.0s
2026-08-03 23:16:45,565 [INFO]   进度 40/162 | trades=0 | skip=0 | 0.0s
2026-08-03 23:16:45,567 [INFO]   进度 60/162 | trades=0 | skip=0 | 0.0s
2026-08-03 23:16:45,567 [INFO]   进度 80/162 | trades=0 | skip=0 | 0.0s
2026-08-03 23:16:45,568 [INFO]   进度 100/162 | trades=0 | skip=0 | 0.0s
2026-08-03 23:16:45,569 [INFO]   进度 120/162 | trades=0 | skip=0 | 0.0s
2026-08-03 23:16:45,570 [INFO]   进度 140/162 | trades=0 | skip=0 | 0.0s
2026-08-03 23:16:45,571 [INFO]   进度 160/162 | trades=0 | skip=0 | 0.0s
2026-08-03 23:16:45,571 [INFO] ========== ZT回测完成 | trades=0 | fill_rate=100% | 0.0s ==========
2026-08-03 23:16:45,571 [WARNING]   无任何交易产生！
2026-08-03 23:16:45,571 [INFO]   score=-1000.0 | 月复利=0.0% | 笔数=0 胜率=0.0% DD=0.0% | lev=1.00x | 0.0s
2026-08-03 23:16:45,571 [INFO] ========== ZT回测 2025-12-01→2026-07-31 | top=2 board=all entry=open_t1 sample=300 ==========
2026-08-03 23:16:47,971 [INFO] HS300 regime 预计算: 365 天 (bull=203 bear=41 crash=62 unknown=59)
2026-08-03 23:16:47,972 [INFO]   进度 20/162 | trades=0 | skip=6 | 2.4s
2026-08-03 23:16:47,975 [INFO]   进度 40/162 | trades=0 | skip=8 | 2.4s
2026-08-03 23:16:47,976 [INFO]   进度 60/162 | trades=0 | skip=18 | 2.4s
2026-08-03 23:16:47,976 [INFO]   进度 80/162 | trades=0 | skip=36 | 2.4s
2026-08-03 23:16:47,978 [INFO]   进度 100/162 | trades=0 | skip=40 | 2.4s
2026-08-03 23:16:47,981 [INFO]   进度 120/162 | trades=0 | skip=43 | 2.4s
2026-08-03 23:16:47,983 [INFO]   进度 140/162 | trades=0 | skip=50 | 2.4s
2026-08-03 23:16:47,983 [INFO]   进度 160/162 | trades=0 | skip=69 | 2.4s
2026-08-03 23:16:47,983 [INFO] ========== ZT回测完成 | trades=0 | fill_rate=50% | 2.4s ==========
2026-08-03 23:16:47,983 [WARNING]   无任何交易产生！
2026-08-03 23:16:47,983 [INFO]   score=-1000.0 | 月复利=0.0% | 笔数=0 胜率=0.0% DD=0.0% | lev=1.50x | 2.4s
2026-08-03 23:16:47,983 [INFO] ========== ZT回测 2025-12-01→2026-07-31 | top=1 board=all entry=open_t1 sample=300 ==========
2026-08-03 23:16:49,848 [INFO] HS300 regime 预计算: 365 天 (bull=203 bear=41 crash=62 unknown=59)
2026-08-03 23:16:49,849 [INFO]   进度 20/162 | trades=0 | skip=6 | 1.9s
2026-08-03 23:16:49,850 [INFO]   进度 40/162 | trades=0 | skip=8 | 1.9s
2026-08-03 23:16:49,851 [INFO]   进度 60/162 | trades=0 | skip=18 | 1.9s
2026-08-03 23:16:49,851 [INFO]   进度 80/162 | trades=0 | skip=36 | 1.9s
2026-08-03 23:16:49,851 [INFO]   进度 100/162 | trades=0 | skip=40 | 1.9s
2026-08-03 23:16:49,853 [INFO]   进度 120/162 | trades=0 | skip=43 | 1.9s
2026-08-03 23:16:49,854 [INFO]   进度 140/162 | trades=0 | skip=50 | 1.9s
2026-08-03 23:16:49,855 [INFO]   进度 160/162 | trades=0 | skip=69 | 1.9s
2026-08-03 23:16:49,855 [INFO] ========== ZT回测完成 | trades=0 | fill_rate=30% | 1.9s ==========
2026-08-03 23:16:49,855 [WARNING]   无任何交易产生！
2026-08-03 23:16:49,855 [INFO]   score=-1000.0 | 月复利=0.0% | 笔数=0 胜率=0.0% DD=0.0% | lev=1.25x | 1.9s
2026-08-03 23:16:49,855 [INFO] ========== ZT回测 2025-12-01→2026-07-31 | top=5 board=main entry=open_t1 sample=300 ==========
2026-08-03 23:16:49,855 [INFO]   进度 20/162 | trades=0 | skip=0 | 0.0s
2026-08-03 23:16:49,856 [INFO]   进度 40/162 | trades=0 | skip=0 | 0.0s
2026-08-03 23:16:49,857 [INFO]   进度 60/162 | trades=0 | skip=0 | 0.0s
2026-08-03 23:16:49,857 [INFO]   进度 80/162 | trades=0 | skip=0 | 0.0s
2026-08-03 23:16:49,858 [INFO]   进度 100/162 | trades=0 | skip=0 | 0.0s
2026-08-03 23:16:49,859 [INFO]   进度 120/162 | trades=0 | skip=0 | 0.0s
2026-08-03 23:16:49,862 [INFO]   进度 140/162 | trades=0 | skip=0 | 0.0s
2026-08-03 23:16:49,863 [INFO]   进度 160/162 | trades=0 | skip=0 | 0.0s
2026-08-03 23:16:49,864 [INFO] ========== ZT回测完成 | trades=0 | fill_rate=30% | 0.0s ==========
2026-08-03 23:16:49,864 [WARNING]   无任何交易产生！
2026-08-03 23:16:49,864 [INFO]   score=-1000.0 | 月复利=0.0% | 笔数=0 胜率=0.0% DD=0.0% | lev=1.50x | 0.0s
2026-08-03 23:16:49,864 [INFO] ========== ZT回测 2025-12-01→2026-07-31 | top=1 board=all entry=close_t0 sample=300 ==========
2026-08-03 23:16:49,864 [INFO]   进度 20/162 | trades=0 | skip=0 | 0.0s
2026-08-03 23:16:49,865 [INFO]   进度 40/162 | trades=0 | skip=0 | 0.0s
2026-08-03 23:16:49,865 [INFO]   进度 60/162 | trades=0 | skip=0 | 0.0s
2026-08-03 23:16:49,865 [INFO]   进度 80/162 | trades=0 | skip=0 | 0.0s
2026-08-03 23:16:49,866 [INFO]   进度 100/162 | trades=0 | skip=0 | 0.0s
2026-08-03 23:16:49,866 [INFO]   进度 120/162 | trades=0 | skip=0 | 0.0s
2026-08-03 23:16:49,867 [INFO]   进度 140/162 | trades=0 | skip=0 | 0.0s
2026-08-03 23:16:49,867 [INFO]   进度 160/162 | trades=0 | skip=0 | 0.0s
2026-08-03 23:16:49,867 [INFO] ========== ZT回测完成 | trades=0 | fill_rate=35% | 0.0s ==========
2026-08-03 23:16:49,867 [WARNING]   无任何交易产生！
2026-08-03 23:16:49,867 [INFO]   score=-1000.0 | 月复利=0.0% | 笔数=0 胜率=0.0% DD=0.0% | lev=1.50x | 0.0s
2026-08-03 23:16:49,867 [INFO] ========== ZT回测 2025-12-01→2026-07-31 | top=5 board=main entry=open_t1 sample=300 ==========
2026-08-03 23:16:49,869 [INFO]   进度 20/162 | trades=0 | skip=0 | 0.0s
2026-08-03 23:16:49,871 [INFO]   进度 40/162 | trades=0 | skip=0 | 0.0s
2026-08-03 23:16:49,873 [INFO]   进度 60/162 | trades=0 | skip=0 | 0.0s
2026-08-03 23:16:49,874 [INFO]   进度 80/162 | trades=0 | skip=0 | 0.0s
2026-08-03 23:16:49,876 [INFO]   进度 100/162 | trades=0 | skip=0 | 0.0s
2026-08-03 23:16:49,879 [INFO]   进度 120/162 | trades=0 | skip=0 | 0.0s
2026-08-03 23:16:49,881 [INFO]   进度 140/162 | trades=0 | skip=0 | 0.0s
2026-08-03 23:16:49,882 [INFO]   进度 160/162 | trades=0 | skip=0 | 0.0s
2026-08-03 23:16:49,882 [INFO] ========== ZT回测完成 | trades=0 | fill_rate=30% | 0.0s ==========
2026-08-03 23:16:49,882 [WARNING]   无任何交易产生！
2026-08-03 23:16:49,882 [INFO]   score=-1000.0 | 月复利=0.0% | 笔数=0 胜率=0.0% DD=0.0% | lev=1.25x | 0.0s
2026-08-03 23:16:49,883 [INFO] ========== ZT回测 2025-12-01→2026-07-31 | top=2 board=gem+star entry=close_t0 sample=300 ==========
2026-08-03 23:16:51,883 [INFO] HS300 regime 预计算: 365 天 (bull=203 bear=41 crash=62 unknown=59)
2026-08-03 23:16:51,884 [INFO]   进度 20/162 | trades=0 | skip=6 | 2.0s
2026-08-03 23:16:51,884 [INFO]   进度 40/162 | trades=0 | skip=8 | 2.0s
2026-08-03 23:16:51,884 [INFO]   进度 60/162 | trades=0 | skip=18 | 2.0s
2026-08-03 23:16:51,884 [INFO]   进度 80/162 | trades=0 | skip=36 | 2.0s
2026-08-03 23:16:51,886 [INFO]   进度 100/162 | trades=0 | skip=40 | 2.0s
2026-08-03 23:16:51,887 [INFO]   进度 120/162 | trades=0 | skip=43 | 2.0s
2026-08-03 23:16:51,888 [INFO]   进度 140/162 | trades=0 | skip=50 | 2.0s
2026-08-03 23:16:51,888 [INFO]   进度 160/162 | trades=0 | skip=69 | 2.0s
2026-08-03 23:16:51,888 [INFO] ========== ZT回测完成 | trades=0 | fill_rate=40% | 2.0s ==========
2026-08-03 23:16:51,888 [WARNING]   无任何交易产生！
2026-08-03 23:16:51,888 [INFO]   score=-1000.0 | 月复利=0.0% | 笔数=0 胜率=0.0% DD=0.0% | lev=2.00x | 2.0s
2026-08-03 23:16:51,888 [INFO] ========== ZT回测 2025-12-01→2026-07-31 | top=3 board=all entry=open_t1 sample=300 ==========
2026-08-03 23:16:54,008 [INFO] HS300 regime 预计算: 365 天 (bull=203 bear=41 crash=62 unknown=59)
2026-08-03 23:16:54,009 [INFO]   进度 20/162 | trades=0 | skip=6 | 2.1s
2026-08-03 23:16:54,011 [INFO]   进度 40/162 | trades=0 | skip=8 | 2.1s
2026-08-03 23:16:54,012 [INFO]   进度 60/162 | trades=0 | skip=18 | 2.1s
2026-08-03 23:16:54,012 [INFO]   进度 80/162 | trades=0 | skip=36 | 2.1s
2026-08-03 23:16:54,013 [INFO]   进度 100/162 | trades=0 | skip=40 | 2.1s
2026-08-03 23:16:54,014 [INFO]   进度 120/162 | trades=0 | skip=43 | 2.1s
2026-08-03 23:16:54,015 [INFO]   进度 140/162 | trades=0 | skip=50 | 2.1s
2026-08-03 23:16:54,015 [INFO]   进度 160/162 | trades=0 | skip=69 | 2.1s
2026-08-03 23:16:54,015 [INFO] ========== ZT回测完成 | trades=0 | fill_rate=40% | 2.1s ==========
2026-08-03 23:16:54,015 [WARNING]   无任何交易产生！
2026-08-03 23:16:54,015 [INFO]   score=-1000.0 | 月复利=0.0% | 笔数=0 胜率=0.0% DD=0.0% | lev=1.25x | 2.1s
2026-08-03 23:16:54,015 [INFO] ========== ZT回测 2025-12-01→2026-07-31 | top=5 board=all entry=open_t1 sample=300 ==========
2026-08-03 23:16:54,133 [INFO]   进度 20/162 | trades=89 | skip=0 | 0.1s
2026-08-03 23:16:54,262 [INFO]   进度 40/162 | trades=187 | skip=0 | 0.2s
2026-08-03 23:16:54,381 [INFO]   进度 60/162 | trades=273 | skip=0 | 0.4s
2026-08-03 23:16:54,487 [INFO]   进度 80/162 | trades=347 | skip=0 | 0.5s
2026-08-03 23:16:54,592 [INFO]   进度 100/162 | trades=424 | skip=0 | 0.6s
2026-08-03 23:16:54,716 [INFO]   进度 120/162 | trades=514 | skip=0 | 0.7s
2026-08-03 23:16:54,882 [INFO]   进度 140/162 | trades=598 | skip=0 | 0.9s
2026-08-03 23:16:55,232 [INFO]   进度 160/162 | trades=683 | skip=0 | 1.2s
2026-08-03 23:16:55,240 [INFO] ========== ZT回测完成 | trades=692 | fill_rate=20% | 1.2s ==========
2026-08-03 23:16:55,922 [INFO]   笔数=692 | 胜率=60.3% | 平均=-0.07% | 日均=-0.28% | 总收益=-44.5% | 最大回撤=-65.2%
2026-08-03 23:16:55,923 [INFO]   [best      ] n=692 胜率=70.1% 平均=0.76% 累计=18485.5%
2026-08-03 23:16:55,923 [INFO]   [close_t1  ] n=692 胜率=20.4% 平均=-0.80% 累计=-99.6%
2026-08-03 23:16:55,923 [INFO]   [close_t2  ] n=685 胜率=43.5% 平均=-0.51% 累计=-97.2%
2026-08-03 23:16:55,923 [INFO]   [close_t3  ] n=680 胜率=40.7% 平均=-0.43% 累计=-95.8%
2026-08-03 23:16:55,923 [INFO]   [gap_t1    ] n=692 胜率=0.0% 平均=0.00% 累计=0.0%
2026-08-03 23:16:55,923 [INFO]   [open_t2   ] n=685 胜率=40.9% 平均=-0.57% 累计=-98.2%
2026-08-03 23:16:55,923 [INFO]   [stop_t1   ] n=323 胜率=0.0% 平均=-2.29% 累计=-99.9%
2026-08-03 23:16:55,923 [INFO]   [trail_t2  ] n=337 胜率=95.5% 平均=1.35% 累计=8867.3%
2026-08-03 23:16:55,923 [INFO]   score=-0.7 | 月复利=-0.9% | 笔数=692 胜率=60.3% DD=-9.4% | lev=2.00x | 1.9s
2026-08-03 23:16:55,923 [INFO] ========== ZT回测 2025-12-01→2026-07-31 | top=1 board=gem+star entry=close_t0 sample=300 ==========
2026-08-03 23:16:57,966 [INFO] HS300 regime 预计算: 365 天 (bull=203 bear=41 crash=62 unknown=59)
2026-08-03 23:16:57,967 [INFO]   进度 20/162 | trades=0 | skip=6 | 2.0s
2026-08-03 23:16:57,967 [INFO]   进度 40/162 | trades=0 | skip=8 | 2.0s
2026-08-03 23:16:57,968 [INFO]   进度 60/162 | trades=0 | skip=18 | 2.0s
2026-08-03 23:16:57,969 [INFO]   进度 80/162 | trades=0 | skip=36 | 2.0s
2026-08-03 23:16:57,971 [INFO]   进度 100/162 | trades=0 | skip=40 | 2.0s
2026-08-03 23:16:57,973 [INFO]   进度 120/162 | trades=0 | skip=43 | 2.0s
2026-08-03 23:16:57,973 [INFO]   进度 140/162 | trades=0 | skip=50 | 2.1s
2026-08-03 23:16:57,974 [INFO]   进度 160/162 | trades=0 | skip=69 | 2.1s
2026-08-03 23:16:57,974 [INFO] ========== ZT回测完成 | trades=0 | fill_rate=100% | 2.1s ==========
2026-08-03 23:16:57,974 [WARNING]   无任何交易产生！
2026-08-03 23:16:57,974 [INFO]   score=-1000.0 | 月复利=0.0% | 笔数=0 胜率=0.0% DD=0.0% | lev=2.00x | 2.1s
2026-08-03 23:16:57,974 [INFO] ========== ZT回测 2025-12-01→2026-07-31 | top=3 board=all entry=close_t0 sample=300 ==========
2026-08-03 23:16:57,976 [INFO]   进度 20/162 | trades=0 | skip=0 | 0.0s
2026-08-03 23:16:57,981 [INFO]   进度 40/162 | trades=0 | skip=0 | 0.0s
2026-08-03 23:16:57,982 [INFO]   进度 60/162 | trades=0 | skip=0 | 0.0s
2026-08-03 23:16:57,982 [INFO]   进度 80/162 | trades=0 | skip=0 | 0.0s
2026-08-03 23:16:57,983 [INFO]   进度 100/162 | trades=0 | skip=0 | 0.0s
2026-08-03 23:16:57,984 [INFO]   进度 120/162 | trades=0 | skip=0 | 0.0s
2026-08-03 23:16:57,990 [INFO]   进度 140/162 | trades=0 | skip=0 | 0.0s
2026-08-03 23:16:57,992 [INFO]   进度 160/162 | trades=0 | skip=0 | 0.0s
2026-08-03 23:16:57,992 [INFO] ========== ZT回测完成 | trades=0 | fill_rate=100% | 0.0s ==========
2026-08-03 23:16:57,992 [WARNING]   无任何交易产生！
2026-08-03 23:16:57,992 [INFO]   score=-1000.0 | 月复利=0.0% | 笔数=0 胜率=0.0% DD=0.0% | lev=2.00x | 0.0s
2026-08-03 23:16:57,993 [INFO] ========== ZT回测 2025-12-01→2026-07-31 | top=3 board=main entry=open_t1 sample=300 ==========
2026-08-03 23:17:00,334 [INFO] HS300 regime 预计算: 365 天 (bull=203 bear=41 crash=62 unknown=59)
2026-08-03 23:17:00,336 [INFO]   进度 20/162 | trades=0 | skip=6 | 2.3s
2026-08-03 23:17:00,337 [INFO]   进度 40/162 | trades=0 | skip=8 | 2.3s
2026-08-03 23:17:00,338 [INFO]   进度 60/162 | trades=0 | skip=18 | 2.3s
2026-08-03 23:17:00,338 [INFO]   进度 80/162 | trades=0 | skip=36 | 2.3s
2026-08-03 23:17:00,340 [INFO]   进度 100/162 | trades=0 | skip=40 | 2.3s
2026-08-03 23:17:00,341 [INFO]   进度 120/162 | trades=0 | skip=43 | 2.3s
2026-08-03 23:17:00,342 [INFO]   进度 140/162 | trades=0 | skip=50 | 2.3s
2026-08-03 23:17:00,342 [INFO]   进度 160/162 | trades=0 | skip=69 | 2.3s
2026-08-03 23:17:00,342 [INFO] ========== ZT回测完成 | trades=0 | fill_rate=40% | 2.3s ==========
2026-08-03 23:17:00,342 [WARNING]   无任何交易产生！
2026-08-03 23:17:00,342 [INFO]   score=-1000.0 | 月复利=0.0% | 笔数=0 胜率=0.0% DD=0.0% | lev=1.25x | 2.3s
2026-08-03 23:17:00,344 [INFO] ========== ZT回测 2025-12-01→2026-07-31 | top=5 board=gem+star entry=close_t0 sample=300 ==========
2026-08-03 23:17:02,466 [INFO] HS300 regime 预计算: 365 天 (bull=203 bear=41 crash=62 unknown=59)
2026-08-03 23:17:02,746 [INFO]   进度 20/162 | trades=63 | skip=6 | 2.4s
2026-08-03 23:17:03,216 [INFO]   进度 40/162 | trades=149 | skip=8 | 2.9s
2026-08-03 23:17:03,394 [INFO]   进度 60/162 | trades=195 | skip=18 | 3.1s
2026-08-03 23:17:03,456 [INFO]   进度 80/162 | trades=205 | skip=36 | 3.1s
2026-08-03 23:17:03,783 [INFO]   进度 100/162 | trades=283 | skip=40 | 3.4s
2026-08-03 23:17:04,032 [INFO]   进度 120/162 | trades=363 | skip=43 | 3.7s
2026-08-03 23:17:04,273 [INFO]   进度 140/162 | trades=428 | skip=50 | 3.9s
2026-08-03 23:17:04,289 [INFO]   进度 160/162 | trades=433 | skip=69 | 3.9s
2026-08-03 23:17:04,289 [INFO] ========== ZT回测完成 | trades=433 | fill_rate=20% | 3.9s ==========
2026-08-03 23:17:04,766 [INFO]   笔数=433 | 胜率=82.5% | 平均=0.66% | 日均=17.76% | 总收益=1598.6% | 最大回撤=-5.3%
2026-08-03 23:17:04,767 [INFO]   [best      ] n=433 胜率=86.1% 平均=1.33% 累计=29345.5%
2026-08-03 23:17:04,767 [INFO]   [close_t1  ] n=433 胜率=44.1% 平均=-0.19% 累计=-58.2%
2026-08-03 23:17:04,767 [INFO]   [close_t2  ] n=433 胜率=42.0% 平均=-0.13% 累计=-49.1%
2026-08-03 23:17:04,767 [INFO]   [close_t3  ] n=433 胜率=45.5% 平均=-0.04% 累计=-27.7%
2026-08-03 23:17:04,767 [INFO]   [gap_t1    ] n=433 胜率=40.4% 平均=-0.18% 累计=-55.6%
2026-08-03 23:17:04,767 [INFO]   [open_t2   ] n=433 胜率=38.3% 平均=-0.19% 累计=-60.0%
2026-08-03 23:17:04,767 [INFO]   [stop_t1   ] n=124 胜率=0.0% 平均=-2.25% 累计=-94.0%
2026-08-03 23:17:04,767 [INFO]   [trail_t2  ] n=299 胜率=82.9% 平均=0.58% 累计=460.9%
2026-08-03 23:17:04,767 [INFO]   score=3.5 | 月复利=2.3% | 笔数=433 胜率=82.5% DD=-0.2% | lev=1.75x | 4.4s
2026-08-03 23:17:04,767 [INFO] ========== ZT回测 2025-12-01→2026-07-31 | top=5 board=all entry=open_t1 sample=300 ==========
2026-08-03 23:17:04,767 [INFO]   进度 20/162 | trades=0 | skip=0 | 0.0s
2026-08-03 23:17:04,771 [INFO]   进度 40/162 | trades=0 | skip=0 | 0.0s
2026-08-03 23:17:04,774 [INFO]   进度 60/162 | trades=0 | skip=0 | 0.0s
2026-08-03 23:17:04,775 [INFO]   进度 80/162 | trades=0 | skip=0 | 0.0s
2026-08-03 23:17:04,777 [INFO]   进度 100/162 | trades=0 | skip=0 | 0.0s
2026-08-03 23:17:04,779 [INFO]   进度 120/162 | trades=0 | skip=0 | 0.0s
2026-08-03 23:17:04,781 [INFO]   进度 140/162 | trades=0 | skip=0 | 0.0s
2026-08-03 23:17:04,782 [INFO]   进度 160/162 | trades=0 | skip=0 | 0.0s
2026-08-03 23:17:04,782 [INFO] ========== ZT回测完成 | trades=0 | fill_rate=50% | 0.0s ==========
2026-08-03 23:17:04,782 [WARNING]   无任何交易产生！
2026-08-03 23:17:04,782 [INFO]   score=-1000.0 | 月复利=0.0% | 笔数=0 胜率=0.0% DD=0.0% | lev=1.00x | 0.0s
2026-08-03 23:17:04,782 [INFO] ========== ZT回测 2025-12-01→2026-07-31 | top=3 board=all entry=close_t0 sample=300 ==========
2026-08-03 23:17:07,408 [INFO] HS300 regime 预计算: 365 天 (bull=203 bear=41 crash=62 unknown=59)
2026-08-03 23:17:07,409 [INFO]   进度 20/162 | trades=0 | skip=6 | 2.6s
2026-08-03 23:17:07,414 [INFO]   进度 40/162 | trades=0 | skip=8 | 2.6s
2026-08-03 23:17:07,414 [INFO]   进度 60/162 | trades=0 | skip=18 | 2.6s
2026-08-03 23:17:07,414 [INFO]   进度 80/162 | trades=0 | skip=36 | 2.6s
2026-08-03 23:17:07,415 [INFO]   进度 100/162 | trades=0 | skip=40 | 2.6s
2026-08-03 23:17:07,417 [INFO]   进度 120/162 | trades=0 | skip=43 | 2.6s
2026-08-03 23:17:07,420 [INFO]   进度 140/162 | trades=0 | skip=50 | 2.6s
2026-08-03 23:17:07,422 [INFO]   进度 160/162 | trades=0 | skip=69 | 2.6s
2026-08-03 23:17:07,425 [INFO] ========== ZT回测完成 | trades=0 | fill_rate=20% | 2.6s ==========
2026-08-03 23:17:07,425 [WARNING]   无任何交易产生！
2026-08-03 23:17:07,425 [INFO]   score=-1000.0 | 月复利=0.0% | 笔数=0 胜率=0.0% DD=0.0% | lev=1.50x | 2.6s
2026-08-03 23:17:07,426 [INFO] ========== ZT回测 2025-12-01→2026-07-31 | top=1 board=gem+star entry=close_t0 sample=300 ==========
2026-08-03 23:17:10,597 [INFO] HS300 regime 预计算: 365 天 (bull=203 bear=41 crash=62 unknown=59)
2026-08-03 23:17:10,598 [INFO]   进度 20/162 | trades=0 | skip=6 | 3.2s
2026-08-03 23:17:10,599 [INFO]   进度 40/162 | trades=0 | skip=8 | 3.2s
2026-08-03 23:17:10,599 [INFO]   进度 60/162 | trades=0 | skip=18 | 3.2s
2026-08-03 23:17:10,599 [INFO]   进度 80/162 | trades=0 | skip=36 | 3.2s
2026-08-03 23:17:10,600 [INFO]   进度 100/162 | trades=0 | skip=40 | 3.2s
2026-08-03 23:17:10,602 [INFO]   进度 120/162 | trades=0 | skip=43 | 3.2s
2026-08-03 23:17:10,603 [INFO]   进度 140/162 | trades=0 | skip=50 | 3.2s
2026-08-03 23:17:10,604 [INFO]   进度 160/162 | trades=0 | skip=69 | 3.2s
2026-08-03 23:17:10,604 [INFO] ========== ZT回测完成 | trades=0 | fill_rate=20% | 3.2s ==========
2026-08-03 23:17:10,604 [WARNING]   无任何交易产生！
2026-08-03 23:17:10,604 [INFO]   score=-1000.0 | 月复利=0.0% | 笔数=0 胜率=0.0% DD=0.0% | lev=2.00x | 3.2s
2026-08-03 23:17:10,604 [INFO] ========== ZT回测 2025-12-01→2026-07-31 | top=2 board=gem+star entry=close_t0 sample=300 ==========
2026-08-03 23:17:12,303 [INFO] HS300 regime 预计算: 365 天 (bull=203 bear=41 crash=62 unknown=59)
2026-08-03 23:17:12,305 [INFO]   进度 20/162 | trades=0 | skip=6 | 1.7s
2026-08-03 23:17:12,307 [INFO]   进度 40/162 | trades=0 | skip=8 | 1.7s
2026-08-03 23:17:12,308 [INFO]   进度 60/162 | trades=0 | skip=18 | 1.7s
2026-08-03 23:17:12,308 [INFO]   进度 80/162 | trades=0 | skip=36 | 1.7s
2026-08-03 23:17:12,313 [INFO]   进度 100/162 | trades=0 | skip=40 | 1.7s
2026-08-03 23:17:12,314 [INFO]   进度 120/162 | trades=0 | skip=43 | 1.7s
2026-08-03 23:17:12,316 [INFO]   进度 140/162 | trades=0 | skip=50 | 1.7s
2026-08-03 23:17:12,317 [INFO]   进度 160/162 | trades=0 | skip=69 | 1.7s
2026-08-03 23:17:12,317 [INFO] ========== ZT回测完成 | trades=0 | fill_rate=40% | 1.7s ==========
2026-08-03 23:17:12,317 [WARNING]   无任何交易产生！
2026-08-03 23:17:12,317 [INFO]   score=-1000.0 | 月复利=0.0% | 笔数=0 胜率=0.0% DD=0.0% | lev=1.50x | 1.7s
2026-08-03 23:17:12,317 [INFO] ========== ZT回测 2025-12-01→2026-07-31 | top=3 board=all entry=open_t1 sample=300 ==========
2026-08-03 23:17:14,248 [INFO] HS300 regime 预计算: 365 天 (bull=203 bear=41 crash=62 unknown=59)
2026-08-03 23:17:14,287 [INFO]   进度 20/162 | trades=38 | skip=6 | 2.0s
2026-08-03 23:17:14,344 [INFO]   进度 40/162 | trades=92 | skip=8 | 2.0s
2026-08-03 23:17:14,376 [INFO]   进度 60/162 | trades=122 | skip=18 | 2.1s
2026-08-03 23:17:14,381 [INFO]   进度 80/162 | trades=128 | skip=36 | 2.1s
2026-08-03 23:17:14,439 [INFO]   进度 100/162 | trades=175 | skip=40 | 2.1s
2026-08-03 23:17:14,487 [INFO]   进度 120/162 | trades=225 | skip=43 | 2.2s
2026-08-03 23:17:14,535 [INFO]   进度 140/162 | trades=262 | skip=50 | 2.2s
2026-08-03 23:17:14,538 [INFO]   进度 160/162 | trades=265 | skip=69 | 2.2s
2026-08-03 23:17:14,538 [INFO] ========== ZT回测完成 | trades=265 | fill_rate=20% | 2.2s ==========
2026-08-03 23:17:14,745 [INFO]   笔数=265 | 胜率=61.9% | 平均=0.00% | 日均=-0.06% | 总收益=-5.7% | 最大回撤=-49.2%
2026-08-03 23:17:14,745 [INFO]   [best      ] n=265 胜率=71.7% 平均=0.82% 累计=762.3%
2026-08-03 23:17:14,745 [INFO]   [close_t1  ] n=265 胜率=20.0% 平均=-0.77% 累计=-87.2%
2026-08-03 23:17:14,745 [INFO]   [close_t2  ] n=265 胜率=44.1% 平均=-0.48% 累计=-73.8%
2026-08-03 23:17:14,745 [INFO]   [close_t3  ] n=265 胜率=44.1% 平均=-0.30% 累计=-59.3%
2026-08-03 23:17:14,745 [INFO]   [gap_t1    ] n=265 胜率=0.0% 平均=0.00% 累计=0.0%
2026-08-03 23:17:14,745 [INFO]   [open_t2   ] n=265 胜率=41.5% 平均=-0.52% 累计=-76.0%
2026-08-03 23:17:14,745 [INFO]   [stop_t1   ] n=23 胜率=0.0% 平均=-3.56% 累计=-56.6%
2026-08-03 23:17:14,745 [INFO]   [trail_t2  ] n=204 胜率=66.7% 平均=0.55% 累计=197.7%
2026-08-03 23:17:14,745 [INFO]   score=-0.5 | 月复利=-0.4% | 笔数=265 胜率=61.9% DD=-12.0% | lev=1.75x | 2.4s
2026-08-03 23:17:14,745 [INFO] ========== ZT回测 2025-12-01→2026-07-31 | top=1 board=main entry=open_t1 sample=300 ==========
2026-08-03 23:17:16,795 [INFO] HS300 regime 预计算: 365 天 (bull=203 bear=41 crash=62 unknown=59)
2026-08-03 23:17:16,798 [INFO]   进度 20/162 | trades=0 | skip=6 | 2.1s
2026-08-03 23:17:16,799 [INFO]   进度 40/162 | trades=0 | skip=8 | 2.1s
2026-08-03 23:17:16,800 [INFO]   进度 60/162 | trades=0 | skip=18 | 2.1s
2026-08-03 23:17:16,800 [INFO]   进度 80/162 | trades=0 | skip=36 | 2.1s
2026-08-03 23:17:16,802 [INFO]   进度 100/162 | trades=0 | skip=40 | 2.1s
2026-08-03 23:17:16,804 [INFO]   进度 120/162 | trades=0 | skip=43 | 2.1s
2026-08-03 23:17:16,806 [INFO]   进度 140/162 | trades=0 | skip=50 | 2.1s
2026-08-03 23:17:16,806 [INFO]   进度 160/162 | trades=0 | skip=69 | 2.1s
2026-08-03 23:17:16,806 [INFO] ========== ZT回测完成 | trades=0 | fill_rate=20% | 2.1s ==========
2026-08-03 23:17:16,806 [WARNING]   无任何交易产生！
2026-08-03 23:17:16,806 [INFO]   score=-1000.0 | 月复利=0.0% | 笔数=0 胜率=0.0% DD=0.0% | lev=1.25x | 2.1s
2026-08-03 23:17:16,807 [INFO] ========== ZT回测 2025-12-01→2026-07-31 | top=3 board=main entry=close_t0 sample=300 ==========
2026-08-03 23:17:19,213 [INFO] HS300 regime 预计算: 365 天 (bull=203 bear=41 crash=62 unknown=59)
2026-08-03 23:17:19,214 [INFO]   进度 20/162 | trades=0 | skip=6 | 2.4s
2026-08-03 23:17:19,216 [INFO]   进度 40/162 | trades=0 | skip=8 | 2.4s
2026-08-03 23:17:19,216 [INFO]   进度 60/162 | trades=0 | skip=18 | 2.4s
2026-08-03 23:17:19,216 [INFO]   进度 80/162 | trades=0 | skip=36 | 2.4s
2026-08-03 23:17:19,217 [INFO]   进度 100/162 | trades=0 | skip=40 | 2.4s
2026-08-03 23:17:19,219 [INFO]   进度 120/162 | trades=0 | skip=43 | 2.4s
2026-08-03 23:17:19,220 [INFO]   进度 140/162 | trades=0 | skip=50 | 2.4s
2026-08-03 23:17:19,220 [INFO]   进度 160/162 | trades=0 | skip=69 | 2.4s
2026-08-03 23:17:19,220 [INFO] ========== ZT回测完成 | trades=0 | fill_rate=35% | 2.4s ==========
2026-08-03 23:17:19,220 [WARNING]   无任何交易产生！
2026-08-03 23:17:19,220 [INFO]   score=-1000.0 | 月复利=0.0% | 笔数=0 胜率=0.0% DD=0.0% | lev=1.25x | 2.4s
2026-08-03 23:17:19,220 [INFO] ========== ZT回测 2025-12-01→2026-07-31 | top=1 board=main entry=close_t0 sample=300 ==========
2026-08-03 23:17:19,249 [INFO]   进度 20/162 | trades=19 | skip=0 | 0.0s
2026-08-03 23:17:19,279 [INFO]   进度 40/162 | trades=39 | skip=0 | 0.1s
2026-08-03 23:17:19,319 [INFO]   进度 60/162 | trades=59 | skip=0 | 0.1s
2026-08-03 23:17:19,355 [INFO]   进度 80/162 | trades=79 | skip=0 | 0.1s
2026-08-03 23:17:19,383 [INFO]   进度 100/162 | trades=99 | skip=0 | 0.2s
2026-08-03 23:17:19,447 [INFO]   进度 120/162 | trades=119 | skip=0 | 0.2s
2026-08-03 23:17:19,489 [INFO]   进度 140/162 | trades=139 | skip=0 | 0.3s
2026-08-03 23:17:19,521 [INFO]   进度 160/162 | trades=159 | skip=0 | 0.3s
2026-08-03 23:17:19,528 [INFO] ========== ZT回测完成 | trades=161 | fill_rate=100% | 0.3s ==========
2026-08-03 23:17:19,906 [INFO]   笔数=161 | 胜率=77.0% | 平均=2.40% | 日均=19.91% | 总收益=3205.7% | 最大回撤=-50.5%
2026-08-03 23:17:19,906 [INFO]   [best      ] n=160 胜率=80.6% 平均=6.77% 累计=2468136.8%
2026-08-03 23:17:19,906 [INFO]   [close_t1  ] n=160 胜率=41.9% 平均=-1.85% 累计=-96.7%
2026-08-03 23:17:19,906 [INFO]   [close_t2  ] n=158 胜率=44.9% 平均=-1.15% 累计=-93.6%
2026-08-03 23:17:19,906 [INFO]   [close_t3  ] n=157 胜率=44.0% 平均=-0.90% 累计=-93.8%
2026-08-03 23:17:19,906 [INFO]   [gap_t1    ] n=160 胜率=35.6% 平均=-1.49% 累计=-92.7%
2026-08-03 23:17:19,906 [INFO]   [open_t2   ] n=158 胜率=36.7% 平均=-1.68% 累计=-97.2%
2026-08-03 23:17:19,906 [INFO]   [stop_t1   ] n=15 胜率=0.0% 平均=-13.58% 累计=-88.8%
2026-08-03 23:17:19,906 [INFO]   [trail_t2  ] n=137 胜率=74.5% 平均=1.78% 累计=904.6%
2026-08-03 23:17:19,906 [INFO]   score=46.4 | 月复利=81.2% | 笔数=161 胜率=77.0% DD=-60.0% | lev=1.25x | 0.7s
2026-08-03 23:17:19,906 [INFO] ========== ZT回测 2025-12-01→2026-07-31 | top=3 board=main entry=open_t1 sample=300 ==========
2026-08-03 23:17:21,789 [INFO] HS300 regime 预计算: 365 天 (bull=203 bear=41 crash=62 unknown=59)
2026-08-03 23:17:21,790 [INFO]   进度 20/162 | trades=0 | skip=6 | 1.9s
2026-08-03 23:17:21,790 [INFO]   进度 40/162 | trades=0 | skip=8 | 1.9s
2026-08-03 23:17:21,791 [INFO]   进度 60/162 | trades=0 | skip=18 | 1.9s
2026-08-03 23:17:21,791 [INFO]   进度 80/162 | trades=0 | skip=36 | 1.9s
2026-08-03 23:17:21,791 [INFO]   进度 100/162 | trades=0 | skip=40 | 1.9s
2026-08-03 23:17:21,793 [INFO]   进度 120/162 | trades=0 | skip=43 | 1.9s
2026-08-03 23:17:21,795 [INFO]   进度 140/162 | trades=0 | skip=50 | 1.9s
2026-08-03 23:17:21,795 [INFO]   进度 160/162 | trades=0 | skip=69 | 1.9s
2026-08-03 23:17:21,795 [INFO] ========== ZT回测完成 | trades=0 | fill_rate=30% | 1.9s ==========
2026-08-03 23:17:21,795 [WARNING]   无任何交易产生！
2026-08-03 23:17:21,795 [INFO]   score=-1000.0 | 月复利=0.0% | 笔数=0 胜率=0.0% DD=0.0% | lev=1.75x | 1.9s
2026-08-03 23:17:21,795 [INFO] ========== ZT回测 2025-12-01→2026-07-31 | top=2 board=all entry=close_t0 sample=300 ==========
2026-08-03 23:17:21,796 [INFO]   进度 20/162 | trades=0 | skip=0 | 0.0s
2026-08-03 23:17:21,798 [INFO]   进度 40/162 | trades=0 | skip=0 | 0.0s
2026-08-03 23:17:21,799 [INFO]   进度 60/162 | trades=0 | skip=0 | 0.0s
2026-08-03 23:17:21,801 [INFO]   进度 80/162 | trades=0 | skip=0 | 0.0s
2026-08-03 23:17:21,803 [INFO]   进度 100/162 | trades=0 | skip=0 | 0.0s
2026-08-03 23:17:21,804 [INFO]   进度 120/162 | trades=0 | skip=0 | 0.0s
2026-08-03 23:17:21,806 [INFO]   进度 140/162 | trades=0 | skip=0 | 0.0s
2026-08-03 23:17:21,807 [INFO]   进度 160/162 | trades=0 | skip=0 | 0.0s
2026-08-03 23:17:21,807 [INFO] ========== ZT回测完成 | trades=0 | fill_rate=40% | 0.0s ==========
2026-08-03 23:17:21,808 [WARNING]   无任何交易产生！
2026-08-03 23:17:21,808 [INFO]   score=-1000.0 | 月复利=0.0% | 笔数=0 胜率=0.0% DD=0.0% | lev=1.75x | 0.0s
2026-08-03 23:17:21,808 [INFO] ========== ZT回测 2025-12-01→2026-07-31 | top=1 board=gem+star entry=open_t1 sample=300 ==========
2026-08-03 23:17:23,815 [INFO] HS300 regime 预计算: 365 天 (bull=203 bear=41 crash=62 unknown=59)
2026-08-03 23:17:23,830 [INFO]   进度 20/162 | trades=13 | skip=6 | 2.0s
2026-08-03 23:17:23,849 [INFO]   进度 40/162 | trades=31 | skip=8 | 2.0s
2026-08-03 23:17:23,857 [INFO]   进度 60/162 | trades=41 | skip=18 | 2.0s
2026-08-03 23:17:23,860 [INFO]   进度 80/162 | trades=43 | skip=36 | 2.1s
2026-08-03 23:17:23,873 [INFO]   进度 100/162 | trades=59 | skip=40 | 2.1s
2026-08-03 23:17:23,890 [INFO]   进度 120/162 | trades=76 | skip=43 | 2.1s
2026-08-03 23:17:23,899 [INFO]   进度 140/162 | trades=89 | skip=50 | 2.1s
2026-08-03 23:17:23,901 [INFO]   进度 160/162 | trades=90 | skip=69 | 2.1s
2026-08-03 23:17:23,901 [INFO] ========== ZT回测完成 | trades=90 | fill_rate=25% | 2.1s ==========
2026-08-03 23:17:24,237 [INFO]   笔数=90 | 胜率=50.0% | 平均=-0.48% | 日均=-0.42% | 总收益=-37.7% | 最大回撤=-37.9%
2026-08-03 23:17:24,238 [INFO]   [best      ] n=90 胜率=65.6% 平均=0.89% 累计=118.9%
2026-08-03 23:17:24,238 [INFO]   [close_t1  ] n=90 胜率=23.3% 平均=-1.28% 累计=-69.0%
2026-08-03 23:17:24,238 [INFO]   [close_t2  ] n=90 胜率=30.0% 平均=-1.15% 累计=-65.6%
2026-08-03 23:17:24,238 [INFO]   [close_t3  ] n=90 胜率=28.9% 平均=-1.29% 累计=-70.3%
2026-08-03 23:17:24,238 [INFO]   [gap_t1    ] n=90 胜率=0.0% 平均=0.00% 累计=0.0%
2026-08-03 23:17:24,238 [INFO]   [open_t2   ] n=90 胜率=30.0% 平均=-1.37% 累计=-71.9%
2026-08-03 23:17:24,238 [INFO]   [stop_t1   ] n=46 胜率=0.0% 平均=-3.34% 累计=-79.1%
2026-08-03 23:17:24,238 [INFO]   [trail_t2  ] n=37 胜率=91.9% 平均=1.71% 累计=87.0%
2026-08-03 23:17:24,238 [INFO]   score=-2.0 | 月复利=-11.0% | 笔数=90 胜率=50.0% DD=-64.1% | lev=2.00x | 2.4s
2026-08-03 23:17:24,248 [INFO] ========== ZT回测 2025-12-01→2026-07-31 | top=2 board=gem+star entry=close_t0 sample=300 ==========
2026-08-03 23:17:24,414 [INFO]   进度 20/162 | trades=36 | skip=0 | 0.2s
2026-08-03 23:17:24,469 [INFO]   进度 40/162 | trades=76 | skip=0 | 0.2s
2026-08-03 23:17:24,518 [INFO]   进度 60/162 | trades=109 | skip=0 | 0.3s
2026-08-03 23:17:24,566 [INFO]   进度 80/162 | trades=141 | skip=0 | 0.3s
2026-08-03 23:17:24,598 [INFO]   进度 100/162 | trades=165 | skip=0 | 0.3s
2026-08-03 23:17:24,654 [INFO]   进度 120/162 | trades=196 | skip=0 | 0.4s
2026-08-03 23:17:24,696 [INFO]   进度 140/162 | trades=226 | skip=0 | 0.4s
2026-08-03 23:17:24,722 [INFO]   进度 160/162 | trades=250 | skip=0 | 0.5s
2026-08-03 23:17:24,724 [INFO] ========== ZT回测完成 | trades=254 | fill_rate=50% | 0.5s ==========
2026-08-03 23:17:25,062 [INFO]   笔数=254 | 胜率=88.2% | 平均=1.97% | 日均=88.30% | 总收益=12714.6% | 最大回撤=-20.8%
2026-08-03 23:17:25,062 [INFO]   [best      ] n=254 胜率=89.0% 平均=5.17% 累计=30572763.4%
2026-08-03 23:17:25,062 [INFO]   [close_t1  ] n=254 胜率=66.9% 平均=0.76% 累计=481.5%
2026-08-03 23:17:25,062 [INFO]   [close_t2  ] n=252 胜率=61.1% 平均=1.83% 累计=6172.2%
2026-08-03 23:17:25,062 [INFO]   [close_t3  ] n=250 胜率=57.6% 平均=2.04% 累计=7219.8%
2026-08-03 23:17:25,062 [INFO]   [gap_t1    ] n=254 胜率=65.0% 平均=0.90% 累计=793.1%
2026-08-03 23:17:25,062 [INFO]   [open_t2   ] n=252 胜率=61.5% 平均=1.58% 累计=3445.8%
2026-08-03 23:17:25,062 [INFO]   [stop_t1   ] n=10 胜率=0.0% 平均=-6.79% 累计=-50.5%
2026-08-03 23:17:25,062 [INFO]   [trail_t2  ] n=232 胜率=94.4% 平均=2.60% 累计=38089.5%
2026-08-03 23:17:25,062 [INFO]   score=77.6 | 月复利=40.5% | 笔数=254 胜率=88.2% DD=-14.2% | lev=2.00x | 0.8s
2026-08-03 23:17:25,063 [INFO] ========== ZT回测 2025-12-01→2026-07-31 | top=1 board=main entry=open_t1 sample=300 ==========
2026-08-03 23:17:25,092 [INFO]   进度 20/162 | trades=19 | skip=0 | 0.0s
2026-08-03 23:17:25,126 [INFO]   进度 40/162 | trades=39 | skip=0 | 0.1s
2026-08-03 23:17:25,160 [INFO]   进度 60/162 | trades=59 | skip=0 | 0.1s
2026-08-03 23:17:25,198 [INFO]   进度 80/162 | trades=79 | skip=0 | 0.1s
2026-08-03 23:17:25,230 [INFO]   进度 100/162 | trades=99 | skip=0 | 0.2s
2026-08-03 23:17:25,273 [INFO]   进度 120/162 | trades=119 | skip=0 | 0.2s
2026-08-03 23:17:25,309 [INFO]   进度 140/162 | trades=139 | skip=0 | 0.2s
2026-08-03 23:17:25,337 [INFO]   进度 160/162 | trades=159 | skip=0 | 0.3s
2026-08-03 23:17:25,338 [INFO] ========== ZT回测完成 | trades=161 | fill_rate=100% | 0.3s ==========
2026-08-03 23:17:25,741 [INFO]   笔数=161 | 胜率=67.7% | 平均=0.78% | 日均=0.21% | 总收益=34.1% | 最大回撤=-72.8%
2026-08-03 23:17:25,741 [INFO]   [best      ] n=161 胜率=76.4% 平均=4.73% 累计=136518.5%
2026-08-03 23:17:25,741 [INFO]   [close_t1  ] n=161 胜率=23.0% 平均=-3.68% 累计=-99.8%
2026-08-03 23:17:25,741 [INFO]   [close_t2  ] n=160 胜率=48.8% 平均=-1.86% 累计=-97.9%
2026-08-03 23:17:25,741 [INFO]   [close_t3  ] n=159 胜率=42.8% 平均=-1.40% 累计=-97.5%
2026-08-03 23:17:25,741 [INFO]   [gap_t1    ] n=161 胜率=0.0% 平均=0.00% 累计=0.0%
2026-08-03 23:17:25,741 [INFO]   [open_t2   ] n=160 胜率=46.9% 平均=-2.31% 累计=-98.8%
2026-08-03 23:17:25,741 [INFO]   [stop_t1   ] n=20 胜率=0.0% 平均=-16.55% 累计=-97.3%
2026-08-03 23:17:25,741 [INFO]   [trail_t2  ] n=120 胜率=85.0% 平均=4.50% 累计=15208.1%
2026-08-03 23:17:25,741 [INFO]   score=1.4 | 月复利=9.4% | 笔数=161 胜率=67.7% DD=-91.1% | lev=1.50x | 0.7s
2026-08-03 23:17:25,741 [INFO] ========== ZT回测 2025-12-01→2026-07-31 | top=5 board=gem+star entry=close_t0 sample=300 ==========
2026-08-03 23:17:27,916 [INFO] HS300 regime 预计算: 365 天 (bull=203 bear=41 crash=62 unknown=59)
2026-08-03 23:17:27,916 [INFO]   进度 20/162 | trades=0 | skip=6 | 2.2s
2026-08-03 23:17:27,917 [INFO]   进度 40/162 | trades=0 | skip=8 | 2.2s
2026-08-03 23:17:27,918 [INFO]   进度 60/162 | trades=0 | skip=18 | 2.2s
2026-08-03 23:17:27,918 [INFO]   进度 80/162 | trades=0 | skip=36 | 2.2s
2026-08-03 23:17:27,918 [INFO]   进度 100/162 | trades=0 | skip=40 | 2.2s
2026-08-03 23:17:27,919 [INFO]   进度 120/162 | trades=0 | skip=43 | 2.2s
2026-08-03 23:17:27,920 [INFO]   进度 140/162 | trades=0 | skip=50 | 2.2s
2026-08-03 23:17:27,920 [INFO]   进度 160/162 | trades=0 | skip=69 | 2.2s
2026-08-03 23:17:27,920 [INFO] ========== ZT回测完成 | trades=0 | fill_rate=20% | 2.2s ==========
2026-08-03 23:17:27,920 [WARNING]   无任何交易产生！
2026-08-03 23:17:27,920 [INFO]   score=-1000.0 | 月复利=0.0% | 笔数=0 胜率=0.0% DD=0.0% | lev=1.25x | 2.2s
2026-08-03 23:17:27,920 [INFO] ========== ZT回测 2025-12-01→2026-07-31 | top=1 board=all entry=open_t1 sample=300 ==========
2026-08-03 23:17:27,921 [INFO]   进度 20/162 | trades=0 | skip=0 | 0.0s
2026-08-03 23:17:27,922 [INFO]   进度 40/162 | trades=0 | skip=0 | 0.0s
2026-08-03 23:17:27,923 [INFO]   进度 60/162 | trades=0 | skip=0 | 0.0s
2026-08-03 23:17:27,923 [INFO]   进度 80/162 | trades=0 | skip=0 | 0.0s
2026-08-03 23:17:27,924 [INFO]   进度 100/162 | trades=0 | skip=0 | 0.0s
2026-08-03 23:17:27,925 [INFO]   进度 120/162 | trades=0 | skip=0 | 0.0s
2026-08-03 23:17:27,927 [INFO]   进度 140/162 | trades=0 | skip=0 | 0.0s
2026-08-03 23:17:27,928 [INFO]   进度 160/162 | trades=0 | skip=0 | 0.0s
2026-08-03 23:17:27,929 [INFO] ========== ZT回测完成 | trades=0 | fill_rate=50% | 0.0s ==========
2026-08-03 23:17:27,929 [WARNING]   无任何交易产生！
2026-08-03 23:17:27,929 [INFO]   score=-1000.0 | 月复利=0.0% | 笔数=0 胜率=0.0% DD=0.0% | lev=1.25x | 0.0s
2026-08-03 23:17:27,929 [INFO] ========== ZT回测 2025-12-01→2026-07-31 | top=3 board=all entry=close_t0 sample=300 ==========
2026-08-03 23:17:29,812 [INFO] HS300 regime 预计算: 365 天 (bull=203 bear=41 crash=62 unknown=59)
2026-08-03 23:17:29,813 [INFO]   进度 20/162 | trades=0 | skip=6 | 1.9s
2026-08-03 23:17:29,813 [INFO]   进度 40/162 | trades=0 | skip=8 | 1.9s
2026-08-03 23:17:29,813 [INFO]   进度 60/162 | trades=0 | skip=18 | 1.9s
2026-08-03 23:17:29,813 [INFO]   进度 80/162 | trades=0 | skip=36 | 1.9s
2026-08-03 23:17:29,814 [INFO]   进度 100/162 | trades=0 | skip=40 | 1.9s
2026-08-03 23:17:29,814 [INFO]   进度 120/162 | trades=0 | skip=43 | 1.9s
2026-08-03 23:17:29,815 [INFO]   进度 140/162 | trades=0 | skip=50 | 1.9s
2026-08-03 23:17:29,815 [INFO]   进度 160/162 | trades=0 | skip=69 | 1.9s
2026-08-03 23:17:29,815 [INFO] ========== ZT回测完成 | trades=0 | fill_rate=40% | 1.9s ==========
2026-08-03 23:17:29,815 [WARNING]   无任何交易产生！
2026-08-03 23:17:29,815 [INFO]   score=-1000.0 | 月复利=0.0% | 笔数=0 胜率=0.0% DD=0.0% | lev=1.75x | 1.9s
2026-08-03 23:17:29,816 [INFO] ========== ZT回测 2025-12-01→2026-07-31 | top=1 board=main entry=open_t1 sample=300 ==========
2026-08-03 23:17:31,593 [INFO] HS300 regime 预计算: 365 天 (bull=203 bear=41 crash=62 unknown=59)
2026-08-03 23:17:31,595 [INFO]   进度 20/162 | trades=0 | skip=6 | 1.8s
2026-08-03 23:17:31,595 [INFO]   进度 40/162 | trades=0 | skip=8 | 1.8s
2026-08-03 23:17:31,596 [INFO]   进度 60/162 | trades=0 | skip=18 | 1.8s
2026-08-03 23:17:31,596 [INFO]   进度 80/162 | trades=0 | skip=36 | 1.8s
2026-08-03 23:17:31,596 [INFO]   进度 100/162 | trades=0 | skip=40 | 1.8s
2026-08-03 23:17:31,596 [INFO]   进度 120/162 | trades=0 | skip=43 | 1.8s
2026-08-03 23:17:31,597 [INFO]   进度 140/162 | trades=0 | skip=50 | 1.8s
2026-08-03 23:17:31,597 [INFO]   进度 160/162 | trades=0 | skip=69 | 1.8s
2026-08-03 23:17:31,597 [INFO] ========== ZT回测完成 | trades=0 | fill_rate=25% | 1.8s ==========
2026-08-03 23:17:31,597 [WARNING]   无任何交易产生！
2026-08-03 23:17:31,597 [INFO]   score=-1000.0 | 月复利=0.0% | 笔数=0 胜率=0.0% DD=0.0% | lev=2.00x | 1.8s
2026-08-03 23:17:31,597 [INFO] ========== ZT回测 2025-12-01→2026-07-31 | top=1 board=gem+star entry=close_t0 sample=300 ==========
2026-08-03 23:17:31,599 [INFO]   进度 20/162 | trades=0 | skip=0 | 0.0s
2026-08-03 23:17:31,600 [INFO]   进度 40/162 | trades=0 | skip=0 | 0.0s
2026-08-03 23:17:31,602 [INFO]   进度 60/162 | trades=0 | skip=0 | 0.0s
2026-08-03 23:17:31,603 [INFO]   进度 80/162 | trades=0 | skip=0 | 0.0s
2026-08-03 23:17:31,605 [INFO]   进度 100/162 | trades=0 | skip=0 | 0.0s
2026-08-03 23:17:31,607 [INFO]   进度 120/162 | trades=0 | skip=0 | 0.0s
2026-08-03 23:17:31,609 [INFO]   进度 140/162 | trades=0 | skip=0 | 0.0s
2026-08-03 23:17:31,613 [INFO]   进度 160/162 | trades=0 | skip=0 | 0.0s
2026-08-03 23:17:31,614 [INFO] ========== ZT回测完成 | trades=0 | fill_rate=20% | 0.0s ==========
2026-08-03 23:17:31,614 [WARNING]   无任何交易产生！
2026-08-03 23:17:31,614 [INFO]   score=-1000.0 | 月复利=0.0% | 笔数=0 胜率=0.0% DD=0.0% | lev=1.50x | 0.0s
2026-08-03 23:17:31,614 [INFO] ========== ZT回测 2025-12-01→2026-07-31 | top=1 board=gem+star entry=open_t1 sample=300 ==========
2026-08-03 23:17:31,615 [INFO]   进度 20/162 | trades=0 | skip=0 | 0.0s
2026-08-03 23:17:31,617 [INFO]   进度 40/162 | trades=0 | skip=0 | 0.0s
2026-08-03 23:17:31,620 [INFO]   进度 60/162 | trades=0 | skip=0 | 0.0s
2026-08-03 23:17:31,623 [INFO]   进度 80/162 | trades=0 | skip=0 | 0.0s
2026-08-03 23:17:31,624 [INFO]   进度 100/162 | trades=0 | skip=0 | 0.0s
2026-08-03 23:17:31,627 [INFO]   进度 120/162 | trades=0 | skip=0 | 0.0s
2026-08-03 23:17:31,630 [INFO]   进度 140/162 | trades=0 | skip=0 | 0.0s
2026-08-03 23:17:31,631 [INFO]   进度 160/162 | trades=0 | skip=0 | 0.0s
2026-08-03 23:17:31,631 [INFO] ========== ZT回测完成 | trades=0 | fill_rate=20% | 0.0s ==========
2026-08-03 23:17:31,631 [WARNING]   无任何交易产生！
2026-08-03 23:17:31,631 [INFO]   score=-1000.0 | 月复利=0.0% | 笔数=0 胜率=0.0% DD=0.0% | lev=1.25x | 0.0s
2026-08-03 23:17:31,631 [INFO] ========== ZT回测 2025-12-01→2026-07-31 | top=5 board=main entry=close_t0 sample=300 ==========
2026-08-03 23:17:31,632 [INFO]   进度 20/162 | trades=0 | skip=0 | 0.0s
2026-08-03 23:17:31,633 [INFO]   进度 40/162 | trades=0 | skip=0 | 0.0s
2026-08-03 23:17:31,633 [INFO]   进度 60/162 | trades=0 | skip=0 | 0.0s
2026-08-03 23:17:31,634 [INFO]   进度 80/162 | trades=0 | skip=0 | 0.0s
2026-08-03 23:17:31,636 [INFO]   进度 100/162 | trades=0 | skip=0 | 0.0s
2026-08-03 23:17:31,637 [INFO]   进度 120/162 | trades=0 | skip=0 | 0.0s
2026-08-03 23:17:31,638 [INFO]   进度 140/162 | trades=0 | skip=0 | 0.0s
2026-08-03 23:17:31,638 [INFO]   进度 160/162 | trades=0 | skip=0 | 0.0s
2026-08-03 23:17:31,638 [INFO] ========== ZT回测完成 | trades=0 | fill_rate=100% | 0.0s ==========
2026-08-03 23:17:31,639 [WARNING]   无任何交易产生！
2026-08-03 23:17:31,639 [INFO]   score=-1000.0 | 月复利=0.0% | 笔数=0 胜率=0.0% DD=0.0% | lev=2.00x | 0.0s
2026-08-03 23:17:31,639 [INFO] ========== ZT回测 2025-12-01→2026-07-31 | top=2 board=all entry=open_t1 sample=300 ==========
2026-08-03 23:17:34,152 [INFO] HS300 regime 预计算: 365 天 (bull=203 bear=41 crash=62 unknown=59)
2026-08-03 23:17:34,154 [INFO]   进度 20/162 | trades=0 | skip=6 | 2.5s
2026-08-03 23:17:34,155 [INFO]   进度 40/162 | trades=0 | skip=8 | 2.5s
2026-08-03 23:17:34,155 [INFO]   进度 60/162 | trades=0 | skip=18 | 2.5s
2026-08-03 23:17:34,155 [INFO]   进度 80/162 | trades=0 | skip=36 | 2.5s
2026-08-03 23:17:34,156 [INFO]   进度 100/162 | trades=0 | skip=40 | 2.5s
2026-08-03 23:17:34,158 [INFO]   进度 120/162 | trades=0 | skip=43 | 2.5s
2026-08-03 23:17:34,161 [INFO]   进度 140/162 | trades=0 | skip=50 | 2.5s
2026-08-03 23:17:34,162 [INFO]   进度 160/162 | trades=0 | skip=69 | 2.5s
2026-08-03 23:17:34,162 [INFO] ========== ZT回测完成 | trades=0 | fill_rate=20% | 2.5s ==========
2026-08-03 23:17:34,162 [WARNING]   无任何交易产生！
2026-08-03 23:17:34,162 [INFO]   score=-1000.0 | 月复利=0.0% | 笔数=0 胜率=0.0% DD=0.0% | lev=1.00x | 2.5s
2026-08-03 23:17:34,162 [INFO] ========== ZT回测 2025-12-01→2026-07-31 | top=5 board=main entry=open_t1 sample=300 ==========
2026-08-03 23:17:36,338 [INFO] HS300 regime 预计算: 365 天 (bull=203 bear=41 crash=62 unknown=59)
2026-08-03 23:17:36,339 [INFO]   进度 20/162 | trades=0 | skip=6 | 2.2s
2026-08-03 23:17:36,340 [INFO]   进度 40/162 | trades=0 | skip=8 | 2.2s
2026-08-03 23:17:36,341 [INFO]   进度 60/162 | trades=0 | skip=18 | 2.2s
2026-08-03 23:17:36,341 [INFO]   进度 80/162 | trades=0 | skip=36 | 2.2s
2026-08-03 23:17:36,342 [INFO]   进度 100/162 | trades=0 | skip=40 | 2.2s
2026-08-03 23:17:36,343 [INFO]   进度 120/162 | trades=0 | skip=43 | 2.2s
2026-08-03 23:17:36,344 [INFO]   进度 140/162 | trades=0 | skip=50 | 2.2s
2026-08-03 23:17:36,345 [INFO]   进度 160/162 | trades=0 | skip=69 | 2.2s
2026-08-03 23:17:36,345 [INFO] ========== ZT回测完成 | trades=0 | fill_rate=20% | 2.2s ==========
2026-08-03 23:17:36,345 [WARNING]   无任何交易产生！
2026-08-03 23:17:36,345 [INFO]   score=-1000.0 | 月复利=0.0% | 笔数=0 胜率=0.0% DD=0.0% | lev=1.75x | 2.2s
2026-08-03 23:17:36,345 [INFO] ========== ZT回测 2025-12-01→2026-07-31 | top=3 board=gem+star entry=open_t1 sample=300 ==========
2026-08-03 23:17:36,346 [INFO]   进度 20/162 | trades=0 | skip=0 | 0.0s
2026-08-03 23:17:36,347 [INFO]   进度 40/162 | trades=0 | skip=0 | 0.0s
2026-08-03 23:17:36,347 [INFO]   进度 60/162 | trades=0 | skip=0 | 0.0s
2026-08-03 23:17:36,348 [INFO]   进度 80/162 | trades=0 | skip=0 | 0.0s
2026-08-03 23:17:36,348 [INFO]   进度 100/162 | trades=0 | skip=0 | 0.0s
2026-08-03 23:17:36,349 [INFO]   进度 120/162 | trades=0 | skip=0 | 0.0s
2026-08-03 23:17:36,349 [INFO]   进度 140/162 | trades=0 | skip=0 | 0.0s
2026-08-03 23:17:36,350 [INFO]   进度 160/162 | trades=0 | skip=0 | 0.0s
2026-08-03 23:17:36,350 [INFO] ========== ZT回测完成 | trades=0 | fill_rate=40% | 0.0s ==========
2026-08-03 23:17:36,350 [WARNING]   无任何交易产生！
2026-08-03 23:17:36,350 [INFO]   score=-1000.0 | 月复利=0.0% | 笔数=0 胜率=0.0% DD=0.0% | lev=1.25x | 0.0s
2026-08-03 23:17:36,351 [INFO] ========== ZT回测 2025-12-01→2026-07-31 | top=2 board=gem+star entry=close_t0 sample=300 ==========
2026-08-03 23:17:36,454 [INFO]   进度 20/162 | trades=38 | skip=0 | 0.1s
2026-08-03 23:17:36,533 [INFO]   进度 40/162 | trades=78 | skip=0 | 0.2s
2026-08-03 23:17:36,600 [INFO]   进度 60/162 | trades=116 | skip=0 | 0.2s
2026-08-03 23:17:36,680 [INFO]   进度 80/162 | trades=151 | skip=0 | 0.3s
2026-08-03 23:17:36,731 [INFO]   进度 100/162 | trades=182 | skip=0 | 0.4s
2026-08-03 23:17:36,785 [INFO]   进度 120/162 | trades=218 | skip=0 | 0.4s
2026-08-03 23:17:36,823 [INFO]   进度 140/162 | trades=250 | skip=0 | 0.5s
2026-08-03 23:17:36,850 [INFO]   进度 160/162 | trades=279 | skip=0 | 0.5s
2026-08-03 23:17:36,858 [INFO] ========== ZT回测完成 | trades=283 | fill_rate=20% | 0.5s ==========
2026-08-03 23:17:37,173 [INFO]   笔数=283 | 胜率=87.6% | 平均=0.83% | 日均=6.15% | 总收益=928.0% | 最大回撤=-6.8%
2026-08-03 23:17:37,173 [INFO]   [best      ] n=283 胜率=87.6% 平均=1.98% 累计=24953.2%
2026-08-03 23:17:37,173 [INFO]   [close_t1  ] n=283 胜率=64.7% 平均=0.21% 累计=75.2%
2026-08-03 23:17:37,173 [INFO]   [close_t2  ] n=281 胜率=56.9% 平均=0.56% 累计=346.7%
2026-08-03 23:17:37,173 [INFO]   [close_t3  ] n=279 胜率=54.8% 平均=0.67% 累计=452.3%
2026-08-03 23:17:37,173 [INFO]   [gap_t1    ] n=283 胜率=64.3% 平均=0.32% 累计=141.0%
2026-08-03 23:17:37,173 [INFO]   [open_t2   ] n=281 胜率=59.4% 平均=0.48% 累计=257.4%
2026-08-03 23:17:37,173 [INFO]   [stop_t1   ] n=58 胜率=0.0% 平均=-2.59% 累计=-78.2%
2026-08-03 23:17:37,173 [INFO]   [trail_t2  ] n=222 胜率=95.0% 平均=0.94% 累计=693.0%
2026-08-03 23:17:37,173 [INFO]   score=18.6 | 月复利=12.2% | 笔数=283 胜率=87.6% DD=-3.3% | lev=1.50x | 0.8s
2026-08-03 23:17:37,173 [INFO] ========== ZT回测 2025-12-01→2026-07-31 | top=3 board=main entry=close_t0 sample=300 ==========
2026-08-03 23:17:39,378 [INFO] HS300 regime 预计算: 365 天 (bull=203 bear=41 crash=62 unknown=59)
2026-08-03 23:17:39,378 [INFO]   进度 20/162 | trades=0 | skip=6 | 2.2s
2026-08-03 23:17:39,381 [INFO]   进度 40/162 | trades=0 | skip=8 | 2.2s
2026-08-03 23:17:39,381 [INFO]   进度 60/162 | trades=0 | skip=18 | 2.2s
2026-08-03 23:17:39,381 [INFO]   进度 80/162 | trades=0 | skip=36 | 2.2s
2026-08-03 23:17:39,382 [INFO]   进度 100/162 | trades=0 | skip=40 | 2.2s
2026-08-03 23:17:39,383 [INFO]   进度 120/162 | trades=0 | skip=43 | 2.2s
2026-08-03 23:17:39,387 [INFO]   进度 140/162 | trades=0 | skip=50 | 2.2s
2026-08-03 23:17:39,387 [INFO]   进度 160/162 | trades=0 | skip=69 | 2.2s
2026-08-03 23:17:39,388 [INFO] ========== ZT回测完成 | trades=0 | fill_rate=30% | 2.2s ==========
2026-08-03 23:17:39,388 [WARNING]   无任何交易产生！
2026-08-03 23:17:39,388 [INFO]   score=-1000.0 | 月复利=0.0% | 笔数=0 胜率=0.0% DD=0.0% | lev=1.00x | 2.2s
2026-08-03 23:17:39,388 [INFO] ========== ZT回测 2025-12-01→2026-07-31 | top=1 board=main entry=open_t1 sample=300 ==========
2026-08-03 23:17:39,389 [INFO]   进度 20/162 | trades=0 | skip=0 | 0.0s
2026-08-03 23:17:39,391 [INFO]   进度 40/162 | trades=0 | skip=0 | 0.0s
2026-08-03 23:17:39,392 [INFO]   进度 60/162 | trades=0 | skip=0 | 0.0s
2026-08-03 23:17:39,394 [INFO]   进度 80/162 | trades=0 | skip=0 | 0.0s
2026-08-03 23:17:39,395 [INFO]   进度 100/162 | trades=0 | skip=0 | 0.0s
2026-08-03 23:17:39,397 [INFO]   进度 120/162 | trades=0 | skip=0 | 0.0s
2026-08-03 23:17:39,399 [INFO]   进度 140/162 | trades=0 | skip=0 | 0.0s
2026-08-03 23:17:39,400 [INFO]   进度 160/162 | trades=0 | skip=0 | 0.0s
2026-08-03 23:17:39,400 [INFO] ========== ZT回测完成 | trades=0 | fill_rate=100% | 0.0s ==========
2026-08-03 23:17:39,401 [WARNING]   无任何交易产生！
2026-08-03 23:17:39,401 [INFO]   score=-1000.0 | 月复利=0.0% | 笔数=0 胜率=0.0% DD=0.0% | lev=2.00x | 0.0s
2026-08-03 23:17:39,401 [INFO] ========== ZT回测 2025-12-01→2026-07-31 | top=2 board=main entry=close_t0 sample=300 ==========
2026-08-03 23:17:41,149 [INFO] HS300 regime 预计算: 365 天 (bull=203 bear=41 crash=62 unknown=59)
2026-08-03 23:17:41,151 [INFO]   进度 20/162 | trades=0 | skip=6 | 1.7s
2026-08-03 23:17:41,152 [INFO]   进度 40/162 | trades=0 | skip=8 | 1.8s
2026-08-03 23:17:41,153 [INFO]   进度 60/162 | trades=0 | skip=18 | 1.8s
2026-08-03 23:17:41,153 [INFO]   进度 80/162 | trades=0 | skip=36 | 1.8s
2026-08-03 23:17:41,154 [INFO]   进度 100/162 | trades=0 | skip=40 | 1.8s
2026-08-03 23:17:41,155 [INFO]   进度 120/162 | trades=0 | skip=43 | 1.8s
2026-08-03 23:17:41,158 [INFO]   进度 140/162 | trades=0 | skip=50 | 1.8s
2026-08-03 23:17:41,158 [INFO]   进度 160/162 | trades=0 | skip=69 | 1.8s
2026-08-03 23:17:41,158 [INFO] ========== ZT回测完成 | trades=0 | fill_rate=50% | 1.8s ==========
2026-08-03 23:17:41,158 [WARNING]   无任何交易产生！
2026-08-03 23:17:41,158 [INFO]   score=-1000.0 | 月复利=0.0% | 笔数=0 胜率=0.0% DD=0.0% | lev=1.75x | 1.8s
2026-08-03 23:17:41,158 [INFO] ========== ZT回测 2025-12-01→2026-07-31 | top=5 board=main entry=open_t1 sample=300 ==========
2026-08-03 23:17:43,381 [INFO] HS300 regime 预计算: 365 天 (bull=203 bear=41 crash=62 unknown=59)
2026-08-03 23:17:43,381 [INFO]   进度 20/162 | trades=0 | skip=6 | 2.2s
2026-08-03 23:17:43,382 [INFO]   进度 40/162 | trades=0 | skip=8 | 2.2s
2026-08-03 23:17:43,383 [INFO]   进度 60/162 | trades=0 | skip=18 | 2.2s
2026-08-03 23:17:43,383 [INFO]   进度 80/162 | trades=0 | skip=36 | 2.2s
2026-08-03 23:17:43,383 [INFO]   进度 100/162 | trades=0 | skip=40 | 2.2s
2026-08-03 23:17:43,384 [INFO]   进度 120/162 | trades=0 | skip=43 | 2.2s
2026-08-03 23:17:43,386 [INFO]   进度 140/162 | trades=0 | skip=50 | 2.2s
2026-08-03 23:17:43,387 [INFO]   进度 160/162 | trades=0 | skip=69 | 2.2s
2026-08-03 23:17:43,387 [INFO] ========== ZT回测完成 | trades=0 | fill_rate=20% | 2.2s ==========
2026-08-03 23:17:43,387 [WARNING]   无任何交易产生！
2026-08-03 23:17:43,387 [INFO]   score=-1000.0 | 月复利=0.0% | 笔数=0 胜率=0.0% DD=0.0% | lev=1.00x | 2.2s
2026-08-03 23:17:43,387 [INFO] ========== ZT回测 2025-12-01→2026-07-31 | top=2 board=all entry=open_t1 sample=300 ==========
2026-08-03 23:17:43,387 [INFO]   进度 20/162 | trades=0 | skip=0 | 0.0s
2026-08-03 23:17:43,388 [INFO]   进度 40/162 | trades=0 | skip=0 | 0.0s
2026-08-03 23:17:43,389 [INFO]   进度 60/162 | trades=0 | skip=0 | 0.0s
2026-08-03 23:17:43,389 [INFO]   进度 80/162 | trades=0 | skip=0 | 0.0s
2026-08-03 23:17:43,390 [INFO]   进度 100/162 | trades=0 | skip=0 | 0.0s
2026-08-03 23:17:43,390 [INFO]   进度 120/162 | trades=0 | skip=0 | 0.0s
2026-08-03 23:17:43,391 [INFO]   进度 140/162 | trades=0 | skip=0 | 0.0s
2026-08-03 23:17:43,391 [INFO]   进度 160/162 | trades=0 | skip=0 | 0.0s
2026-08-03 23:17:43,391 [INFO] ========== ZT回测完成 | trades=0 | fill_rate=25% | 0.0s ==========
2026-08-03 23:17:43,391 [WARNING]   无任何交易产生！
2026-08-03 23:17:43,391 [INFO]   score=-1000.0 | 月复利=0.0% | 笔数=0 胜率=0.0% DD=0.0% | lev=2.00x | 0.0s
2026-08-03 23:17:43,391 [INFO] ========== ZT回测 2025-12-01→2026-07-31 | top=3 board=gem+star entry=open_t1 sample=300 ==========
2026-08-03 23:17:43,394 [INFO]   进度 20/162 | trades=0 | skip=0 | 0.0s
2026-08-03 23:17:43,397 [INFO]   进度 40/162 | trades=0 | skip=0 | 0.0s
2026-08-03 23:17:43,398 [INFO]   进度 60/162 | trades=0 | skip=0 | 0.0s
2026-08-03 23:17:43,399 [INFO]   进度 80/162 | trades=0 | skip=0 | 0.0s
2026-08-03 23:17:43,399 [INFO]   进度 100/162 | trades=0 | skip=0 | 0.0s
2026-08-03 23:17:43,402 [INFO]   进度 120/162 | trades=0 | skip=0 | 0.0s
2026-08-03 23:17:43,404 [INFO]   进度 140/162 | trades=0 | skip=0 | 0.0s
2026-08-03 23:17:43,406 [INFO]   进度 160/162 | trades=0 | skip=0 | 0.0s
2026-08-03 23:17:43,406 [INFO] ========== ZT回测完成 | trades=0 | fill_rate=100% | 0.0s ==========
2026-08-03 23:17:43,406 [WARNING]   无任何交易产生！
2026-08-03 23:17:43,406 [INFO]   score=-1000.0 | 月复利=0.0% | 笔数=0 胜率=0.0% DD=0.0% | lev=2.00x | 0.0s
2026-08-03 23:17:43,406 [INFO] ========== ZT回测 2025-12-01→2026-07-31 | top=2 board=main entry=open_t1 sample=300 ==========
2026-08-03 23:17:45,422 [INFO] HS300 regime 预计算: 365 天 (bull=203 bear=41 crash=62 unknown=59)
2026-08-03 23:17:45,422 [INFO]   进度 20/162 | trades=0 | skip=6 | 2.0s
2026-08-03 23:17:45,423 [INFO]   进度 40/162 | trades=0 | skip=8 | 2.0s
2026-08-03 23:17:45,423 [INFO]   进度 60/162 | trades=0 | skip=18 | 2.0s
2026-08-03 23:17:45,423 [INFO]   进度 80/162 | trades=0 | skip=36 | 2.0s
2026-08-03 23:17:45,426 [INFO]   进度 100/162 | trades=0 | skip=40 | 2.0s
2026-08-03 23:17:45,428 [INFO]   进度 120/162 | trades=0 | skip=43 | 2.0s
2026-08-03 23:17:45,429 [INFO]   进度 140/162 | trades=0 | skip=50 | 2.0s
2026-08-03 23:17:45,429 [INFO]   进度 160/162 | trades=0 | skip=69 | 2.0s
2026-08-03 23:17:45,430 [INFO] ========== ZT回测完成 | trades=0 | fill_rate=35% | 2.0s ==========
2026-08-03 23:17:45,430 [WARNING]   无任何交易产生！
2026-08-03 23:17:45,430 [INFO]   score=-1000.0 | 月复利=0.0% | 笔数=0 胜率=0.0% DD=0.0% | lev=2.00x | 2.0s
2026-08-03 23:17:45,430 [INFO] ========== ZT回测 2025-12-01→2026-07-31 | top=3 board=all entry=open_t1 sample=300 ==========
2026-08-03 23:17:47,491 [INFO] HS300 regime 预计算: 365 天 (bull=203 bear=41 crash=62 unknown=59)
2026-08-03 23:17:47,492 [INFO]   进度 20/162 | trades=0 | skip=6 | 2.1s
2026-08-03 23:17:47,493 [INFO]   进度 40/162 | trades=0 | skip=8 | 2.1s
2026-08-03 23:17:47,494 [INFO]   进度 60/162 | trades=0 | skip=18 | 2.1s
2026-08-03 23:17:47,494 [INFO]   进度 80/162 | trades=0 | skip=36 | 2.1s
2026-08-03 23:17:47,495 [INFO]   进度 100/162 | trades=0 | skip=40 | 2.1s
2026-08-03 23:17:47,496 [INFO]   进度 120/162 | trades=0 | skip=43 | 2.1s
2026-08-03 23:17:47,496 [INFO]   进度 140/162 | trades=0 | skip=50 | 2.1s
2026-08-03 23:17:47,496 [INFO]   进度 160/162 | trades=0 | skip=69 | 2.1s
2026-08-03 23:17:47,496 [INFO] ========== ZT回测完成 | trades=0 | fill_rate=25% | 2.1s ==========
2026-08-03 23:17:47,496 [WARNING]   无任何交易产生！
2026-08-03 23:17:47,496 [INFO]   score=-1000.0 | 月复利=0.0% | 笔数=0 胜率=0.0% DD=0.0% | lev=1.50x | 2.1s
2026-08-03 23:17:47,497 [INFO] ========== ZT回测 2025-12-01→2026-07-31 | top=2 board=all entry=close_t0 sample=300 ==========
2026-08-03 23:17:49,255 [INFO] HS300 regime 预计算: 365 天 (bull=203 bear=41 crash=62 unknown=59)
2026-08-03 23:17:49,303 [INFO]   进度 20/162 | trades=26 | skip=6 | 1.8s
2026-08-03 23:17:49,353 [INFO]   进度 40/162 | trades=62 | skip=8 | 1.9s
2026-08-03 23:17:49,392 [INFO]   进度 60/162 | trades=82 | skip=18 | 1.9s
2026-08-03 23:17:49,400 [INFO]   进度 80/162 | trades=86 | skip=36 | 1.9s
2026-08-03 23:17:49,453 [INFO]   进度 100/162 | trades=118 | skip=40 | 2.0s
2026-08-03 23:17:49,532 [INFO]   进度 120/162 | trades=152 | skip=43 | 2.0s
2026-08-03 23:17:49,562 [INFO]   进度 140/162 | trades=178 | skip=50 | 2.1s
2026-08-03 23:17:49,565 [INFO]   进度 160/162 | trades=180 | skip=69 | 2.1s
2026-08-03 23:17:49,565 [INFO] ========== ZT回测完成 | trades=180 | fill_rate=35% | 2.1s ==========
2026-08-03 23:17:49,858 [INFO]   笔数=180 | 胜率=75.6% | 平均=0.93% | 日均=4.57% | 总收益=411.5% | 最大回撤=-13.0%
2026-08-03 23:17:49,859 [INFO]   [best      ] n=180 胜率=86.1% 平均=2.19% 累计=4616.3%
2026-08-03 23:17:49,859 [INFO]   [close_t1  ] n=180 胜率=41.7% 平均=-0.34% 累计=-48.1%
2026-08-03 23:17:49,861 [INFO]   [close_t2  ] n=180 胜率=36.7% 平均=-0.44% 累计=-59.1%
2026-08-03 23:17:49,861 [INFO]   [close_t3  ] n=180 胜率=39.4% 平均=-0.38% 累计=-56.6%
2026-08-03 23:17:49,861 [INFO]   [gap_t1    ] n=180 胜率=39.4% 平均=-0.29% 累计=-41.9%
2026-08-03 23:17:49,861 [INFO]   [open_t2   ] n=180 胜率=37.8% 平均=-0.28% 累计=-44.6%
2026-08-03 23:17:49,861 [INFO]   [stop_t1   ] n=24 胜率=0.0% 平均=-4.38% 累计=-65.8%
2026-08-03 23:17:49,861 [INFO]   [trail_t2  ] n=154 胜率=74.0% 平均=0.91% 累计=300.9%
2026-08-03 23:17:49,862 [INFO]   score=11.9 | 月复利=9.4% | 笔数=180 胜率=75.6% DD=-4.5% | lev=1.75x | 2.4s
2026-08-03 23:17:49,862 [INFO] ========== ZT回测 2025-12-01→2026-07-31 | top=2 board=main entry=open_t1 sample=300 ==========
2026-08-03 23:17:51,721 [INFO] HS300 regime 预计算: 365 天 (bull=203 bear=41 crash=62 unknown=59)
2026-08-03 23:17:51,721 [INFO]   进度 20/162 | trades=0 | skip=6 | 1.9s
2026-08-03 23:17:51,722 [INFO]   进度 40/162 | trades=0 | skip=8 | 1.9s
2026-08-03 23:17:51,723 [INFO]   进度 60/162 | trades=0 | skip=18 | 1.9s
2026-08-03 23:17:51,723 [INFO]   进度 80/162 | trades=0 | skip=36 | 1.9s
2026-08-03 23:17:51,724 [INFO]   进度 100/162 | trades=0 | skip=40 | 1.9s
2026-08-03 23:17:51,724 [INFO]   进度 120/162 | trades=0 | skip=43 | 1.9s
2026-08-03 23:17:51,727 [INFO]   进度 140/162 | trades=0 | skip=50 | 1.9s
2026-08-03 23:17:51,727 [INFO]   进度 160/162 | trades=0 | skip=69 | 1.9s
2026-08-03 23:17:51,727 [INFO] ========== ZT回测完成 | trades=0 | fill_rate=25% | 1.9s ==========
2026-08-03 23:17:51,727 [WARNING]   无任何交易产生！
2026-08-03 23:17:51,728 [INFO]   score=-1000.0 | 月复利=0.0% | 笔数=0 胜率=0.0% DD=0.0% | lev=1.75x | 1.9s
2026-08-03 23:17:51,728 [INFO] ========== ZT回测 2025-12-01→2026-07-31 | top=1 board=main entry=close_t0 sample=300 ==========
2026-08-03 23:17:51,729 [INFO]   进度 20/162 | trades=0 | skip=0 | 0.0s
2026-08-03 23:17:51,730 [INFO]   进度 40/162 | trades=0 | skip=0 | 0.0s
2026-08-03 23:17:51,731 [INFO]   进度 60/162 | trades=0 | skip=0 | 0.0s
2026-08-03 23:17:51,731 [INFO]   进度 80/162 | trades=0 | skip=0 | 0.0s
2026-08-03 23:17:51,732 [INFO]   进度 100/162 | trades=0 | skip=0 | 0.0s
2026-08-03 23:17:51,733 [INFO]   进度 120/162 | trades=0 | skip=0 | 0.0s
2026-08-03 23:17:51,738 [INFO]   进度 140/162 | trades=0 | skip=0 | 0.0s
2026-08-03 23:17:51,738 [INFO]   进度 160/162 | trades=0 | skip=0 | 0.0s
2026-08-03 23:17:51,738 [INFO] ========== ZT回测完成 | trades=0 | fill_rate=35% | 0.0s ==========
2026-08-03 23:17:51,738 [WARNING]   无任何交易产生！
2026-08-03 23:17:51,738 [INFO]   score=-1000.0 | 月复利=0.0% | 笔数=0 胜率=0.0% DD=0.0% | lev=2.00x | 0.0s
2026-08-03 23:17:51,739 [INFO] ========== ZT回测 2025-12-01→2026-07-31 | top=3 board=main entry=close_t0 sample=300 ==========
2026-08-03 23:17:53,953 [INFO] HS300 regime 预计算: 365 天 (bull=203 bear=41 crash=62 unknown=59)
2026-08-03 23:17:53,954 [INFO]   进度 20/162 | trades=0 | skip=6 | 2.2s
2026-08-03 23:17:53,955 [INFO]   进度 40/162 | trades=0 | skip=8 | 2.2s
2026-08-03 23:17:53,955 [INFO]   进度 60/162 | trades=0 | skip=18 | 2.2s
2026-08-03 23:17:53,955 [INFO]   进度 80/162 | trades=0 | skip=36 | 2.2s
2026-08-03 23:17:53,956 [INFO]   进度 100/162 | trades=0 | skip=40 | 2.2s
2026-08-03 23:17:53,957 [INFO]   进度 120/162 | trades=0 | skip=43 | 2.2s
2026-08-03 23:17:53,957 [INFO]   进度 140/162 | trades=0 | skip=50 | 2.2s
2026-08-03 23:17:53,957 [INFO]   进度 160/162 | trades=0 | skip=69 | 2.2s
2026-08-03 23:17:53,957 [INFO] ========== ZT回测完成 | trades=0 | fill_rate=40% | 2.2s ==========
2026-08-03 23:17:53,957 [WARNING]   无任何交易产生！
2026-08-03 23:17:53,957 [INFO]   score=-1000.0 | 月复利=0.0% | 笔数=0 胜率=0.0% DD=0.0% | lev=2.00x | 2.2s
2026-08-03 23:17:53,957 [INFO] ========== ZT回测 2025-12-01→2026-07-31 | top=1 board=all entry=close_t0 sample=300 ==========
2026-08-03 23:17:55,913 [INFO] HS300 regime 预计算: 365 天 (bull=203 bear=41 crash=62 unknown=59)
2026-08-03 23:17:55,933 [INFO]   进度 20/162 | trades=13 | skip=6 | 2.0s
2026-08-03 23:17:55,954 [INFO]   进度 40/162 | trades=31 | skip=8 | 2.0s
2026-08-03 23:17:55,965 [INFO]   进度 60/162 | trades=41 | skip=18 | 2.0s
2026-08-03 23:17:55,966 [INFO]   进度 80/162 | trades=43 | skip=36 | 2.0s
2026-08-03 23:17:55,981 [INFO]   进度 100/162 | trades=59 | skip=40 | 2.0s
2026-08-03 23:17:56,016 [INFO]   进度 120/162 | trades=76 | skip=43 | 2.1s
2026-08-03 23:17:56,036 [INFO]   进度 140/162 | trades=89 | skip=50 | 2.1s
2026-08-03 23:17:56,039 [INFO]   进度 160/162 | trades=90 | skip=69 | 2.1s
2026-08-03 23:17:56,039 [INFO] ========== ZT回测完成 | trades=90 | fill_rate=40% | 2.1s ==========
2026-08-03 23:17:56,409 [INFO]   笔数=90 | 胜率=82.2% | 平均=1.11% | 日均=1.79% | 总收益=160.9% | 最大回撤=-12.8%
2026-08-03 23:17:56,410 [INFO]   [best      ] n=90 胜率=82.2% 平均=2.76% 累计=1022.1%
2026-08-03 23:17:56,410 [INFO]   [close_t1  ] n=90 胜率=43.3% 平均=-0.88% 累计=-56.6%
2026-08-03 23:17:56,410 [INFO]   [close_t2  ] n=90 胜率=41.1% 平均=-0.61% 累计=-47.1%
2026-08-03 23:17:56,410 [INFO]   [close_t3  ] n=90 胜率=43.3% 平均=-0.81% 累计=-57.7%
2026-08-03 23:17:56,410 [INFO]   [gap_t1    ] n=90 胜率=45.6% 平均=-0.15% 累计=-14.7%
2026-08-03 23:17:56,410 [INFO]   [open_t2   ] n=90 胜率=40.0% 平均=-1.02% 累计=-63.9%
2026-08-03 23:17:56,410 [INFO]   [stop_t1   ] n=8 胜率=0.0% 平均=-5.43% 累计=-36.0%
2026-08-03 23:17:56,410 [INFO]   [trail_t2  ] n=77 胜率=84.4% 平均=1.19% 累计=147.5%
2026-08-03 23:17:56,410 [INFO]   score=32.2 | 月复利=20.2% | 笔数=90 胜率=82.2% DD=-19.3% | lev=1.50x | 2.5s
2026-08-03 23:17:56,410 [INFO] ========== ZT回测 2025-12-01→2026-07-31 | top=3 board=main entry=open_t1 sample=300 ==========
2026-08-03 23:17:58,707 [INFO] HS300 regime 预计算: 365 天 (bull=203 bear=41 crash=62 unknown=59)
2026-08-03 23:17:58,708 [INFO]   进度 20/162 | trades=0 | skip=6 | 2.3s
2026-08-03 23:17:58,710 [INFO]   进度 40/162 | trades=0 | skip=8 | 2.3s
2026-08-03 23:17:58,710 [INFO]   进度 60/162 | trades=0 | skip=18 | 2.3s
2026-08-03 23:17:58,711 [INFO]   进度 80/162 | trades=0 | skip=36 | 2.3s
2026-08-03 23:17:58,712 [INFO]   进度 100/162 | trades=0 | skip=40 | 2.3s
2026-08-03 23:17:58,713 [INFO]   进度 120/162 | trades=0 | skip=43 | 2.3s
2026-08-03 23:17:58,713 [INFO]   进度 140/162 | trades=0 | skip=50 | 2.3s
2026-08-03 23:17:58,713 [INFO]   进度 160/162 | trades=0 | skip=69 | 2.3s
2026-08-03 23:17:58,714 [INFO] ========== ZT回测完成 | trades=0 | fill_rate=25% | 2.3s ==========
2026-08-03 23:17:58,714 [WARNING]   无任何交易产生！
2026-08-03 23:17:58,714 [INFO]   score=-1000.0 | 月复利=0.0% | 笔数=0 胜率=0.0% DD=0.0% | lev=1.50x | 2.3s
2026-08-03 23:17:58,714 [INFO] ========== ZT回测 2025-12-01→2026-07-31 | top=1 board=gem+star entry=open_t1 sample=300 ==========
2026-08-03 23:18:00,868 [INFO] HS300 regime 预计算: 365 天 (bull=203 bear=41 crash=62 unknown=59)
2026-08-03 23:18:00,868 [INFO]   进度 20/162 | trades=0 | skip=6 | 2.2s
2026-08-03 23:18:00,870 [INFO]   进度 40/162 | trades=0 | skip=8 | 2.2s
2026-08-03 23:18:00,870 [INFO]   进度 60/162 | trades=0 | skip=18 | 2.2s
2026-08-03 23:18:00,870 [INFO]   进度 80/162 | trades=0 | skip=36 | 2.2s
2026-08-03 23:18:00,871 [INFO]   进度 100/162 | trades=0 | skip=40 | 2.2s
2026-08-03 23:18:00,871 [INFO]   进度 120/162 | trades=0 | skip=43 | 2.2s
2026-08-03 23:18:00,872 [INFO]   进度 140/162 | trades=0 | skip=50 | 2.2s
2026-08-03 23:18:00,872 [INFO]   进度 160/162 | trades=0 | skip=69 | 2.2s
2026-08-03 23:18:00,872 [INFO] ========== ZT回测完成 | trades=0 | fill_rate=30% | 2.2s ==========
2026-08-03 23:18:00,872 [WARNING]   无任何交易产生！
2026-08-03 23:18:00,872 [INFO]   score=-1000.0 | 月复利=0.0% | 笔数=0 胜率=0.0% DD=0.0% | lev=1.75x | 2.2s
2026-08-03 23:18:00,873 [INFO] ========== ZT回测 2025-12-01→2026-07-31 | top=2 board=main entry=open_t1 sample=300 ==========
2026-08-03 23:18:03,235 [INFO] HS300 regime 预计算: 365 天 (bull=203 bear=41 crash=62 unknown=59)
2026-08-03 23:18:03,237 [INFO]   进度 20/162 | trades=0 | skip=6 | 2.4s
2026-08-03 23:18:03,237 [INFO]   进度 40/162 | trades=0 | skip=8 | 2.4s
2026-08-03 23:18:03,238 [INFO]   进度 60/162 | trades=0 | skip=18 | 2.4s
2026-08-03 23:18:03,238 [INFO]   进度 80/162 | trades=0 | skip=36 | 2.4s
2026-08-03 23:18:03,238 [INFO]   进度 100/162 | trades=0 | skip=40 | 2.4s
2026-08-03 23:18:03,239 [INFO]   进度 120/162 | trades=0 | skip=43 | 2.4s
2026-08-03 23:18:03,240 [INFO]   进度 140/162 | trades=0 | skip=50 | 2.4s
2026-08-03 23:18:03,240 [INFO]   进度 160/162 | trades=0 | skip=69 | 2.4s
2026-08-03 23:18:03,240 [INFO] ========== ZT回测完成 | trades=0 | fill_rate=100% | 2.4s ==========
2026-08-03 23:18:03,240 [WARNING]   无任何交易产生！
2026-08-03 23:18:03,240 [INFO]   score=-1000.0 | 月复利=0.0% | 笔数=0 胜率=0.0% DD=0.0% | lev=1.75x | 2.4s
2026-08-03 23:18:03,240 [INFO] ========== ZT回测 2025-12-01→2026-07-31 | top=5 board=all entry=close_t0 sample=300 ==========
2026-08-03 23:18:03,240 [INFO]   进度 20/162 | trades=0 | skip=0 | 0.0s
2026-08-03 23:18:03,241 [INFO]   进度 40/162 | trades=0 | skip=0 | 0.0s
2026-08-03 23:18:03,244 [INFO]   进度 60/162 | trades=0 | skip=0 | 0.0s
2026-08-03 23:18:03,245 [INFO]   进度 80/162 | trades=0 | skip=0 | 0.0s
2026-08-03 23:18:03,247 [INFO]   进度 100/162 | trades=0 | skip=0 | 0.0s
2026-08-03 23:18:03,248 [INFO]   进度 120/162 | trades=0 | skip=0 | 0.0s
2026-08-03 23:18:03,251 [INFO]   进度 140/162 | trades=0 | skip=0 | 0.0s
2026-08-03 23:18:03,252 [INFO]   进度 160/162 | trades=0 | skip=0 | 0.0s
2026-08-03 23:18:03,252 [INFO] ========== ZT回测完成 | trades=0 | fill_rate=35% | 0.0s ==========
2026-08-03 23:18:03,252 [WARNING]   无任何交易产生！
2026-08-03 23:18:03,252 [INFO]   score=-1000.0 | 月复利=0.0% | 笔数=0 胜率=0.0% DD=0.0% | lev=1.75x | 0.0s
2026-08-03 23:18:03,252 [INFO] ========== ZT回测 2025-12-01→2026-07-31 | top=1 board=gem+star entry=close_t0 sample=300 ==========
2026-08-03 23:18:05,056 [INFO] HS300 regime 预计算: 365 天 (bull=203 bear=41 crash=62 unknown=59)
2026-08-03 23:18:05,069 [INFO]   进度 20/162 | trades=13 | skip=6 | 1.8s
2026-08-03 23:18:05,082 [INFO]   进度 40/162 | trades=31 | skip=8 | 1.8s
2026-08-03 23:18:05,094 [INFO]   进度 60/162 | trades=41 | skip=18 | 1.8s
2026-08-03 23:18:05,096 [INFO]   进度 80/162 | trades=43 | skip=36 | 1.8s
2026-08-03 23:18:05,119 [INFO]   进度 100/162 | trades=59 | skip=40 | 1.9s
2026-08-03 23:18:05,140 [INFO]   进度 120/162 | trades=76 | skip=43 | 1.9s
2026-08-03 23:18:05,157 [INFO]   进度 140/162 | trades=89 | skip=50 | 1.9s
2026-08-03 23:18:05,158 [INFO]   进度 160/162 | trades=90 | skip=69 | 1.9s
2026-08-03 23:18:05,158 [INFO] ========== ZT回测完成 | trades=90 | fill_rate=50% | 1.9s ==========
2026-08-03 23:18:05,313 [INFO]   笔数=90 | 胜率=87.8% | 平均=2.02% | 日均=5.42% | 总收益=488.0% | 最大回撤=-14.2%
2026-08-03 23:18:05,313 [INFO]   [best      ] n=90 胜率=87.8% 平均=4.92% 累计=6969.6%
2026-08-03 23:18:05,313 [INFO]   [close_t1  ] n=90 胜率=65.6% 平均=0.59% 累计=59.9%
2026-08-03 23:18:05,313 [INFO]   [close_t2  ] n=90 胜率=60.0% 平均=1.59% 累计=249.9%
2026-08-03 23:18:05,313 [INFO]   [close_t3  ] n=90 胜率=58.9% 平均=2.07% 累计=368.5%
2026-08-03 23:18:05,313 [INFO]   [gap_t1    ] n=90 胜率=64.4% 平均=0.64% 累计=71.3%
2026-08-03 23:18:05,313 [INFO]   [open_t2   ] n=90 胜率=62.2% 平均=1.24% 累计=161.1%
2026-08-03 23:18:05,313 [INFO]   [stop_t1   ] n=21 胜率=0.0% 平均=-6.35% 累计=-74.8%
2026-08-03 23:18:05,313 [INFO]   [trail_t2  ] n=69 胜率=100.0% 平均=2.97% 累计=655.2%
2026-08-03 23:18:05,313 [INFO]   score=45.5 | 月复利=26.1% | 笔数=90 胜率=87.8% DD=-14.2% | lev=1.00x | 2.1s
2026-08-03 23:18:05,313 [INFO] ========== ZT回测 2025-12-01→2026-07-31 | top=3 board=gem+star entry=close_t0 sample=300 ==========
2026-08-03 23:18:07,013 [INFO] HS300 regime 预计算: 365 天 (bull=203 bear=41 crash=62 unknown=59)
2026-08-03 23:18:07,014 [INFO]   进度 20/162 | trades=0 | skip=6 | 1.7s
2026-08-03 23:18:07,016 [INFO]   进度 40/162 | trades=0 | skip=8 | 1.7s
2026-08-03 23:18:07,017 [INFO]   进度 60/162 | trades=0 | skip=18 | 1.7s
2026-08-03 23:18:07,017 [INFO]   进度 80/162 | trades=0 | skip=36 | 1.7s
2026-08-03 23:18:07,019 [INFO]   进度 100/162 | trades=0 | skip=40 | 1.7s
2026-08-03 23:18:07,020 [INFO]   进度 120/162 | trades=0 | skip=43 | 1.7s
2026-08-03 23:18:07,022 [INFO]   进度 140/162 | trades=0 | skip=50 | 1.7s
2026-08-03 23:18:07,022 [INFO]   进度 160/162 | trades=0 | skip=69 | 1.7s
2026-08-03 23:18:07,022 [INFO] ========== ZT回测完成 | trades=0 | fill_rate=25% | 1.7s ==========
2026-08-03 23:18:07,022 [WARNING]   无任何交易产生！
2026-08-03 23:18:07,022 [INFO]   score=-1000.0 | 月复利=0.0% | 笔数=0 胜率=0.0% DD=0.0% | lev=2.00x | 1.7s
2026-08-03 23:18:07,023 [INFO] ========== ZT回测 2025-12-01→2026-07-31 | top=5 board=main entry=close_t0 sample=300 ==========
2026-08-03 23:18:08,789 [INFO] HS300 regime 预计算: 365 天 (bull=203 bear=41 crash=62 unknown=59)
2026-08-03 23:18:08,790 [INFO]   进度 20/162 | trades=0 | skip=6 | 1.8s
2026-08-03 23:18:08,791 [INFO]   进度 40/162 | trades=0 | skip=8 | 1.8s
2026-08-03 23:18:08,793 [INFO]   进度 60/162 | trades=0 | skip=18 | 1.8s
2026-08-03 23:18:08,794 [INFO]   进度 80/162 | trades=0 | skip=36 | 1.8s
2026-08-03 23:18:08,794 [INFO]   进度 100/162 | trades=0 | skip=40 | 1.8s
2026-08-03 23:18:08,795 [INFO]   进度 120/162 | trades=0 | skip=43 | 1.8s
2026-08-03 23:18:08,797 [INFO]   进度 140/162 | trades=0 | skip=50 | 1.8s
2026-08-03 23:18:08,797 [INFO]   进度 160/162 | trades=0 | skip=69 | 1.8s
2026-08-03 23:18:08,797 [INFO] ========== ZT回测完成 | trades=0 | fill_rate=25% | 1.8s ==========
2026-08-03 23:18:08,797 [WARNING]   无任何交易产生！
2026-08-03 23:18:08,798 [INFO]   score=-1000.0 | 月复利=0.0% | 笔数=0 胜率=0.0% DD=0.0% | lev=1.00x | 1.8s
2026-08-03 23:18:08,798 [INFO] ========== ZT回测 2025-12-01→2026-07-31 | top=2 board=main entry=open_t1 sample=300 ==========
2026-08-03 23:18:10,698 [INFO] HS300 regime 预计算: 365 天 (bull=203 bear=41 crash=62 unknown=59)
2026-08-03 23:18:10,729 [INFO]   进度 20/162 | trades=26 | skip=6 | 1.9s
2026-08-03 23:18:10,778 [INFO]   进度 40/162 | trades=62 | skip=8 | 2.0s
2026-08-03 23:18:10,806 [INFO]   进度 60/162 | trades=82 | skip=18 | 2.0s
2026-08-03 23:18:10,813 [INFO]   进度 80/162 | trades=86 | skip=36 | 2.0s
2026-08-03 23:18:10,839 [INFO]   进度 100/162 | trades=118 | skip=40 | 2.0s
2026-08-03 23:18:10,884 [INFO]   进度 120/162 | trades=152 | skip=43 | 2.1s
2026-08-03 23:18:10,920 [INFO]   进度 140/162 | trades=178 | skip=50 | 2.1s
2026-08-03 23:18:10,922 [INFO]   进度 160/162 | trades=180 | skip=69 | 2.1s
2026-08-03 23:18:10,922 [INFO] ========== ZT回测完成 | trades=180 | fill_rate=30% | 2.1s ==========
2026-08-03 23:18:11,111 [INFO]   笔数=180 | 胜率=53.3% | 平均=-0.29% | 日均=-0.50% | 总收益=-45.3% | 最大回撤=-54.3%
2026-08-03 23:18:11,111 [INFO]   [best      ] n=180 胜率=72.2% 平均=1.04% 累计=530.4%
2026-08-03 23:18:11,111 [INFO]   [close_t1  ] n=180 胜率=21.1% 平均=-1.14% 累计=-87.6%
2026-08-03 23:18:11,111 [INFO]   [close_t2  ] n=180 胜率=30.6% 平均=-1.24% 累计=-90.1%
2026-08-03 23:18:11,111 [INFO]   [close_t3  ] n=180 胜率=33.3% 平均=-1.26% 累计=-90.8%
2026-08-03 23:18:11,111 [INFO]   [gap_t1    ] n=180 胜率=0.0% 平均=0.00% 累计=0.0%
2026-08-03 23:18:11,111 [INFO]   [open_t2   ] n=180 胜率=26.7% 平均=-1.10% 累计=-87.2%
2026-08-03 23:18:11,111 [INFO]   [stop_t1   ] n=99 胜率=0.0% 平均=-3.15% 累计=-95.8%
2026-08-03 23:18:11,111 [INFO]   [trail_t2  ] n=73 胜率=87.7% 平均=2.02% 累计=324.4%
2026-08-03 23:18:11,111 [INFO]   score=-1.4 | 月复利=-3.9% | 笔数=180 胜率=53.3% DD=-30.6% | lev=2.00x | 2.3s
2026-08-03 23:18:11,112 [INFO] ========== ZT回测 2025-12-01→2026-07-31 | top=2 board=gem+star entry=close_t0 sample=300 ==========
2026-08-03 23:18:12,720 [INFO] HS300 regime 预计算: 365 天 (bull=203 bear=41 crash=62 unknown=59)
2026-08-03 23:18:12,720 [INFO]   进度 20/162 | trades=0 | skip=6 | 1.6s
2026-08-03 23:18:12,720 [INFO]   进度 40/162 | trades=0 | skip=8 | 1.6s
2026-08-03 23:18:12,721 [INFO]   进度 60/162 | trades=0 | skip=18 | 1.6s
2026-08-03 23:18:12,721 [INFO]   进度 80/162 | trades=0 | skip=36 | 1.6s
2026-08-03 23:18:12,721 [INFO]   进度 100/162 | trades=0 | skip=40 | 1.6s
2026-08-03 23:18:12,721 [INFO]   进度 120/162 | trades=0 | skip=43 | 1.6s
2026-08-03 23:18:12,722 [INFO]   进度 140/162 | trades=0 | skip=50 | 1.6s
2026-08-03 23:18:12,723 [INFO]   进度 160/162 | trades=0 | skip=69 | 1.6s
2026-08-03 23:18:12,723 [INFO] ========== ZT回测完成 | trades=0 | fill_rate=50% | 1.6s ==========
2026-08-03 23:18:12,723 [WARNING]   无任何交易产生！
2026-08-03 23:18:12,723 [INFO]   score=-1000.0 | 月复利=0.0% | 笔数=0 胜率=0.0% DD=0.0% | lev=1.00x | 1.6s
2026-08-03 23:18:12,723 [INFO] ========== ZT回测 2025-12-01→2026-07-31 | top=1 board=main entry=open_t1 sample=300 ==========
2026-08-03 23:18:14,667 [INFO] HS300 regime 预计算: 365 天 (bull=203 bear=41 crash=62 unknown=59)
2026-08-03 23:18:14,669 [INFO]   进度 20/162 | trades=0 | skip=6 | 1.9s
2026-08-03 23:18:14,671 [INFO]   进度 40/162 | trades=0 | skip=8 | 1.9s
2026-08-03 23:18:14,672 [INFO]   进度 60/162 | trades=0 | skip=18 | 1.9s
2026-08-03 23:18:14,672 [INFO]   进度 80/162 | trades=0 | skip=36 | 1.9s
2026-08-03 23:18:14,673 [INFO]   进度 100/162 | trades=0 | skip=40 | 2.0s
2026-08-03 23:18:14,677 [INFO]   进度 120/162 | trades=0 | skip=43 | 2.0s
2026-08-03 23:18:14,679 [INFO]   进度 140/162 | trades=0 | skip=50 | 2.0s
2026-08-03 23:18:14,679 [INFO]   进度 160/162 | trades=0 | skip=69 | 2.0s
2026-08-03 23:18:14,679 [INFO] ========== ZT回测完成 | trades=0 | fill_rate=40% | 2.0s ==========
2026-08-03 23:18:14,679 [WARNING]   无任何交易产生！
2026-08-03 23:18:14,679 [INFO]   score=-1000.0 | 月复利=0.0% | 笔数=0 胜率=0.0% DD=0.0% | lev=1.25x | 2.0s
2026-08-03 23:18:14,680 [INFO] ========== ZT回测 2025-12-01→2026-07-31 | top=1 board=gem+star entry=open_t1 sample=300 ==========
2026-08-03 23:18:16,493 [INFO] HS300 regime 预计算: 365 天 (bull=203 bear=41 crash=62 unknown=59)
2026-08-03 23:18:16,494 [INFO]   进度 20/162 | trades=0 | skip=6 | 1.8s
2026-08-03 23:18:16,496 [INFO]   进度 40/162 | trades=0 | skip=8 | 1.8s
2026-08-03 23:18:16,497 [INFO]   进度 60/162 | trades=0 | skip=18 | 1.8s
2026-08-03 23:18:16,497 [INFO]   进度 80/162 | trades=0 | skip=36 | 1.8s
2026-08-03 23:18:16,498 [INFO]   进度 100/162 | trades=0 | skip=40 | 1.8s
2026-08-03 23:18:16,500 [INFO]   进度 120/162 | trades=0 | skip=43 | 1.8s
2026-08-03 23:18:16,501 [INFO]   进度 140/162 | trades=0 | skip=50 | 1.8s
2026-08-03 23:18:16,502 [INFO]   进度 160/162 | trades=0 | skip=69 | 1.8s
2026-08-03 23:18:16,502 [INFO] ========== ZT回测完成 | trades=0 | fill_rate=40% | 1.8s ==========
2026-08-03 23:18:16,502 [WARNING]   无任何交易产生！
2026-08-03 23:18:16,502 [INFO]   score=-1000.0 | 月复利=0.0% | 笔数=0 胜率=0.0% DD=0.0% | lev=1.00x | 1.8s
2026-08-03 23:18:16,502 [INFO] ========== ZT回测 2025-12-01→2026-07-31 | top=3 board=main entry=open_t1 sample=300 ==========
2026-08-03 23:18:18,214 [INFO] HS300 regime 预计算: 365 天 (bull=203 bear=41 crash=62 unknown=59)
2026-08-03 23:18:18,216 [INFO]   进度 20/162 | trades=0 | skip=6 | 1.7s
2026-08-03 23:18:18,217 [INFO]   进度 40/162 | trades=0 | skip=8 | 1.7s
2026-08-03 23:18:18,218 [INFO]   进度 60/162 | trades=0 | skip=18 | 1.7s
2026-08-03 23:18:18,218 [INFO]   进度 80/162 | trades=0 | skip=36 | 1.7s
2026-08-03 23:18:18,221 [INFO]   进度 100/162 | trades=0 | skip=40 | 1.7s
2026-08-03 23:18:18,222 [INFO]   进度 120/162 | trades=0 | skip=43 | 1.7s
2026-08-03 23:18:18,224 [INFO]   进度 140/162 | trades=0 | skip=50 | 1.7s
2026-08-03 23:18:18,224 [INFO]   进度 160/162 | trades=0 | skip=69 | 1.7s
2026-08-03 23:18:18,224 [INFO] ========== ZT回测完成 | trades=0 | fill_rate=25% | 1.7s ==========
2026-08-03 23:18:18,224 [WARNING]   无任何交易产生！
2026-08-03 23:18:18,224 [INFO]   score=-1000.0 | 月复利=0.0% | 笔数=0 胜率=0.0% DD=0.0% | lev=1.00x | 1.7s
2026-08-03 23:18:18,224 [INFO] ========== ZT回测 2025-12-01→2026-07-31 | top=3 board=gem+star entry=close_t0 sample=300 ==========
2026-08-03 23:18:18,226 [INFO]   进度 20/162 | trades=0 | skip=0 | 0.0s
2026-08-03 23:18:18,228 [INFO]   进度 40/162 | trades=0 | skip=0 | 0.0s
2026-08-03 23:18:18,229 [INFO]   进度 60/162 | trades=0 | skip=0 | 0.0s
2026-08-03 23:18:18,229 [INFO]   进度 80/162 | trades=0 | skip=0 | 0.0s
2026-08-03 23:18:18,230 [INFO]   进度 100/162 | trades=0 | skip=0 | 0.0s
2026-08-03 23:18:18,231 [INFO]   进度 120/162 | trades=0 | skip=0 | 0.0s
2026-08-03 23:18:18,232 [INFO]   进度 140/162 | trades=0 | skip=0 | 0.0s
2026-08-03 23:18:18,237 [INFO]   进度 160/162 | trades=0 | skip=0 | 0.0s
2026-08-03 23:18:18,237 [INFO] ========== ZT回测完成 | trades=0 | fill_rate=35% | 0.0s ==========
2026-08-03 23:18:18,237 [WARNING]   无任何交易产生！
2026-08-03 23:18:18,237 [INFO]   score=-1000.0 | 月复利=0.0% | 笔数=0 胜率=0.0% DD=0.0% | lev=1.00x | 0.0s
2026-08-03 23:18:18,238 [INFO] ========== ZT回测 2025-12-01→2026-07-31 | top=5 board=main entry=close_t0 sample=300 ==========
2026-08-03 23:18:20,030 [INFO] HS300 regime 预计算: 365 天 (bull=203 bear=41 crash=62 unknown=59)
2026-08-03 23:18:20,030 [INFO]   进度 20/162 | trades=0 | skip=6 | 1.8s
2026-08-03 23:18:20,030 [INFO]   进度 40/162 | trades=0 | skip=8 | 1.8s
2026-08-03 23:18:20,031 [INFO]   进度 60/162 | trades=0 | skip=18 | 1.8s
2026-08-03 23:18:20,031 [INFO]   进度 80/162 | trades=0 | skip=36 | 1.8s
2026-08-03 23:18:20,031 [INFO]   进度 100/162 | trades=0 | skip=40 | 1.8s
2026-08-03 23:18:20,031 [INFO]   进度 120/162 | trades=0 | skip=43 | 1.8s
2026-08-03 23:18:20,032 [INFO]   进度 140/162 | trades=0 | skip=50 | 1.8s
2026-08-03 23:18:20,032 [INFO]   进度 160/162 | trades=0 | skip=69 | 1.8s
2026-08-03 23:18:20,032 [INFO] ========== ZT回测完成 | trades=0 | fill_rate=25% | 1.8s ==========
2026-08-03 23:18:20,032 [WARNING]   无任何交易产生！
2026-08-03 23:18:20,032 [INFO]   score=-1000.0 | 月复利=0.0% | 笔数=0 胜率=0.0% DD=0.0% | lev=1.75x | 1.8s
2026-08-03 23:18:20,032 [INFO] ========== ZT回测 2025-12-01→2026-07-31 | top=3 board=all entry=close_t0 sample=300 ==========
2026-08-03 23:18:20,033 [INFO]   进度 20/162 | trades=0 | skip=0 | 0.0s
2026-08-03 23:18:20,035 [INFO]   进度 40/162 | trades=0 | skip=0 | 0.0s
2026-08-03 23:18:20,038 [INFO]   进度 60/162 | trades=0 | skip=0 | 0.0s
2026-08-03 23:18:20,039 [INFO]   进度 80/162 | trades=0 | skip=0 | 0.0s
2026-08-03 23:18:20,040 [INFO]   进度 100/162 | trades=0 | skip=0 | 0.0s
2026-08-03 23:18:20,042 [INFO]   进度 120/162 | trades=0 | skip=0 | 0.0s
2026-08-03 23:18:20,044 [INFO]   进度 140/162 | trades=0 | skip=0 | 0.0s
2026-08-03 23:18:20,045 [INFO]   进度 160/162 | trades=0 | skip=0 | 0.0s
2026-08-03 23:18:20,045 [INFO] ========== ZT回测完成 | trades=0 | fill_rate=100% | 0.0s ==========
2026-08-03 23:18:20,045 [WARNING]   无任何交易产生！
2026-08-03 23:18:20,045 [INFO]   score=-1000.0 | 月复利=0.0% | 笔数=0 胜率=0.0% DD=0.0% | lev=1.50x | 0.0s
2026-08-03 23:18:20,045 [INFO] ========== ZT回测 2025-12-01→2026-07-31 | top=5 board=all entry=close_t0 sample=300 ==========
2026-08-03 23:18:21,672 [INFO] HS300 regime 预计算: 365 天 (bull=203 bear=41 crash=62 unknown=59)
2026-08-03 23:18:21,760 [INFO]   进度 20/162 | trades=65 | skip=6 | 1.7s
2026-08-03 23:18:21,907 [INFO]   进度 40/162 | trades=155 | skip=8 | 1.9s
2026-08-03 23:18:21,993 [INFO]   进度 60/162 | trades=205 | skip=18 | 1.9s
2026-08-03 23:18:22,009 [INFO]   进度 80/162 | trades=215 | skip=36 | 2.0s
2026-08-03 23:18:22,116 [INFO]   进度 100/162 | trades=295 | skip=40 | 2.1s
2026-08-03 23:18:22,221 [INFO]   进度 120/162 | trades=380 | skip=43 | 2.2s
2026-08-03 23:18:22,285 [INFO]   进度 140/162 | trades=445 | skip=50 | 2.2s
2026-08-03 23:18:22,289 [INFO]   进度 160/162 | trades=450 | skip=69 | 2.2s
2026-08-03 23:18:22,289 [INFO] ========== ZT回测完成 | trades=450 | fill_rate=25% | 2.2s ==========
2026-08-03 23:18:22,514 [INFO]   笔数=450 | 胜率=80.4% | 平均=0.65% | 日均=18.24% | 总收益=1641.8% | 最大回撤=-9.8%
2026-08-03 23:18:22,515 [INFO]   [best      ] n=450 胜率=83.6% 平均=1.49% 累计=71233.5%
2026-08-03 23:18:22,515 [INFO]   [close_t1  ] n=450 胜率=42.7% 平均=-0.43% 累计=-86.2%
2026-08-03 23:18:22,515 [INFO]   [close_t2  ] n=450 胜率=36.9% 平均=-0.47% 累计=-89.8%
2026-08-03 23:18:22,515 [INFO]   [close_t3  ] n=450 胜率=39.6% 平均=-0.49% 累计=-91.1%
2026-08-03 23:18:22,515 [INFO]   [gap_t1    ] n=450 胜率=35.6% 平均=-0.38% 累计=-82.3%
2026-08-03 23:18:22,515 [INFO]   [open_t2   ] n=450 胜率=37.1% 平均=-0.51% 累计=-91.2%
2026-08-03 23:18:22,515 [INFO]   [stop_t1   ] n=96 胜率=0.0% 平均=-3.23% 累计=-95.7%
2026-08-03 23:18:22,515 [INFO]   [trail_t2  ] n=346 胜率=89.6% 平均=0.94% 累计=2423.0%
2026-08-03 23:18:22,515 [INFO]   score=3.0 | 月复利=2.0% | 笔数=450 胜率=80.4% DD=-0.6% | lev=1.50x | 2.5s
2026-08-03 23:18:22,515 [INFO] ========== ZT回测 2025-12-01→2026-07-31 | top=1 board=main entry=open_t1 sample=300 ==========
2026-08-03 23:18:24,473 [INFO] HS300 regime 预计算: 365 天 (bull=203 bear=41 crash=62 unknown=59)
2026-08-03 23:18:24,475 [INFO]   进度 20/162 | trades=0 | skip=6 | 2.0s
2026-08-03 23:18:24,476 [INFO]   进度 40/162 | trades=0 | skip=8 | 2.0s
2026-08-03 23:18:24,477 [INFO]   进度 60/162 | trades=0 | skip=18 | 2.0s
2026-08-03 23:18:24,477 [INFO]   进度 80/162 | trades=0 | skip=36 | 2.0s
2026-08-03 23:18:24,479 [INFO]   进度 100/162 | trades=0 | skip=40 | 2.0s
2026-08-03 23:18:24,480 [INFO]   进度 120/162 | trades=0 | skip=43 | 2.0s
2026-08-03 23:18:24,481 [INFO]   进度 140/162 | trades=0 | skip=50 | 2.0s
2026-08-03 23:18:24,481 [INFO]   进度 160/162 | trades=0 | skip=69 | 2.0s
2026-08-03 23:18:24,481 [INFO] ========== ZT回测完成 | trades=0 | fill_rate=35% | 2.0s ==========
2026-08-03 23:18:24,481 [WARNING]   无任何交易产生！
2026-08-03 23:18:24,481 [INFO]   score=-1000.0 | 月复利=0.0% | 笔数=0 胜率=0.0% DD=0.0% | lev=1.75x | 2.0s
2026-08-03 23:18:24,481 [INFO] ========== ZT回测 2025-12-01→2026-07-31 | top=3 board=main entry=close_t0 sample=300 ==========
2026-08-03 23:18:27,374 [INFO] HS300 regime 预计算: 365 天 (bull=203 bear=41 crash=62 unknown=59)
2026-08-03 23:18:27,434 [INFO]   进度 20/162 | trades=39 | skip=6 | 3.0s
2026-08-03 23:18:27,504 [INFO]   进度 40/162 | trades=93 | skip=8 | 3.0s
2026-08-03 23:18:27,555 [INFO]   进度 60/162 | trades=123 | skip=18 | 3.1s
2026-08-03 23:18:27,567 [INFO]   进度 80/162 | trades=129 | skip=36 | 3.1s
2026-08-03 23:18:27,620 [INFO]   进度 100/162 | trades=177 | skip=40 | 3.1s
2026-08-03 23:18:27,682 [INFO]   进度 120/162 | trades=228 | skip=43 | 3.2s
2026-08-03 23:18:27,743 [INFO]   进度 140/162 | trades=267 | skip=50 | 3.3s
2026-08-03 23:18:27,751 [INFO]   进度 160/162 | trades=270 | skip=69 | 3.3s
2026-08-03 23:18:27,752 [INFO] ========== ZT回测完成 | trades=270 | fill_rate=35% | 3.3s ==========
2026-08-03 23:18:28,557 [INFO]   笔数=270 | 胜率=82.6% | 平均=1.21% | 日均=26.11% | 总收益=2349.5% | 最大回撤=-10.1%
2026-08-03 23:18:28,557 [INFO]   [best      ] n=270 胜率=84.8% 平均=2.78% 累计=150210.9%
2026-08-03 23:18:28,559 [INFO]   [close_t1  ] n=270 胜率=54.1% 平均=-0.10% 累计=-31.0%
2026-08-03 23:18:28,559 [INFO]   [close_t2  ] n=270 胜率=48.5% 平均=0.10% 累计=6.4%
2026-08-03 23:18:28,559 [INFO]   [close_t3  ] n=270 胜率=46.7% 平均=0.12% 累计=-2.8%
2026-08-03 23:18:28,559 [INFO]   [gap_t1    ] n=270 胜率=49.6% 平均=-0.04% 累计=-13.7%
2026-08-03 23:18:28,559 [INFO]   [open_t2   ] n=270 胜率=48.9% 平均=0.04% 累计=-10.5%
2026-08-03 23:18:28,559 [INFO]   [stop_t1   ] n=125 胜率=0.0% 平均=-3.72% 累计=-99.1%
2026-08-03 23:18:28,559 [INFO]   [trail_t2  ] n=139 胜率=97.8% 平均=1.56% 累计=764.6%
2026-08-03 23:18:28,559 [INFO]   score=9.1 | 月复利=5.7% | 笔数=270 胜率=82.6% DD=-1.3% | lev=1.25x | 4.1s
2026-08-03 23:18:28,560 [INFO] ========== ZT回测 2025-12-01→2026-07-31 | top=3 board=main entry=close_t0 sample=300 ==========
2026-08-03 23:18:31,120 [INFO] HS300 regime 预计算: 365 天 (bull=203 bear=41 crash=62 unknown=59)
2026-08-03 23:18:31,121 [INFO]   进度 20/162 | trades=0 | skip=6 | 2.6s
2026-08-03 23:18:31,122 [INFO]   进度 40/162 | trades=0 | skip=8 | 2.6s
2026-08-03 23:18:31,123 [INFO]   进度 60/162 | trades=0 | skip=18 | 2.6s
2026-08-03 23:18:31,123 [INFO]   进度 80/162 | trades=0 | skip=36 | 2.6s
2026-08-03 23:18:31,124 [INFO]   进度 100/162 | trades=0 | skip=40 | 2.6s
2026-08-03 23:18:31,125 [INFO]   进度 120/162 | trades=0 | skip=43 | 2.6s
2026-08-03 23:18:31,127 [INFO]   进度 140/162 | trades=0 | skip=50 | 2.6s
2026-08-03 23:18:31,127 [INFO]   进度 160/162 | trades=0 | skip=69 | 2.6s
2026-08-03 23:18:31,128 [INFO] ========== ZT回测完成 | trades=0 | fill_rate=25% | 2.6s ==========
2026-08-03 23:18:31,128 [WARNING]   无任何交易产生！
2026-08-03 23:18:31,128 [INFO]   score=-1000.0 | 月复利=0.0% | 笔数=0 胜率=0.0% DD=0.0% | lev=1.75x | 2.6s
2026-08-03 23:18:31,128 [INFO] ========== ZT回测 2025-12-01→2026-07-31 | top=5 board=main entry=open_t1 sample=300 ==========
2026-08-03 23:18:31,129 [INFO]   进度 20/162 | trades=0 | skip=0 | 0.0s
2026-08-03 23:18:31,130 [INFO]   进度 40/162 | trades=0 | skip=0 | 0.0s
2026-08-03 23:18:31,130 [INFO]   进度 60/162 | trades=0 | skip=0 | 0.0s
2026-08-03 23:18:31,131 [INFO]   进度 80/162 | trades=0 | skip=0 | 0.0s
2026-08-03 23:18:31,131 [INFO]   进度 100/162 | trades=0 | skip=0 | 0.0s
2026-08-03 23:18:31,132 [INFO]   进度 120/162 | trades=0 | skip=0 | 0.0s
2026-08-03 23:18:31,133 [INFO]   进度 140/162 | trades=0 | skip=0 | 0.0s
2026-08-03 23:18:31,134 [INFO]   进度 160/162 | trades=0 | skip=0 | 0.0s
2026-08-03 23:18:31,134 [INFO] ========== ZT回测完成 | trades=0 | fill_rate=25% | 0.0s ==========
2026-08-03 23:18:31,134 [WARNING]   无任何交易产生！
2026-08-03 23:18:31,134 [INFO]   score=-1000.0 | 月复利=0.0% | 笔数=0 胜率=0.0% DD=0.0% | lev=1.50x | 0.0s
2026-08-03 23:18:31,134 [INFO] ========== ZT回测 2025-12-01→2026-07-31 | top=5 board=main entry=open_t1 sample=300 ==========
2026-08-03 23:18:31,135 [INFO]   进度 20/162 | trades=0 | skip=0 | 0.0s
2026-08-03 23:18:31,137 [INFO]   进度 40/162 | trades=0 | skip=0 | 0.0s
2026-08-03 23:18:31,139 [INFO]   进度 60/162 | trades=0 | skip=0 | 0.0s
2026-08-03 23:18:31,140 [INFO]   进度 80/162 | trades=0 | skip=0 | 0.0s
2026-08-03 23:18:31,141 [INFO]   进度 100/162 | trades=0 | skip=0 | 0.0s
2026-08-03 23:18:31,143 [INFO]   进度 120/162 | trades=0 | skip=0 | 0.0s
2026-08-03 23:18:31,144 [INFO]   进度 140/162 | trades=0 | skip=0 | 0.0s
2026-08-03 23:18:31,146 [INFO]   进度 160/162 | trades=0 | skip=0 | 0.0s
2026-08-03 23:18:31,146 [INFO] ========== ZT回测完成 | trades=0 | fill_rate=100% | 0.0s ==========
2026-08-03 23:18:31,146 [WARNING]   无任何交易产生！
2026-08-03 23:18:31,147 [INFO]   score=-1000.0 | 月复利=0.0% | 笔数=0 胜率=0.0% DD=0.0% | lev=1.00x | 0.0s
2026-08-03 23:18:31,147 [INFO] ========== ZT回测 2025-12-01→2026-07-31 | top=3 board=all entry=close_t0 sample=300 ==========
2026-08-03 23:18:33,043 [INFO] HS300 regime 预计算: 365 天 (bull=203 bear=41 crash=62 unknown=59)
2026-08-03 23:18:33,046 [INFO]   进度 20/162 | trades=0 | skip=6 | 1.9s
2026-08-03 23:18:33,048 [INFO]   进度 40/162 | trades=0 | skip=8 | 1.9s
2026-08-03 23:18:33,051 [INFO]   进度 60/162 | trades=0 | skip=18 | 1.9s
2026-08-03 23:18:33,051 [INFO]   进度 80/162 | trades=0 | skip=36 | 1.9s
2026-08-03 23:18:33,053 [INFO]   进度 100/162 | trades=0 | skip=40 | 1.9s
2026-08-03 23:18:33,055 [INFO]   进度 120/162 | trades=0 | skip=43 | 1.9s
2026-08-03 23:18:33,056 [INFO]   进度 140/162 | trades=0 | skip=50 | 1.9s
2026-08-03 23:18:33,056 [INFO]   进度 160/162 | trades=0 | skip=69 | 1.9s
2026-08-03 23:18:33,056 [INFO] ========== ZT回测完成 | trades=0 | fill_rate=20% | 1.9s ==========
2026-08-03 23:18:33,056 [WARNING]   无任何交易产生！
2026-08-03 23:18:33,056 [INFO]   score=-1000.0 | 月复利=0.0% | 笔数=0 胜率=0.0% DD=0.0% | lev=1.50x | 1.9s
2026-08-03 23:18:33,056 [INFO] ========== ZT回测 2025-12-01→2026-07-31 | top=1 board=gem+star entry=open_t1 sample=300 ==========
2026-08-03 23:18:34,986 [INFO] HS300 regime 预计算: 365 天 (bull=203 bear=41 crash=62 unknown=59)
2026-08-03 23:18:34,986 [INFO]   进度 20/162 | trades=0 | skip=6 | 1.9s
2026-08-03 23:18:34,988 [INFO]   进度 40/162 | trades=0 | skip=8 | 1.9s
2026-08-03 23:18:34,989 [INFO]   进度 60/162 | trades=0 | skip=18 | 1.9s
2026-08-03 23:18:34,989 [INFO]   进度 80/162 | trades=0 | skip=36 | 1.9s
2026-08-03 23:18:34,990 [INFO]   进度 100/162 | trades=0 | skip=40 | 1.9s
2026-08-03 23:18:34,992 [INFO]   进度 120/162 | trades=0 | skip=43 | 1.9s
2026-08-03 23:18:34,994 [INFO]   进度 140/162 | trades=0 | skip=50 | 1.9s
2026-08-03 23:18:34,995 [INFO]   进度 160/162 | trades=0 | skip=69 | 1.9s
2026-08-03 23:18:34,995 [INFO] ========== ZT回测完成 | trades=0 | fill_rate=30% | 1.9s ==========
2026-08-03 23:18:34,995 [WARNING]   无任何交易产生！
2026-08-03 23:18:34,995 [INFO]   score=-1000.0 | 月复利=0.0% | 笔数=0 胜率=0.0% DD=0.0% | lev=2.00x | 1.9s
2026-08-03 23:18:34,995 [INFO] ========== ZT回测 2025-12-01→2026-07-31 | top=5 board=all entry=open_t1 sample=300 ==========
2026-08-03 23:18:36,898 [INFO] HS300 regime 预计算: 365 天 (bull=203 bear=41 crash=62 unknown=59)
2026-08-03 23:18:36,900 [INFO]   进度 20/162 | trades=0 | skip=6 | 1.9s
2026-08-03 23:18:36,904 [INFO]   进度 40/162 | trades=0 | skip=8 | 1.9s
2026-08-03 23:18:36,905 [INFO]   进度 60/162 | trades=0 | skip=18 | 1.9s
2026-08-03 23:18:36,905 [INFO]   进度 80/162 | trades=0 | skip=36 | 1.9s
2026-08-03 23:18:36,906 [INFO]   进度 100/162 | trades=0 | skip=40 | 1.9s
2026-08-03 23:18:36,910 [INFO]   进度 120/162 | trades=0 | skip=43 | 1.9s
2026-08-03 23:18:36,911 [INFO]   进度 140/162 | trades=0 | skip=50 | 1.9s
2026-08-03 23:18:36,911 [INFO]   进度 160/162 | trades=0 | skip=69 | 1.9s
2026-08-03 23:18:36,911 [INFO] ========== ZT回测完成 | trades=0 | fill_rate=30% | 1.9s ==========
2026-08-03 23:18:36,911 [WARNING]   无任何交易产生！
2026-08-03 23:18:36,911 [INFO]   score=-1000.0 | 月复利=0.0% | 笔数=0 胜率=0.0% DD=0.0% | lev=2.00x | 1.9s
2026-08-03 23:18:36,912 [INFO] ========== ZT回测 2025-12-01→2026-07-31 | top=5 board=main entry=close_t0 sample=300 ==========
2026-08-03 23:18:36,912 [INFO]   进度 20/162 | trades=0 | skip=0 | 0.0s
2026-08-03 23:18:36,914 [INFO]   进度 40/162 | trades=0 | skip=0 | 0.0s
2026-08-03 23:18:36,917 [INFO]   进度 60/162 | trades=0 | skip=0 | 0.0s
2026-08-03 23:18:36,919 [INFO]   进度 80/162 | trades=0 | skip=0 | 0.0s
2026-08-03 23:18:36,921 [INFO]   进度 100/162 | trades=0 | skip=0 | 0.0s
2026-08-03 23:18:36,925 [INFO]   进度 120/162 | trades=0 | skip=0 | 0.0s
2026-08-03 23:18:36,926 [INFO]   进度 140/162 | trades=0 | skip=0 | 0.0s
2026-08-03 23:18:36,929 [INFO]   进度 160/162 | trades=0 | skip=0 | 0.0s
2026-08-03 23:18:36,929 [INFO] ========== ZT回测完成 | trades=0 | fill_rate=30% | 0.0s ==========
2026-08-03 23:18:36,930 [WARNING]   无任何交易产生！
2026-08-03 23:18:36,930 [INFO]   score=-1000.0 | 月复利=0.0% | 笔数=0 胜率=0.0% DD=0.0% | lev=1.50x | 0.0s
2026-08-03 23:18:36,930 [INFO] ========== ZT回测 2025-12-01→2026-07-31 | top=5 board=main entry=open_t1 sample=300 ==========
2026-08-03 23:18:38,756 [INFO] HS300 regime 预计算: 365 天 (bull=203 bear=41 crash=62 unknown=59)
2026-08-03 23:18:38,758 [INFO]   进度 20/162 | trades=0 | skip=6 | 1.8s
2026-08-03 23:18:38,759 [INFO]   进度 40/162 | trades=0 | skip=8 | 1.8s
2026-08-03 23:18:38,760 [INFO]   进度 60/162 | trades=0 | skip=18 | 1.8s
2026-08-03 23:18:38,760 [INFO]   进度 80/162 | trades=0 | skip=36 | 1.8s
2026-08-03 23:18:38,760 [INFO]   进度 100/162 | trades=0 | skip=40 | 1.8s
2026-08-03 23:18:38,762 [INFO]   进度 120/162 | trades=0 | skip=43 | 1.8s
2026-08-03 23:18:38,762 [INFO]   进度 140/162 | trades=0 | skip=50 | 1.8s
2026-08-03 23:18:38,762 [INFO]   进度 160/162 | trades=0 | skip=69 | 1.8s
2026-08-03 23:18:38,762 [INFO] ========== ZT回测完成 | trades=0 | fill_rate=40% | 1.8s ==========
2026-08-03 23:18:38,762 [WARNING]   无任何交易产生！
2026-08-03 23:18:38,762 [INFO]   score=-1000.0 | 月复利=0.0% | 笔数=0 胜率=0.0% DD=0.0% | lev=1.50x | 1.8s
2026-08-03 23:18:38,763 [INFO] ========== ZT回测 2025-12-01→2026-07-31 | top=1 board=all entry=close_t0 sample=300 ==========
2026-08-03 23:18:40,755 [INFO] HS300 regime 预计算: 365 天 (bull=203 bear=41 crash=62 unknown=59)
2026-08-03 23:18:40,756 [INFO]   进度 20/162 | trades=0 | skip=6 | 2.0s
2026-08-03 23:18:40,757 [INFO]   进度 40/162 | trades=0 | skip=8 | 2.0s
2026-08-03 23:18:40,758 [INFO]   进度 60/162 | trades=0 | skip=18 | 2.0s
2026-08-03 23:18:40,758 [INFO]   进度 80/162 | trades=0 | skip=36 | 2.0s
2026-08-03 23:18:40,758 [INFO]   进度 100/162 | trades=0 | skip=40 | 2.0s
2026-08-03 23:18:40,759 [INFO]   进度 120/162 | trades=0 | skip=43 | 2.0s
2026-08-03 23:18:40,759 [INFO]   进度 140/162 | trades=0 | skip=50 | 2.0s
2026-08-03 23:18:40,759 [INFO]   进度 160/162 | trades=0 | skip=69 | 2.0s
2026-08-03 23:18:40,759 [INFO] ========== ZT回测完成 | trades=0 | fill_rate=20% | 2.0s ==========
2026-08-03 23:18:40,760 [WARNING]   无任何交易产生！
2026-08-03 23:18:40,760 [INFO]   score=-1000.0 | 月复利=0.0% | 笔数=0 胜率=0.0% DD=0.0% | lev=1.75x | 2.0s
2026-08-03 23:18:40,760 [INFO] ========== ZT回测 2025-12-01→2026-07-31 | top=2 board=all entry=open_t1 sample=300 ==========
2026-08-03 23:18:42,442 [INFO] HS300 regime 预计算: 365 天 (bull=203 bear=41 crash=62 unknown=59)
2026-08-03 23:18:42,443 [INFO]   进度 20/162 | trades=0 | skip=6 | 1.7s
2026-08-03 23:18:42,444 [INFO]   进度 40/162 | trades=0 | skip=8 | 1.7s
2026-08-03 23:18:42,444 [INFO]   进度 60/162 | trades=0 | skip=18 | 1.7s
2026-08-03 23:18:42,445 [INFO]   进度 80/162 | trades=0 | skip=36 | 1.7s
2026-08-03 23:18:42,445 [INFO]   进度 100/162 | trades=0 | skip=40 | 1.7s
2026-08-03 23:18:42,446 [INFO]   进度 120/162 | trades=0 | skip=43 | 1.7s
2026-08-03 23:18:42,448 [INFO]   进度 140/162 | trades=0 | skip=50 | 1.7s
2026-08-03 23:18:42,448 [INFO]   进度 160/162 | trades=0 | skip=69 | 1.7s
2026-08-03 23:18:42,448 [INFO] ========== ZT回测完成 | trades=0 | fill_rate=25% | 1.7s ==========
2026-08-03 23:18:42,448 [WARNING]   无任何交易产生！
2026-08-03 23:18:42,448 [INFO]   score=-1000.0 | 月复利=0.0% | 笔数=0 胜率=0.0% DD=0.0% | lev=2.00x | 1.7s
2026-08-03 23:18:42,448 [INFO] ========== ZT回测 2025-12-01→2026-07-31 | top=5 board=gem+star entry=close_t0 sample=300 ==========
2026-08-03 23:18:44,244 [INFO] HS300 regime 预计算: 365 天 (bull=203 bear=41 crash=62 unknown=59)
2026-08-03 23:18:44,245 [INFO]   进度 20/162 | trades=0 | skip=6 | 1.8s
2026-08-03 23:18:44,247 [INFO]   进度 40/162 | trades=0 | skip=8 | 1.8s
2026-08-03 23:18:44,247 [INFO]   进度 60/162 | trades=0 | skip=18 | 1.8s
2026-08-03 23:18:44,247 [INFO]   进度 80/162 | trades=0 | skip=36 | 1.8s
2026-08-03 23:18:44,248 [INFO]   进度 100/162 | trades=0 | skip=40 | 1.8s
2026-08-03 23:18:44,248 [INFO]   进度 120/162 | trades=0 | skip=43 | 1.8s
2026-08-03 23:18:44,248 [INFO]   进度 140/162 | trades=0 | skip=50 | 1.8s
2026-08-03 23:18:44,248 [INFO]   进度 160/162 | trades=0 | skip=69 | 1.8s
2026-08-03 23:18:44,248 [INFO] ========== ZT回测完成 | trades=0 | fill_rate=35% | 1.8s ==========
2026-08-03 23:18:44,248 [WARNING]   无任何交易产生！
2026-08-03 23:18:44,248 [INFO]   score=-1000.0 | 月复利=0.0% | 笔数=0 胜率=0.0% DD=0.0% | lev=1.50x | 1.8s
2026-08-03 23:18:44,249 [INFO] ========== ZT回测 2025-12-01→2026-07-31 | top=2 board=main entry=open_t1 sample=300 ==========
2026-08-03 23:18:46,596 [INFO] HS300 regime 预计算: 365 天 (bull=203 bear=41 crash=62 unknown=59)
2026-08-03 23:18:46,597 [INFO]   进度 20/162 | trades=0 | skip=6 | 2.3s
2026-08-03 23:18:46,598 [INFO]   进度 40/162 | trades=0 | skip=8 | 2.3s
2026-08-03 23:18:46,598 [INFO]   进度 60/162 | trades=0 | skip=18 | 2.3s
2026-08-03 23:18:46,598 [INFO]   进度 80/162 | trades=0 | skip=36 | 2.3s
2026-08-03 23:18:46,601 [INFO]   进度 100/162 | trades=0 | skip=40 | 2.4s
2026-08-03 23:18:46,602 [INFO]   进度 120/162 | trades=0 | skip=43 | 2.4s
2026-08-03 23:18:46,604 [INFO]   进度 140/162 | trades=0 | skip=50 | 2.4s
2026-08-03 23:18:46,604 [INFO]   进度 160/162 | trades=0 | skip=69 | 2.4s
2026-08-03 23:18:46,604 [INFO] ========== ZT回测完成 | trades=0 | fill_rate=20% | 2.4s ==========
2026-08-03 23:18:46,605 [WARNING]   无任何交易产生！
2026-08-03 23:18:46,605 [INFO]   score=-1000.0 | 月复利=0.0% | 笔数=0 胜率=0.0% DD=0.0% | lev=1.50x | 2.4s
2026-08-03 23:18:46,611 [INFO] ========== ZT回测 2025-12-01→2026-07-31 | top=5 board=all entry=close_t0 sample=300 ==========
2026-08-03 23:18:46,622 [INFO]   进度 20/162 | trades=0 | skip=0 | 0.0s
2026-08-03 23:18:46,627 [INFO]   进度 40/162 | trades=0 | skip=0 | 0.0s
2026-08-03 23:18:46,629 [INFO]   进度 60/162 | trades=0 | skip=0 | 0.0s
2026-08-03 23:18:46,633 [INFO]   进度 80/162 | trades=0 | skip=0 | 0.0s
2026-08-03 23:18:46,634 [INFO]   进度 100/162 | trades=0 | skip=0 | 0.0s
2026-08-03 23:18:46,637 [INFO]   进度 120/162 | trades=0 | skip=0 | 0.0s
2026-08-03 23:18:46,639 [INFO]   进度 140/162 | trades=0 | skip=0 | 0.0s
2026-08-03 23:18:46,641 [INFO]   进度 160/162 | trades=0 | skip=0 | 0.0s
2026-08-03 23:18:46,642 [INFO] ========== ZT回测完成 | trades=0 | fill_rate=50% | 0.0s ==========
2026-08-03 23:18:46,642 [WARNING]   无任何交易产生！
2026-08-03 23:18:46,642 [INFO]   score=-1000.0 | 月复利=0.0% | 笔数=0 胜率=0.0% DD=0.0% | lev=1.00x | 0.0s
2026-08-03 23:18:46,642 [INFO] ========== ZT回测 2025-12-01→2026-07-31 | top=1 board=gem+star entry=open_t1 sample=300 ==========
2026-08-03 23:18:46,643 [INFO]   进度 20/162 | trades=0 | skip=0 | 0.0s
2026-08-03 23:18:46,645 [INFO]   进度 40/162 | trades=0 | skip=0 | 0.0s
2026-08-03 23:18:46,645 [INFO]   进度 60/162 | trades=0 | skip=0 | 0.0s
2026-08-03 23:18:46,646 [INFO]   进度 80/162 | trades=0 | skip=0 | 0.0s
2026-08-03 23:18:46,646 [INFO]   进度 100/162 | trades=0 | skip=0 | 0.0s
2026-08-03 23:18:46,647 [INFO]   进度 120/162 | trades=0 | skip=0 | 0.0s
2026-08-03 23:18:46,647 [INFO]   进度 140/162 | trades=0 | skip=0 | 0.0s
2026-08-03 23:18:46,648 [INFO]   进度 160/162 | trades=0 | skip=0 | 0.0s
2026-08-03 23:18:46,648 [INFO] ========== ZT回测完成 | trades=0 | fill_rate=100% | 0.0s ==========
2026-08-03 23:18:46,648 [WARNING]   无任何交易产生！
2026-08-03 23:18:46,648 [INFO]   score=-1000.0 | 月复利=0.0% | 笔数=0 胜率=0.0% DD=0.0% | lev=2.00x | 0.0s
2026-08-03 23:18:46,649 [INFO] ========== ZT回测 2025-12-01→2026-07-31 | top=1 board=gem+star entry=open_t1 sample=300 ==========
2026-08-03 23:18:48,545 [INFO] HS300 regime 预计算: 365 天 (bull=203 bear=41 crash=62 unknown=59)
2026-08-03 23:18:48,547 [INFO]   进度 20/162 | trades=0 | skip=6 | 1.9s
2026-08-03 23:18:48,548 [INFO]   进度 40/162 | trades=0 | skip=8 | 1.9s
2026-08-03 23:18:48,549 [INFO]   进度 60/162 | trades=0 | skip=18 | 1.9s
2026-08-03 23:18:48,549 [INFO]   进度 80/162 | trades=0 | skip=36 | 1.9s
2026-08-03 23:18:48,551 [INFO]   进度 100/162 | trades=0 | skip=40 | 1.9s
2026-08-03 23:18:48,551 [INFO]   进度 120/162 | trades=0 | skip=43 | 1.9s
2026-08-03 23:18:48,552 [INFO]   进度 140/162 | trades=0 | skip=50 | 1.9s
2026-08-03 23:18:48,552 [INFO]   进度 160/162 | trades=0 | skip=69 | 1.9s
2026-08-03 23:18:48,552 [INFO] ========== ZT回测完成 | trades=0 | fill_rate=40% | 1.9s ==========
2026-08-03 23:18:48,552 [WARNING]   无任何交易产生！
2026-08-03 23:18:48,552 [INFO]   score=-1000.0 | 月复利=0.0% | 笔数=0 胜率=0.0% DD=0.0% | lev=1.25x | 1.9s
2026-08-03 23:18:48,553 [INFO] ========== ZT回测 2025-12-01→2026-07-31 | top=5 board=main entry=close_t0 sample=300 ==========
2026-08-03 23:18:48,662 [INFO]   进度 20/162 | trades=69 | skip=0 | 0.1s
2026-08-03 23:18:48,763 [INFO]   进度 40/162 | trades=153 | skip=0 | 0.2s
2026-08-03 23:18:48,944 [INFO]   进度 60/162 | trades=222 | skip=0 | 0.4s
2026-08-03 23:18:49,154 [INFO]   进度 80/162 | trades=277 | skip=0 | 0.6s
2026-08-03 23:18:49,310 [INFO]   进度 100/162 | trades=336 | skip=0 | 0.8s
2026-08-03 23:18:49,433 [INFO]   进度 120/162 | trades=412 | skip=0 | 0.9s
2026-08-03 23:18:49,511 [INFO]   进度 140/162 | trades=479 | skip=0 | 1.0s
2026-08-03 23:18:49,599 [INFO]   进度 160/162 | trades=548 | skip=0 | 1.0s
2026-08-03 23:18:49,602 [INFO] ========== ZT回测完成 | trades=552 | fill_rate=50% | 1.0s ==========
2026-08-03 23:18:49,922 [INFO]   笔数=552 | 胜率=83.7% | 平均=1.93% | 日均=20969.09% | 总收益=3313115.8% | 最大回撤=-9.8%
2026-08-03 23:18:49,922 [INFO]   [best      ] n=551 胜率=85.7% 平均=4.16% 累计=412462699397.7%
2026-08-03 23:18:49,922 [INFO]   [close_t1  ] n=551 胜率=57.5% 平均=0.26% 累计=213.6%
2026-08-03 23:18:49,922 [INFO]   [close_t2  ] n=547 胜率=52.6% 平均=1.12% 累计=19455.2%
2026-08-03 23:18:49,922 [INFO]   [close_t3  ] n=546 胜率=51.8% 平均=1.34% 累计=37271.7%
2026-08-03 23:18:49,922 [INFO]   [gap_t1    ] n=551 胜率=58.1% 平均=0.57% 累计=1863.4%
2026-08-03 23:18:49,922 [INFO]   [open_t2   ] n=547 胜率=49.4% 平均=0.76% 累计=2946.1%
2026-08-03 23:18:49,922 [INFO]   [stop_t1   ] n=125 胜率=0.0% 平均=-5.67% 累计=-99.9%
2026-08-03 23:18:49,922 [INFO]   [trail_t2  ] n=413 胜率=93.7% 平均=2.29% 累计=1125005.8%
2026-08-03 23:18:49,922 [INFO]   score=22.4 | 月复利=14.0% | 笔数=552 胜率=83.7% DD=-0.7% | lev=1.75x | 1.4s
2026-08-03 23:18:49,922 [INFO] ========== ZT回测 2025-12-01→2026-07-31 | top=1 board=gem+star entry=open_t1 sample=300 ==========
2026-08-03 23:18:49,942 [INFO]   进度 20/162 | trades=19 | skip=0 | 0.0s
2026-08-03 23:18:49,964 [INFO]   进度 40/162 | trades=39 | skip=0 | 0.0s
2026-08-03 23:18:49,992 [INFO]   进度 60/162 | trades=59 | skip=0 | 0.1s
2026-08-03 23:18:50,019 [INFO]   进度 80/162 | trades=78 | skip=0 | 0.1s
2026-08-03 23:18:50,054 [INFO]   进度 100/162 | trades=98 | skip=0 | 0.1s
2026-08-03 23:18:50,083 [INFO]   进度 120/162 | trades=118 | skip=0 | 0.2s
2026-08-03 23:18:50,115 [INFO]   进度 140/162 | trades=138 | skip=0 | 0.2s
2026-08-03 23:18:50,137 [INFO]   进度 160/162 | trades=158 | skip=0 | 0.2s
2026-08-03 23:18:50,139 [INFO] ========== ZT回测完成 | trades=159 | fill_rate=40% | 0.2s ==========
2026-08-03 23:18:50,537 [INFO]   笔数=159 | 胜率=57.2% | 平均=-0.13% | 日均=-0.20% | 总收益=-31.6% | 最大回撤=-52.5%
2026-08-03 23:18:50,537 [INFO]   [best      ] n=159 胜率=73.6% 平均=1.82% 累计=1576.8%
2026-08-03 23:18:50,537 [INFO]   [close_t1  ] n=159 胜率=25.8% 平均=-1.55% 累计=-92.2%
2026-08-03 23:18:50,537 [INFO]   [close_t2  ] n=158 胜率=36.7% 平均=-1.34% 累计=-89.6%
2026-08-03 23:18:50,537 [INFO]   [close_t3  ] n=157 胜率=34.4% 平均=-1.36% 累计=-90.4%
2026-08-03 23:18:50,537 [INFO]   [gap_t1    ] n=159 胜率=0.0% 平均=0.00% 累计=0.0%
2026-08-03 23:18:50,537 [INFO]   [open_t2   ] n=158 胜率=34.8% 平均=-1.54% 累计=-92.4%
2026-08-03 23:18:50,537 [INFO]   [stop_t1   ] n=51 胜率=0.0% 平均=-5.63% 累计=-94.8%
2026-08-03 23:18:50,537 [INFO]   [trail_t2  ] n=91 胜率=75.8% 平均=2.43% 累计=752.0%
2026-08-03 23:18:50,539 [INFO]   score=-1.1 | 月复利=-4.5% | 笔数=159 胜率=57.2% DD=-62.0% | lev=1.25x | 0.6s
2026-08-03 23:18:50,539 [INFO] ========== ZT回测 2025-12-01→2026-07-31 | top=3 board=main entry=close_t0 sample=300 ==========
2026-08-03 23:18:52,447 [INFO] HS300 regime 预计算: 365 天 (bull=203 bear=41 crash=62 unknown=59)
2026-08-03 23:18:52,448 [INFO]   进度 20/162 | trades=0 | skip=6 | 1.9s
2026-08-03 23:18:52,448 [INFO]   进度 40/162 | trades=0 | skip=8 | 1.9s
2026-08-03 23:18:52,449 [INFO]   进度 60/162 | trades=0 | skip=18 | 1.9s
2026-08-03 23:18:52,449 [INFO]   进度 80/162 | trades=0 | skip=36 | 1.9s
2026-08-03 23:18:52,450 [INFO]   进度 100/162 | trades=0 | skip=40 | 1.9s
2026-08-03 23:18:52,451 [INFO]   进度 120/162 | trades=0 | skip=43 | 1.9s
2026-08-03 23:18:52,452 [INFO]   进度 140/162 | trades=0 | skip=50 | 1.9s
2026-08-03 23:18:52,453 [INFO]   进度 160/162 | trades=0 | skip=69 | 1.9s
2026-08-03 23:18:52,453 [INFO] ========== ZT回测完成 | trades=0 | fill_rate=30% | 1.9s ==========
2026-08-03 23:18:52,453 [WARNING]   无任何交易产生！
2026-08-03 23:18:52,453 [INFO]   score=-1000.0 | 月复利=0.0% | 笔数=0 胜率=0.0% DD=0.0% | lev=1.75x | 1.9s
2026-08-03 23:18:52,453 [INFO] ========== ZT回测 2025-12-01→2026-07-31 | top=1 board=all entry=open_t1 sample=300 ==========
2026-08-03 23:18:54,302 [INFO] HS300 regime 预计算: 365 天 (bull=203 bear=41 crash=62 unknown=59)
2026-08-03 23:18:54,304 [INFO]   进度 20/162 | trades=0 | skip=6 | 1.9s
2026-08-03 23:18:54,305 [INFO]   进度 40/162 | trades=0 | skip=8 | 1.9s
2026-08-03 23:18:54,305 [INFO]   进度 60/162 | trades=0 | skip=18 | 1.9s
2026-08-03 23:18:54,305 [INFO]   进度 80/162 | trades=0 | skip=36 | 1.9s
2026-08-03 23:18:54,305 [INFO]   进度 100/162 | trades=0 | skip=40 | 1.9s
2026-08-03 23:18:54,307 [INFO]   进度 120/162 | trades=0 | skip=43 | 1.9s
2026-08-03 23:18:54,309 [INFO]   进度 140/162 | trades=0 | skip=50 | 1.9s
2026-08-03 23:18:54,310 [INFO]   进度 160/162 | trades=0 | skip=69 | 1.9s
2026-08-03 23:18:54,310 [INFO] ========== ZT回测完成 | trades=0 | fill_rate=50% | 1.9s ==========
2026-08-03 23:18:54,310 [WARNING]   无任何交易产生！
2026-08-03 23:18:54,310 [INFO]   score=-1000.0 | 月复利=0.0% | 笔数=0 胜率=0.0% DD=0.0% | lev=1.25x | 1.9s
2026-08-03 23:18:54,311 [INFO] ========== ZT回测 2025-12-01→2026-07-31 | top=1 board=gem+star entry=open_t1 sample=300 ==========
2026-08-03 23:18:56,147 [INFO] HS300 regime 预计算: 365 天 (bull=203 bear=41 crash=62 unknown=59)
2026-08-03 23:18:56,148 [INFO]   进度 20/162 | trades=0 | skip=6 | 1.8s
2026-08-03 23:18:56,150 [INFO]   进度 40/162 | trades=0 | skip=8 | 1.8s
2026-08-03 23:18:56,150 [INFO]   进度 60/162 | trades=0 | skip=18 | 1.8s
2026-08-03 23:18:56,150 [INFO]   进度 80/162 | trades=0 | skip=36 | 1.8s
2026-08-03 23:18:56,151 [INFO]   进度 100/162 | trades=0 | skip=40 | 1.8s
2026-08-03 23:18:56,151 [INFO]   进度 120/162 | trades=0 | skip=43 | 1.8s
2026-08-03 23:18:56,152 [INFO]   进度 140/162 | trades=0 | skip=50 | 1.8s
2026-08-03 23:18:56,153 [INFO]   进度 160/162 | trades=0 | skip=69 | 1.8s
2026-08-03 23:18:56,153 [INFO] ========== ZT回测完成 | trades=0 | fill_rate=50% | 1.8s ==========
2026-08-03 23:18:56,153 [WARNING]   无任何交易产生！
2026-08-03 23:18:56,153 [INFO]   score=-1000.0 | 月复利=0.0% | 笔数=0 胜率=0.0% DD=0.0% | lev=1.25x | 1.8s
2026-08-03 23:18:56,153 [INFO] ========== ZT回测 2025-12-01→2026-07-31 | top=1 board=gem+star entry=close_t0 sample=300 ==========
2026-08-03 23:18:58,258 [INFO] HS300 regime 预计算: 365 天 (bull=203 bear=41 crash=62 unknown=59)
2026-08-03 23:18:58,258 [INFO]   进度 20/162 | trades=0 | skip=6 | 2.1s
2026-08-03 23:18:58,259 [INFO]   进度 40/162 | trades=0 | skip=8 | 2.1s
2026-08-03 23:18:58,260 [INFO]   进度 60/162 | trades=0 | skip=18 | 2.1s
2026-08-03 23:18:58,260 [INFO]   进度 80/162 | trades=0 | skip=36 | 2.1s
2026-08-03 23:18:58,263 [INFO]   进度 100/162 | trades=0 | skip=40 | 2.1s
2026-08-03 23:18:58,263 [INFO]   进度 120/162 | trades=0 | skip=43 | 2.1s
2026-08-03 23:18:58,264 [INFO]   进度 140/162 | trades=0 | skip=50 | 2.1s
2026-08-03 23:18:58,264 [INFO]   进度 160/162 | trades=0 | skip=69 | 2.1s
2026-08-03 23:18:58,264 [INFO] ========== ZT回测完成 | trades=0 | fill_rate=30% | 2.1s ==========
2026-08-03 23:18:58,264 [WARNING]   无任何交易产生！
2026-08-03 23:18:58,265 [INFO]   score=-1000.0 | 月复利=0.0% | 笔数=0 胜率=0.0% DD=0.0% | lev=2.00x | 2.1s
2026-08-03 23:18:58,265 [INFO] ========== ZT回测 2025-12-01→2026-07-31 | top=1 board=main entry=close_t0 sample=300 ==========
2026-08-03 23:18:58,267 [INFO]   进度 20/162 | trades=0 | skip=0 | 0.0s
2026-08-03 23:18:58,268 [INFO]   进度 40/162 | trades=0 | skip=0 | 0.0s
2026-08-03 23:18:58,268 [INFO]   进度 60/162 | trades=0 | skip=0 | 0.0s
2026-08-03 23:18:58,268 [INFO]   进度 80/162 | trades=0 | skip=0 | 0.0s
2026-08-03 23:18:58,269 [INFO]   进度 100/162 | trades=0 | skip=0 | 0.0s
2026-08-03 23:18:58,269 [INFO]   进度 120/162 | trades=0 | skip=0 | 0.0s
2026-08-03 23:18:58,271 [INFO]   进度 140/162 | trades=0 | skip=0 | 0.0s
2026-08-03 23:18:58,271 [INFO]   进度 160/162 | trades=0 | skip=0 | 0.0s
2026-08-03 23:18:58,272 [INFO] ========== ZT回测完成 | trades=0 | fill_rate=100% | 0.0s ==========
2026-08-03 23:18:58,272 [WARNING]   无任何交易产生！
2026-08-03 23:18:58,272 [INFO]   score=-1000.0 | 月复利=0.0% | 笔数=0 胜率=0.0% DD=0.0% | lev=2.00x | 0.0s
2026-08-03 23:18:58,272 [INFO] ========== ZT回测 2025-12-01→2026-07-31 | top=5 board=gem+star entry=open_t1 sample=300 ==========
2026-08-03 23:18:58,273 [INFO]   进度 20/162 | trades=0 | skip=0 | 0.0s
2026-08-03 23:18:58,274 [INFO]   进度 40/162 | trades=0 | skip=0 | 0.0s
2026-08-03 23:18:58,274 [INFO]   进度 60/162 | trades=0 | skip=0 | 0.0s
2026-08-03 23:18:58,275 [INFO]   进度 80/162 | trades=0 | skip=0 | 0.0s
2026-08-03 23:18:58,276 [INFO]   进度 100/162 | trades=0 | skip=0 | 0.0s
2026-08-03 23:18:58,277 [INFO]   进度 120/162 | trades=0 | skip=0 | 0.0s
2026-08-03 23:18:58,278 [INFO]   进度 140/162 | trades=0 | skip=0 | 0.0s
2026-08-03 23:18:58,279 [INFO]   进度 160/162 | trades=0 | skip=0 | 0.0s
2026-08-03 23:18:58,279 [INFO] ========== ZT回测完成 | trades=0 | fill_rate=100% | 0.0s ==========
2026-08-03 23:18:58,280 [WARNING]   无任何交易产生！
2026-08-03 23:18:58,280 [INFO]   score=-1000.0 | 月复利=0.0% | 笔数=0 胜率=0.0% DD=0.0% | lev=1.25x | 0.0s
2026-08-03 23:18:58,280 [INFO] ========== ZT回测 2025-12-01→2026-07-31 | top=2 board=main entry=close_t0 sample=300 ==========
2026-08-03 23:18:59,981 [INFO] HS300 regime 预计算: 365 天 (bull=203 bear=41 crash=62 unknown=59)
2026-08-03 23:19:00,007 [INFO]   进度 20/162 | trades=26 | skip=6 | 1.7s
2026-08-03 23:19:00,048 [INFO]   进度 40/162 | trades=62 | skip=8 | 1.8s
2026-08-03 23:19:00,069 [INFO]   进度 60/162 | trades=82 | skip=18 | 1.8s
2026-08-03 23:19:00,077 [INFO]   进度 80/162 | trades=86 | skip=36 | 1.8s
2026-08-03 23:19:00,128 [INFO]   进度 100/162 | trades=118 | skip=40 | 1.8s
2026-08-03 23:19:00,158 [INFO]   进度 120/162 | trades=152 | skip=43 | 1.9s
2026-08-03 23:19:00,187 [INFO]   进度 140/162 | trades=178 | skip=50 | 1.9s
2026-08-03 23:19:00,189 [INFO]   进度 160/162 | trades=180 | skip=69 | 1.9s
2026-08-03 23:19:00,189 [INFO] ========== ZT回测完成 | trades=180 | fill_rate=40% | 1.9s ==========
2026-08-03 23:19:00,417 [INFO]   笔数=180 | 胜率=79.4% | 平均=1.08% | 日均=6.29% | 总收益=566.4% | 最大回撤=-10.9%
2026-08-03 23:19:00,417 [INFO]   [best      ] n=180 胜率=88.9% 平均=2.66% 累计=10583.4%
2026-08-03 23:19:00,418 [INFO]   [close_t1  ] n=180 胜率=43.3% 平均=-0.34% 累计=-48.8%
2026-08-03 23:19:00,418 [INFO]   [close_t2  ] n=180 胜率=37.8% 平均=-0.49% 累计=-63.9%
2026-08-03 23:19:00,418 [INFO]   [close_t3  ] n=180 胜率=40.6% 平均=-0.51% 累计=-67.7%
2026-08-03 23:19:00,418 [INFO]   [gap_t1    ] n=180 胜率=43.9% 平均=-0.20% 累计=-31.7%
2026-08-03 23:19:00,418 [INFO]   [open_t2   ] n=180 胜率=38.9% 平均=-0.28% 累计=-47.5%
2026-08-03 23:19:00,418 [INFO]   [stop_t1   ] n=79 胜率=0.0% 平均=-3.89% 累计=-95.7%
2026-08-03 23:19:00,418 [INFO]   [trail_t2  ] n=101 胜率=96.0% 平均=1.95% 累计=599.3%
2026-08-03 23:19:00,418 [INFO]   score=12.6 | 月复利=9.5% | 笔数=180 胜率=79.4% DD=-2.3% | lev=1.50x | 2.1s
2026-08-03 23:19:00,418 [INFO] ========== ZT回测 2025-12-01→2026-07-31 | top=2 board=all entry=open_t1 sample=300 ==========
2026-08-03 23:19:00,420 [INFO]   进度 20/162 | trades=0 | skip=0 | 0.0s
2026-08-03 23:19:00,424 [INFO]   进度 40/162 | trades=0 | skip=0 | 0.0s
2026-08-03 23:19:00,425 [INFO]   进度 60/162 | trades=0 | skip=0 | 0.0s
2026-08-03 23:19:00,425 [INFO]   进度 80/162 | trades=0 | skip=0 | 0.0s
2026-08-03 23:19:00,426 [INFO]   进度 100/162 | trades=0 | skip=0 | 0.0s
2026-08-03 23:19:00,427 [INFO]   进度 120/162 | trades=0 | skip=0 | 0.0s
2026-08-03 23:19:00,428 [INFO]   进度 140/162 | trades=0 | skip=0 | 0.0s
2026-08-03 23:19:00,429 [INFO]   进度 160/162 | trades=0 | skip=0 | 0.0s
2026-08-03 23:19:00,430 [INFO] ========== ZT回测完成 | trades=0 | fill_rate=25% | 0.0s ==========
2026-08-03 23:19:00,430 [WARNING]   无任何交易产生！
2026-08-03 23:19:00,430 [INFO]   score=-1000.0 | 月复利=0.0% | 笔数=0 胜率=0.0% DD=0.0% | lev=2.00x | 0.0s
2026-08-03 23:19:00,430 [INFO] ========== ZT回测 2025-12-01→2026-07-31 | top=3 board=main entry=close_t0 sample=300 ==========
2026-08-03 23:19:02,213 [INFO] HS300 regime 预计算: 365 天 (bull=203 bear=41 crash=62 unknown=59)
2026-08-03 23:19:02,256 [INFO]   进度 20/162 | trades=37 | skip=6 | 1.8s
2026-08-03 23:19:02,318 [INFO]   进度 40/162 | trades=90 | skip=8 | 1.9s
2026-08-03 23:19:02,348 [INFO]   进度 60/162 | trades=116 | skip=18 | 1.9s
2026-08-03 23:19:02,352 [INFO]   进度 80/162 | trades=121 | skip=36 | 1.9s
2026-08-03 23:19:02,390 [INFO]   进度 100/162 | trades=152 | skip=40 | 2.0s
2026-08-03 23:19:02,467 [INFO]   进度 120/162 | trades=197 | skip=43 | 2.0s
2026-08-03 23:19:02,522 [INFO]   进度 140/162 | trades=226 | skip=50 | 2.1s
2026-08-03 23:19:02,527 [INFO]   进度 160/162 | trades=228 | skip=69 | 2.1s
2026-08-03 23:19:02,527 [INFO] ========== ZT回测完成 | trades=228 | fill_rate=20% | 2.1s ==========
2026-08-03 23:19:02,895 [INFO]   笔数=228 | 胜率=87.7% | 平均=0.77% | 日均=5.39% | 总收益=469.4% | 最大回撤=-8.8%
2026-08-03 23:19:02,895 [INFO]   [best      ] n=228 胜率=88.6% 平均=2.01% 累计=9041.2%
2026-08-03 23:19:02,895 [INFO]   [close_t1  ] n=228 胜率=66.2% 平均=0.26% 累计=75.7%
2026-08-03 23:19:02,895 [INFO]   [close_t2  ] n=228 胜率=58.8% 平均=0.61% 累计=272.9%
2026-08-03 23:19:02,901 [INFO]   [close_t3  ] n=228 胜率=55.3% 平均=0.79% 累计=424.9%
2026-08-03 23:19:02,901 [INFO]   [gap_t1    ] n=228 胜率=64.9% 平均=0.35% 累计=121.8%
2026-08-03 23:19:02,901 [INFO]   [open_t2   ] n=228 胜率=60.1% 平均=0.55% 累计=227.5%
2026-08-03 23:19:02,901 [INFO]   [stop_t1   ] n=9 胜率=0.0% 平均=-2.72% 累计=-22.0%
2026-08-03 23:19:02,901 [INFO]   [trail_t2  ] n=208 胜率=90.4% 平均=0.79% 累计=411.4%
2026-08-03 23:19:02,902 [INFO]   score=5.5 | 月复利=3.6% | 笔数=228 胜率=87.7% DD=-1.1% | lev=1.25x | 2.5s
2026-08-03 23:19:02,902 [INFO] ========== ZT回测 2025-12-01→2026-07-31 | top=1 board=main entry=open_t1 sample=300 ==========
2026-08-03 23:19:02,903 [INFO]   进度 20/162 | trades=0 | skip=0 | 0.0s
2026-08-03 23:19:02,905 [INFO]   进度 40/162 | trades=0 | skip=0 | 0.0s
2026-08-03 23:19:02,906 [INFO]   进度 60/162 | trades=0 | skip=0 | 0.0s
2026-08-03 23:19:02,907 [INFO]   进度 80/162 | trades=0 | skip=0 | 0.0s
2026-08-03 23:19:02,910 [INFO]   进度 100/162 | trades=0 | skip=0 | 0.0s
2026-08-03 23:19:02,912 [INFO]   进度 120/162 | trades=0 | skip=0 | 0.0s
2026-08-03 23:19:02,930 [INFO]   进度 140/162 | trades=0 | skip=0 | 0.0s
2026-08-03 23:19:02,932 [INFO]   进度 160/162 | trades=0 | skip=0 | 0.0s
2026-08-03 23:19:02,933 [INFO] ========== ZT回测完成 | trades=0 | fill_rate=50% | 0.0s ==========
2026-08-03 23:19:02,933 [WARNING]   无任何交易产生！
2026-08-03 23:19:02,933 [INFO]   score=-1000.0 | 月复利=0.0% | 笔数=0 胜率=0.0% DD=0.0% | lev=2.00x | 0.0s
2026-08-03 23:19:02,933 [INFO] ========== ZT回测 2025-12-01→2026-07-31 | top=1 board=all entry=close_t0 sample=300 ==========
2026-08-03 23:19:03,015 [INFO]   进度 20/162 | trades=19 | skip=0 | 0.1s
2026-08-03 23:19:03,061 [INFO]   进度 40/162 | trades=39 | skip=0 | 0.1s
2026-08-03 23:19:03,104 [INFO]   进度 60/162 | trades=59 | skip=0 | 0.2s
2026-08-03 23:19:03,150 [INFO]   进度 80/162 | trades=79 | skip=0 | 0.2s
2026-08-03 23:19:03,306 [INFO]   进度 100/162 | trades=99 | skip=0 | 0.4s
2026-08-03 23:19:03,543 [INFO]   进度 120/162 | trades=119 | skip=0 | 0.6s
2026-08-03 23:19:03,594 [INFO]   进度 140/162 | trades=139 | skip=0 | 0.7s
2026-08-03 23:19:03,650 [INFO]   进度 160/162 | trades=159 | skip=0 | 0.7s
2026-08-03 23:19:03,653 [INFO] ========== ZT回测完成 | trades=161 | fill_rate=100% | 0.7s ==========
2026-08-03 23:19:04,337 [INFO]   笔数=161 | 胜率=76.4% | 平均=2.91% | 日均=52.58% | 总收益=8464.9% | 最大回撤=-22.0%
2026-08-03 23:19:04,337 [INFO]   [best      ] n=159 胜率=83.0% 平均=6.41% 累计=1420479.1%
2026-08-03 23:19:04,337 [INFO]   [close_t1  ] n=159 胜率=42.8% 平均=-1.15% 累计=-88.4%
2026-08-03 23:19:04,337 [INFO]   [close_t2  ] n=158 胜率=43.0% 平均=-0.44% 累计=-75.8%
2026-08-03 23:19:04,337 [INFO]   [close_t3  ] n=157 胜率=44.0% 平均=-0.14% 累计=-71.8%
2026-08-03 23:19:04,337 [INFO]   [gap_t1    ] n=159 胜率=35.2% 平均=-1.14% 累计=-86.3%
2026-08-03 23:19:04,337 [INFO]   [open_t2   ] n=158 胜率=36.7% 平均=-1.34% 累计=-93.6%
2026-08-03 23:19:04,337 [INFO]   [stop_t1   ] n=22 胜率=0.0% 平均=-12.54% 累计=-94.8%
2026-08-03 23:19:04,337 [INFO]   [trail_t2  ] n=129 胜率=72.9% 平均=2.05% 累计=1162.7%
2026-08-03 23:19:04,337 [INFO]   score=195.3 | 月复利=170.9% | 笔数=161 胜率=76.4% DD=-37.1% | lev=1.75x | 1.4s
2026-08-03 23:19:04,337 [INFO] ========== ZT回测 2025-12-01→2026-07-31 | top=1 board=gem+star entry=close_t0 sample=300 ==========
2026-08-03 23:19:04,364 [INFO]   进度 20/162 | trades=19 | skip=0 | 0.0s
2026-08-03 23:19:04,389 [INFO]   进度 40/162 | trades=39 | skip=0 | 0.1s
2026-08-03 23:19:04,420 [INFO]   进度 60/162 | trades=59 | skip=0 | 0.1s
2026-08-03 23:19:04,448 [INFO]   进度 80/162 | trades=78 | skip=0 | 0.1s
2026-08-03 23:19:04,484 [INFO]   进度 100/162 | trades=98 | skip=0 | 0.1s
2026-08-03 23:19:04,517 [INFO]   进度 120/162 | trades=118 | skip=0 | 0.2s
2026-08-03 23:19:04,546 [INFO]   进度 140/162 | trades=138 | skip=0 | 0.2s
2026-08-03 23:19:04,579 [INFO]   进度 160/162 | trades=158 | skip=0 | 0.2s
2026-08-03 23:19:04,580 [INFO] ========== ZT回测完成 | trades=160 | fill_rate=30% | 0.2s ==========
2026-08-03 23:19:04,907 [INFO]   笔数=160 | 胜率=81.9% | 平均=1.01% | 日均=2.43% | 总收益=389.5% | 最大回撤=-7.8%
2026-08-03 23:19:04,908 [INFO]   [best      ] n=160 胜率=86.9% 平均=1.99% 累计=2181.5%
2026-08-03 23:19:04,908 [INFO]   [close_t1  ] n=160 胜率=43.8% 平均=-0.30% 累计=-39.5%
2026-08-03 23:19:04,908 [INFO]   [close_t2  ] n=159 胜率=40.2% 平均=-0.23% 累计=-35.2%
2026-08-03 23:19:04,908 [INFO]   [close_t3  ] n=158 胜率=42.4% 平均=-0.25% 累计=-39.4%
2026-08-03 23:19:04,908 [INFO]   [gap_t1    ] n=160 胜率=40.0% 平均=-0.25% 累计=-33.9%
2026-08-03 23:19:04,908 [INFO]   [open_t2   ] n=159 胜率=37.7% 平均=-0.35% 累计=-46.4%
2026-08-03 23:19:04,908 [INFO]   [stop_t1   ] n=5 胜率=0.0% 平均=-4.07% 累计=-18.8%
2026-08-03 23:19:04,908 [INFO]   [trail_t2  ] n=153 胜率=70.6% 平均=0.69% 累计=186.4%
2026-08-03 23:19:04,908 [INFO]   score=60.5 | 月复利=34.8% | 笔数=160 胜率=81.9% DD=-11.6% | lev=1.50x | 0.6s
2026-08-03 23:19:04,909 [INFO] ========== ZT回测 2025-12-01→2026-07-31 | top=5 board=gem+star entry=close_t0 sample=300 ==========
2026-08-03 23:19:06,831 [INFO] HS300 regime 预计算: 365 天 (bull=203 bear=41 crash=62 unknown=59)
2026-08-03 23:19:06,833 [INFO]   进度 20/162 | trades=0 | skip=6 | 1.9s
2026-08-03 23:19:06,835 [INFO]   进度 40/162 | trades=0 | skip=8 | 1.9s
2026-08-03 23:19:06,836 [INFO]   进度 60/162 | trades=0 | skip=18 | 1.9s
2026-08-03 23:19:06,836 [INFO]   进度 80/162 | trades=0 | skip=36 | 1.9s
2026-08-03 23:19:06,838 [INFO]   进度 100/162 | trades=0 | skip=40 | 1.9s
2026-08-03 23:19:06,840 [INFO]   进度 120/162 | trades=0 | skip=43 | 1.9s
2026-08-03 23:19:06,841 [INFO]   进度 140/162 | trades=0 | skip=50 | 1.9s
2026-08-03 23:19:06,841 [INFO]   进度 160/162 | trades=0 | skip=69 | 1.9s
2026-08-03 23:19:06,842 [INFO] ========== ZT回测完成 | trades=0 | fill_rate=40% | 1.9s ==========
2026-08-03 23:19:06,842 [WARNING]   无任何交易产生！
2026-08-03 23:19:06,842 [INFO]   score=-1000.0 | 月复利=0.0% | 笔数=0 胜率=0.0% DD=0.0% | lev=1.50x | 1.9s
2026-08-03 23:19:06,842 [INFO] ========== ZT回测 2025-12-01→2026-07-31 | top=3 board=main entry=open_t1 sample=300 ==========
2026-08-03 23:19:08,576 [INFO] HS300 regime 预计算: 365 天 (bull=203 bear=41 crash=62 unknown=59)
2026-08-03 23:19:08,577 [INFO]   进度 20/162 | trades=0 | skip=6 | 1.7s
2026-08-03 23:19:08,579 [INFO]   进度 40/162 | trades=0 | skip=8 | 1.7s
2026-08-03 23:19:08,579 [INFO]   进度 60/162 | trades=0 | skip=18 | 1.7s
2026-08-03 23:19:08,580 [INFO]   进度 80/162 | trades=0 | skip=36 | 1.7s
2026-08-03 23:19:08,581 [INFO]   进度 100/162 | trades=0 | skip=40 | 1.7s
2026-08-03 23:19:08,583 [INFO]   进度 120/162 | trades=0 | skip=43 | 1.7s
2026-08-03 23:19:08,584 [INFO]   进度 140/162 | trades=0 | skip=50 | 1.7s
2026-08-03 23:19:08,584 [INFO]   进度 160/162 | trades=0 | skip=69 | 1.7s
2026-08-03 23:19:08,584 [INFO] ========== ZT回测完成 | trades=0 | fill_rate=30% | 1.7s ==========
2026-08-03 23:19:08,584 [WARNING]   无任何交易产生！
2026-08-03 23:19:08,584 [INFO]   score=-1000.0 | 月复利=0.0% | 笔数=0 胜率=0.0% DD=0.0% | lev=2.00x | 1.7s
2026-08-03 23:19:08,584 [INFO] ========== ZT回测 2025-12-01→2026-07-31 | top=3 board=gem+star entry=close_t0 sample=300 ==========
2026-08-03 23:19:08,586 [INFO]   进度 20/162 | trades=0 | skip=0 | 0.0s
2026-08-03 23:19:08,587 [INFO]   进度 40/162 | trades=0 | skip=0 | 0.0s
2026-08-03 23:19:08,589 [INFO]   进度 60/162 | trades=0 | skip=0 | 0.0s
2026-08-03 23:19:08,591 [INFO]   进度 80/162 | trades=0 | skip=0 | 0.0s
2026-08-03 23:19:08,592 [INFO]   进度 100/162 | trades=0 | skip=0 | 0.0s
2026-08-03 23:19:08,594 [INFO]   进度 120/162 | trades=0 | skip=0 | 0.0s
2026-08-03 23:19:08,596 [INFO]   进度 140/162 | trades=0 | skip=0 | 0.0s
2026-08-03 23:19:08,598 [INFO]   进度 160/162 | trades=0 | skip=0 | 0.0s
2026-08-03 23:19:08,598 [INFO] ========== ZT回测完成 | trades=0 | fill_rate=50% | 0.0s ==========
2026-08-03 23:19:08,598 [WARNING]   无任何交易产生！
2026-08-03 23:19:08,598 [INFO]   score=-1000.0 | 月复利=0.0% | 笔数=0 胜率=0.0% DD=0.0% | lev=1.00x | 0.0s
2026-08-03 23:19:08,598 [INFO] ========== ZT回测 2025-12-01→2026-07-31 | top=1 board=gem+star entry=close_t0 sample=300 ==========
2026-08-03 23:19:10,277 [INFO] HS300 regime 预计算: 365 天 (bull=203 bear=41 crash=62 unknown=59)
2026-08-03 23:19:10,278 [INFO]   进度 20/162 | trades=0 | skip=6 | 1.7s
2026-08-03 23:19:10,279 [INFO]   进度 40/162 | trades=0 | skip=8 | 1.7s
2026-08-03 23:19:10,280 [INFO]   进度 60/162 | trades=0 | skip=18 | 1.7s
2026-08-03 23:19:10,280 [INFO]   进度 80/162 | trades=0 | skip=36 | 1.7s
2026-08-03 23:19:10,280 [INFO]   进度 100/162 | trades=0 | skip=40 | 1.7s
2026-08-03 23:19:10,281 [INFO]   进度 120/162 | trades=0 | skip=43 | 1.7s
2026-08-03 23:19:10,282 [INFO]   进度 140/162 | trades=0 | skip=50 | 1.7s
2026-08-03 23:19:10,282 [INFO]   进度 160/162 | trades=0 | skip=69 | 1.7s
2026-08-03 23:19:10,282 [INFO] ========== ZT回测完成 | trades=0 | fill_rate=50% | 1.7s ==========
2026-08-03 23:19:10,282 [WARNING]   无任何交易产生！
2026-08-03 23:19:10,282 [INFO]   score=-1000.0 | 月复利=0.0% | 笔数=0 胜率=0.0% DD=0.0% | lev=1.00x | 1.7s
2026-08-03 23:19:10,282 [INFO] ========== ZT回测 2025-12-01→2026-07-31 | top=1 board=all entry=open_t1 sample=300 ==========
2026-08-03 23:19:11,962 [INFO] HS300 regime 预计算: 365 天 (bull=203 bear=41 crash=62 unknown=59)
2026-08-03 23:19:11,963 [INFO]   进度 20/162 | trades=0 | skip=6 | 1.7s
2026-08-03 23:19:11,963 [INFO]   进度 40/162 | trades=0 | skip=8 | 1.7s
2026-08-03 23:19:11,963 [INFO]   进度 60/162 | trades=0 | skip=18 | 1.7s
2026-08-03 23:19:11,963 [INFO]   进度 80/162 | trades=0 | skip=36 | 1.7s
2026-08-03 23:19:11,963 [INFO]   进度 100/162 | trades=0 | skip=40 | 1.7s
2026-08-03 23:19:11,964 [INFO]   进度 120/162 | trades=0 | skip=43 | 1.7s
2026-08-03 23:19:11,964 [INFO]   进度 140/162 | trades=0 | skip=50 | 1.7s
2026-08-03 23:19:11,965 [INFO]   进度 160/162 | trades=0 | skip=69 | 1.7s
2026-08-03 23:19:11,965 [INFO] ========== ZT回测完成 | trades=0 | fill_rate=20% | 1.7s ==========
2026-08-03 23:19:11,965 [WARNING]   无任何交易产生！
2026-08-03 23:19:11,965 [INFO]   score=-1000.0 | 月复利=0.0% | 笔数=0 胜率=0.0% DD=0.0% | lev=1.00x | 1.7s
2026-08-03 23:19:11,965 [INFO] ========== ZT回测 2025-12-01→2026-07-31 | top=5 board=all entry=close_t0 sample=300 ==========
2026-08-03 23:19:13,827 [INFO] HS300 regime 预计算: 365 天 (bull=203 bear=41 crash=62 unknown=59)
2026-08-03 23:19:13,828 [INFO]   进度 20/162 | trades=0 | skip=6 | 1.9s
2026-08-03 23:19:13,830 [INFO]   进度 40/162 | trades=0 | skip=8 | 1.9s
2026-08-03 23:19:13,830 [INFO]   进度 60/162 | trades=0 | skip=18 | 1.9s
2026-08-03 23:19:13,830 [INFO]   进度 80/162 | trades=0 | skip=36 | 1.9s
2026-08-03 23:19:13,833 [INFO]   进度 100/162 | trades=0 | skip=40 | 1.9s
2026-08-03 23:19:13,834 [INFO]   进度 120/162 | trades=0 | skip=43 | 1.9s
2026-08-03 23:19:13,835 [INFO]   进度 140/162 | trades=0 | skip=50 | 1.9s
2026-08-03 23:19:13,835 [INFO]   进度 160/162 | trades=0 | skip=69 | 1.9s
2026-08-03 23:19:13,835 [INFO] ========== ZT回测完成 | trades=0 | fill_rate=30% | 1.9s ==========
2026-08-03 23:19:13,835 [WARNING]   无任何交易产生！
2026-08-03 23:19:13,835 [INFO]   score=-1000.0 | 月复利=0.0% | 笔数=0 胜率=0.0% DD=0.0% | lev=1.00x | 1.9s
2026-08-03 23:19:13,835 [INFO] ========== ZT回测 2025-12-01→2026-07-31 | top=5 board=main entry=open_t1 sample=300 ==========
2026-08-03 23:19:16,319 [INFO] HS300 regime 预计算: 365 天 (bull=203 bear=41 crash=62 unknown=59)
2026-08-03 23:19:16,320 [INFO]   进度 20/162 | trades=0 | skip=6 | 2.5s
2026-08-03 23:19:16,321 [INFO]   进度 40/162 | trades=0 | skip=8 | 2.5s
2026-08-03 23:19:16,321 [INFO]   进度 60/162 | trades=0 | skip=18 | 2.5s
2026-08-03 23:19:16,321 [INFO]   进度 80/162 | trades=0 | skip=36 | 2.5s
2026-08-03 23:19:16,323 [INFO]   进度 100/162 | trades=0 | skip=40 | 2.5s
2026-08-03 23:19:16,324 [INFO]   进度 120/162 | trades=0 | skip=43 | 2.5s
2026-08-03 23:19:16,326 [INFO]   进度 140/162 | trades=0 | skip=50 | 2.5s
2026-08-03 23:19:16,326 [INFO]   进度 160/162 | trades=0 | skip=69 | 2.5s
2026-08-03 23:19:16,326 [INFO] ========== ZT回测完成 | trades=0 | fill_rate=35% | 2.5s ==========
2026-08-03 23:19:16,326 [WARNING]   无任何交易产生！
2026-08-03 23:19:16,327 [INFO]   score=-1000.0 | 月复利=0.0% | 笔数=0 胜率=0.0% DD=0.0% | lev=1.25x | 2.5s
2026-08-03 23:19:16,327 [INFO] ========== ZT回测 2025-12-01→2026-07-31 | top=2 board=all entry=open_t1 sample=300 ==========
2026-08-03 23:19:16,328 [INFO]   进度 20/162 | trades=0 | skip=0 | 0.0s
2026-08-03 23:19:16,329 [INFO]   进度 40/162 | trades=0 | skip=0 | 0.0s
2026-08-03 23:19:16,329 [INFO]   进度 60/162 | trades=0 | skip=0 | 0.0s
2026-08-03 23:19:16,330 [INFO]   进度 80/162 | trades=0 | skip=0 | 0.0s
2026-08-03 23:19:16,330 [INFO]   进度 100/162 | trades=0 | skip=0 | 0.0s
2026-08-03 23:19:16,331 [INFO]   进度 120/162 | trades=0 | skip=0 | 0.0s
2026-08-03 23:19:16,334 [INFO]   进度 140/162 | trades=0 | skip=0 | 0.0s
2026-08-03 23:19:16,335 [INFO]   进度 160/162 | trades=0 | skip=0 | 0.0s
2026-08-03 23:19:16,336 [INFO] ========== ZT回测完成 | trades=0 | fill_rate=35% | 0.0s ==========
2026-08-03 23:19:16,336 [WARNING]   无任何交易产生！
2026-08-03 23:19:16,336 [INFO]   score=-1000.0 | 月复利=0.0% | 笔数=0 胜率=0.0% DD=0.0% | lev=1.50x | 0.0s
2026-08-03 23:19:16,336 [INFO] ========== ZT回测 2025-12-01→2026-07-31 | top=1 board=all entry=open_t1 sample=300 ==========
2026-08-03 23:19:16,337 [INFO]   进度 20/162 | trades=0 | skip=0 | 0.0s
2026-08-03 23:19:16,339 [INFO]   进度 40/162 | trades=0 | skip=0 | 0.0s
2026-08-03 23:19:16,340 [INFO]   进度 60/162 | trades=0 | skip=0 | 0.0s
2026-08-03 23:19:16,341 [INFO]   进度 80/162 | trades=0 | skip=0 | 0.0s
2026-08-03 23:19:16,342 [INFO]   进度 100/162 | trades=0 | skip=0 | 0.0s
2026-08-03 23:19:16,343 [INFO]   进度 120/162 | trades=0 | skip=0 | 0.0s
2026-08-03 23:19:16,345 [INFO]   进度 140/162 | trades=0 | skip=0 | 0.0s
2026-08-03 23:19:16,346 [INFO]   进度 160/162 | trades=0 | skip=0 | 0.0s
2026-08-03 23:19:16,347 [INFO] ========== ZT回测完成 | trades=0 | fill_rate=40% | 0.0s ==========
2026-08-03 23:19:16,347 [WARNING]   无任何交易产生！
2026-08-03 23:19:16,347 [INFO]   score=-1000.0 | 月复利=0.0% | 笔数=0 胜率=0.0% DD=0.0% | lev=1.00x | 0.0s
2026-08-03 23:19:16,347 [INFO] ========== ZT回测 2025-12-01→2026-07-31 | top=2 board=gem+star entry=close_t0 sample=300 ==========
2026-08-03 23:19:18,161 [INFO] HS300 regime 预计算: 365 天 (bull=203 bear=41 crash=62 unknown=59)
2026-08-03 23:19:18,162 [INFO]   进度 20/162 | trades=0 | skip=6 | 1.8s
2026-08-03 23:19:18,163 [INFO]   进度 40/162 | trades=0 | skip=8 | 1.8s
2026-08-03 23:19:18,163 [INFO]   进度 60/162 | trades=0 | skip=18 | 1.8s
2026-08-03 23:19:18,164 [INFO]   进度 80/162 | trades=0 | skip=36 | 1.8s
2026-08-03 23:19:18,164 [INFO]   进度 100/162 | trades=0 | skip=40 | 1.8s
2026-08-03 23:19:18,166 [INFO]   进度 120/162 | trades=0 | skip=43 | 1.8s
2026-08-03 23:19:18,167 [INFO]   进度 140/162 | trades=0 | skip=50 | 1.8s
2026-08-03 23:19:18,167 [INFO]   进度 160/162 | trades=0 | skip=69 | 1.8s
2026-08-03 23:19:18,168 [INFO] ========== ZT回测完成 | trades=0 | fill_rate=35% | 1.8s ==========
2026-08-03 23:19:18,168 [WARNING]   无任何交易产生！
2026-08-03 23:19:18,168 [INFO]   score=-1000.0 | 月复利=0.0% | 笔数=0 胜率=0.0% DD=0.0% | lev=1.50x | 1.8s
2026-08-03 23:19:18,172 [INFO] ========== ZT回测 2025-12-01→2026-07-31 | top=3 board=all entry=close_t0 sample=300 ==========
2026-08-03 23:19:20,113 [INFO] HS300 regime 预计算: 365 天 (bull=203 bear=41 crash=62 unknown=59)
2026-08-03 23:19:20,114 [INFO]   进度 20/162 | trades=0 | skip=6 | 1.9s
2026-08-03 23:19:20,116 [INFO]   进度 40/162 | trades=0 | skip=8 | 1.9s
2026-08-03 23:19:20,116 [INFO]   进度 60/162 | trades=0 | skip=18 | 1.9s
2026-08-03 23:19:20,116 [INFO]   进度 80/162 | trades=0 | skip=36 | 1.9s
2026-08-03 23:19:20,117 [INFO]   进度 100/162 | trades=0 | skip=40 | 1.9s
2026-08-03 23:19:20,117 [INFO]   进度 120/162 | trades=0 | skip=43 | 1.9s
2026-08-03 23:19:20,119 [INFO]   进度 140/162 | trades=0 | skip=50 | 1.9s
2026-08-03 23:19:20,119 [INFO]   进度 160/162 | trades=0 | skip=69 | 1.9s
2026-08-03 23:19:20,119 [INFO] ========== ZT回测完成 | trades=0 | fill_rate=100% | 1.9s ==========
2026-08-03 23:19:20,119 [WARNING]   无任何交易产生！
2026-08-03 23:19:20,119 [INFO]   score=-1000.0 | 月复利=0.0% | 笔数=0 胜率=0.0% DD=0.0% | lev=1.50x | 1.9s
2026-08-03 23:19:20,120 [INFO] ========== ZT回测 2025-12-01→2026-07-31 | top=5 board=gem+star entry=close_t0 sample=300 ==========
2026-08-03 23:19:20,121 [INFO]   进度 20/162 | trades=0 | skip=0 | 0.0s
2026-08-03 23:19:20,123 [INFO]   进度 40/162 | trades=0 | skip=0 | 0.0s
2026-08-03 23:19:20,124 [INFO]   进度 60/162 | trades=0 | skip=0 | 0.0s
2026-08-03 23:19:20,126 [INFO]   进度 80/162 | trades=0 | skip=0 | 0.0s
2026-08-03 23:19:20,128 [INFO]   进度 100/162 | trades=0 | skip=0 | 0.0s
2026-08-03 23:19:20,129 [INFO]   进度 120/162 | trades=0 | skip=0 | 0.0s
2026-08-03 23:19:20,132 [INFO]   进度 140/162 | trades=0 | skip=0 | 0.0s
2026-08-03 23:19:20,134 [INFO]   进度 160/162 | trades=0 | skip=0 | 0.0s
2026-08-03 23:19:20,134 [INFO] ========== ZT回测完成 | trades=0 | fill_rate=30% | 0.0s ==========
2026-08-03 23:19:20,134 [WARNING]   无任何交易产生！
2026-08-03 23:19:20,135 [INFO]   score=-1000.0 | 月复利=0.0% | 笔数=0 胜率=0.0% DD=0.0% | lev=1.25x | 0.0s
2026-08-03 23:19:20,135 [INFO] ========== ZT回测 2025-12-01→2026-07-31 | top=1 board=all entry=close_t0 sample=300 ==========
2026-08-03 23:19:21,842 [INFO] HS300 regime 预计算: 365 天 (bull=203 bear=41 crash=62 unknown=59)
2026-08-03 23:19:21,844 [INFO]   进度 20/162 | trades=0 | skip=6 | 1.7s
2026-08-03 23:19:21,844 [INFO]   进度 40/162 | trades=0 | skip=8 | 1.7s
2026-08-03 23:19:21,845 [INFO]   进度 60/162 | trades=0 | skip=18 | 1.7s
2026-08-03 23:19:21,845 [INFO]   进度 80/162 | trades=0 | skip=36 | 1.7s
2026-08-03 23:19:21,845 [INFO]   进度 100/162 | trades=0 | skip=40 | 1.7s
2026-08-03 23:19:21,846 [INFO]   进度 120/162 | trades=0 | skip=43 | 1.7s
2026-08-03 23:19:21,847 [INFO]   进度 140/162 | trades=0 | skip=50 | 1.7s
2026-08-03 23:19:21,847 [INFO]   进度 160/162 | trades=0 | skip=69 | 1.7s
2026-08-03 23:19:21,847 [INFO] ========== ZT回测完成 | trades=0 | fill_rate=20% | 1.7s ==========
2026-08-03 23:19:21,847 [WARNING]   无任何交易产生！
2026-08-03 23:19:21,847 [INFO]   score=-1000.0 | 月复利=0.0% | 笔数=0 胜率=0.0% DD=0.0% | lev=1.75x | 1.7s
2026-08-03 23:19:21,847 [INFO] ========== ZT回测 2025-12-01→2026-07-31 | top=5 board=gem+star entry=close_t0 sample=300 ==========
2026-08-03 23:19:21,848 [INFO]   进度 20/162 | trades=0 | skip=0 | 0.0s
2026-08-03 23:19:21,850 [INFO]   进度 40/162 | trades=0 | skip=0 | 0.0s
2026-08-03 23:19:21,851 [INFO]   进度 60/162 | trades=0 | skip=0 | 0.0s
2026-08-03 23:19:21,851 [INFO]   进度 80/162 | trades=0 | skip=0 | 0.0s
2026-08-03 23:19:21,852 [INFO]   进度 100/162 | trades=0 | skip=0 | 0.0s
2026-08-03 23:19:21,854 [INFO]   进度 120/162 | trades=0 | skip=0 | 0.0s
2026-08-03 23:19:21,856 [INFO]   进度 140/162 | trades=0 | skip=0 | 0.0s
2026-08-03 23:19:21,857 [INFO]   进度 160/162 | trades=0 | skip=0 | 0.0s
2026-08-03 23:19:21,858 [INFO] ========== ZT回测完成 | trades=0 | fill_rate=100% | 0.0s ==========
2026-08-03 23:19:21,858 [WARNING]   无任何交易产生！
2026-08-03 23:19:21,858 [INFO]   score=-1000.0 | 月复利=0.0% | 笔数=0 胜率=0.0% DD=0.0% | lev=1.25x | 0.0s
2026-08-03 23:19:21,858 [INFO] ========== ZT回测 2025-12-01→2026-07-31 | top=5 board=main entry=close_t0 sample=300 ==========
2026-08-03 23:19:21,860 [INFO]   进度 20/162 | trades=0 | skip=0 | 0.0s
2026-08-03 23:19:21,860 [INFO]   进度 40/162 | trades=0 | skip=0 | 0.0s
2026-08-03 23:19:21,861 [INFO]   进度 60/162 | trades=0 | skip=0 | 0.0s
2026-08-03 23:19:21,862 [INFO]   进度 80/162 | trades=0 | skip=0 | 0.0s
2026-08-03 23:19:21,862 [INFO]   进度 100/162 | trades=0 | skip=0 | 0.0s
2026-08-03 23:19:21,863 [INFO]   进度 120/162 | trades=0 | skip=0 | 0.0s
2026-08-03 23:19:21,865 [INFO]   进度 140/162 | trades=0 | skip=0 | 0.0s
2026-08-03 23:19:21,867 [INFO]   进度 160/162 | trades=0 | skip=0 | 0.0s
2026-08-03 23:19:21,867 [INFO] ========== ZT回测完成 | trades=0 | fill_rate=25% | 0.0s ==========
2026-08-03 23:19:21,867 [WARNING]   无任何交易产生！
2026-08-03 23:19:21,867 [INFO]   score=-1000.0 | 月复利=0.0% | 笔数=0 胜率=0.0% DD=0.0% | lev=1.75x | 0.0s
2026-08-03 23:19:21,867 [INFO] ========== ZT回测 2025-12-01→2026-07-31 | top=5 board=all entry=open_t1 sample=300 ==========
2026-08-03 23:19:21,868 [INFO]   进度 20/162 | trades=0 | skip=0 | 0.0s
2026-08-03 23:19:21,868 [INFO]   进度 40/162 | trades=0 | skip=0 | 0.0s
2026-08-03 23:19:21,869 [INFO]   进度 60/162 | trades=0 | skip=0 | 0.0s
2026-08-03 23:19:21,870 [INFO]   进度 80/162 | trades=0 | skip=0 | 0.0s
2026-08-03 23:19:21,870 [INFO]   进度 100/162 | trades=0 | skip=0 | 0.0s
2026-08-03 23:19:21,872 [INFO]   进度 120/162 | trades=0 | skip=0 | 0.0s
2026-08-03 23:19:21,874 [INFO]   进度 140/162 | trades=0 | skip=0 | 0.0s
2026-08-03 23:19:21,875 [INFO]   进度 160/162 | trades=0 | skip=0 | 0.0s
2026-08-03 23:19:21,876 [INFO] ========== ZT回测完成 | trades=0 | fill_rate=100% | 0.0s ==========
2026-08-03 23:19:21,876 [WARNING]   无任何交易产生！
2026-08-03 23:19:21,876 [INFO]   score=-1000.0 | 月复利=0.0% | 笔数=0 胜率=0.0% DD=0.0% | lev=1.25x | 0.0s
2026-08-03 23:19:21,876 [INFO] ========== ZT回测 2025-12-01→2026-07-31 | top=2 board=all entry=close_t0 sample=300 ==========
2026-08-03 23:19:23,497 [INFO] HS300 regime 预计算: 365 天 (bull=203 bear=41 crash=62 unknown=59)
2026-08-03 23:19:23,498 [INFO]   进度 20/162 | trades=0 | skip=6 | 1.6s
2026-08-03 23:19:23,499 [INFO]   进度 40/162 | trades=0 | skip=8 | 1.6s
2026-08-03 23:19:23,499 [INFO]   进度 60/162 | trades=0 | skip=18 | 1.6s
2026-08-03 23:19:23,499 [INFO]   进度 80/162 | trades=0 | skip=36 | 1.6s
2026-08-03 23:19:23,500 [INFO]   进度 100/162 | trades=0 | skip=40 | 1.6s
2026-08-03 23:19:23,500 [INFO]   进度 120/162 | trades=0 | skip=43 | 1.6s
2026-08-03 23:19:23,501 [INFO]   进度 140/162 | trades=0 | skip=50 | 1.6s
2026-08-03 23:19:23,501 [INFO]   进度 160/162 | trades=0 | skip=69 | 1.6s
2026-08-03 23:19:23,501 [INFO] ========== ZT回测完成 | trades=0 | fill_rate=25% | 1.6s ==========
2026-08-03 23:19:23,501 [WARNING]   无任何交易产生！
2026-08-03 23:19:23,501 [INFO]   score=-1000.0 | 月复利=0.0% | 笔数=0 胜率=0.0% DD=0.0% | lev=1.25x | 1.6s
2026-08-03 23:19:23,502 [INFO] ========== ZT回测 2025-12-01→2026-07-31 | top=5 board=gem+star entry=close_t0 sample=300 ==========
2026-08-03 23:19:25,146 [INFO] HS300 regime 预计算: 365 天 (bull=203 bear=41 crash=62 unknown=59)
2026-08-03 23:19:25,146 [INFO]   进度 20/162 | trades=0 | skip=6 | 1.6s
2026-08-03 23:19:25,147 [INFO]   进度 40/162 | trades=0 | skip=8 | 1.6s
2026-08-03 23:19:25,147 [INFO]   进度 60/162 | trades=0 | skip=18 | 1.6s
2026-08-03 23:19:25,147 [INFO]   进度 80/162 | trades=0 | skip=36 | 1.6s
2026-08-03 23:19:25,147 [INFO]   进度 100/162 | trades=0 | skip=40 | 1.6s
2026-08-03 23:19:25,148 [INFO]   进度 120/162 | trades=0 | skip=43 | 1.6s
2026-08-03 23:19:25,149 [INFO]   进度 140/162 | trades=0 | skip=50 | 1.6s
2026-08-03 23:19:25,150 [INFO]   进度 160/162 | trades=0 | skip=69 | 1.6s
2026-08-03 23:19:25,150 [INFO] ========== ZT回测完成 | trades=0 | fill_rate=35% | 1.6s ==========
2026-08-03 23:19:25,150 [WARNING]   无任何交易产生！
2026-08-03 23:19:25,150 [INFO]   score=-1000.0 | 月复利=0.0% | 笔数=0 胜率=0.0% DD=0.0% | lev=1.75x | 1.6s
2026-08-03 23:19:25,150 [INFO] ========== ZT回测 2025-12-01→2026-07-31 | top=2 board=gem+star entry=close_t0 sample=300 ==========
2026-08-03 23:19:26,911 [INFO] HS300 regime 预计算: 365 天 (bull=203 bear=41 crash=62 unknown=59)
2026-08-03 23:19:26,911 [INFO]   进度 20/162 | trades=0 | skip=6 | 1.8s
2026-08-03 23:19:26,912 [INFO]   进度 40/162 | trades=0 | skip=8 | 1.8s
2026-08-03 23:19:26,912 [INFO]   进度 60/162 | trades=0 | skip=18 | 1.8s
2026-08-03 23:19:26,912 [INFO]   进度 80/162 | trades=0 | skip=36 | 1.8s
2026-08-03 23:19:26,912 [INFO]   进度 100/162 | trades=0 | skip=40 | 1.8s
2026-08-03 23:19:26,913 [INFO]   进度 120/162 | trades=0 | skip=43 | 1.8s
2026-08-03 23:19:26,913 [INFO]   进度 140/162 | trades=0 | skip=50 | 1.8s
2026-08-03 23:19:26,913 [INFO]   进度 160/162 | trades=0 | skip=69 | 1.8s
2026-08-03 23:19:26,913 [INFO] ========== ZT回测完成 | trades=0 | fill_rate=100% | 1.8s ==========
2026-08-03 23:19:26,913 [WARNING]   无任何交易产生！
2026-08-03 23:19:26,913 [INFO]   score=-1000.0 | 月复利=0.0% | 笔数=0 胜率=0.0% DD=0.0% | lev=1.00x | 1.8s
2026-08-03 23:19:26,913 [INFO] ========== ZT回测 2025-12-01→2026-07-31 | top=5 board=all entry=open_t1 sample=300 ==========
2026-08-03 23:19:28,588 [INFO] HS300 regime 预计算: 365 天 (bull=203 bear=41 crash=62 unknown=59)
2026-08-03 23:19:28,658 [INFO]   进度 20/162 | trades=65 | skip=6 | 1.7s
2026-08-03 23:19:28,764 [INFO]   进度 40/162 | trades=155 | skip=8 | 1.9s
2026-08-03 23:19:28,834 [INFO]   进度 60/162 | trades=205 | skip=18 | 1.9s
2026-08-03 23:19:28,844 [INFO]   进度 80/162 | trades=215 | skip=36 | 1.9s
2026-08-03 23:19:28,965 [INFO]   进度 100/162 | trades=295 | skip=40 | 2.1s
2026-08-03 23:19:29,098 [INFO]   进度 120/162 | trades=380 | skip=43 | 2.2s
2026-08-03 23:19:29,187 [INFO]   进度 140/162 | trades=445 | skip=50 | 2.3s
2026-08-03 23:19:29,193 [INFO]   进度 160/162 | trades=450 | skip=69 | 2.3s
2026-08-03 23:19:29,193 [INFO] ========== ZT回测完成 | trades=450 | fill_rate=20% | 2.3s ==========
2026-08-03 23:19:29,445 [INFO]   笔数=450 | 胜率=53.3% | 平均=-0.25% | 日均=-0.78% | 总收益=-70.2% | 最大回撤=-72.4%
2026-08-03 23:19:29,445 [INFO]   [best      ] n=450 胜率=71.3% 平均=0.76% 累计=2875.1%
2026-08-03 23:19:29,445 [INFO]   [close_t1  ] n=450 胜率=27.1% 平均=-0.73% 累计=-96.4%
2026-08-03 23:19:29,445 [INFO]   [close_t2  ] n=450 胜率=30.7% 平均=-0.77% 累计=-97.2%
2026-08-03 23:19:29,445 [INFO]   [close_t3  ] n=450 胜率=32.2% 平均=-0.78% 累计=-97.4%
2026-08-03 23:19:29,445 [INFO]   [gap_t1    ] n=450 胜率=0.0% 平均=0.00% 累计=0.0%
2026-08-03 23:19:29,445 [INFO]   [open_t2   ] n=450 胜率=28.7% 平均=-0.80% 累计=-97.5%
2026-08-03 23:19:29,445 [INFO]   [stop_t1   ] n=53 胜率=0.0% 平均=-3.35% 累计=-83.6%
2026-08-03 23:19:29,445 [INFO]   [trail_t2  ] n=356 胜率=56.5% 平均=0.27% 累计=145.0%
2026-08-03 23:19:29,446 [INFO]   score=-0.5 | 月复利=-0.8% | 笔数=450 胜率=53.3% DD=-5.5% | lev=1.25x | 2.5s
2026-08-03 23:19:29,446 [INFO] ========== ZT回测 2025-12-01→2026-07-31 | top=5 board=all entry=close_t0 sample=300 ==========
2026-08-03 23:19:29,446 [INFO]   进度 20/162 | trades=0 | skip=0 | 0.0s
2026-08-03 23:19:29,446 [INFO]   进度 40/162 | trades=0 | skip=0 | 0.0s
2026-08-03 23:19:29,447 [INFO]   进度 60/162 | trades=0 | skip=0 | 0.0s
2026-08-03 23:19:29,448 [INFO]   进度 80/162 | trades=0 | skip=0 | 0.0s
2026-08-03 23:19:29,449 [INFO]   进度 100/162 | trades=0 | skip=0 | 0.0s
2026-08-03 23:19:29,450 [INFO]   进度 120/162 | trades=0 | skip=0 | 0.0s
2026-08-03 23:19:29,451 [INFO]   进度 140/162 | trades=0 | skip=0 | 0.0s
2026-08-03 23:19:29,453 [INFO]   进度 160/162 | trades=0 | skip=0 | 0.0s
2026-08-03 23:19:29,453 [INFO] ========== ZT回测完成 | trades=0 | fill_rate=20% | 0.0s ==========
2026-08-03 23:19:29,453 [WARNING]   无任何交易产生！
2026-08-03 23:19:29,453 [INFO]   score=-1000.0 | 月复利=0.0% | 笔数=0 胜率=0.0% DD=0.0% | lev=1.50x | 0.0s
2026-08-03 23:19:29,453 [INFO] ========== ZT回测 2025-12-01→2026-07-31 | top=2 board=all entry=open_t1 sample=300 ==========
2026-08-03 23:19:29,454 [INFO]   进度 20/162 | trades=0 | skip=0 | 0.0s
2026-08-03 23:19:29,456 [INFO]   进度 40/162 | trades=0 | skip=0 | 0.0s
2026-08-03 23:19:29,457 [INFO]   进度 60/162 | trades=0 | skip=0 | 0.0s
2026-08-03 23:19:29,458 [INFO]   进度 80/162 | trades=0 | skip=0 | 0.0s
2026-08-03 23:19:29,459 [INFO]   进度 100/162 | trades=0 | skip=0 | 0.0s
2026-08-03 23:19:29,460 [INFO]   进度 120/162 | trades=0 | skip=0 | 0.0s
2026-08-03 23:19:29,461 [INFO]   进度 140/162 | trades=0 | skip=0 | 0.0s
2026-08-03 23:19:29,462 [INFO]   进度 160/162 | trades=0 | skip=0 | 0.0s
2026-08-03 23:19:29,462 [INFO] ========== ZT回测完成 | trades=0 | fill_rate=35% | 0.0s ==========
2026-08-03 23:19:29,462 [WARNING]   无任何交易产生！
2026-08-03 23:19:29,462 [INFO]   score=-1000.0 | 月复利=0.0% | 笔数=0 胜率=0.0% DD=0.0% | lev=1.00x | 0.0s
2026-08-03 23:19:29,462 [INFO] ========== ZT回测 2025-12-01→2026-07-31 | top=1 board=gem+star entry=close_t0 sample=300 ==========
2026-08-03 23:19:29,463 [INFO]   进度 20/162 | trades=0 | skip=0 | 0.0s
2026-08-03 23:19:29,464 [INFO]   进度 40/162 | trades=0 | skip=0 | 0.0s
2026-08-03 23:19:29,465 [INFO]   进度 60/162 | trades=0 | skip=0 | 0.0s
2026-08-03 23:19:29,465 [INFO]   进度 80/162 | trades=0 | skip=0 | 0.0s
2026-08-03 23:19:29,467 [INFO]   进度 100/162 | trades=0 | skip=0 | 0.0s
2026-08-03 23:19:29,468 [INFO]   进度 120/162 | trades=0 | skip=0 | 0.0s
2026-08-03 23:19:29,470 [INFO]   进度 140/162 | trades=0 | skip=0 | 0.0s
2026-08-03 23:19:29,471 [INFO]   进度 160/162 | trades=0 | skip=0 | 0.0s
2026-08-03 23:19:29,471 [INFO] ========== ZT回测完成 | trades=0 | fill_rate=100% | 0.0s ==========
2026-08-03 23:19:29,471 [WARNING]   无任何交易产生！
2026-08-03 23:19:29,471 [INFO]   score=-1000.0 | 月复利=0.0% | 笔数=0 胜率=0.0% DD=0.0% | lev=1.75x | 0.0s
2026-08-03 23:19:29,472 [INFO] ========== ZT回测 2025-12-01→2026-07-31 | top=1 board=main entry=close_t0 sample=300 ==========
2026-08-03 23:19:31,263 [INFO] HS300 regime 预计算: 365 天 (bull=203 bear=41 crash=62 unknown=59)
2026-08-03 23:19:31,264 [INFO]   进度 20/162 | trades=0 | skip=6 | 1.8s
2026-08-03 23:19:31,266 [INFO]   进度 40/162 | trades=0 | skip=8 | 1.8s
2026-08-03 23:19:31,266 [INFO]   进度 60/162 | trades=0 | skip=18 | 1.8s
2026-08-03 23:19:31,267 [INFO]   进度 80/162 | trades=0 | skip=36 | 1.8s
2026-08-03 23:19:31,268 [INFO]   进度 100/162 | trades=0 | skip=40 | 1.8s
2026-08-03 23:19:31,271 [INFO]   进度 120/162 | trades=0 | skip=43 | 1.8s
2026-08-03 23:19:31,273 [INFO]   进度 140/162 | trades=0 | skip=50 | 1.8s
2026-08-03 23:19:31,274 [INFO]   进度 160/162 | trades=0 | skip=69 | 1.8s
2026-08-03 23:19:31,274 [INFO] ========== ZT回测完成 | trades=0 | fill_rate=20% | 1.8s ==========
2026-08-03 23:19:31,274 [WARNING]   无任何交易产生！
2026-08-03 23:19:31,274 [INFO]   score=-1000.0 | 月复利=0.0% | 笔数=0 胜率=0.0% DD=0.0% | lev=2.00x | 1.8s
2026-08-03 23:19:31,274 [INFO] ========== ZT回测 2025-12-01→2026-07-31 | top=3 board=gem+star entry=close_t0 sample=300 ==========
2026-08-03 23:19:32,946 [INFO] HS300 regime 预计算: 365 天 (bull=203 bear=41 crash=62 unknown=59)
2026-08-03 23:19:32,946 [INFO]   进度 20/162 | trades=0 | skip=6 | 1.7s
2026-08-03 23:19:32,947 [INFO]   进度 40/162 | trades=0 | skip=8 | 1.7s
2026-08-03 23:19:32,947 [INFO]   进度 60/162 | trades=0 | skip=18 | 1.7s
2026-08-03 23:19:32,947 [INFO]   进度 80/162 | trades=0 | skip=36 | 1.7s
2026-08-03 23:19:32,948 [INFO]   进度 100/162 | trades=0 | skip=40 | 1.7s
2026-08-03 23:19:32,949 [INFO]   进度 120/162 | trades=0 | skip=43 | 1.7s
2026-08-03 23:19:32,950 [INFO]   进度 140/162 | trades=0 | skip=50 | 1.7s
2026-08-03 23:19:32,950 [INFO]   进度 160/162 | trades=0 | skip=69 | 1.7s
2026-08-03 23:19:32,950 [INFO] ========== ZT回测完成 | trades=0 | fill_rate=50% | 1.7s ==========
2026-08-03 23:19:32,950 [WARNING]   无任何交易产生！
2026-08-03 23:19:32,950 [INFO]   score=-1000.0 | 月复利=0.0% | 笔数=0 胜率=0.0% DD=0.0% | lev=1.75x | 1.7s
2026-08-03 23:19:32,950 [INFO] ========== ZT回测 2025-12-01→2026-07-31 | top=5 board=main entry=open_t1 sample=300 ==========
2026-08-03 23:19:33,033 [INFO]   进度 20/162 | trades=80 | skip=0 | 0.1s
2026-08-03 23:19:33,125 [INFO]   进度 40/162 | trades=172 | skip=0 | 0.2s
2026-08-03 23:19:33,181 [INFO]   进度 60/162 | trades=238 | skip=0 | 0.2s
2026-08-03 23:19:33,219 [INFO]   进度 80/162 | trades=288 | skip=0 | 0.3s
2026-08-03 23:19:33,253 [INFO]   进度 100/162 | trades=327 | skip=0 | 0.3s
2026-08-03 23:19:33,317 [INFO]   进度 120/162 | trades=393 | skip=0 | 0.4s
2026-08-03 23:19:33,371 [INFO]   进度 140/162 | trades=450 | skip=0 | 0.4s
2026-08-03 23:19:33,408 [INFO]   进度 160/162 | trades=494 | skip=0 | 0.5s
2026-08-03 23:19:33,412 [INFO] ========== ZT回测完成 | trades=501 | fill_rate=35% | 0.5s ==========
2026-08-03 23:19:33,650 [INFO]   笔数=501 | 胜率=64.5% | 平均=0.22% | 日均=0.73% | 总收益=111.8% | 最大回撤=-53.9%
2026-08-03 23:19:33,650 [INFO]   [best      ] n=501 胜率=73.2% 平均=1.54% 累计=192967.4%
2026-08-03 23:19:33,650 [INFO]   [close_t1  ] n=501 胜率=21.8% 平均=-1.42% 累计=-99.9%
2026-08-03 23:19:33,650 [INFO]   [close_t2  ] n=496 胜率=47.4% 平均=-0.75% 累计=-98.2%
2026-08-03 23:19:33,650 [INFO]   [close_t3  ] n=491 胜率=44.2% 平均=-0.54% 累计=-96.1%
2026-08-03 23:19:33,650 [INFO]   [gap_t1    ] n=501 胜率=0.0% 平均=0.00% 累计=0.0%
2026-08-03 23:19:33,650 [INFO]   [open_t2   ] n=496 胜率=46.4% 平均=-0.90% 累计=-99.1%
2026-08-03 23:19:33,650 [INFO]   [stop_t1   ] n=241 胜率=0.0% 平均=-4.12% 累计=-100.0%
2026-08-03 23:19:33,650 [INFO]   [trail_t2  ] n=242 胜率=97.9% 平均=2.52% 累计=40723.6%
2026-08-03 23:19:33,650 [INFO]   score=0.9 | 月复利=0.8% | 笔数=501 胜率=64.5% DD=-3.6% | lev=1.00x | 0.7s
2026-08-03 23:19:33,651 [INFO] ========== ZT回测 2025-12-01→2026-07-31 | top=1 board=all entry=close_t0 sample=300 ==========
2026-08-03 23:19:35,324 [INFO] HS300 regime 预计算: 365 天 (bull=203 bear=41 crash=62 unknown=59)
2026-08-03 23:19:35,324 [INFO]   进度 20/162 | trades=0 | skip=6 | 1.7s
2026-08-03 23:19:35,325 [INFO]   进度 40/162 | trades=0 | skip=8 | 1.7s
2026-08-03 23:19:35,325 [INFO]   进度 60/162 | trades=0 | skip=18 | 1.7s
2026-08-03 23:19:35,325 [INFO]   进度 80/162 | trades=0 | skip=36 | 1.7s
2026-08-03 23:19:35,326 [INFO]   进度 100/162 | trades=0 | skip=40 | 1.7s
2026-08-03 23:19:35,327 [INFO]   进度 120/162 | trades=0 | skip=43 | 1.7s
2026-08-03 23:19:35,328 [INFO]   进度 140/162 | trades=0 | skip=50 | 1.7s
2026-08-03 23:19:35,328 [INFO]   进度 160/162 | trades=0 | skip=69 | 1.7s
2026-08-03 23:19:35,328 [INFO] ========== ZT回测完成 | trades=0 | fill_rate=40% | 1.7s ==========
2026-08-03 23:19:35,328 [WARNING]   无任何交易产生！
2026-08-03 23:19:35,328 [INFO]   score=-1000.0 | 月复利=0.0% | 笔数=0 胜率=0.0% DD=0.0% | lev=1.00x | 1.7s
2026-08-03 23:19:35,328 [INFO] ========== ZT回测 2025-12-01→2026-07-31 | top=2 board=main entry=open_t1 sample=300 ==========
2026-08-03 23:19:37,044 [INFO] HS300 regime 预计算: 365 天 (bull=203 bear=41 crash=62 unknown=59)
2026-08-03 23:19:37,045 [INFO]   进度 20/162 | trades=0 | skip=6 | 1.7s
2026-08-03 23:19:37,047 [INFO]   进度 40/162 | trades=0 | skip=8 | 1.7s
2026-08-03 23:19:37,048 [INFO]   进度 60/162 | trades=0 | skip=18 | 1.7s
2026-08-03 23:19:37,048 [INFO]   进度 80/162 | trades=0 | skip=36 | 1.7s
2026-08-03 23:19:37,049 [INFO]   进度 100/162 | trades=0 | skip=40 | 1.7s
2026-08-03 23:19:37,049 [INFO]   进度 120/162 | trades=0 | skip=43 | 1.7s
2026-08-03 23:19:37,051 [INFO]   进度 140/162 | trades=0 | skip=50 | 1.7s
2026-08-03 23:19:37,051 [INFO]   进度 160/162 | trades=0 | skip=69 | 1.7s
2026-08-03 23:19:37,051 [INFO] ========== ZT回测完成 | trades=0 | fill_rate=50% | 1.7s ==========
2026-08-03 23:19:37,052 [WARNING]   无任何交易产生！
2026-08-03 23:19:37,052 [INFO]   score=-1000.0 | 月复利=0.0% | 笔数=0 胜率=0.0% DD=0.0% | lev=1.75x | 1.7s
2026-08-03 23:19:37,052 [INFO] ========== ZT回测 2025-12-01→2026-07-31 | top=2 board=main entry=open_t1 sample=300 ==========
2026-08-03 23:19:38,785 [INFO] HS300 regime 预计算: 365 天 (bull=203 bear=41 crash=62 unknown=59)
2026-08-03 23:19:38,786 [INFO]   进度 20/162 | trades=0 | skip=6 | 1.7s
2026-08-03 23:19:38,787 [INFO]   进度 40/162 | trades=0 | skip=8 | 1.7s
2026-08-03 23:19:38,788 [INFO]   进度 60/162 | trades=0 | skip=18 | 1.7s
2026-08-03 23:19:38,788 [INFO]   进度 80/162 | trades=0 | skip=36 | 1.7s
2026-08-03 23:19:38,790 [INFO]   进度 100/162 | trades=0 | skip=40 | 1.7s
2026-08-03 23:19:38,791 [INFO]   进度 120/162 | trades=0 | skip=43 | 1.7s
2026-08-03 23:19:38,792 [INFO]   进度 140/162 | trades=0 | skip=50 | 1.7s
2026-08-03 23:19:38,792 [INFO]   进度 160/162 | trades=0 | skip=69 | 1.7s
2026-08-03 23:19:38,792 [INFO] ========== ZT回测完成 | trades=0 | fill_rate=40% | 1.7s ==========
2026-08-03 23:19:38,792 [WARNING]   无任何交易产生！
2026-08-03 23:19:38,792 [INFO]   score=-1000.0 | 月复利=0.0% | 笔数=0 胜率=0.0% DD=0.0% | lev=1.50x | 1.7s
2026-08-03 23:19:38,793 [INFO] ========== ZT回测 2025-12-01→2026-07-31 | top=1 board=all entry=open_t1 sample=300 ==========
2026-08-03 23:19:40,521 [INFO] HS300 regime 预计算: 365 天 (bull=203 bear=41 crash=62 unknown=59)
2026-08-03 23:19:40,522 [INFO]   进度 20/162 | trades=0 | skip=6 | 1.7s
2026-08-03 23:19:40,522 [INFO]   进度 40/162 | trades=0 | skip=8 | 1.7s
2026-08-03 23:19:40,523 [INFO]   进度 60/162 | trades=0 | skip=18 | 1.7s
2026-08-03 23:19:40,523 [INFO]   进度 80/162 | trades=0 | skip=36 | 1.7s
2026-08-03 23:19:40,524 [INFO]   进度 100/162 | trades=0 | skip=40 | 1.7s
2026-08-03 23:19:40,526 [INFO]   进度 120/162 | trades=0 | skip=43 | 1.7s
2026-08-03 23:19:40,528 [INFO]   进度 140/162 | trades=0 | skip=50 | 1.7s
2026-08-03 23:19:40,528 [INFO]   进度 160/162 | trades=0 | skip=69 | 1.7s
2026-08-03 23:19:40,528 [INFO] ========== ZT回测完成 | trades=0 | fill_rate=25% | 1.7s ==========
2026-08-03 23:19:40,528 [WARNING]   无任何交易产生！
2026-08-03 23:19:40,528 [INFO]   score=-1000.0 | 月复利=0.0% | 笔数=0 胜率=0.0% DD=0.0% | lev=1.25x | 1.7s
2026-08-03 23:19:40,528 [INFO] ========== ZT回测 2025-12-01→2026-07-31 | top=1 board=all entry=open_t1 sample=300 ==========
2026-08-03 23:19:40,528 [INFO]   进度 20/162 | trades=0 | skip=0 | 0.0s
2026-08-03 23:19:40,529 [INFO]   进度 40/162 | trades=0 | skip=0 | 0.0s
2026-08-03 23:19:40,529 [INFO]   进度 60/162 | trades=0 | skip=0 | 0.0s
2026-08-03 23:19:40,529 [INFO]   进度 80/162 | trades=0 | skip=0 | 0.0s
2026-08-03 23:19:40,530 [INFO]   进度 100/162 | trades=0 | skip=0 | 0.0s
2026-08-03 23:19:40,530 [INFO]   进度 120/162 | trades=0 | skip=0 | 0.0s
2026-08-03 23:19:40,531 [INFO]   进度 140/162 | trades=0 | skip=0 | 0.0s
2026-08-03 23:19:40,532 [INFO]   进度 160/162 | trades=0 | skip=0 | 0.0s
2026-08-03 23:19:40,532 [INFO] ========== ZT回测完成 | trades=0 | fill_rate=25% | 0.0s ==========
2026-08-03 23:19:40,533 [WARNING]   无任何交易产生！
2026-08-03 23:19:40,533 [INFO]   score=-1000.0 | 月复利=0.0% | 笔数=0 胜率=0.0% DD=0.0% | lev=1.00x | 0.0s
2026-08-03 23:19:40,533 [INFO] ========== ZT回测 2025-12-01→2026-07-31 | top=5 board=all entry=close_t0 sample=300 ==========
2026-08-03 23:19:40,534 [INFO]   进度 20/162 | trades=0 | skip=0 | 0.0s
2026-08-03 23:19:40,536 [INFO]   进度 40/162 | trades=0 | skip=0 | 0.0s
2026-08-03 23:19:40,538 [INFO]   进度 60/162 | trades=0 | skip=0 | 0.0s
2026-08-03 23:19:40,539 [INFO]   进度 80/162 | trades=0 | skip=0 | 0.0s
2026-08-03 23:19:40,540 [INFO]   进度 100/162 | trades=0 | skip=0 | 0.0s
2026-08-03 23:19:40,543 [INFO]   进度 120/162 | trades=0 | skip=0 | 0.0s
2026-08-03 23:19:40,546 [INFO]   进度 140/162 | trades=0 | skip=0 | 0.0s
2026-08-03 23:19:40,547 [INFO]   进度 160/162 | trades=0 | skip=0 | 0.0s
2026-08-03 23:19:40,547 [INFO] ========== ZT回测完成 | trades=0 | fill_rate=40% | 0.0s ==========
2026-08-03 23:19:40,547 [WARNING]   无任何交易产生！
2026-08-03 23:19:40,547 [INFO]   score=-1000.0 | 月复利=0.0% | 笔数=0 胜率=0.0% DD=0.0% | lev=1.25x | 0.0s
2026-08-03 23:19:40,548 [INFO] ========== ZT回测 2025-12-01→2026-07-31 | top=1 board=gem+star entry=close_t0 sample=300 ==========
2026-08-03 23:19:42,227 [INFO] HS300 regime 预计算: 365 天 (bull=203 bear=41 crash=62 unknown=59)
2026-08-03 23:19:42,239 [INFO]   进度 20/162 | trades=13 | skip=6 | 1.7s
2026-08-03 23:19:42,262 [INFO]   进度 40/162 | trades=31 | skip=8 | 1.7s
2026-08-03 23:19:42,281 [INFO]   进度 60/162 | trades=41 | skip=18 | 1.7s
2026-08-03 23:19:42,290 [INFO]   进度 80/162 | trades=43 | skip=36 | 1.7s
2026-08-03 23:19:42,313 [INFO]   进度 100/162 | trades=59 | skip=40 | 1.8s
2026-08-03 23:19:42,349 [INFO]   进度 120/162 | trades=76 | skip=43 | 1.8s
2026-08-03 23:19:42,373 [INFO]   进度 140/162 | trades=89 | skip=50 | 1.8s
2026-08-03 23:19:42,375 [INFO]   进度 160/162 | trades=90 | skip=69 | 1.8s
2026-08-03 23:19:42,375 [INFO] ========== ZT回测完成 | trades=90 | fill_rate=25% | 1.8s ==========
2026-08-03 23:19:42,538 [INFO]   笔数=90 | 胜率=80.0% | 平均=0.73% | 日均=1.01% | 总收益=91.0% | 最大回撤=-3.6%
2026-08-03 23:19:42,538 [INFO]   [best      ] n=90 胜率=80.0% 平均=1.69% 累计=346.1%
2026-08-03 23:19:42,538 [INFO]   [close_t1  ] n=90 胜率=43.3% 平均=-0.54% 累计=-39.7%
2026-08-03 23:19:42,538 [INFO]   [close_t2  ] n=90 胜率=41.1% 平均=-0.39% 累计=-31.7%
2026-08-03 23:19:42,538 [INFO]   [close_t3  ] n=90 胜率=42.2% 平均=-0.53% 累计=-41.2%
2026-08-03 23:19:42,538 [INFO]   [gap_t1    ] n=90 胜率=44.4% 平均=-0.12% 累计=-10.9%
2026-08-03 23:19:42,538 [INFO]   [open_t2   ] n=90 胜率=41.1% 平均=-0.61% 累计=-44.2%
2026-08-03 23:19:42,538 [INFO]   [stop_t1   ] n=30 胜率=0.0% 平均=-3.21% 累计=-62.5%
2026-08-03 23:19:42,538 [INFO]   [trail_t2  ] n=59 胜率=88.1% 平均=1.16% 累计=96.4%
2026-08-03 23:19:42,538 [INFO]   score=17.6 | 月复利=12.8% | 笔数=90 胜率=80.0% DD=-5.5% | lev=1.50x | 2.0s
2026-08-03 23:19:42,539 [INFO] ========== ZT回测 2025-12-01→2026-07-31 | top=5 board=all entry=open_t1 sample=300 ==========
2026-08-03 23:19:44,345 [INFO] HS300 regime 预计算: 365 天 (bull=203 bear=41 crash=62 unknown=59)
2026-08-03 23:19:44,345 [INFO]   进度 20/162 | trades=0 | skip=6 | 1.8s
2026-08-03 23:19:44,346 [INFO]   进度 40/162 | trades=0 | skip=8 | 1.8s
2026-08-03 23:19:44,346 [INFO]   进度 60/162 | trades=0 | skip=18 | 1.8s
2026-08-03 23:19:44,346 [INFO]   进度 80/162 | trades=0 | skip=36 | 1.8s
2026-08-03 23:19:44,346 [INFO]   进度 100/162 | trades=0 | skip=40 | 1.8s
2026-08-03 23:19:44,346 [INFO]   进度 120/162 | trades=0 | skip=43 | 1.8s
2026-08-03 23:19:44,347 [INFO]   进度 140/162 | trades=0 | skip=50 | 1.8s
2026-08-03 23:19:44,347 [INFO]   进度 160/162 | trades=0 | skip=69 | 1.8s
2026-08-03 23:19:44,348 [INFO] ========== ZT回测完成 | trades=0 | fill_rate=100% | 1.8s ==========
2026-08-03 23:19:44,348 [WARNING]   无任何交易产生！
2026-08-03 23:19:44,348 [INFO]   score=-1000.0 | 月复利=0.0% | 笔数=0 胜率=0.0% DD=0.0% | lev=1.00x | 1.8s
2026-08-03 23:19:44,348 [INFO] ========== ZT回测 2025-12-01→2026-07-31 | top=2 board=main entry=open_t1 sample=300 ==========
2026-08-03 23:19:46,136 [INFO] HS300 regime 预计算: 365 天 (bull=203 bear=41 crash=62 unknown=59)
2026-08-03 23:19:46,137 [INFO]   进度 20/162 | trades=0 | skip=6 | 1.8s
2026-08-03 23:19:46,138 [INFO]   进度 40/162 | trades=0 | skip=8 | 1.8s
2026-08-03 23:19:46,138 [INFO]   进度 60/162 | trades=0 | skip=18 | 1.8s
2026-08-03 23:19:46,138 [INFO]   进度 80/162 | trades=0 | skip=36 | 1.8s
2026-08-03 23:19:46,138 [INFO]   进度 100/162 | trades=0 | skip=40 | 1.8s
2026-08-03 23:19:46,140 [INFO]   进度 120/162 | trades=0 | skip=43 | 1.8s
2026-08-03 23:19:46,141 [INFO]   进度 140/162 | trades=0 | skip=50 | 1.8s
2026-08-03 23:19:46,141 [INFO]   进度 160/162 | trades=0 | skip=69 | 1.8s
2026-08-03 23:19:46,141 [INFO] ========== ZT回测完成 | trades=0 | fill_rate=35% | 1.8s ==========
2026-08-03 23:19:46,141 [WARNING]   无任何交易产生！
2026-08-03 23:19:46,141 [INFO]   score=-1000.0 | 月复利=0.0% | 笔数=0 胜率=0.0% DD=0.0% | lev=1.50x | 1.8s
2026-08-03 23:19:46,141 [INFO] ========== ZT回测 2025-12-01→2026-07-31 | top=1 board=gem+star entry=open_t1 sample=300 ==========
2026-08-03 23:19:46,142 [INFO]   进度 20/162 | trades=0 | skip=0 | 0.0s
2026-08-03 23:19:46,143 [INFO]   进度 40/162 | trades=0 | skip=0 | 0.0s
2026-08-03 23:19:46,144 [INFO]   进度 60/162 | trades=0 | skip=0 | 0.0s
2026-08-03 23:19:46,145 [INFO]   进度 80/162 | trades=0 | skip=0 | 0.0s
2026-08-03 23:19:46,145 [INFO]   进度 100/162 | trades=0 | skip=0 | 0.0s
2026-08-03 23:19:46,147 [INFO]   进度 120/162 | trades=0 | skip=0 | 0.0s
2026-08-03 23:19:46,149 [INFO]   进度 140/162 | trades=0 | skip=0 | 0.0s
2026-08-03 23:19:46,150 [INFO]   进度 160/162 | trades=0 | skip=0 | 0.0s
2026-08-03 23:19:46,151 [INFO] ========== ZT回测完成 | trades=0 | fill_rate=35% | 0.0s ==========
2026-08-03 23:19:46,151 [WARNING]   无任何交易产生！
2026-08-03 23:19:46,151 [INFO]   score=-1000.0 | 月复利=0.0% | 笔数=0 胜率=0.0% DD=0.0% | lev=1.25x | 0.0s
2026-08-03 23:19:46,151 [INFO] ========== ZT回测 2025-12-01→2026-07-31 | top=5 board=gem+star entry=close_t0 sample=300 ==========
2026-08-03 23:19:47,952 [INFO] HS300 regime 预计算: 365 天 (bull=203 bear=41 crash=62 unknown=59)
2026-08-03 23:19:47,953 [INFO]   进度 20/162 | trades=0 | skip=6 | 1.8s
2026-08-03 23:19:47,953 [INFO]   进度 40/162 | trades=0 | skip=8 | 1.8s
2026-08-03 23:19:47,958 [INFO]   进度 60/162 | trades=0 | skip=18 | 1.8s
2026-08-03 23:19:47,958 [INFO]   进度 80/162 | trades=0 | skip=36 | 1.8s
2026-08-03 23:19:47,959 [INFO]   进度 100/162 | trades=0 | skip=40 | 1.8s
2026-08-03 23:19:47,959 [INFO]   进度 120/162 | trades=0 | skip=43 | 1.8s
2026-08-03 23:19:47,960 [INFO]   进度 140/162 | trades=0 | skip=50 | 1.8s
2026-08-03 23:19:47,960 [INFO]   进度 160/162 | trades=0 | skip=69 | 1.8s
2026-08-03 23:19:47,961 [INFO] ========== ZT回测完成 | trades=0 | fill_rate=50% | 1.8s ==========
2026-08-03 23:19:47,961 [WARNING]   无任何交易产生！
2026-08-03 23:19:47,961 [INFO]   score=-1000.0 | 月复利=0.0% | 笔数=0 胜率=0.0% DD=0.0% | lev=1.00x | 1.8s
2026-08-03 23:19:47,961 [INFO] ========== ZT回测 2025-12-01→2026-07-31 | top=2 board=all entry=open_t1 sample=300 ==========
2026-08-03 23:19:47,961 [INFO]   进度 20/162 | trades=0 | skip=0 | 0.0s
2026-08-03 23:19:47,962 [INFO]   进度 40/162 | trades=0 | skip=0 | 0.0s
2026-08-03 23:19:47,963 [INFO]   进度 60/162 | trades=0 | skip=0 | 0.0s
2026-08-03 23:19:47,964 [INFO]   进度 80/162 | trades=0 | skip=0 | 0.0s
2026-08-03 23:19:47,966 [INFO]   进度 100/162 | trades=0 | skip=0 | 0.0s
2026-08-03 23:19:47,968 [INFO]   进度 120/162 | trades=0 | skip=0 | 0.0s
2026-08-03 23:19:47,970 [INFO]   进度 140/162 | trades=0 | skip=0 | 0.0s
2026-08-03 23:19:47,973 [INFO]   进度 160/162 | trades=0 | skip=0 | 0.0s
2026-08-03 23:19:47,973 [INFO] ========== ZT回测完成 | trades=0 | fill_rate=25% | 0.0s ==========
2026-08-03 23:19:47,973 [WARNING]   无任何交易产生！
2026-08-03 23:19:47,973 [INFO]   score=-1000.0 | 月复利=0.0% | 笔数=0 胜率=0.0% DD=0.0% | lev=1.25x | 0.0s
2026-08-03 23:19:47,974 [INFO] ========== ZT回测 2025-12-01→2026-07-31 | top=3 board=main entry=close_t0 sample=300 ==========
2026-08-03 23:19:47,975 [INFO]   进度 20/162 | trades=0 | skip=0 | 0.0s
2026-08-03 23:19:47,976 [INFO]   进度 40/162 | trades=0 | skip=0 | 0.0s
2026-08-03 23:19:47,977 [INFO]   进度 60/162 | trades=0 | skip=0 | 0.0s
2026-08-03 23:19:47,977 [INFO]   进度 80/162 | trades=0 | skip=0 | 0.0s
2026-08-03 23:19:47,978 [INFO]   进度 100/162 | trades=0 | skip=0 | 0.0s
2026-08-03 23:19:47,979 [INFO]   进度 120/162 | trades=0 | skip=0 | 0.0s
2026-08-03 23:19:47,980 [INFO]   进度 140/162 | trades=0 | skip=0 | 0.0s
2026-08-03 23:19:47,982 [INFO]   进度 160/162 | trades=0 | skip=0 | 0.0s
2026-08-03 23:19:47,982 [INFO] ========== ZT回测完成 | trades=0 | fill_rate=35% | 0.0s ==========
2026-08-03 23:19:47,982 [WARNING]   无任何交易产生！
2026-08-03 23:19:47,982 [INFO]   score=-1000.0 | 月复利=0.0% | 笔数=0 胜率=0.0% DD=0.0% | lev=1.50x | 0.0s
2026-08-03 23:19:47,983 [INFO] ========== ZT回测 2025-12-01→2026-07-31 | top=2 board=gem+star entry=open_t1 sample=300 ==========
2026-08-03 23:19:47,984 [INFO]   进度 20/162 | trades=0 | skip=0 | 0.0s
2026-08-03 23:19:47,985 [INFO]   进度 40/162 | trades=0 | skip=0 | 0.0s
2026-08-03 23:19:47,986 [INFO]   进度 60/162 | trades=0 | skip=0 | 0.0s
2026-08-03 23:19:47,987 [INFO]   进度 80/162 | trades=0 | skip=0 | 0.0s
2026-08-03 23:19:47,988 [INFO]   进度 100/162 | trades=0 | skip=0 | 0.0s
2026-08-03 23:19:47,990 [INFO]   进度 120/162 | trades=0 | skip=0 | 0.0s
2026-08-03 23:19:47,993 [INFO]   进度 140/162 | trades=0 | skip=0 | 0.0s
2026-08-03 23:19:47,994 [INFO]   进度 160/162 | trades=0 | skip=0 | 0.0s
2026-08-03 23:19:47,995 [INFO] ========== ZT回测完成 | trades=0 | fill_rate=40% | 0.0s ==========
2026-08-03 23:19:47,995 [WARNING]   无任何交易产生！
2026-08-03 23:19:47,995 [INFO]   score=-1000.0 | 月复利=0.0% | 笔数=0 胜率=0.0% DD=0.0% | lev=1.50x | 0.0s
2026-08-03 23:19:47,995 [INFO] ========== ZT回测 2025-12-01→2026-07-31 | top=5 board=gem+star entry=open_t1 sample=300 ==========
2026-08-03 23:19:49,746 [INFO] HS300 regime 预计算: 365 天 (bull=203 bear=41 crash=62 unknown=59)
2026-08-03 23:19:49,747 [INFO]   进度 20/162 | trades=0 | skip=6 | 1.8s
2026-08-03 23:19:49,748 [INFO]   进度 40/162 | trades=0 | skip=8 | 1.8s
2026-08-03 23:19:49,748 [INFO]   进度 60/162 | trades=0 | skip=18 | 1.8s
2026-08-03 23:19:49,748 [INFO]   进度 80/162 | trades=0 | skip=36 | 1.8s
2026-08-03 23:19:49,748 [INFO]   进度 100/162 | trades=0 | skip=40 | 1.8s
2026-08-03 23:19:49,749 [INFO]   进度 120/162 | trades=0 | skip=43 | 1.8s
2026-08-03 23:19:49,749 [INFO]   进度 140/162 | trades=0 | skip=50 | 1.8s
2026-08-03 23:19:49,749 [INFO]   进度 160/162 | trades=0 | skip=69 | 1.8s
2026-08-03 23:19:49,749 [INFO] ========== ZT回测完成 | trades=0 | fill_rate=50% | 1.8s ==========
2026-08-03 23:19:49,749 [WARNING]   无任何交易产生！
2026-08-03 23:19:49,749 [INFO]   score=-1000.0 | 月复利=0.0% | 笔数=0 胜率=0.0% DD=0.0% | lev=1.75x | 1.8s
2026-08-03 23:19:49,749 [INFO] ========== ZT回测 2025-12-01→2026-07-31 | top=3 board=main entry=open_t1 sample=300 ==========
2026-08-03 23:19:49,800 [INFO]   进度 20/162 | trades=57 | skip=0 | 0.1s
2026-08-03 23:19:49,867 [INFO]   进度 40/162 | trades=117 | skip=0 | 0.1s
2026-08-03 23:19:49,925 [INFO]   进度 60/162 | trades=177 | skip=0 | 0.2s
2026-08-03 23:19:49,988 [INFO]   进度 80/162 | trades=237 | skip=0 | 0.2s
2026-08-03 23:19:50,049 [INFO]   进度 100/162 | trades=297 | skip=0 | 0.3s
2026-08-03 23:19:50,103 [INFO]   进度 120/162 | trades=357 | skip=0 | 0.4s
2026-08-03 23:19:50,169 [INFO]   进度 140/162 | trades=417 | skip=0 | 0.4s
2026-08-03 23:19:50,216 [INFO]   进度 160/162 | trades=470 | skip=0 | 0.5s
2026-08-03 23:19:50,219 [INFO] ========== ZT回测完成 | trades=475 | fill_rate=20% | 0.5s ==========
2026-08-03 23:19:50,500 [INFO]   笔数=475 | 胜率=52.4% | 平均=-0.16% | 日均=-0.36% | 总收益=-58.0% | 最大回撤=-61.2%
2026-08-03 23:19:50,500 [INFO]   [best      ] n=475 胜率=71.2% 平均=0.73% 累计=2964.2%
2026-08-03 23:19:50,500 [INFO]   [close_t1  ] n=475 胜率=25.5% 平均=-0.69% 累计=-96.4%
2026-08-03 23:19:50,501 [INFO]   [close_t2  ] n=471 胜率=31.2% 平均=-0.73% 累计=-97.0%
2026-08-03 23:19:50,501 [INFO]   [close_t3  ] n=468 胜率=33.3% 平均=-0.74% 累计=-97.3%
2026-08-03 23:19:50,501 [INFO]   [gap_t1    ] n=475 胜率=0.0% 平均=0.00% 累计=0.0%
2026-08-03 23:19:50,501 [INFO]   [open_t2   ] n=471 胜率=24.8% 平均=-0.75% 累计=-97.2%
2026-08-03 23:19:50,501 [INFO]   [stop_t1   ] n=93 胜率=0.0% 平均=-2.63% 累计=-91.6%
2026-08-03 23:19:50,501 [INFO]   [trail_t2  ] n=315 胜率=67.0% 平均=0.60% 累计=538.2%
2026-08-03 23:19:50,501 [INFO]   score=-0.7 | 月复利=-1.1% | 笔数=475 胜率=52.4% DD=-9.0% | lev=1.00x | 0.8s
2026-08-03 23:19:50,501 [INFO] ========== ZT回测 2025-12-01→2026-07-31 | top=5 board=main entry=close_t0 sample=300 ==========
2026-08-03 23:19:52,502 [INFO] HS300 regime 预计算: 365 天 (bull=203 bear=41 crash=62 unknown=59)
2026-08-03 23:19:52,502 [INFO]   进度 20/162 | trades=0 | skip=6 | 2.0s
2026-08-03 23:19:52,503 [INFO]   进度 40/162 | trades=0 | skip=8 | 2.0s
2026-08-03 23:19:52,503 [INFO]   进度 60/162 | trades=0 | skip=18 | 2.0s
2026-08-03 23:19:52,503 [INFO]   进度 80/162 | trades=0 | skip=36 | 2.0s
2026-08-03 23:19:52,504 [INFO]   进度 100/162 | trades=0 | skip=40 | 2.0s
2026-08-03 23:19:52,505 [INFO]   进度 120/162 | trades=0 | skip=43 | 2.0s
2026-08-03 23:19:52,505 [INFO]   进度 140/162 | trades=0 | skip=50 | 2.0s
2026-08-03 23:19:52,505 [INFO]   进度 160/162 | trades=0 | skip=69 | 2.0s
2026-08-03 23:19:52,505 [INFO] ========== ZT回测完成 | trades=0 | fill_rate=35% | 2.0s ==========
2026-08-03 23:19:52,505 [WARNING]   无任何交易产生！
2026-08-03 23:19:52,506 [INFO]   score=-1000.0 | 月复利=0.0% | 笔数=0 胜率=0.0% DD=0.0% | lev=1.25x | 2.0s
2026-08-03 23:19:52,506 [INFO] ========== ZT回测 2025-12-01→2026-07-31 | top=3 board=gem+star entry=open_t1 sample=300 ==========
2026-08-03 23:19:54,305 [INFO] HS300 regime 预计算: 365 天 (bull=203 bear=41 crash=62 unknown=59)
2026-08-03 23:19:54,357 [INFO]   进度 20/162 | trades=39 | skip=6 | 1.9s
2026-08-03 23:19:54,408 [INFO]   进度 40/162 | trades=93 | skip=8 | 1.9s
2026-08-03 23:19:54,436 [INFO]   进度 60/162 | trades=123 | skip=18 | 1.9s
2026-08-03 23:19:54,445 [INFO]   进度 80/162 | trades=129 | skip=36 | 1.9s
2026-08-03 23:19:54,495 [INFO]   进度 100/162 | trades=177 | skip=40 | 2.0s
2026-08-03 23:19:54,536 [INFO]   进度 120/162 | trades=228 | skip=43 | 2.0s
2026-08-03 23:19:54,577 [INFO]   进度 140/162 | trades=267 | skip=50 | 2.1s
2026-08-03 23:19:54,580 [INFO]   进度 160/162 | trades=270 | skip=69 | 2.1s
2026-08-03 23:19:54,580 [INFO] ========== ZT回测完成 | trades=270 | fill_rate=100% | 2.1s ==========
2026-08-03 23:19:54,757 [INFO]   笔数=270 | 胜率=51.9% | 平均=-1.04% | 日均=-1.10% | 总收益=-98.8% | 最大回撤=-99.2%
2026-08-03 23:19:54,757 [INFO]   [best      ] n=270 胜率=67.4% 平均=3.65% 累计=1045730.2%
2026-08-03 23:19:54,757 [INFO]   [close_t1  ] n=270 胜率=25.9% 平均=-3.82% 累计=-100.0%
2026-08-03 23:19:54,757 [INFO]   [close_t2  ] n=270 胜率=30.4% 平均=-3.81% 累计=-100.0%
2026-08-03 23:19:54,757 [INFO]   [close_t3  ] n=270 胜率=31.5% 平均=-3.99% 累计=-100.0%
2026-08-03 23:19:54,757 [INFO]   [gap_t1    ] n=270 胜率=0.0% 平均=0.00% 累计=0.0%
2026-08-03 23:19:54,757 [INFO]   [open_t2   ] n=270 胜率=29.3% 平均=-3.96% 累计=-100.0%
2026-08-03 23:19:54,757 [INFO]   [stop_t1   ] n=67 胜率=0.0% 平均=-14.40% 累计=-100.0%
2026-08-03 23:19:54,758 [INFO]   [trail_t2  ] n=165 胜率=69.7% 平均=3.98% 累计=42883.5%
2026-08-03 23:19:54,758 [INFO]   score=-2.9 | 月复利=-7.3% | 笔数=270 胜率=51.9% DD=-46.7% | lev=1.75x | 2.3s
2026-08-03 23:19:54,758 [INFO] ========== ZT回测 2025-12-01→2026-07-31 | top=1 board=main entry=open_t1 sample=300 ==========
2026-08-03 23:19:56,359 [INFO] HS300 regime 预计算: 365 天 (bull=203 bear=41 crash=62 unknown=59)
2026-08-03 23:19:56,360 [INFO]   进度 20/162 | trades=0 | skip=6 | 1.6s
2026-08-03 23:19:56,361 [INFO]   进度 40/162 | trades=0 | skip=8 | 1.6s
2026-08-03 23:19:56,361 [INFO]   进度 60/162 | trades=0 | skip=18 | 1.6s
2026-08-03 23:19:56,361 [INFO]   进度 80/162 | trades=0 | skip=36 | 1.6s
2026-08-03 23:19:56,362 [INFO]   进度 100/162 | trades=0 | skip=40 | 1.6s
2026-08-03 23:19:56,362 [INFO]   进度 120/162 | trades=0 | skip=43 | 1.6s
2026-08-03 23:19:56,363 [INFO]   进度 140/162 | trades=0 | skip=50 | 1.6s
2026-08-03 23:19:56,364 [INFO]   进度 160/162 | trades=0 | skip=69 | 1.6s
2026-08-03 23:19:56,364 [INFO] ========== ZT回测完成 | trades=0 | fill_rate=40% | 1.6s ==========
2026-08-03 23:19:56,364 [WARNING]   无任何交易产生！
2026-08-03 23:19:56,364 [INFO]   score=-1000.0 | 月复利=0.0% | 笔数=0 胜率=0.0% DD=0.0% | lev=1.50x | 1.6s
2026-08-03 23:19:56,364 [INFO] ========== ZT回测 2025-12-01→2026-07-31 | top=3 board=all entry=close_t0 sample=300 ==========
2026-08-03 23:19:57,960 [INFO] HS300 regime 预计算: 365 天 (bull=203 bear=41 crash=62 unknown=59)
2026-08-03 23:19:57,960 [INFO]   进度 20/162 | trades=0 | skip=6 | 1.6s
2026-08-03 23:19:57,961 [INFO]   进度 40/162 | trades=0 | skip=8 | 1.6s
2026-08-03 23:19:57,961 [INFO]   进度 60/162 | trades=0 | skip=18 | 1.6s
2026-08-03 23:19:57,961 [INFO]   进度 80/162 | trades=0 | skip=36 | 1.6s
2026-08-03 23:19:57,962 [INFO]   进度 100/162 | trades=0 | skip=40 | 1.6s
2026-08-03 23:19:57,963 [INFO]   进度 120/162 | trades=0 | skip=43 | 1.6s
2026-08-03 23:19:57,963 [INFO]   进度 140/162 | trades=0 | skip=50 | 1.6s
2026-08-03 23:19:57,963 [INFO]   进度 160/162 | trades=0 | skip=69 | 1.6s
2026-08-03 23:19:57,963 [INFO] ========== ZT回测完成 | trades=0 | fill_rate=35% | 1.6s ==========
2026-08-03 23:19:57,963 [WARNING]   无任何交易产生！
2026-08-03 23:19:57,963 [INFO]   score=-1000.0 | 月复利=0.0% | 笔数=0 胜率=0.0% DD=0.0% | lev=1.00x | 1.6s
2026-08-03 23:19:57,964 [INFO] ========== ZT回测 2025-12-01→2026-07-31 | top=2 board=all entry=close_t0 sample=300 ==========
2026-08-03 23:19:59,545 [INFO] HS300 regime 预计算: 365 天 (bull=203 bear=41 crash=62 unknown=59)
2026-08-03 23:19:59,565 [INFO]   进度 20/162 | trades=26 | skip=6 | 1.6s
2026-08-03 23:19:59,602 [INFO]   进度 40/162 | trades=62 | skip=8 | 1.6s
2026-08-03 23:19:59,631 [INFO]   进度 60/162 | trades=82 | skip=18 | 1.7s
2026-08-03 23:19:59,635 [INFO]   进度 80/162 | trades=86 | skip=36 | 1.7s
2026-08-03 23:19:59,664 [INFO]   进度 100/162 | trades=118 | skip=40 | 1.7s
2026-08-03 23:19:59,698 [INFO]   进度 120/162 | trades=152 | skip=43 | 1.7s
2026-08-03 23:19:59,729 [INFO]   进度 140/162 | trades=178 | skip=50 | 1.8s
2026-08-03 23:19:59,732 [INFO]   进度 160/162 | trades=180 | skip=69 | 1.8s
2026-08-03 23:19:59,732 [INFO] ========== ZT回测完成 | trades=180 | fill_rate=25% | 1.8s ==========
2026-08-03 23:19:59,923 [INFO]   笔数=180 | 胜率=87.2% | 平均=0.90% | 日均=4.29% | 总收益=386.5% | 最大回撤=-11.4%
2026-08-03 23:19:59,923 [INFO]   [best      ] n=180 胜率=87.2% 平均=2.43% 累计=7226.7%
2026-08-03 23:19:59,923 [INFO]   [close_t1  ] n=180 胜率=65.0% 平均=0.30% 累计=66.1%
2026-08-03 23:19:59,923 [INFO]   [close_t2  ] n=180 胜率=57.8% 平均=0.66% 累计=200.7%
2026-08-03 23:19:59,923 [INFO]   [close_t3  ] n=180 胜率=55.0% 平均=0.85% 累计=298.4%
2026-08-03 23:19:59,923 [INFO]   [gap_t1    ] n=180 胜率=63.3% 平均=0.39% 累计=99.5%
2026-08-03 23:19:59,923 [INFO]   [open_t2   ] n=180 胜率=58.9% 平均=0.61% 累计=178.5%
2026-08-03 23:19:59,923 [INFO]   [stop_t1   ] n=7 胜率=0.0% 平均=-3.40% 累计=-21.5%
2026-08-03 23:19:59,923 [INFO]   [trail_t2  ] n=166 胜率=86.1% 平均=0.90% 累计=342.3%
2026-08-03 23:19:59,923 [INFO]   score=12.2 | 月复利=8.8% | 笔数=180 胜率=87.2% DD=-4.9% | lev=1.75x | 2.0s
2026-08-03 23:19:59,923 [INFO] ========== ZT回测 2025-12-01→2026-07-31 | top=5 board=all entry=close_t0 sample=300 ==========
2026-08-03 23:20:00,015 [INFO]   进度 20/162 | trades=82 | skip=0 | 0.1s
2026-08-03 23:20:00,132 [INFO]   进度 40/162 | trades=175 | skip=0 | 0.2s
2026-08-03 23:20:00,255 [INFO]   进度 60/162 | trades=255 | skip=0 | 0.3s
2026-08-03 23:20:00,345 [INFO]   进度 80/162 | trades=322 | skip=0 | 0.4s
2026-08-03 23:20:00,424 [INFO]   进度 100/162 | trades=390 | skip=0 | 0.5s
2026-08-03 23:20:00,525 [INFO]   进度 120/162 | trades=473 | skip=0 | 0.6s
2026-08-03 23:20:00,627 [INFO]   进度 140/162 | trades=553 | skip=0 | 0.7s
2026-08-03 23:20:00,707 [INFO]   进度 160/162 | trades=629 | skip=0 | 0.8s
2026-08-03 23:20:00,710 [INFO] ========== ZT回测完成 | trades=636 | fill_rate=20% | 0.8s ==========
2026-08-03 23:20:01,066 [INFO]   笔数=636 | 胜率=85.5% | 平均=0.78% | 日均=85.86% | 总收益=13736.7% | 最大回撤=-6.9%
2026-08-03 23:20:01,066 [INFO]   [best      ] n=635 胜率=86.9% 平均=1.77% 累计=6299350.6%
2026-08-03 23:20:01,066 [INFO]   [close_t1  ] n=635 胜率=60.9% 平均=0.17% 累计=179.7%
2026-08-03 23:20:01,066 [INFO]   [close_t2  ] n=630 胜率=54.4% 平均=0.48% 累计=1635.3%
2026-08-03 23:20:01,066 [INFO]   [close_t3  ] n=626 胜率=52.9% 平均=0.56% 累计=2400.1%
2026-08-03 23:20:01,066 [INFO]   [gap_t1    ] n=635 胜率=59.2% 平均=0.25% 累计=367.7%
2026-08-03 23:20:01,066 [INFO]   [open_t2   ] n=630 胜率=53.5% 平均=0.41% 累计=1014.4%
2026-08-03 23:20:01,066 [INFO]   [stop_t1   ] n=93 胜率=0.0% 平均=-2.54% 累计=-90.9%
2026-08-03 23:20:01,066 [INFO]   [trail_t2  ] n=530 胜率=93.4% 平均=1.01% 累计=20374.7%
2026-08-03 23:20:01,067 [INFO]   score=4.9 | 月复利=3.2% | 笔数=636 胜率=85.5% DD=-0.2% | lev=1.00x | 1.1s
2026-08-03 23:20:01,067 [INFO] ========== ZT回测 2025-12-01→2026-07-31 | top=5 board=main entry=close_t0 sample=300 ==========
2026-08-03 23:20:02,709 [INFO] HS300 regime 预计算: 365 天 (bull=203 bear=41 crash=62 unknown=59)
2026-08-03 23:20:02,710 [INFO]   进度 20/162 | trades=0 | skip=6 | 1.6s
2026-08-03 23:20:02,711 [INFO]   进度 40/162 | trades=0 | skip=8 | 1.6s
2026-08-03 23:20:02,711 [INFO]   进度 60/162 | trades=0 | skip=18 | 1.6s
2026-08-03 23:20:02,711 [INFO]   进度 80/162 | trades=0 | skip=36 | 1.6s
2026-08-03 23:20:02,711 [INFO]   进度 100/162 | trades=0 | skip=40 | 1.6s
2026-08-03 23:20:02,712 [INFO]   进度 120/162 | trades=0 | skip=43 | 1.6s
2026-08-03 23:20:02,713 [INFO]   进度 140/162 | trades=0 | skip=50 | 1.6s
2026-08-03 23:20:02,714 [INFO]   进度 160/162 | trades=0 | skip=69 | 1.6s
2026-08-03 23:20:02,714 [INFO] ========== ZT回测完成 | trades=0 | fill_rate=30% | 1.6s ==========
2026-08-03 23:20:02,714 [WARNING]   无任何交易产生！
2026-08-03 23:20:02,714 [INFO]   score=-1000.0 | 月复利=0.0% | 笔数=0 胜率=0.0% DD=0.0% | lev=1.75x | 1.6s
2026-08-03 23:20:02,714 [INFO] ========== ZT回测 2025-12-01→2026-07-31 | top=3 board=main entry=close_t0 sample=300 ==========
2026-08-03 23:20:04,317 [INFO] HS300 regime 预计算: 365 天 (bull=203 bear=41 crash=62 unknown=59)
2026-08-03 23:20:04,318 [INFO]   进度 20/162 | trades=0 | skip=6 | 1.6s
2026-08-03 23:20:04,319 [INFO]   进度 40/162 | trades=0 | skip=8 | 1.6s
2026-08-03 23:20:04,320 [INFO]   进度 60/162 | trades=0 | skip=18 | 1.6s
2026-08-03 23:20:04,320 [INFO]   进度 80/162 | trades=0 | skip=36 | 1.6s
2026-08-03 23:20:04,321 [INFO]   进度 100/162 | trades=0 | skip=40 | 1.6s
2026-08-03 23:20:04,321 [INFO]   进度 120/162 | trades=0 | skip=43 | 1.6s
2026-08-03 23:20:04,324 [INFO]   进度 140/162 | trades=0 | skip=50 | 1.6s
2026-08-03 23:20:04,324 [INFO]   进度 160/162 | trades=0 | skip=69 | 1.6s
2026-08-03 23:20:04,324 [INFO] ========== ZT回测完成 | trades=0 | fill_rate=35% | 1.6s ==========
2026-08-03 23:20:04,324 [WARNING]   无任何交易产生！
2026-08-03 23:20:04,325 [INFO]   score=-1000.0 | 月复利=0.0% | 笔数=0 胜率=0.0% DD=0.0% | lev=1.00x | 1.6s
2026-08-03 23:20:04,325 [INFO] ========== ZT回测 2025-12-01→2026-07-31 | top=3 board=all entry=close_t0 sample=300 ==========
2026-08-03 23:20:05,953 [INFO] HS300 regime 预计算: 365 天 (bull=203 bear=41 crash=62 unknown=59)
2026-08-03 23:20:05,954 [INFO]   进度 20/162 | trades=0 | skip=6 | 1.6s
2026-08-03 23:20:05,956 [INFO]   进度 40/162 | trades=0 | skip=8 | 1.6s
2026-08-03 23:20:05,957 [INFO]   进度 60/162 | trades=0 | skip=18 | 1.6s
2026-08-03 23:20:05,957 [INFO]   进度 80/162 | trades=0 | skip=36 | 1.6s
2026-08-03 23:20:05,959 [INFO]   进度 100/162 | trades=0 | skip=40 | 1.6s
2026-08-03 23:20:05,960 [INFO]   进度 120/162 | trades=0 | skip=43 | 1.6s
2026-08-03 23:20:05,961 [INFO]   进度 140/162 | trades=0 | skip=50 | 1.6s
2026-08-03 23:20:05,961 [INFO]   进度 160/162 | trades=0 | skip=69 | 1.6s
2026-08-03 23:20:05,961 [INFO] ========== ZT回测完成 | trades=0 | fill_rate=20% | 1.6s ==========
2026-08-03 23:20:05,961 [WARNING]   无任何交易产生！
2026-08-03 23:20:05,961 [INFO]   score=-1000.0 | 月复利=0.0% | 笔数=0 胜率=0.0% DD=0.0% | lev=1.25x | 1.6s
2026-08-03 23:20:05,961 [INFO] ========== ZT回测 2025-12-01→2026-07-31 | top=5 board=main entry=open_t1 sample=300 ==========
2026-08-03 23:20:05,962 [INFO]   进度 20/162 | trades=0 | skip=0 | 0.0s
2026-08-03 23:20:05,963 [INFO]   进度 40/162 | trades=0 | skip=0 | 0.0s
2026-08-03 23:20:05,965 [INFO]   进度 60/162 | trades=0 | skip=0 | 0.0s
2026-08-03 23:20:05,967 [INFO]   进度 80/162 | trades=0 | skip=0 | 0.0s
2026-08-03 23:20:05,968 [INFO]   进度 100/162 | trades=0 | skip=0 | 0.0s
2026-08-03 23:20:05,970 [INFO]   进度 120/162 | trades=0 | skip=0 | 0.0s
2026-08-03 23:20:05,972 [INFO]   进度 140/162 | trades=0 | skip=0 | 0.0s
2026-08-03 23:20:05,974 [INFO]   进度 160/162 | trades=0 | skip=0 | 0.0s
2026-08-03 23:20:05,974 [INFO] ========== ZT回测完成 | trades=0 | fill_rate=25% | 0.0s ==========
2026-08-03 23:20:05,974 [WARNING]   无任何交易产生！
2026-08-03 23:20:05,974 [INFO]   score=-1000.0 | 月复利=0.0% | 笔数=0 胜率=0.0% DD=0.0% | lev=1.00x | 0.0s
2026-08-03 23:20:05,975 [INFO] ========== ZT回测 2025-12-01→2026-07-31 | top=3 board=all entry=close_t0 sample=300 ==========
2026-08-03 23:20:07,466 [INFO] HS300 regime 预计算: 365 天 (bull=203 bear=41 crash=62 unknown=59)
2026-08-03 23:20:07,467 [INFO]   进度 20/162 | trades=0 | skip=6 | 1.5s
2026-08-03 23:20:07,469 [INFO]   进度 40/162 | trades=0 | skip=8 | 1.5s
2026-08-03 23:20:07,469 [INFO]   进度 60/162 | trades=0 | skip=18 | 1.5s
2026-08-03 23:20:07,470 [INFO]   进度 80/162 | trades=0 | skip=36 | 1.5s
2026-08-03 23:20:07,471 [INFO]   进度 100/162 | trades=0 | skip=40 | 1.5s
2026-08-03 23:20:07,473 [INFO]   进度 120/162 | trades=0 | skip=43 | 1.5s
2026-08-03 23:20:07,475 [INFO]   进度 140/162 | trades=0 | skip=50 | 1.5s
2026-08-03 23:20:07,475 [INFO]   进度 160/162 | trades=0 | skip=69 | 1.5s
2026-08-03 23:20:07,475 [INFO] ========== ZT回测完成 | trades=0 | fill_rate=40% | 1.5s ==========
2026-08-03 23:20:07,475 [WARNING]   无任何交易产生！
2026-08-03 23:20:07,475 [INFO]   score=-1000.0 | 月复利=0.0% | 笔数=0 胜率=0.0% DD=0.0% | lev=1.50x | 1.5s
2026-08-03 23:20:07,475 [INFO] ========== ZT回测 2025-12-01→2026-07-31 | top=1 board=all entry=close_t0 sample=300 ==========
2026-08-03 23:20:07,476 [INFO]   进度 20/162 | trades=0 | skip=0 | 0.0s
2026-08-03 23:20:07,478 [INFO]   进度 40/162 | trades=0 | skip=0 | 0.0s
2026-08-03 23:20:07,479 [INFO]   进度 60/162 | trades=0 | skip=0 | 0.0s
2026-08-03 23:20:07,479 [INFO]   进度 80/162 | trades=0 | skip=0 | 0.0s
2026-08-03 23:20:07,481 [INFO]   进度 100/162 | trades=0 | skip=0 | 0.0s
2026-08-03 23:20:07,483 [INFO]   进度 120/162 | trades=0 | skip=0 | 0.0s
2026-08-03 23:20:07,484 [INFO]   进度 140/162 | trades=0 | skip=0 | 0.0s
2026-08-03 23:20:07,484 [INFO]   进度 160/162 | trades=0 | skip=0 | 0.0s
2026-08-03 23:20:07,485 [INFO] ========== ZT回测完成 | trades=0 | fill_rate=20% | 0.0s ==========
2026-08-03 23:20:07,485 [WARNING]   无任何交易产生！
2026-08-03 23:20:07,485 [INFO]   score=-1000.0 | 月复利=0.0% | 笔数=0 胜率=0.0% DD=0.0% | lev=1.50x | 0.0s
2026-08-03 23:20:07,485 [INFO] ========== ZT回测 2025-12-01→2026-07-31 | top=2 board=gem+star entry=open_t1 sample=300 ==========
2026-08-03 23:20:07,486 [INFO]   进度 20/162 | trades=0 | skip=0 | 0.0s
2026-08-03 23:20:07,487 [INFO]   进度 40/162 | trades=0 | skip=0 | 0.0s
2026-08-03 23:20:07,489 [INFO]   进度 60/162 | trades=0 | skip=0 | 0.0s
2026-08-03 23:20:07,490 [INFO]   进度 80/162 | trades=0 | skip=0 | 0.0s
2026-08-03 23:20:07,492 [INFO]   进度 100/162 | trades=0 | skip=0 | 0.0s
2026-08-03 23:20:07,494 [INFO]   进度 120/162 | trades=0 | skip=0 | 0.0s
2026-08-03 23:20:07,496 [INFO]   进度 140/162 | trades=0 | skip=0 | 0.0s
2026-08-03 23:20:07,499 [INFO]   进度 160/162 | trades=0 | skip=0 | 0.0s
2026-08-03 23:20:07,499 [INFO] ========== ZT回测完成 | trades=0 | fill_rate=30% | 0.0s ==========
2026-08-03 23:20:07,500 [WARNING]   无任何交易产生！
2026-08-03 23:20:07,500 [INFO]   score=-1000.0 | 月复利=0.0% | 笔数=0 胜率=0.0% DD=0.0% | lev=1.25x | 0.0s
2026-08-03 23:20:07,500 [INFO] ========== ZT回测 2025-12-01→2026-07-31 | top=2 board=main entry=open_t1 sample=300 ==========
2026-08-03 23:20:09,111 [INFO] HS300 regime 预计算: 365 天 (bull=203 bear=41 crash=62 unknown=59)
2026-08-03 23:20:09,111 [INFO]   进度 20/162 | trades=0 | skip=6 | 1.6s
2026-08-03 23:20:09,112 [INFO]   进度 40/162 | trades=0 | skip=8 | 1.6s
2026-08-03 23:20:09,112 [INFO]   进度 60/162 | trades=0 | skip=18 | 1.6s
2026-08-03 23:20:09,112 [INFO]   进度 80/162 | trades=0 | skip=36 | 1.6s
2026-08-03 23:20:09,112 [INFO]   进度 100/162 | trades=0 | skip=40 | 1.6s
2026-08-03 23:20:09,113 [INFO]   进度 120/162 | trades=0 | skip=43 | 1.6s
2026-08-03 23:20:09,115 [INFO]   进度 140/162 | trades=0 | skip=50 | 1.6s
2026-08-03 23:20:09,115 [INFO]   进度 160/162 | trades=0 | skip=69 | 1.6s
2026-08-03 23:20:09,115 [INFO] ========== ZT回测完成 | trades=0 | fill_rate=40% | 1.6s ==========
2026-08-03 23:20:09,115 [WARNING]   无任何交易产生！
2026-08-03 23:20:09,115 [INFO]   score=-1000.0 | 月复利=0.0% | 笔数=0 胜率=0.0% DD=0.0% | lev=1.50x | 1.6s
2026-08-03 23:20:09,116 [INFO] ========== ZT回测 2025-12-01→2026-07-31 | top=2 board=main entry=close_t0 sample=300 ==========
2026-08-03 23:20:09,144 [INFO]   进度 20/162 | trades=31 | skip=0 | 0.0s
2026-08-03 23:20:09,171 [INFO]   进度 40/162 | trades=66 | skip=0 | 0.1s
2026-08-03 23:20:09,210 [INFO]   进度 60/162 | trades=91 | skip=0 | 0.1s
2026-08-03 23:20:09,227 [INFO]   进度 80/162 | trades=112 | skip=0 | 0.1s
2026-08-03 23:20:09,250 [INFO]   进度 100/162 | trades=128 | skip=0 | 0.1s
2026-08-03 23:20:09,276 [INFO]   进度 120/162 | trades=152 | skip=0 | 0.2s
2026-08-03 23:20:09,305 [INFO]   进度 140/162 | trades=177 | skip=0 | 0.2s
2026-08-03 23:20:09,320 [INFO]   进度 160/162 | trades=196 | skip=0 | 0.2s
2026-08-03 23:20:09,322 [INFO] ========== ZT回测完成 | trades=197 | fill_rate=50% | 0.2s ==========
2026-08-03 23:20:09,584 [INFO]   笔数=197 | 胜率=88.8% | 平均=2.20% | 日均=56.09% | 总收益=6843.4% | 最大回撤=-11.7%
2026-08-03 23:20:09,584 [INFO]   [best      ] n=197 胜率=89.8% 平均=4.91% 累计=1116829.0%
2026-08-03 23:20:09,584 [INFO]   [close_t1  ] n=197 胜率=62.4% 平均=0.46% 累计=118.2%
2026-08-03 23:20:09,584 [INFO]   [close_t2  ] n=196 胜率=59.7% 平均=1.79% 累计=2227.1%
2026-08-03 23:20:09,584 [INFO]   [close_t3  ] n=196 胜率=57.6% 平均=2.18% 累计=3819.0%
2026-08-03 23:20:09,584 [INFO]   [gap_t1    ] n=197 胜率=63.5% 平均=0.82% 累计=374.4%
2026-08-03 23:20:09,584 [INFO]   [open_t2   ] n=196 胜率=56.6% 平均=1.07% 累计=500.8%
2026-08-03 23:20:09,584 [INFO]   [stop_t1   ] n=33 胜率=0.0% 平均=-6.32% 累计=-88.4%
2026-08-03 23:20:09,584 [INFO]   [trail_t2  ] n=160 胜率=96.2% 平均=2.67% 累计=6641.2%
2026-08-03 23:20:09,585 [INFO]   score=73.4 | 月复利=38.5% | 笔数=197 胜率=88.8% DD=-8.9% | lev=2.00x | 0.5s
2026-08-03 23:20:09,585 [INFO] ========== ZT回测 2025-12-01→2026-07-31 | top=2 board=main entry=close_t0 sample=300 ==========
2026-08-03 23:20:11,335 [INFO] HS300 regime 预计算: 365 天 (bull=203 bear=41 crash=62 unknown=59)
2026-08-03 23:20:11,336 [INFO]   进度 20/162 | trades=0 | skip=6 | 1.8s
2026-08-03 23:20:11,337 [INFO]   进度 40/162 | trades=0 | skip=8 | 1.8s
2026-08-03 23:20:11,337 [INFO]   进度 60/162 | trades=0 | skip=18 | 1.8s
2026-08-03 23:20:11,337 [INFO]   进度 80/162 | trades=0 | skip=36 | 1.8s
2026-08-03 23:20:11,338 [INFO]   进度 100/162 | trades=0 | skip=40 | 1.8s
2026-08-03 23:20:11,339 [INFO]   进度 120/162 | trades=0 | skip=43 | 1.8s
2026-08-03 23:20:11,340 [INFO]   进度 140/162 | trades=0 | skip=50 | 1.8s
2026-08-03 23:20:11,341 [INFO]   进度 160/162 | trades=0 | skip=69 | 1.8s
2026-08-03 23:20:11,341 [INFO] ========== ZT回测完成 | trades=0 | fill_rate=50% | 1.8s ==========
2026-08-03 23:20:11,341 [WARNING]   无任何交易产生！
2026-08-03 23:20:11,341 [INFO]   score=-1000.0 | 月复利=0.0% | 笔数=0 胜率=0.0% DD=0.0% | lev=1.00x | 1.8s
2026-08-03 23:20:11,341 [INFO] ========== ZT回测 2025-12-01→2026-07-31 | top=5 board=all entry=close_t0 sample=300 ==========
2026-08-03 23:20:11,446 [INFO]   进度 20/162 | trades=95 | skip=0 | 0.1s
2026-08-03 23:20:11,532 [INFO]   进度 40/162 | trades=195 | skip=0 | 0.2s
2026-08-03 23:20:11,651 [INFO]   进度 60/162 | trades=295 | skip=0 | 0.3s
2026-08-03 23:20:11,775 [INFO]   进度 80/162 | trades=395 | skip=0 | 0.4s
2026-08-03 23:20:11,881 [INFO]   进度 100/162 | trades=495 | skip=0 | 0.5s
2026-08-03 23:20:11,976 [INFO]   进度 120/162 | trades=595 | skip=0 | 0.6s
2026-08-03 23:20:12,087 [INFO]   进度 140/162 | trades=695 | skip=0 | 0.7s
2026-08-03 23:20:12,200 [INFO]   进度 160/162 | trades=795 | skip=0 | 0.9s
2026-08-03 23:20:12,206 [INFO] ========== ZT回测完成 | trades=805 | fill_rate=25% | 0.9s ==========
2026-08-03 23:20:12,607 [INFO]   笔数=805 | 胜率=79.9% | 平均=0.80% | 日均=343.00% | 总收益=55222.6% | 最大回撤=-9.2%
2026-08-03 23:20:12,607 [INFO]   [best      ] n=799 胜率=83.2% 平均=1.79% 累计=123388807.2%
2026-08-03 23:20:12,608 [INFO]   [close_t1  ] n=799 胜率=48.8% 平均=-0.24% 累计=-87.2%
2026-08-03 23:20:12,608 [INFO]   [close_t2  ] n=792 胜率=44.2% 平均=-0.15% 累计=-77.0%
2026-08-03 23:20:12,608 [INFO]   [close_t3  ] n=786 胜率=43.3% 平均=-0.22% 累计=-89.2%
2026-08-03 23:20:12,608 [INFO]   [gap_t1    ] n=799 胜率=41.9% 平均=-0.17% 累计=-76.9%
2026-08-03 23:20:12,608 [INFO]   [open_t2   ] n=792 胜率=42.8% 平均=-0.19% 累计=-83.5%
2026-08-03 23:20:12,608 [INFO]   [stop_t1   ] n=277 胜率=0.0% 平均=-2.95% 累计=-100.0%
2026-08-03 23:20:12,608 [INFO]   [trail_t2  ] n=511 胜率=90.4% 平均=1.07% 累计=22322.1%
2026-08-03 23:20:12,608 [INFO]   score=6.0 | 月复利=4.0% | 笔数=805 胜率=79.9% DD=-0.4% | lev=1.25x | 1.3s
2026-08-03 23:20:12,608 [INFO] ========== ZT回测 2025-12-01→2026-07-31 | top=2 board=main entry=close_t0 sample=300 ==========
2026-08-03 23:20:14,399 [INFO] HS300 regime 预计算: 365 天 (bull=203 bear=41 crash=62 unknown=59)
2026-08-03 23:20:14,400 [INFO]   进度 20/162 | trades=0 | skip=6 | 1.8s
2026-08-03 23:20:14,401 [INFO]   进度 40/162 | trades=0 | skip=8 | 1.8s
2026-08-03 23:20:14,401 [INFO]   进度 60/162 | trades=0 | skip=18 | 1.8s
2026-08-03 23:20:14,401 [INFO]   进度 80/162 | trades=0 | skip=36 | 1.8s
2026-08-03 23:20:14,402 [INFO]   进度 100/162 | trades=0 | skip=40 | 1.8s
2026-08-03 23:20:14,403 [INFO]   进度 120/162 | trades=0 | skip=43 | 1.8s
2026-08-03 23:20:14,404 [INFO]   进度 140/162 | trades=0 | skip=50 | 1.8s
2026-08-03 23:20:14,404 [INFO]   进度 160/162 | trades=0 | skip=69 | 1.8s
2026-08-03 23:20:14,404 [INFO] ========== ZT回测完成 | trades=0 | fill_rate=100% | 1.8s ==========
2026-08-03 23:20:14,404 [WARNING]   无任何交易产生！
2026-08-03 23:20:14,404 [INFO]   score=-1000.0 | 月复利=0.0% | 笔数=0 胜率=0.0% DD=0.0% | lev=1.00x | 1.8s
2026-08-03 23:20:14,405 [INFO] ========== ZT回测 2025-12-01→2026-07-31 | top=5 board=gem+star entry=open_t1 sample=300 ==========
2026-08-03 23:20:16,138 [INFO] HS300 regime 预计算: 365 天 (bull=203 bear=41 crash=62 unknown=59)
2026-08-03 23:20:16,138 [INFO]   进度 20/162 | trades=0 | skip=6 | 1.7s
2026-08-03 23:20:16,139 [INFO]   进度 40/162 | trades=0 | skip=8 | 1.7s
2026-08-03 23:20:16,140 [INFO]   进度 60/162 | trades=0 | skip=18 | 1.7s
2026-08-03 23:20:16,140 [INFO]   进度 80/162 | trades=0 | skip=36 | 1.7s
2026-08-03 23:20:16,140 [INFO]   进度 100/162 | trades=0 | skip=40 | 1.7s
2026-08-03 23:20:16,141 [INFO]   进度 120/162 | trades=0 | skip=43 | 1.7s
2026-08-03 23:20:16,142 [INFO]   进度 140/162 | trades=0 | skip=50 | 1.7s
2026-08-03 23:20:16,142 [INFO]   进度 160/162 | trades=0 | skip=69 | 1.7s
2026-08-03 23:20:16,142 [INFO] ========== ZT回测完成 | trades=0 | fill_rate=50% | 1.7s ==========
2026-08-03 23:20:16,142 [WARNING]   无任何交易产生！
2026-08-03 23:20:16,142 [INFO]   score=-1000.0 | 月复利=0.0% | 笔数=0 胜率=0.0% DD=0.0% | lev=2.00x | 1.7s
2026-08-03 23:20:16,142 [INFO] ========== ZT回测 2025-12-01→2026-07-31 | top=2 board=main entry=open_t1 sample=300 ==========
2026-08-03 23:20:16,143 [INFO]   进度 20/162 | trades=0 | skip=0 | 0.0s
2026-08-03 23:20:16,143 [INFO]   进度 40/162 | trades=0 | skip=0 | 0.0s
2026-08-03 23:20:16,144 [INFO]   进度 60/162 | trades=0 | skip=0 | 0.0s
2026-08-03 23:20:16,144 [INFO]   进度 80/162 | trades=0 | skip=0 | 0.0s
2026-08-03 23:20:16,144 [INFO]   进度 100/162 | trades=0 | skip=0 | 0.0s
2026-08-03 23:20:16,144 [INFO]   进度 120/162 | trades=0 | skip=0 | 0.0s
2026-08-03 23:20:16,145 [INFO]   进度 140/162 | trades=0 | skip=0 | 0.0s
2026-08-03 23:20:16,145 [INFO]   进度 160/162 | trades=0 | skip=0 | 0.0s
2026-08-03 23:20:16,145 [INFO] ========== ZT回测完成 | trades=0 | fill_rate=25% | 0.0s ==========
2026-08-03 23:20:16,145 [WARNING]   无任何交易产生！
2026-08-03 23:20:16,145 [INFO]   score=-1000.0 | 月复利=0.0% | 笔数=0 胜率=0.0% DD=0.0% | lev=1.75x | 0.0s
2026-08-03 23:20:16,145 [INFO] ========== ZT回测 2025-12-01→2026-07-31 | top=3 board=gem+star entry=open_t1 sample=300 ==========
2026-08-03 23:20:17,831 [INFO] HS300 regime 预计算: 365 天 (bull=203 bear=41 crash=62 unknown=59)
2026-08-03 23:20:17,831 [INFO]   进度 20/162 | trades=0 | skip=6 | 1.7s
2026-08-03 23:20:17,832 [INFO]   进度 40/162 | trades=0 | skip=8 | 1.7s
2026-08-03 23:20:17,833 [INFO]   进度 60/162 | trades=0 | skip=18 | 1.7s
2026-08-03 23:20:17,833 [INFO]   进度 80/162 | trades=0 | skip=36 | 1.7s
2026-08-03 23:20:17,834 [INFO]   进度 100/162 | trades=0 | skip=40 | 1.7s
2026-08-03 23:20:17,835 [INFO]   进度 120/162 | trades=0 | skip=43 | 1.7s
2026-08-03 23:20:17,836 [INFO]   进度 140/162 | trades=0 | skip=50 | 1.7s
2026-08-03 23:20:17,836 [INFO]   进度 160/162 | trades=0 | skip=69 | 1.7s
2026-08-03 23:20:17,837 [INFO] ========== ZT回测完成 | trades=0 | fill_rate=30% | 1.7s ==========
2026-08-03 23:20:17,837 [WARNING]   无任何交易产生！
2026-08-03 23:20:17,837 [INFO]   score=-1000.0 | 月复利=0.0% | 笔数=0 胜率=0.0% DD=0.0% | lev=1.25x | 1.7s
2026-08-03 23:20:17,837 [INFO] ========== ZT回测 2025-12-01→2026-07-31 | top=5 board=main entry=close_t0 sample=300 ==========
2026-08-03 23:20:19,879 [INFO] HS300 regime 预计算: 365 天 (bull=203 bear=41 crash=62 unknown=59)
2026-08-03 23:20:19,880 [INFO]   进度 20/162 | trades=0 | skip=6 | 2.0s
2026-08-03 23:20:19,881 [INFO]   进度 40/162 | trades=0 | skip=8 | 2.0s
2026-08-03 23:20:19,881 [INFO]   进度 60/162 | trades=0 | skip=18 | 2.0s
2026-08-03 23:20:19,881 [INFO]   进度 80/162 | trades=0 | skip=36 | 2.0s
2026-08-03 23:20:19,882 [INFO]   进度 100/162 | trades=0 | skip=40 | 2.0s
2026-08-03 23:20:19,882 [INFO]   进度 120/162 | trades=0 | skip=43 | 2.0s
2026-08-03 23:20:19,883 [INFO]   进度 140/162 | trades=0 | skip=50 | 2.0s
2026-08-03 23:20:19,883 [INFO]   进度 160/162 | trades=0 | skip=69 | 2.0s
2026-08-03 23:20:19,883 [INFO] ========== ZT回测完成 | trades=0 | fill_rate=20% | 2.0s ==========
2026-08-03 23:20:19,883 [WARNING]   无任何交易产生！
2026-08-03 23:20:19,883 [INFO]   score=-1000.0 | 月复利=0.0% | 笔数=0 胜率=0.0% DD=0.0% | lev=2.00x | 2.0s
2026-08-03 23:20:19,883 [INFO] ========== ZT回测 2025-12-01→2026-07-31 | top=1 board=all entry=open_t1 sample=300 ==========
2026-08-03 23:20:21,627 [INFO] HS300 regime 预计算: 365 天 (bull=203 bear=41 crash=62 unknown=59)
2026-08-03 23:20:21,627 [INFO]   进度 20/162 | trades=0 | skip=6 | 1.7s
2026-08-03 23:20:21,628 [INFO]   进度 40/162 | trades=0 | skip=8 | 1.7s
2026-08-03 23:20:21,628 [INFO]   进度 60/162 | trades=0 | skip=18 | 1.7s
2026-08-03 23:20:21,629 [INFO]   进度 80/162 | trades=0 | skip=36 | 1.7s
2026-08-03 23:20:21,629 [INFO]   进度 100/162 | trades=0 | skip=40 | 1.7s
2026-08-03 23:20:21,630 [INFO]   进度 120/162 | trades=0 | skip=43 | 1.7s
2026-08-03 23:20:21,631 [INFO]   进度 140/162 | trades=0 | skip=50 | 1.7s
2026-08-03 23:20:21,631 [INFO]   进度 160/162 | trades=0 | skip=69 | 1.7s
2026-08-03 23:20:21,631 [INFO] ========== ZT回测完成 | trades=0 | fill_rate=20% | 1.7s ==========
2026-08-03 23:20:21,632 [WARNING]   无任何交易产生！
2026-08-03 23:20:21,632 [INFO]   score=-1000.0 | 月复利=0.0% | 笔数=0 胜率=0.0% DD=0.0% | lev=1.50x | 1.7s
2026-08-03 23:20:21,632 [INFO] ========== ZT回测 2025-12-01→2026-07-31 | top=1 board=gem+star entry=open_t1 sample=300 ==========
2026-08-03 23:20:23,201 [INFO] HS300 regime 预计算: 365 天 (bull=203 bear=41 crash=62 unknown=59)
2026-08-03 23:20:23,208 [INFO]   进度 20/162 | trades=13 | skip=6 | 1.6s
2026-08-03 23:20:23,218 [INFO]   进度 40/162 | trades=31 | skip=8 | 1.6s
2026-08-03 23:20:23,224 [INFO]   进度 60/162 | trades=41 | skip=18 | 1.6s
2026-08-03 23:20:23,225 [INFO]   进度 80/162 | trades=43 | skip=36 | 1.6s
2026-08-03 23:20:23,234 [INFO]   进度 100/162 | trades=59 | skip=40 | 1.6s
2026-08-03 23:20:23,257 [INFO]   进度 120/162 | trades=76 | skip=43 | 1.6s
2026-08-03 23:20:23,270 [INFO]   进度 140/162 | trades=89 | skip=50 | 1.6s
2026-08-03 23:20:23,273 [INFO]   进度 160/162 | trades=90 | skip=69 | 1.6s
2026-08-03 23:20:23,273 [INFO] ========== ZT回测完成 | trades=90 | fill_rate=25% | 1.6s ==========
2026-08-03 23:20:23,395 [INFO]   笔数=90 | 胜率=53.3% | 平均=-0.25% | 日均=-0.26% | 总收益=-23.5% | 最大回撤=-27.6%
2026-08-03 23:20:23,395 [INFO]   [best      ] n=90 胜率=70.0% 平均=1.02% 累计=145.8%
2026-08-03 23:20:23,395 [INFO]   [close_t1  ] n=90 胜率=26.7% 平均=-1.12% 累计=-64.1%
2026-08-03 23:20:23,395 [INFO]   [close_t2  ] n=90 胜率=32.2% 平均=-0.92% 累计=-57.7%
2026-08-03 23:20:23,395 [INFO]   [close_t3  ] n=90 胜率=34.4% 平均=-0.91% 累计=-58.1%
2026-08-03 23:20:23,395 [INFO]   [gap_t1    ] n=90 胜率=0.0% 平均=0.00% 累计=0.0%
2026-08-03 23:20:23,395 [INFO]   [open_t2   ] n=90 胜率=35.6% 平均=-1.07% 累计=-63.2%
2026-08-03 23:20:23,395 [INFO]   [stop_t1   ] n=30 胜率=0.0% 平均=-3.60% 累计=-66.7%
2026-08-03 23:20:23,395 [INFO]   [trail_t2  ] n=50 胜率=82.0% 平均=1.58% 累计=117.1%
2026-08-03 23:20:23,395 [INFO]   score=-2.0 | 月复利=-5.7% | 笔数=90 胜率=53.3% DD=-45.4% | lev=1.75x | 1.8s
2026-08-03 23:20:23,396 [INFO] ========== ZT回测 2025-12-01→2026-07-31 | top=1 board=main entry=open_t1 sample=300 ==========
2026-08-03 23:20:23,396 [INFO]   进度 20/162 | trades=0 | skip=0 | 0.0s
2026-08-03 23:20:23,396 [INFO]   进度 40/162 | trades=0 | skip=0 | 0.0s
2026-08-03 23:20:23,398 [INFO]   进度 60/162 | trades=0 | skip=0 | 0.0s
2026-08-03 23:20:23,398 [INFO]   进度 80/162 | trades=0 | skip=0 | 0.0s
2026-08-03 23:20:23,399 [INFO]   进度 100/162 | trades=0 | skip=0 | 0.0s
2026-08-03 23:20:23,400 [INFO]   进度 120/162 | trades=0 | skip=0 | 0.0s
2026-08-03 23:20:23,401 [INFO]   进度 140/162 | trades=0 | skip=0 | 0.0s
2026-08-03 23:20:23,402 [INFO]   进度 160/162 | trades=0 | skip=0 | 0.0s
2026-08-03 23:20:23,402 [INFO] ========== ZT回测完成 | trades=0 | fill_rate=35% | 0.0s ==========
2026-08-03 23:20:23,402 [WARNING]   无任何交易产生！
2026-08-03 23:20:23,402 [INFO]   score=-1000.0 | 月复利=0.0% | 笔数=0 胜率=0.0% DD=0.0% | lev=1.00x | 0.0s
2026-08-03 23:20:23,402 [INFO] ========== ZT回测 2025-12-01→2026-07-31 | top=1 board=gem+star entry=open_t1 sample=300 ==========
2026-08-03 23:20:25,037 [INFO] HS300 regime 预计算: 365 天 (bull=203 bear=41 crash=62 unknown=59)
2026-08-03 23:20:25,038 [INFO]   进度 20/162 | trades=0 | skip=6 | 1.6s
2026-08-03 23:20:25,040 [INFO]   进度 40/162 | trades=0 | skip=8 | 1.6s
2026-08-03 23:20:25,041 [INFO]   进度 60/162 | trades=0 | skip=18 | 1.6s
2026-08-03 23:20:25,041 [INFO]   进度 80/162 | trades=0 | skip=36 | 1.6s
2026-08-03 23:20:25,041 [INFO]   进度 100/162 | trades=0 | skip=40 | 1.6s
2026-08-03 23:20:25,043 [INFO]   进度 120/162 | trades=0 | skip=43 | 1.6s
2026-08-03 23:20:25,043 [INFO]   进度 140/162 | trades=0 | skip=50 | 1.6s
2026-08-03 23:20:25,043 [INFO]   进度 160/162 | trades=0 | skip=69 | 1.6s
2026-08-03 23:20:25,043 [INFO] ========== ZT回测完成 | trades=0 | fill_rate=20% | 1.6s ==========
2026-08-03 23:20:25,043 [WARNING]   无任何交易产生！
2026-08-03 23:20:25,043 [INFO]   score=-1000.0 | 月复利=0.0% | 笔数=0 胜率=0.0% DD=0.0% | lev=1.75x | 1.6s
2026-08-03 23:20:25,043 [INFO] ========== ZT回测 2025-12-01→2026-07-31 | top=3 board=main entry=open_t1 sample=300 ==========
2026-08-03 23:20:26,578 [INFO] HS300 regime 预计算: 365 天 (bull=203 bear=41 crash=62 unknown=59)
2026-08-03 23:20:26,578 [INFO]   进度 20/162 | trades=0 | skip=6 | 1.5s
2026-08-03 23:20:26,579 [INFO]   进度 40/162 | trades=0 | skip=8 | 1.5s
2026-08-03 23:20:26,580 [INFO]   进度 60/162 | trades=0 | skip=18 | 1.5s
2026-08-03 23:20:26,580 [INFO]   进度 80/162 | trades=0 | skip=36 | 1.5s
2026-08-03 23:20:26,581 [INFO]   进度 100/162 | trades=0 | skip=40 | 1.5s
2026-08-03 23:20:26,582 [INFO]   进度 120/162 | trades=0 | skip=43 | 1.5s
2026-08-03 23:20:26,583 [INFO]   进度 140/162 | trades=0 | skip=50 | 1.5s
2026-08-03 23:20:26,583 [INFO]   进度 160/162 | trades=0 | skip=69 | 1.5s
2026-08-03 23:20:26,583 [INFO] ========== ZT回测完成 | trades=0 | fill_rate=100% | 1.5s ==========
2026-08-03 23:20:26,583 [WARNING]   无任何交易产生！
2026-08-03 23:20:26,583 [INFO]   score=-1000.0 | 月复利=0.0% | 笔数=0 胜率=0.0% DD=0.0% | lev=1.50x | 1.5s
2026-08-03 23:20:26,583 [INFO] ========== ZT回测 2025-12-01→2026-07-31 | top=3 board=main entry=close_t0 sample=300 ==========
2026-08-03 23:20:28,174 [INFO] HS300 regime 预计算: 365 天 (bull=203 bear=41 crash=62 unknown=59)
2026-08-03 23:20:28,174 [INFO]   进度 20/162 | trades=0 | skip=6 | 1.6s
2026-08-03 23:20:28,175 [INFO]   进度 40/162 | trades=0 | skip=8 | 1.6s
2026-08-03 23:20:28,175 [INFO]   进度 60/162 | trades=0 | skip=18 | 1.6s
2026-08-03 23:20:28,175 [INFO]   进度 80/162 | trades=0 | skip=36 | 1.6s
2026-08-03 23:20:28,175 [INFO]   进度 100/162 | trades=0 | skip=40 | 1.6s
2026-08-03 23:20:28,176 [INFO]   进度 120/162 | trades=0 | skip=43 | 1.6s
2026-08-03 23:20:28,176 [INFO]   进度 140/162 | trades=0 | skip=50 | 1.6s
2026-08-03 23:20:28,176 [INFO]   进度 160/162 | trades=0 | skip=69 | 1.6s
2026-08-03 23:20:28,176 [INFO] ========== ZT回测完成 | trades=0 | fill_rate=35% | 1.6s ==========
2026-08-03 23:20:28,176 [WARNING]   无任何交易产生！
2026-08-03 23:20:28,176 [INFO]   score=-1000.0 | 月复利=0.0% | 笔数=0 胜率=0.0% DD=0.0% | lev=2.00x | 1.6s
2026-08-03 23:20:28,176 [INFO] ========== ZT回测 2025-12-01→2026-07-31 | top=2 board=gem+star entry=close_t0 sample=300 ==========
2026-08-03 23:20:29,734 [INFO] HS300 regime 预计算: 365 天 (bull=203 bear=41 crash=62 unknown=59)
2026-08-03 23:20:29,734 [INFO]   进度 20/162 | trades=0 | skip=6 | 1.6s
2026-08-03 23:20:29,735 [INFO]   进度 40/162 | trades=0 | skip=8 | 1.6s
2026-08-03 23:20:29,735 [INFO]   进度 60/162 | trades=0 | skip=18 | 1.6s
2026-08-03 23:20:29,735 [INFO]   进度 80/162 | trades=0 | skip=36 | 1.6s
2026-08-03 23:20:29,735 [INFO]   进度 100/162 | trades=0 | skip=40 | 1.6s
2026-08-03 23:20:29,736 [INFO]   进度 120/162 | trades=0 | skip=43 | 1.6s
2026-08-03 23:20:29,736 [INFO]   进度 140/162 | trades=0 | skip=50 | 1.6s
2026-08-03 23:20:29,736 [INFO]   进度 160/162 | trades=0 | skip=69 | 1.6s
2026-08-03 23:20:29,736 [INFO] ========== ZT回测完成 | trades=0 | fill_rate=100% | 1.6s ==========
2026-08-03 23:20:29,736 [WARNING]   无任何交易产生！
2026-08-03 23:20:29,736 [INFO]   score=-1000.0 | 月复利=0.0% | 笔数=0 胜率=0.0% DD=0.0% | lev=1.25x | 1.6s
2026-08-03 23:20:29,736 [INFO] ========== ZT回测 2025-12-01→2026-07-31 | top=5 board=main entry=close_t0 sample=300 ==========
2026-08-03 23:20:31,243 [INFO] HS300 regime 预计算: 365 天 (bull=203 bear=41 crash=62 unknown=59)
2026-08-03 23:20:31,297 [INFO]   进度 20/162 | trades=49 | skip=6 | 1.6s
2026-08-03 23:20:31,353 [INFO]   进度 40/162 | trades=124 | skip=8 | 1.6s
2026-08-03 23:20:31,387 [INFO]   进度 60/162 | trades=164 | skip=18 | 1.7s
2026-08-03 23:20:31,394 [INFO]   进度 80/162 | trades=171 | skip=36 | 1.7s
2026-08-03 23:20:31,437 [INFO]   进度 100/162 | trades=222 | skip=40 | 1.7s
2026-08-03 23:20:31,487 [INFO]   进度 120/162 | trades=289 | skip=43 | 1.8s
2026-08-03 23:20:31,525 [INFO]   进度 140/162 | trades=330 | skip=50 | 1.8s
2026-08-03 23:20:31,527 [INFO]   进度 160/162 | trades=335 | skip=69 | 1.8s
2026-08-03 23:20:31,527 [INFO] ========== ZT回测完成 | trades=335 | fill_rate=50% | 1.8s ==========
2026-08-03 23:20:31,660 [INFO]   笔数=335 | 胜率=85.7% | 平均=1.92% | 日均=600.92% | 总收益=53481.8% | 最大回撤=-10.1%
2026-08-03 23:20:31,660 [INFO]   [best      ] n=335 胜率=86.0% 平均=4.20% 累计=78257083.8%
2026-08-03 23:20:31,660 [INFO]   [close_t1  ] n=335 胜率=56.7% 平均=0.24% 累计=89.1%
2026-08-03 23:20:31,660 [INFO]   [close_t2  ] n=335 胜率=51.6% 平均=0.93% 累计=1229.3%
2026-08-03 23:20:31,660 [INFO]   [close_t3  ] n=335 胜率=52.8% 平均=1.38% 累计=4051.2%
2026-08-03 23:20:31,660 [INFO]   [gap_t1    ] n=335 胜率=59.7% 平均=0.69% 累计=800.4%
2026-08-03 23:20:31,660 [INFO]   [open_t2   ] n=335 胜率=50.1% 平均=0.91% 累计=1209.4%
2026-08-03 23:20:31,660 [INFO]   [stop_t1   ] n=109 胜率=0.0% 平均=-5.11% 累计=-99.7%
2026-08-03 23:20:31,660 [INFO]   [trail_t2  ] n=221 胜率=98.2% 平均=2.86% 累计=50147.5%
2026-08-03 23:20:31,660 [INFO]   score=8.8 | 月复利=5.5% | 笔数=335 胜率=85.7% DD=-0.4% | lev=1.25x | 1.9s
2026-08-03 23:20:31,660 [INFO] ========== ZT回测 2025-12-01→2026-07-31 | top=2 board=main entry=close_t0 sample=300 ==========
2026-08-03 23:20:33,166 [INFO] HS300 regime 预计算: 365 天 (bull=203 bear=41 crash=62 unknown=59)
2026-08-03 23:20:33,185 [INFO]   进度 20/162 | trades=26 | skip=6 | 1.5s
2026-08-03 23:20:33,212 [INFO]   进度 40/162 | trades=62 | skip=8 | 1.6s
2026-08-03 23:20:33,234 [INFO]   进度 60/162 | trades=82 | skip=18 | 1.6s
2026-08-03 23:20:33,237 [INFO]   进度 80/162 | trades=86 | skip=36 | 1.6s
2026-08-03 23:20:33,274 [INFO]   进度 100/162 | trades=118 | skip=40 | 1.6s
2026-08-03 23:20:33,317 [INFO]   进度 120/162 | trades=152 | skip=43 | 1.7s
2026-08-03 23:20:33,358 [INFO]   进度 140/162 | trades=178 | skip=50 | 1.7s
2026-08-03 23:20:33,359 [INFO]   进度 160/162 | trades=180 | skip=69 | 1.7s
2026-08-03 23:20:33,359 [INFO] ========== ZT回测完成 | trades=180 | fill_rate=50% | 1.7s ==========
2026-08-03 23:20:33,526 [INFO]   笔数=180 | 胜率=82.8% | 平均=1.31% | 日均=9.47% | 总收益=852.6% | 最大回撤=-15.9%
2026-08-03 23:20:33,526 [INFO]   [best      ] n=180 胜率=83.3% 平均=3.33% 累计=32479.2%
2026-08-03 23:20:33,526 [INFO]   [close_t1  ] n=180 胜率=46.1% 平均=-0.68% 累计=-73.6%
2026-08-03 23:20:33,526 [INFO]   [close_t2  ] n=180 胜率=42.2% 平均=-0.69% 累计=-77.2%
2026-08-03 23:20:33,526 [INFO]   [close_t3  ] n=180 胜率=41.7% 平均=-0.88% 累计=-85.7%
2026-08-03 23:20:33,526 [INFO]   [gap_t1    ] n=180 胜率=39.4% 平均=-0.53% 累计=-63.7%
2026-08-03 23:20:33,526 [INFO]   [open_t2   ] n=180 胜率=42.2% 平均=-0.73% 累计=-78.9%
2026-08-03 23:20:33,526 [INFO]   [stop_t1   ] n=45 胜率=0.0% 平均=-6.47% 累计=-95.1%
2026-08-03 23:20:33,526 [INFO]   [trail_t2  ] n=132 胜率=84.1% 平均=1.82% 累计=963.5%
2026-08-03 23:20:33,526 [INFO]   score=24.6 | 月复利=15.4% | 笔数=180 胜率=82.8% DD=-8.2% | lev=2.00x | 1.9s
2026-08-03 23:20:33,526 [INFO] ========== ZT回测 2025-12-01→2026-07-31 | top=5 board=gem+star entry=open_t1 sample=300 ==========
2026-08-03 23:20:35,060 [INFO] HS300 regime 预计算: 365 天 (bull=203 bear=41 crash=62 unknown=59)
2026-08-03 23:20:35,061 [INFO]   进度 20/162 | trades=0 | skip=6 | 1.5s
2026-08-03 23:20:35,061 [INFO]   进度 40/162 | trades=0 | skip=8 | 1.5s
2026-08-03 23:20:35,062 [INFO]   进度 60/162 | trades=0 | skip=18 | 1.5s
2026-08-03 23:20:35,062 [INFO]   进度 80/162 | trades=0 | skip=36 | 1.5s
2026-08-03 23:20:35,062 [INFO]   进度 100/162 | trades=0 | skip=40 | 1.5s
2026-08-03 23:20:35,065 [INFO]   进度 120/162 | trades=0 | skip=43 | 1.5s
2026-08-03 23:20:35,066 [INFO]   进度 140/162 | trades=0 | skip=50 | 1.5s
2026-08-03 23:20:35,066 [INFO]   进度 160/162 | trades=0 | skip=69 | 1.5s
2026-08-03 23:20:35,067 [INFO] ========== ZT回测完成 | trades=0 | fill_rate=20% | 1.5s ==========
2026-08-03 23:20:35,067 [WARNING]   无任何交易产生！
2026-08-03 23:20:35,067 [INFO]   score=-1000.0 | 月复利=0.0% | 笔数=0 胜率=0.0% DD=0.0% | lev=1.50x | 1.5s
2026-08-03 23:20:35,067 [INFO] ========== ZT回测 2025-12-01→2026-07-31 | top=1 board=main entry=close_t0 sample=300 ==========
2026-08-03 23:20:36,550 [INFO] HS300 regime 预计算: 365 天 (bull=203 bear=41 crash=62 unknown=59)
2026-08-03 23:20:36,551 [INFO]   进度 20/162 | trades=0 | skip=6 | 1.5s
2026-08-03 23:20:36,551 [INFO]   进度 40/162 | trades=0 | skip=8 | 1.5s
2026-08-03 23:20:36,551 [INFO]   进度 60/162 | trades=0 | skip=18 | 1.5s
2026-08-03 23:20:36,551 [INFO]   进度 80/162 | trades=0 | skip=36 | 1.5s
2026-08-03 23:20:36,552 [INFO]   进度 100/162 | trades=0 | skip=40 | 1.5s
2026-08-03 23:20:36,553 [INFO]   进度 120/162 | trades=0 | skip=43 | 1.5s
2026-08-03 23:20:36,553 [INFO]   进度 140/162 | trades=0 | skip=50 | 1.5s
2026-08-03 23:20:36,553 [INFO]   进度 160/162 | trades=0 | skip=69 | 1.5s
2026-08-03 23:20:36,553 [INFO] ========== ZT回测完成 | trades=0 | fill_rate=30% | 1.5s ==========
2026-08-03 23:20:36,553 [WARNING]   无任何交易产生！
2026-08-03 23:20:36,553 [INFO]   score=-1000.0 | 月复利=0.0% | 笔数=0 胜率=0.0% DD=0.0% | lev=1.25x | 1.5s
2026-08-03 23:20:36,553 [INFO] ========== ZT回测 2025-12-01→2026-07-31 | top=1 board=gem+star entry=open_t1 sample=300 ==========
2026-08-03 23:20:38,140 [INFO] HS300 regime 预计算: 365 天 (bull=203 bear=41 crash=62 unknown=59)
2026-08-03 23:20:38,140 [INFO]   进度 20/162 | trades=0 | skip=6 | 1.6s
2026-08-03 23:20:38,141 [INFO]   进度 40/162 | trades=0 | skip=8 | 1.6s
2026-08-03 23:20:38,141 [INFO]   进度 60/162 | trades=0 | skip=18 | 1.6s
2026-08-03 23:20:38,142 [INFO]   进度 80/162 | trades=0 | skip=36 | 1.6s
2026-08-03 23:20:38,142 [INFO]   进度 100/162 | trades=0 | skip=40 | 1.6s
2026-08-03 23:20:38,143 [INFO]   进度 120/162 | trades=0 | skip=43 | 1.6s
2026-08-03 23:20:38,143 [INFO]   进度 140/162 | trades=0 | skip=50 | 1.6s
2026-08-03 23:20:38,143 [INFO]   进度 160/162 | trades=0 | skip=69 | 1.6s
2026-08-03 23:20:38,143 [INFO] ========== ZT回测完成 | trades=0 | fill_rate=35% | 1.6s ==========
2026-08-03 23:20:38,143 [WARNING]   无任何交易产生！
2026-08-03 23:20:38,143 [INFO]   score=-1000.0 | 月复利=0.0% | 笔数=0 胜率=0.0% DD=0.0% | lev=1.50x | 1.6s
2026-08-03 23:20:38,144 [INFO] ========== ZT回测 2025-12-01→2026-07-31 | top=3 board=gem+star entry=close_t0 sample=300 ==========
2026-08-03 23:20:38,144 [INFO]   进度 20/162 | trades=0 | skip=0 | 0.0s
2026-08-03 23:20:38,144 [INFO]   进度 40/162 | trades=0 | skip=0 | 0.0s
2026-08-03 23:20:38,145 [INFO]   进度 60/162 | trades=0 | skip=0 | 0.0s
2026-08-03 23:20:38,145 [INFO]   进度 80/162 | trades=0 | skip=0 | 0.0s
2026-08-03 23:20:38,146 [INFO]   进度 100/162 | trades=0 | skip=0 | 0.0s
2026-08-03 23:20:38,147 [INFO]   进度 120/162 | trades=0 | skip=0 | 0.0s
2026-08-03 23:20:38,148 [INFO]   进度 140/162 | trades=0 | skip=0 | 0.0s
2026-08-03 23:20:38,148 [INFO]   进度 160/162 | trades=0 | skip=0 | 0.0s
2026-08-03 23:20:38,148 [INFO] ========== ZT回测完成 | trades=0 | fill_rate=100% | 0.0s ==========
2026-08-03 23:20:38,148 [WARNING]   无任何交易产生！
2026-08-03 23:20:38,149 [INFO]   score=-1000.0 | 月复利=0.0% | 笔数=0 胜率=0.0% DD=0.0% | lev=1.75x | 0.0s
2026-08-03 23:20:38,149 [INFO] ========== ZT回测 2025-12-01→2026-07-31 | top=3 board=main entry=open_t1 sample=300 ==========
2026-08-03 23:20:39,727 [INFO] HS300 regime 预计算: 365 天 (bull=203 bear=41 crash=62 unknown=59)
2026-08-03 23:20:39,728 [INFO]   进度 20/162 | trades=0 | skip=6 | 1.6s
2026-08-03 23:20:39,729 [INFO]   进度 40/162 | trades=0 | skip=8 | 1.6s
2026-08-03 23:20:39,729 [INFO]   进度 60/162 | trades=0 | skip=18 | 1.6s
2026-08-03 23:20:39,729 [INFO]   进度 80/162 | trades=0 | skip=36 | 1.6s
2026-08-03 23:20:39,731 [INFO]   进度 100/162 | trades=0 | skip=40 | 1.6s
2026-08-03 23:20:39,733 [INFO]   进度 120/162 | trades=0 | skip=43 | 1.6s
2026-08-03 23:20:39,735 [INFO]   进度 140/162 | trades=0 | skip=50 | 1.6s
2026-08-03 23:20:39,735 [INFO]   进度 160/162 | trades=0 | skip=69 | 1.6s
2026-08-03 23:20:39,735 [INFO] ========== ZT回测完成 | trades=0 | fill_rate=50% | 1.6s ==========
2026-08-03 23:20:39,736 [WARNING]   无任何交易产生！
2026-08-03 23:20:39,736 [INFO]   score=-1000.0 | 月复利=0.0% | 笔数=0 胜率=0.0% DD=0.0% | lev=2.00x | 1.6s
2026-08-03 23:20:39,736 [INFO] ========== ZT回测 2025-12-01→2026-07-31 | top=5 board=all entry=close_t0 sample=300 ==========
2026-08-03 23:20:41,212 [INFO] HS300 regime 预计算: 365 天 (bull=203 bear=41 crash=62 unknown=59)
2026-08-03 23:20:41,264 [INFO]   进度 20/162 | trades=65 | skip=6 | 1.5s
2026-08-03 23:20:41,327 [INFO]   进度 40/162 | trades=154 | skip=8 | 1.6s
2026-08-03 23:20:41,373 [INFO]   进度 60/162 | trades=204 | skip=18 | 1.6s
2026-08-03 23:20:41,386 [INFO]   进度 80/162 | trades=214 | skip=36 | 1.7s
2026-08-03 23:20:41,454 [INFO]   进度 100/162 | trades=294 | skip=40 | 1.7s
2026-08-03 23:20:41,522 [INFO]   进度 120/162 | trades=378 | skip=43 | 1.8s
2026-08-03 23:20:41,562 [INFO]   进度 140/162 | trades=443 | skip=50 | 1.8s
2026-08-03 23:20:41,565 [INFO]   进度 160/162 | trades=448 | skip=69 | 1.8s
2026-08-03 23:20:41,565 [INFO] ========== ZT回测完成 | trades=448 | fill_rate=30% | 1.8s ==========
2026-08-03 23:20:41,720 [INFO]   笔数=448 | 胜率=82.8% | 平均=0.95% | 日均=72.42% | 总收益=6517.5% | 最大回撤=-18.2%
2026-08-03 23:20:41,721 [INFO]   [best      ] n=448 胜率=85.9% 平均=2.29% 累计=2304457.5%
2026-08-03 23:20:41,721 [INFO]   [close_t1  ] n=448 胜率=51.8% 平均=-0.14% 累计=-51.5%
2026-08-03 23:20:41,721 [INFO]   [close_t2  ] n=448 胜率=46.0% 平均=-0.02% 累计=-29.5%
2026-08-03 23:20:41,721 [INFO]   [close_t3  ] n=447 胜率=45.4% 平均=-0.04% 累计=-43.6%
2026-08-03 23:20:41,721 [INFO]   [gap_t1    ] n=448 胜率=46.0% 平均=-0.09% 累计=-37.0%
2026-08-03 23:20:41,721 [INFO]   [open_t2   ] n=448 胜率=46.2% 平均=-0.00% 累计=-21.0%
2026-08-03 23:20:41,721 [INFO]   [stop_t1   ] n=27 胜率=0.0% 平均=-4.08% 累计=-67.5%
2026-08-03 23:20:41,721 [INFO]   [trail_t2  ] n=407 胜率=78.1% 平均=0.79% 累计=2280.7%
2026-08-03 23:20:41,721 [INFO]   score=5.3 | 月复利=3.5% | 笔数=448 胜率=82.8% DD=-1.2% | lev=1.75x | 2.0s
2026-08-03 23:20:41,721 [INFO] ========== ZT回测 2025-12-01→2026-07-31 | top=2 board=gem+star entry=open_t1 sample=300 ==========
2026-08-03 23:20:43,291 [INFO] HS300 regime 预计算: 365 天 (bull=203 bear=41 crash=62 unknown=59)
2026-08-03 23:20:43,291 [INFO]   进度 20/162 | trades=0 | skip=6 | 1.6s
2026-08-03 23:20:43,293 [INFO]   进度 40/162 | trades=0 | skip=8 | 1.6s
2026-08-03 23:20:43,293 [INFO]   进度 60/162 | trades=0 | skip=18 | 1.6s
2026-08-03 23:20:43,294 [INFO]   进度 80/162 | trades=0 | skip=36 | 1.6s
2026-08-03 23:20:43,294 [INFO]   进度 100/162 | trades=0 | skip=40 | 1.6s
2026-08-03 23:20:43,294 [INFO]   进度 120/162 | trades=0 | skip=43 | 1.6s
2026-08-03 23:20:43,295 [INFO]   进度 140/162 | trades=0 | skip=50 | 1.6s
2026-08-03 23:20:43,295 [INFO]   进度 160/162 | trades=0 | skip=69 | 1.6s
2026-08-03 23:20:43,295 [INFO] ========== ZT回测完成 | trades=0 | fill_rate=30% | 1.6s ==========
2026-08-03 23:20:43,295 [WARNING]   无任何交易产生！
2026-08-03 23:20:43,295 [INFO]   score=-1000.0 | 月复利=0.0% | 笔数=0 胜率=0.0% DD=0.0% | lev=1.00x | 1.6s
2026-08-03 23:20:43,295 [INFO] ========== ZT回测 2025-12-01→2026-07-31 | top=3 board=gem+star entry=close_t0 sample=300 ==========
2026-08-03 23:20:43,296 [INFO]   进度 20/162 | trades=0 | skip=0 | 0.0s
2026-08-03 23:20:43,298 [INFO]   进度 40/162 | trades=0 | skip=0 | 0.0s
2026-08-03 23:20:43,300 [INFO]   进度 60/162 | trades=0 | skip=0 | 0.0s
2026-08-03 23:20:43,301 [INFO]   进度 80/162 | trades=0 | skip=0 | 0.0s
2026-08-03 23:20:43,303 [INFO]   进度 100/162 | trades=0 | skip=0 | 0.0s
2026-08-03 23:20:43,305 [INFO]   进度 120/162 | trades=0 | skip=0 | 0.0s
2026-08-03 23:20:43,307 [INFO]   进度 140/162 | trades=0 | skip=0 | 0.0s
2026-08-03 23:20:43,309 [INFO]   进度 160/162 | trades=0 | skip=0 | 0.0s
2026-08-03 23:20:43,309 [INFO] ========== ZT回测完成 | trades=0 | fill_rate=50% | 0.0s ==========
2026-08-03 23:20:43,309 [WARNING]   无任何交易产生！
2026-08-03 23:20:43,309 [INFO]   score=-1000.0 | 月复利=0.0% | 笔数=0 胜率=0.0% DD=0.0% | lev=1.00x | 0.0s
2026-08-03 23:20:43,310 [INFO] ========== ZT回测 2025-12-01→2026-07-31 | top=2 board=all entry=close_t0 sample=300 ==========
2026-08-03 23:20:43,348 [INFO]   进度 20/162 | trades=38 | skip=0 | 0.0s
2026-08-03 23:20:43,385 [INFO]   进度 40/162 | trades=78 | skip=0 | 0.1s
2026-08-03 23:20:43,424 [INFO]   进度 60/162 | trades=118 | skip=0 | 0.1s
2026-08-03 23:20:43,451 [INFO]   进度 80/162 | trades=158 | skip=0 | 0.1s
2026-08-03 23:20:43,482 [INFO]   进度 100/162 | trades=198 | skip=0 | 0.2s
2026-08-03 23:20:43,514 [INFO]   进度 120/162 | trades=238 | skip=0 | 0.2s
2026-08-03 23:20:43,551 [INFO]   进度 140/162 | trades=278 | skip=0 | 0.2s
2026-08-03 23:20:43,587 [INFO]   进度 160/162 | trades=316 | skip=0 | 0.3s
2026-08-03 23:20:43,590 [INFO] ========== ZT回测完成 | trades=320 | fill_rate=50% | 0.3s ==========
2026-08-03 23:20:43,826 [INFO]   笔数=320 | 胜率=87.8% | 平均=2.10% | 日均=433.85% | 总收益=69850.2% | 最大回撤=-16.4%
2026-08-03 23:20:43,826 [INFO]   [best      ] n=320 胜率=87.8% 平均=4.85% 累计=304896494.9%
2026-08-03 23:20:43,826 [INFO]   [close_t1  ] n=320 胜率=63.8% 平均=0.51% 累计=317.8%
2026-08-03 23:20:43,827 [INFO]   [close_t2  ] n=318 胜率=56.0% 平均=1.29% 累计=3231.6%
2026-08-03 23:20:43,827 [INFO]   [close_t3  ] n=316 胜率=53.8% 平均=1.49% 累计=3889.6%
2026-08-03 23:20:43,827 [INFO]   [gap_t1    ] n=320 胜率=63.4% 平均=0.73% 累计=821.8%
2026-08-03 23:20:43,827 [INFO]   [open_t2   ] n=318 胜率=57.9% 平均=1.16% 累计=2225.1%
2026-08-03 23:20:43,827 [INFO]   [stop_t1   ] n=91 胜率=0.0% 平均=-5.92% 累计=-99.6%
2026-08-03 23:20:43,827 [INFO]   [trail_t2  ] n=227 胜率=99.1% 平均=2.96% 累计=74265.9%
2026-08-03 23:20:43,827 [INFO]   score=108.5 | 月复利=51.8% | 笔数=320 胜率=87.8% DD=-8.5% | lev=2.00x | 0.5s
2026-08-03 23:20:43,827 [INFO] ========== ZT回测 2025-12-01→2026-07-31 | top=1 board=gem+star entry=open_t1 sample=300 ==========
2026-08-03 23:20:45,402 [INFO] HS300 regime 预计算: 365 天 (bull=203 bear=41 crash=62 unknown=59)
2026-08-03 23:20:45,420 [INFO]   进度 20/162 | trades=13 | skip=6 | 1.6s
2026-08-03 23:20:45,443 [INFO]   进度 40/162 | trades=31 | skip=8 | 1.6s
2026-08-03 23:20:45,454 [INFO]   进度 60/162 | trades=40 | skip=18 | 1.6s
2026-08-03 23:20:45,458 [INFO]   进度 80/162 | trades=42 | skip=36 | 1.6s
2026-08-03 23:20:45,470 [INFO]   进度 100/162 | trades=55 | skip=40 | 1.6s
2026-08-03 23:20:45,497 [INFO]   进度 120/162 | trades=71 | skip=43 | 1.7s
2026-08-03 23:20:45,507 [INFO]   进度 140/162 | trades=82 | skip=50 | 1.7s
2026-08-03 23:20:45,508 [INFO]   进度 160/162 | trades=83 | skip=69 | 1.7s
2026-08-03 23:20:45,508 [INFO] ========== ZT回测完成 | trades=83 | fill_rate=20% | 1.7s ==========
2026-08-03 23:20:45,669 [INFO]   笔数=83 | 胜率=63.9% | 平均=0.09% | 日均=0.07% | 总收益=5.6% | 最大回撤=-14.8%
2026-08-03 23:20:45,669 [INFO]   [best      ] n=83 胜率=75.9% 平均=0.92% 累计=112.1%
2026-08-03 23:20:45,669 [INFO]   [close_t1  ] n=83 胜率=21.7% 平均=-0.75% 累计=-46.7%
2026-08-03 23:20:45,669 [INFO]   [close_t2  ] n=83 胜率=48.2% 平均=-0.42% 累计=-30.3%
2026-08-03 23:20:45,669 [INFO]   [close_t3  ] n=83 胜率=41.0% 平均=-0.26% 累计=-21.7%
2026-08-03 23:20:45,669 [INFO]   [gap_t1    ] n=83 胜率=0.0% 平均=0.00% 累计=0.0%
2026-08-03 23:20:45,669 [INFO]   [open_t2   ] n=83 胜率=42.2% 平均=-0.54% 累计=-37.1%
2026-08-03 23:20:45,669 [INFO]   [stop_t1   ] n=26 胜率=0.0% 平均=-2.47% 累计=-47.8%
2026-08-03 23:20:45,669 [INFO]   [trail_t2  ] n=48 胜率=97.9% 平均=1.50% 累计=104.0%
2026-08-03 23:20:45,670 [INFO]   score=0.9 | 月复利=0.9% | 笔数=83 胜率=63.9% DD=-18.3% | lev=1.25x | 1.8s
2026-08-03 23:20:45,670 [INFO] ========== ZT回测 2025-12-01→2026-07-31 | top=1 board=main entry=open_t1 sample=300 ==========
2026-08-03 23:20:45,670 [INFO]   进度 20/162 | trades=0 | skip=0 | 0.0s
2026-08-03 23:20:45,672 [INFO]   进度 40/162 | trades=0 | skip=0 | 0.0s
2026-08-03 23:20:45,674 [INFO]   进度 60/162 | trades=0 | skip=0 | 0.0s
2026-08-03 23:20:45,675 [INFO]   进度 80/162 | trades=0 | skip=0 | 0.0s
2026-08-03 23:20:45,676 [INFO]   进度 100/162 | trades=0 | skip=0 | 0.0s
2026-08-03 23:20:45,676 [INFO]   进度 120/162 | trades=0 | skip=0 | 0.0s
2026-08-03 23:20:45,677 [INFO]   进度 140/162 | trades=0 | skip=0 | 0.0s
2026-08-03 23:20:45,678 [INFO]   进度 160/162 | trades=0 | skip=0 | 0.0s
2026-08-03 23:20:45,679 [INFO] ========== ZT回测完成 | trades=0 | fill_rate=25% | 0.0s ==========
2026-08-03 23:20:45,679 [WARNING]   无任何交易产生！
2026-08-03 23:20:45,679 [INFO]   score=-1000.0 | 月复利=0.0% | 笔数=0 胜率=0.0% DD=0.0% | lev=1.75x | 0.0s
2026-08-03 23:20:45,680 [INFO] ========== ZT回测 2025-12-01→2026-07-31 | top=1 board=all entry=open_t1 sample=300 ==========
2026-08-03 23:20:45,680 [INFO]   进度 20/162 | trades=0 | skip=0 | 0.0s
2026-08-03 23:20:45,682 [INFO]   进度 40/162 | trades=0 | skip=0 | 0.0s
2026-08-03 23:20:45,683 [INFO]   进度 60/162 | trades=0 | skip=0 | 0.0s
2026-08-03 23:20:45,683 [INFO]   进度 80/162 | trades=0 | skip=0 | 0.0s
2026-08-03 23:20:45,684 [INFO]   进度 100/162 | trades=0 | skip=0 | 0.0s
2026-08-03 23:20:45,686 [INFO]   进度 120/162 | trades=0 | skip=0 | 0.0s
2026-08-03 23:20:45,687 [INFO]   进度 140/162 | trades=0 | skip=0 | 0.0s
2026-08-03 23:20:45,688 [INFO]   进度 160/162 | trades=0 | skip=0 | 0.0s
2026-08-03 23:20:45,688 [INFO] ========== ZT回测完成 | trades=0 | fill_rate=20% | 0.0s ==========
2026-08-03 23:20:45,688 [WARNING]   无任何交易产生！
2026-08-03 23:20:45,688 [INFO]   score=-1000.0 | 月复利=0.0% | 笔数=0 胜率=0.0% DD=0.0% | lev=1.00x | 0.0s
2026-08-03 23:20:45,688 [INFO] ========== ZT回测 2025-12-01→2026-07-31 | top=2 board=all entry=open_t1 sample=300 ==========
2026-08-03 23:20:47,184 [INFO] HS300 regime 预计算: 365 天 (bull=203 bear=41 crash=62 unknown=59)
2026-08-03 23:20:47,185 [INFO]   进度 20/162 | trades=0 | skip=6 | 1.5s
2026-08-03 23:20:47,185 [INFO]   进度 40/162 | trades=0 | skip=8 | 1.5s
2026-08-03 23:20:47,185 [INFO]   进度 60/162 | trades=0 | skip=18 | 1.5s
2026-08-03 23:20:47,185 [INFO]   进度 80/162 | trades=0 | skip=36 | 1.5s
2026-08-03 23:20:47,186 [INFO]   进度 100/162 | trades=0 | skip=40 | 1.5s
2026-08-03 23:20:47,186 [INFO]   进度 120/162 | trades=0 | skip=43 | 1.5s
2026-08-03 23:20:47,186 [INFO]   进度 140/162 | trades=0 | skip=50 | 1.5s
2026-08-03 23:20:47,186 [INFO]   进度 160/162 | trades=0 | skip=69 | 1.5s
2026-08-03 23:20:47,186 [INFO] ========== ZT回测完成 | trades=0 | fill_rate=50% | 1.5s ==========
2026-08-03 23:20:47,186 [WARNING]   无任何交易产生！
2026-08-03 23:20:47,186 [INFO]   score=-1000.0 | 月复利=0.0% | 笔数=0 胜率=0.0% DD=0.0% | lev=1.25x | 1.5s
2026-08-03 23:20:47,186 [INFO] ========== ZT回测 2025-12-01→2026-07-31 | top=1 board=main entry=close_t0 sample=300 ==========
2026-08-03 23:20:48,798 [INFO] HS300 regime 预计算: 365 天 (bull=203 bear=41 crash=62 unknown=59)
2026-08-03 23:20:48,798 [INFO]   进度 20/162 | trades=0 | skip=6 | 1.6s
2026-08-03 23:20:48,799 [INFO]   进度 40/162 | trades=0 | skip=8 | 1.6s
2026-08-03 23:20:48,799 [INFO]   进度 60/162 | trades=0 | skip=18 | 1.6s
2026-08-03 23:20:48,800 [INFO]   进度 80/162 | trades=0 | skip=36 | 1.6s
2026-08-03 23:20:48,800 [INFO]   进度 100/162 | trades=0 | skip=40 | 1.6s
2026-08-03 23:20:48,801 [INFO]   进度 120/162 | trades=0 | skip=43 | 1.6s
2026-08-03 23:20:48,801 [INFO]   进度 140/162 | trades=0 | skip=50 | 1.6s
2026-08-03 23:20:48,801 [INFO]   进度 160/162 | trades=0 | skip=69 | 1.6s
2026-08-03 23:20:48,801 [INFO] ========== ZT回测完成 | trades=0 | fill_rate=35% | 1.6s ==========
2026-08-03 23:20:48,801 [WARNING]   无任何交易产生！
2026-08-03 23:20:48,801 [INFO]   score=-1000.0 | 月复利=0.0% | 笔数=0 胜率=0.0% DD=0.0% | lev=1.50x | 1.6s
2026-08-03 23:20:48,801 [INFO] ========== ZT回测 2025-12-01→2026-07-31 | top=1 board=all entry=open_t1 sample=300 ==========
2026-08-03 23:20:48,826 [INFO]   进度 20/162 | trades=19 | skip=0 | 0.0s
2026-08-03 23:20:48,845 [INFO]   进度 40/162 | trades=39 | skip=0 | 0.0s
2026-08-03 23:20:48,867 [INFO]   进度 60/162 | trades=59 | skip=0 | 0.1s
2026-08-03 23:20:48,882 [INFO]   进度 80/162 | trades=79 | skip=0 | 0.1s
2026-08-03 23:20:48,894 [INFO]   进度 100/162 | trades=99 | skip=0 | 0.1s
2026-08-03 23:20:48,912 [INFO]   进度 120/162 | trades=119 | skip=0 | 0.1s
2026-08-03 23:20:48,931 [INFO]   进度 140/162 | trades=139 | skip=0 | 0.1s
2026-08-03 23:20:48,943 [INFO]   进度 160/162 | trades=158 | skip=0 | 0.1s
2026-08-03 23:20:48,944 [INFO] ========== ZT回测完成 | trades=160 | fill_rate=35% | 0.1s ==========
2026-08-03 23:20:49,172 [INFO]   笔数=160 | 胜率=65.6% | 平均=0.14% | 日均=0.08% | 总收益=12.2% | 最大回撤=-40.0%
2026-08-03 23:20:49,172 [INFO]   [best      ] n=160 胜率=76.2% 平均=1.60% 累计=1133.2%
2026-08-03 23:20:49,172 [INFO]   [close_t1  ] n=160 胜率=21.9% 平均=-1.30% 累计=-88.1%
2026-08-03 23:20:49,172 [INFO]   [close_t2  ] n=159 胜率=45.9% 平均=-0.77% 累计=-73.2%
2026-08-03 23:20:49,172 [INFO]   [close_t3  ] n=158 胜率=40.5% 平均=-0.64% 累计=-69.3%
2026-08-03 23:20:49,172 [INFO]   [gap_t1    ] n=160 胜率=0.0% 平均=0.00% 累计=0.0%
2026-08-03 23:20:49,172 [INFO]   [open_t2   ] n=159 胜率=43.4% 平均=-0.90% 累计=-78.0%
2026-08-03 23:20:49,172 [INFO]   [stop_t1   ] n=41 胜率=0.0% 平均=-4.83% 累计=-86.9%
2026-08-03 23:20:49,172 [INFO]   [trail_t2  ] n=100 胜率=83.0% 平均=1.79% 累计=478.8%
2026-08-03 23:20:49,173 [INFO]   score=1.4 | 月复利=4.5% | 笔数=160 胜率=65.6% DD=-62.4% | lev=1.75x | 0.4s
2026-08-03 23:20:49,173 [INFO] ========== ZT回测 2025-12-01→2026-07-31 | top=3 board=gem+star entry=close_t0 sample=300 ==========
2026-08-03 23:20:50,728 [INFO] HS300 regime 预计算: 365 天 (bull=203 bear=41 crash=62 unknown=59)
2026-08-03 23:20:50,728 [INFO]   进度 20/162 | trades=0 | skip=6 | 1.6s
2026-08-03 23:20:50,728 [INFO]   进度 40/162 | trades=0 | skip=8 | 1.6s
2026-08-03 23:20:50,729 [INFO]   进度 60/162 | trades=0 | skip=18 | 1.6s
2026-08-03 23:20:50,729 [INFO]   进度 80/162 | trades=0 | skip=36 | 1.6s
2026-08-03 23:20:50,729 [INFO]   进度 100/162 | trades=0 | skip=40 | 1.6s
2026-08-03 23:20:50,730 [INFO]   进度 120/162 | trades=0 | skip=43 | 1.6s
2026-08-03 23:20:50,731 [INFO]   进度 140/162 | trades=0 | skip=50 | 1.6s
2026-08-03 23:20:50,731 [INFO]   进度 160/162 | trades=0 | skip=69 | 1.6s
2026-08-03 23:20:50,731 [INFO] ========== ZT回测完成 | trades=0 | fill_rate=30% | 1.6s ==========
2026-08-03 23:20:50,731 [WARNING]   无任何交易产生！
2026-08-03 23:20:50,731 [INFO]   score=-1000.0 | 月复利=0.0% | 笔数=0 胜率=0.0% DD=0.0% | lev=2.00x | 1.6s
2026-08-03 23:20:50,732 [INFO] ========== ZT回测 2025-12-01→2026-07-31 | top=2 board=gem+star entry=open_t1 sample=300 ==========
2026-08-03 23:20:52,294 [INFO] HS300 regime 预计算: 365 天 (bull=203 bear=41 crash=62 unknown=59)
2026-08-03 23:20:52,294 [INFO]   进度 20/162 | trades=0 | skip=6 | 1.6s
2026-08-03 23:20:52,295 [INFO]   进度 40/162 | trades=0 | skip=8 | 1.6s
2026-08-03 23:20:52,295 [INFO]   进度 60/162 | trades=0 | skip=18 | 1.6s
2026-08-03 23:20:52,295 [INFO]   进度 80/162 | trades=0 | skip=36 | 1.6s
2026-08-03 23:20:52,295 [INFO]   进度 100/162 | trades=0 | skip=40 | 1.6s
2026-08-03 23:20:52,295 [INFO]   进度 120/162 | trades=0 | skip=43 | 1.6s
2026-08-03 23:20:52,296 [INFO]   进度 140/162 | trades=0 | skip=50 | 1.6s
2026-08-03 23:20:52,296 [INFO]   进度 160/162 | trades=0 | skip=69 | 1.6s
2026-08-03 23:20:52,296 [INFO] ========== ZT回测完成 | trades=0 | fill_rate=20% | 1.6s ==========
2026-08-03 23:20:52,296 [WARNING]   无任何交易产生！
2026-08-03 23:20:52,296 [INFO]   score=-1000.0 | 月复利=0.0% | 笔数=0 胜率=0.0% DD=0.0% | lev=1.50x | 1.6s
2026-08-03 23:20:52,296 [INFO] ========== ZT回测 2025-12-01→2026-07-31 | top=5 board=all entry=open_t1 sample=300 ==========
2026-08-03 23:20:52,297 [INFO]   进度 20/162 | trades=0 | skip=0 | 0.0s
2026-08-03 23:20:52,298 [INFO]   进度 40/162 | trades=0 | skip=0 | 0.0s
2026-08-03 23:20:52,299 [INFO]   进度 60/162 | trades=0 | skip=0 | 0.0s
2026-08-03 23:20:52,299 [INFO]   进度 80/162 | trades=0 | skip=0 | 0.0s
2026-08-03 23:20:52,300 [INFO]   进度 100/162 | trades=0 | skip=0 | 0.0s
2026-08-03 23:20:52,302 [INFO]   进度 120/162 | trades=0 | skip=0 | 0.0s
2026-08-03 23:20:52,303 [INFO]   进度 140/162 | trades=0 | skip=0 | 0.0s
2026-08-03 23:20:52,305 [INFO]   进度 160/162 | trades=0 | skip=0 | 0.0s
2026-08-03 23:20:52,306 [INFO] ========== ZT回测完成 | trades=0 | fill_rate=20% | 0.0s ==========
2026-08-03 23:20:52,306 [WARNING]   无任何交易产生！
2026-08-03 23:20:52,306 [INFO]   score=-1000.0 | 月复利=0.0% | 笔数=0 胜率=0.0% DD=0.0% | lev=1.25x | 0.0s
2026-08-03 23:20:52,306 [INFO] ========== ZT回测 2025-12-01→2026-07-31 | top=3 board=main entry=open_t1 sample=300 ==========
2026-08-03 23:20:53,785 [INFO] HS300 regime 预计算: 365 天 (bull=203 bear=41 crash=62 unknown=59)
2026-08-03 23:20:53,786 [INFO]   进度 20/162 | trades=0 | skip=6 | 1.5s
2026-08-03 23:20:53,787 [INFO]   进度 40/162 | trades=0 | skip=8 | 1.5s
2026-08-03 23:20:53,789 [INFO]   进度 60/162 | trades=0 | skip=18 | 1.5s
2026-08-03 23:20:53,789 [INFO]   进度 80/162 | trades=0 | skip=36 | 1.5s
2026-08-03 23:20:53,789 [INFO]   进度 100/162 | trades=0 | skip=40 | 1.5s
2026-08-03 23:20:53,791 [INFO]   进度 120/162 | trades=0 | skip=43 | 1.5s
2026-08-03 23:20:53,792 [INFO]   进度 140/162 | trades=0 | skip=50 | 1.5s
2026-08-03 23:20:53,792 [INFO]   进度 160/162 | trades=0 | skip=69 | 1.5s
2026-08-03 23:20:53,792 [INFO] ========== ZT回测完成 | trades=0 | fill_rate=25% | 1.5s ==========
2026-08-03 23:20:53,793 [WARNING]   无任何交易产生！
2026-08-03 23:20:53,793 [INFO]   score=-1000.0 | 月复利=0.0% | 笔数=0 胜率=0.0% DD=0.0% | lev=1.25x | 1.5s
2026-08-03 23:20:53,793 [INFO] ========== ZT回测 2025-12-01→2026-07-31 | top=1 board=gem+star entry=close_t0 sample=300 ==========
2026-08-03 23:20:55,418 [INFO] HS300 regime 预计算: 365 天 (bull=203 bear=41 crash=62 unknown=59)
2026-08-03 23:20:55,419 [INFO]   进度 20/162 | trades=0 | skip=6 | 1.6s
2026-08-03 23:20:55,420 [INFO]   进度 40/162 | trades=0 | skip=8 | 1.6s
2026-08-03 23:20:55,420 [INFO]   进度 60/162 | trades=0 | skip=18 | 1.6s
2026-08-03 23:20:55,421 [INFO]   进度 80/162 | trades=0 | skip=36 | 1.6s
2026-08-03 23:20:55,422 [INFO]   进度 100/162 | trades=0 | skip=40 | 1.6s
2026-08-03 23:20:55,422 [INFO]   进度 120/162 | trades=0 | skip=43 | 1.6s
2026-08-03 23:20:55,423 [INFO]   进度 140/162 | trades=0 | skip=50 | 1.6s
2026-08-03 23:20:55,424 [INFO]   进度 160/162 | trades=0 | skip=69 | 1.6s
2026-08-03 23:20:55,424 [INFO] ========== ZT回测完成 | trades=0 | fill_rate=20% | 1.6s ==========
2026-08-03 23:20:55,424 [WARNING]   无任何交易产生！
2026-08-03 23:20:55,424 [INFO]   score=-1000.0 | 月复利=0.0% | 笔数=0 胜率=0.0% DD=0.0% | lev=1.75x | 1.6s
2026-08-03 23:20:55,424 [INFO] ========== ZT回测 2025-12-01→2026-07-31 | top=5 board=all entry=open_t1 sample=300 ==========
2026-08-03 23:20:57,018 [INFO] HS300 regime 预计算: 365 天 (bull=203 bear=41 crash=62 unknown=59)
2026-08-03 23:20:57,084 [INFO]   进度 20/162 | trades=65 | skip=6 | 1.7s
2026-08-03 23:20:57,150 [INFO]   进度 40/162 | trades=154 | skip=8 | 1.7s
2026-08-03 23:20:57,195 [INFO]   进度 60/162 | trades=204 | skip=18 | 1.8s
2026-08-03 23:20:57,212 [INFO]   进度 80/162 | trades=214 | skip=36 | 1.8s
2026-08-03 23:20:57,320 [INFO]   进度 100/162 | trades=294 | skip=40 | 1.9s
2026-08-03 23:20:57,434 [INFO]   进度 120/162 | trades=378 | skip=43 | 2.0s
2026-08-03 23:20:57,515 [INFO]   进度 140/162 | trades=443 | skip=50 | 2.1s
2026-08-03 23:20:57,522 [INFO]   进度 160/162 | trades=448 | skip=69 | 2.1s
2026-08-03 23:20:57,522 [INFO] ========== ZT回测完成 | trades=448 | fill_rate=35% | 2.1s ==========
2026-08-03 23:20:57,703 [INFO]   笔数=448 | 胜率=57.1% | 平均=0.08% | 日均=0.09% | 总收益=7.8% | 最大回撤=-53.8%
2026-08-03 23:20:57,703 [INFO]   [best      ] n=448 胜率=72.8% 平均=1.47% 累计=61481.4%
2026-08-03 23:20:57,703 [INFO]   [close_t1  ] n=448 胜率=25.0% 平均=-1.27% 累计=-99.7%
2026-08-03 23:20:57,703 [INFO]   [close_t2  ] n=448 胜率=35.5% 平均=-1.17% 累计=-99.6%
2026-08-03 23:20:57,703 [INFO]   [close_t3  ] n=447 胜率=34.9% 平均=-1.20% 累计=-99.7%
2026-08-03 23:20:57,703 [INFO]   [gap_t1    ] n=448 胜率=0.0% 平均=0.00% 累计=0.0%
2026-08-03 23:20:57,703 [INFO]   [open_t2   ] n=448 胜率=36.2% 平均=-1.15% 累计=-99.5%
2026-08-03 23:20:57,703 [INFO]   [stop_t1   ] n=254 胜率=0.0% 平均=-3.77% 累计=-100.0%
2026-08-03 23:20:57,703 [INFO]   [trail_t2  ] n=188 胜率=85.1% 平均=2.67% 累计=13444.7%
2026-08-03 23:20:57,703 [INFO]   score=0.0 | 月复利=0.0% | 笔数=448 胜率=57.1% DD=-3.5% | lev=1.50x | 2.3s
2026-08-03 23:20:57,703 [INFO] ========== ZT回测 2025-12-01→2026-07-31 | top=3 board=gem+star entry=close_t0 sample=300 ==========
2026-08-03 23:20:57,705 [INFO]   进度 20/162 | trades=0 | skip=0 | 0.0s
2026-08-03 23:20:57,706 [INFO]   进度 40/162 | trades=0 | skip=0 | 0.0s
2026-08-03 23:20:57,708 [INFO]   进度 60/162 | trades=0 | skip=0 | 0.0s
2026-08-03 23:20:57,709 [INFO]   进度 80/162 | trades=0 | skip=0 | 0.0s
2026-08-03 23:20:57,711 [INFO]   进度 100/162 | trades=0 | skip=0 | 0.0s
2026-08-03 23:20:57,713 [INFO]   进度 120/162 | trades=0 | skip=0 | 0.0s
2026-08-03 23:20:57,715 [INFO]   进度 140/162 | trades=0 | skip=0 | 0.0s
2026-08-03 23:20:57,716 [INFO]   进度 160/162 | trades=0 | skip=0 | 0.0s
2026-08-03 23:20:57,716 [INFO] ========== ZT回测完成 | trades=0 | fill_rate=100% | 0.0s ==========
2026-08-03 23:20:57,716 [WARNING]   无任何交易产生！
2026-08-03 23:20:57,716 [INFO]   score=-1000.0 | 月复利=0.0% | 笔数=0 胜率=0.0% DD=0.0% | lev=1.75x | 0.0s
2026-08-03 23:20:57,717 [INFO] ========== ZT回测 2025-12-01→2026-07-31 | top=1 board=gem+star entry=open_t1 sample=300 ==========
2026-08-03 23:20:59,389 [INFO] HS300 regime 预计算: 365 天 (bull=203 bear=41 crash=62 unknown=59)
2026-08-03 23:20:59,390 [INFO]   进度 20/162 | trades=0 | skip=6 | 1.7s
2026-08-03 23:20:59,390 [INFO]   进度 40/162 | trades=0 | skip=8 | 1.7s
2026-08-03 23:20:59,390 [INFO]   进度 60/162 | trades=0 | skip=18 | 1.7s
2026-08-03 23:20:59,390 [INFO]   进度 80/162 | trades=0 | skip=36 | 1.7s
2026-08-03 23:20:59,391 [INFO]   进度 100/162 | trades=0 | skip=40 | 1.7s
2026-08-03 23:20:59,391 [INFO]   进度 120/162 | trades=0 | skip=43 | 1.7s
2026-08-03 23:20:59,392 [INFO]   进度 140/162 | trades=0 | skip=50 | 1.7s
2026-08-03 23:20:59,393 [INFO]   进度 160/162 | trades=0 | skip=69 | 1.7s
2026-08-03 23:20:59,393 [INFO] ========== ZT回测完成 | trades=0 | fill_rate=30% | 1.7s ==========
2026-08-03 23:20:59,393 [WARNING]   无任何交易产生！
2026-08-03 23:20:59,393 [INFO]   score=-1000.0 | 月复利=0.0% | 笔数=0 胜率=0.0% DD=0.0% | lev=1.75x | 1.7s
2026-08-03 23:20:59,393 [INFO] ========== ZT回测 2025-12-01→2026-07-31 | top=2 board=all entry=close_t0 sample=300 ==========
2026-08-03 23:21:01,275 [INFO] HS300 regime 预计算: 365 天 (bull=203 bear=41 crash=62 unknown=59)
2026-08-03 23:21:01,276 [INFO]   进度 20/162 | trades=0 | skip=6 | 1.9s
2026-08-03 23:21:01,277 [INFO]   进度 40/162 | trades=0 | skip=8 | 1.9s
2026-08-03 23:21:01,277 [INFO]   进度 60/162 | trades=0 | skip=18 | 1.9s
2026-08-03 23:21:01,277 [INFO]   进度 80/162 | trades=0 | skip=36 | 1.9s
2026-08-03 23:21:01,279 [INFO]   进度 100/162 | trades=0 | skip=40 | 1.9s
2026-08-03 23:21:01,281 [INFO]   进度 120/162 | trades=0 | skip=43 | 1.9s
2026-08-03 23:21:01,281 [INFO]   进度 140/162 | trades=0 | skip=50 | 1.9s
2026-08-03 23:21:01,282 [INFO]   进度 160/162 | trades=0 | skip=69 | 1.9s
2026-08-03 23:21:01,282 [INFO] ========== ZT回测完成 | trades=0 | fill_rate=20% | 1.9s ==========
2026-08-03 23:21:01,282 [WARNING]   无任何交易产生！
2026-08-03 23:21:01,282 [INFO]   score=-1000.0 | 月复利=0.0% | 笔数=0 胜率=0.0% DD=0.0% | lev=1.75x | 1.9s
2026-08-03 23:21:01,282 [INFO] ========== ZT回测 2025-12-01→2026-07-31 | top=1 board=all entry=close_t0 sample=300 ==========
2026-08-03 23:21:01,283 [INFO]   进度 20/162 | trades=0 | skip=0 | 0.0s
2026-08-03 23:21:01,285 [INFO]   进度 40/162 | trades=0 | skip=0 | 0.0s
2026-08-03 23:21:01,286 [INFO]   进度 60/162 | trades=0 | skip=0 | 0.0s
2026-08-03 23:21:01,287 [INFO]   进度 80/162 | trades=0 | skip=0 | 0.0s
2026-08-03 23:21:01,288 [INFO]   进度 100/162 | trades=0 | skip=0 | 0.0s
2026-08-03 23:21:01,290 [INFO]   进度 120/162 | trades=0 | skip=0 | 0.0s
2026-08-03 23:21:01,293 [INFO]   进度 140/162 | trades=0 | skip=0 | 0.0s
2026-08-03 23:21:01,298 [INFO]   进度 160/162 | trades=0 | skip=0 | 0.0s
2026-08-03 23:21:01,298 [INFO] ========== ZT回测完成 | trades=0 | fill_rate=40% | 0.0s ==========
2026-08-03 23:21:01,298 [WARNING]   无任何交易产生！
2026-08-03 23:21:01,298 [INFO]   score=-1000.0 | 月复利=0.0% | 笔数=0 胜率=0.0% DD=0.0% | lev=1.00x | 0.0s
2026-08-03 23:21:01,298 [INFO] ========== ZT回测 2025-12-01→2026-07-31 | top=5 board=main entry=close_t0 sample=300 ==========
2026-08-03 23:21:01,422 [INFO]   进度 20/162 | trades=76 | skip=0 | 0.1s
2026-08-03 23:21:01,476 [INFO]   进度 40/162 | trades=161 | skip=0 | 0.2s
2026-08-03 23:21:01,545 [INFO]   进度 60/162 | trades=227 | skip=0 | 0.2s
2026-08-03 23:21:01,605 [INFO]   进度 80/162 | trades=277 | skip=0 | 0.3s
2026-08-03 23:21:01,645 [INFO]   进度 100/162 | trades=314 | skip=0 | 0.3s
2026-08-03 23:21:01,703 [INFO]   进度 120/162 | trades=374 | skip=0 | 0.4s
2026-08-03 23:21:01,747 [INFO]   进度 140/162 | trades=430 | skip=0 | 0.4s
2026-08-03 23:21:01,790 [INFO]   进度 160/162 | trades=470 | skip=0 | 0.5s
2026-08-03 23:21:01,792 [INFO] ========== ZT回测完成 | trades=475 | fill_rate=50% | 0.5s ==========
2026-08-03 23:21:01,983 [INFO]   笔数=475 | 胜率=88.4% | 平均=2.05% | 日均=8553.69% | 总收益=1291607.1% | 最大回撤=-24.8%
2026-08-03 23:21:01,983 [INFO]   [best      ] n=475 胜率=88.8% 平均=5.02% 累计=925986463978.2%
2026-08-03 23:21:01,983 [INFO]   [close_t1  ] n=475 胜率=65.7% 平均=0.56% 累计=939.2%
2026-08-03 23:21:01,983 [INFO]   [close_t2  ] n=472 胜率=57.4% 平均=1.54% 累计=56243.5%
2026-08-03 23:21:01,983 [INFO]   [close_t3  ] n=469 胜率=55.9% 平均=1.85% 累计=121683.0%
2026-08-03 23:21:01,983 [INFO]   [gap_t1    ] n=475 胜率=64.4% 平均=0.85% 累计=4687.4%
2026-08-03 23:21:01,983 [INFO]   [open_t2   ] n=472 胜率=60.0% 平均=1.36% 累计=26574.6%
2026-08-03 23:21:01,983 [INFO]   [stop_t1   ] n=23 胜率=0.0% 平均=-6.81% 累计=-80.2%
2026-08-03 23:21:01,983 [INFO]   [trail_t2  ] n=432 胜率=90.7% 平均=2.13% 累计=878239.5%
2026-08-03 23:21:01,983 [INFO]   score=24.9 | 月复利=14.3% | 笔数=475 胜率=88.4% DD=-4.3% | lev=1.75x | 0.7s
2026-08-03 23:21:01,984 [INFO] ========== ZT回测 2025-12-01→2026-07-31 | top=5 board=gem+star entry=open_t1 sample=300 ==========
2026-08-03 23:21:03,683 [INFO] HS300 regime 预计算: 365 天 (bull=203 bear=41 crash=62 unknown=59)
2026-08-03 23:21:03,683 [INFO]   进度 20/162 | trades=0 | skip=6 | 1.7s
2026-08-03 23:21:03,684 [INFO]   进度 40/162 | trades=0 | skip=8 | 1.7s
2026-08-03 23:21:03,685 [INFO]   进度 60/162 | trades=0 | skip=18 | 1.7s
2026-08-03 23:21:03,686 [INFO]   进度 80/162 | trades=0 | skip=36 | 1.7s
2026-08-03 23:21:03,686 [INFO]   进度 100/162 | trades=0 | skip=40 | 1.7s
2026-08-03 23:21:03,687 [INFO]   进度 120/162 | trades=0 | skip=43 | 1.7s
2026-08-03 23:21:03,689 [INFO]   进度 140/162 | trades=0 | skip=50 | 1.7s
2026-08-03 23:21:03,689 [INFO]   进度 160/162 | trades=0 | skip=69 | 1.7s
2026-08-03 23:21:03,689 [INFO] ========== ZT回测完成 | trades=0 | fill_rate=40% | 1.7s ==========
2026-08-03 23:21:03,689 [WARNING]   无任何交易产生！
2026-08-03 23:21:03,690 [INFO]   score=-1000.0 | 月复利=0.0% | 笔数=0 胜率=0.0% DD=0.0% | lev=2.00x | 1.7s
2026-08-03 23:21:03,690 [INFO] ========== ZT回测 2025-12-01→2026-07-31 | top=2 board=all entry=open_t1 sample=300 ==========
2026-08-03 23:21:03,691 [INFO]   进度 20/162 | trades=0 | skip=0 | 0.0s
2026-08-03 23:21:03,692 [INFO]   进度 40/162 | trades=0 | skip=0 | 0.0s
2026-08-03 23:21:03,694 [INFO]   进度 60/162 | trades=0 | skip=0 | 0.0s
2026-08-03 23:21:03,695 [INFO]   进度 80/162 | trades=0 | skip=0 | 0.0s
2026-08-03 23:21:03,697 [INFO]   进度 100/162 | trades=0 | skip=0 | 0.0s
2026-08-03 23:21:03,698 [INFO]   进度 120/162 | trades=0 | skip=0 | 0.0s
2026-08-03 23:21:03,699 [INFO]   进度 140/162 | trades=0 | skip=0 | 0.0s
2026-08-03 23:21:03,700 [INFO]   进度 160/162 | trades=0 | skip=0 | 0.0s
2026-08-03 23:21:03,700 [INFO] ========== ZT回测完成 | trades=0 | fill_rate=20% | 0.0s ==========
2026-08-03 23:21:03,700 [WARNING]   无任何交易产生！
2026-08-03 23:21:03,700 [INFO]   score=-1000.0 | 月复利=0.0% | 笔数=0 胜率=0.0% DD=0.0% | lev=1.25x | 0.0s
2026-08-03 23:21:03,700 [INFO] ========== ZT回测 2025-12-01→2026-07-31 | top=3 board=all entry=open_t1 sample=300 ==========
2026-08-03 23:21:03,765 [INFO]   进度 20/162 | trades=57 | skip=0 | 0.1s
2026-08-03 23:21:03,869 [INFO]   进度 40/162 | trades=117 | skip=0 | 0.2s
2026-08-03 23:21:03,956 [INFO]   进度 60/162 | trades=177 | skip=0 | 0.3s
2026-08-03 23:21:04,009 [INFO]   进度 80/162 | trades=237 | skip=0 | 0.3s
2026-08-03 23:21:04,074 [INFO]   进度 100/162 | trades=297 | skip=0 | 0.4s
2026-08-03 23:21:04,139 [INFO]   进度 120/162 | trades=357 | skip=0 | 0.4s
2026-08-03 23:21:04,207 [INFO]   进度 140/162 | trades=417 | skip=0 | 0.5s
2026-08-03 23:21:04,273 [INFO]   进度 160/162 | trades=477 | skip=0 | 0.6s
2026-08-03 23:21:04,281 [INFO] ========== ZT回测完成 | trades=483 | fill_rate=100% | 0.6s ==========
2026-08-03 23:21:04,572 [INFO]   笔数=483 | 胜率=58.6% | 平均=-0.51% | 日均=-0.62% | 总收益=-99.6% | 最大回撤=-99.8%
2026-08-03 23:21:04,572 [INFO]   [best      ] n=483 胜率=74.3% 平均=4.40% 累计=51806243685.9%
2026-08-03 23:21:04,572 [INFO]   [close_t1  ] n=483 胜率=24.8% 平均=-3.64% 累计=-100.0%
2026-08-03 23:21:04,572 [INFO]   [close_t2  ] n=479 胜率=37.6% 平均=-3.38% 累计=-100.0%
2026-08-03 23:21:04,572 [INFO]   [close_t3  ] n=476 胜率=33.2% 平均=-3.73% 累计=-100.0%
2026-08-03 23:21:04,572 [INFO]   [gap_t1    ] n=483 胜率=0.0% 平均=0.00% 累计=0.0%
2026-08-03 23:21:04,572 [INFO]   [open_t2   ] n=479 胜率=36.1% 平均=-3.42% 累计=-100.0%
2026-08-03 23:21:04,572 [INFO]   [stop_t1   ] n=64 胜率=0.0% 平均=-16.44% 累计=-100.0%
2026-08-03 23:21:04,572 [INFO]   [trail_t2  ] n=361 胜率=74.8% 平均=4.14% 累计=92879984.3%
2026-08-03 23:21:04,572 [INFO]   score=-1.9 | 月复利=-6.9% | 笔数=483 胜率=58.6% DD=-56.6% | lev=1.75x | 0.9s
2026-08-03 23:21:04,573 [INFO] ========== ZT回测 2025-12-01→2026-07-31 | top=3 board=main entry=close_t0 sample=300 ==========
2026-08-03 23:21:04,573 [INFO]   进度 20/162 | trades=0 | skip=0 | 0.0s
2026-08-03 23:21:04,574 [INFO]   进度 40/162 | trades=0 | skip=0 | 0.0s
2026-08-03 23:21:04,575 [INFO]   进度 60/162 | trades=0 | skip=0 | 0.0s
2026-08-03 23:21:04,576 [INFO]   进度 80/162 | trades=0 | skip=0 | 0.0s
2026-08-03 23:21:04,576 [INFO]   进度 100/162 | trades=0 | skip=0 | 0.0s
2026-08-03 23:21:04,577 [INFO]   进度 120/162 | trades=0 | skip=0 | 0.0s
2026-08-03 23:21:04,577 [INFO]   进度 140/162 | trades=0 | skip=0 | 0.0s
2026-08-03 23:21:04,578 [INFO]   进度 160/162 | trades=0 | skip=0 | 0.0s
2026-08-03 23:21:04,578 [INFO] ========== ZT回测完成 | trades=0 | fill_rate=30% | 0.0s ==========
2026-08-03 23:21:04,578 [WARNING]   无任何交易产生！
2026-08-03 23:21:04,578 [INFO]   score=-1000.0 | 月复利=0.0% | 笔数=0 胜率=0.0% DD=0.0% | lev=1.25x | 0.0s
2026-08-03 23:21:04,578 [INFO] ========== ZT回测 2025-12-01→2026-07-31 | top=1 board=gem+star entry=open_t1 sample=300 ==========
2026-08-03 23:21:04,580 [INFO]   进度 20/162 | trades=0 | skip=0 | 0.0s
2026-08-03 23:21:04,581 [INFO]   进度 40/162 | trades=0 | skip=0 | 0.0s
2026-08-03 23:21:04,581 [INFO]   进度 60/162 | trades=0 | skip=0 | 0.0s
2026-08-03 23:21:04,582 [INFO]   进度 80/162 | trades=0 | skip=0 | 0.0s
2026-08-03 23:21:04,584 [INFO]   进度 100/162 | trades=0 | skip=0 | 0.0s
2026-08-03 23:21:04,585 [INFO]   进度 120/162 | trades=0 | skip=0 | 0.0s
2026-08-03 23:21:04,587 [INFO]   进度 140/162 | trades=0 | skip=0 | 0.0s
2026-08-03 23:21:04,589 [INFO]   进度 160/162 | trades=0 | skip=0 | 0.0s
2026-08-03 23:21:04,589 [INFO] ========== ZT回测完成 | trades=0 | fill_rate=35% | 0.0s ==========
2026-08-03 23:21:04,590 [WARNING]   无任何交易产生！
2026-08-03 23:21:04,590 [INFO]   score=-1000.0 | 月复利=0.0% | 笔数=0 胜率=0.0% DD=0.0% | lev=1.25x | 0.0s
2026-08-03 23:21:04,590 [INFO] ========== ZT回测 2025-12-01→2026-07-31 | top=5 board=gem+star entry=open_t1 sample=300 ==========
2026-08-03 23:21:04,590 [INFO]   进度 20/162 | trades=0 | skip=0 | 0.0s
2026-08-03 23:21:04,591 [INFO]   进度 40/162 | trades=0 | skip=0 | 0.0s
2026-08-03 23:21:04,593 [INFO]   进度 60/162 | trades=0 | skip=0 | 0.0s
2026-08-03 23:21:04,594 [INFO]   进度 80/162 | trades=0 | skip=0 | 0.0s
2026-08-03 23:21:04,594 [INFO]   进度 100/162 | trades=0 | skip=0 | 0.0s
2026-08-03 23:21:04,596 [INFO]   进度 120/162 | trades=0 | skip=0 | 0.0s
2026-08-03 23:21:04,598 [INFO]   进度 140/162 | trades=0 | skip=0 | 0.0s
2026-08-03 23:21:04,600 [INFO]   进度 160/162 | trades=0 | skip=0 | 0.0s
2026-08-03 23:21:04,600 [INFO] ========== ZT回测完成 | trades=0 | fill_rate=50% | 0.0s ==========
2026-08-03 23:21:04,600 [WARNING]   无任何交易产生！
2026-08-03 23:21:04,600 [INFO]   score=-1000.0 | 月复利=0.0% | 笔数=0 胜率=0.0% DD=0.0% | lev=1.25x | 0.0s
2026-08-03 23:21:04,601 [INFO] ========== ZT回测 2025-12-01→2026-07-31 | top=1 board=gem+star entry=open_t1 sample=300 ==========
2026-08-03 23:21:04,602 [INFO]   进度 20/162 | trades=0 | skip=0 | 0.0s
2026-08-03 23:21:04,603 [INFO]   进度 40/162 | trades=0 | skip=0 | 0.0s
2026-08-03 23:21:04,605 [INFO]   进度 60/162 | trades=0 | skip=0 | 0.0s
2026-08-03 23:21:04,606 [INFO]   进度 80/162 | trades=0 | skip=0 | 0.0s
2026-08-03 23:21:04,607 [INFO]   进度 100/162 | trades=0 | skip=0 | 0.0s
2026-08-03 23:21:04,608 [INFO]   进度 120/162 | trades=0 | skip=0 | 0.0s
2026-08-03 23:21:04,609 [INFO]   进度 140/162 | trades=0 | skip=0 | 0.0s
2026-08-03 23:21:04,610 [INFO]   进度 160/162 | trades=0 | skip=0 | 0.0s
2026-08-03 23:21:04,610 [INFO] ========== ZT回测完成 | trades=0 | fill_rate=35% | 0.0s ==========
2026-08-03 23:21:04,610 [WARNING]   无任何交易产生！
2026-08-03 23:21:04,610 [INFO]   score=-1000.0 | 月复利=0.0% | 笔数=0 胜率=0.0% DD=0.0% | lev=1.25x | 0.0s
2026-08-03 23:21:04,610 [INFO] ========== ZT回测 2025-12-01→2026-07-31 | top=1 board=main entry=close_t0 sample=300 ==========
2026-08-03 23:21:06,244 [INFO] HS300 regime 预计算: 365 天 (bull=203 bear=41 crash=62 unknown=59)
2026-08-03 23:21:06,245 [INFO]   进度 20/162 | trades=0 | skip=6 | 1.6s
2026-08-03 23:21:06,245 [INFO]   进度 40/162 | trades=0 | skip=8 | 1.6s
2026-08-03 23:21:06,246 [INFO]   进度 60/162 | trades=0 | skip=18 | 1.6s
2026-08-03 23:21:06,247 [INFO]   进度 80/162 | trades=0 | skip=36 | 1.6s
2026-08-03 23:21:06,247 [INFO]   进度 100/162 | trades=0 | skip=40 | 1.6s
2026-08-03 23:21:06,248 [INFO]   进度 120/162 | trades=0 | skip=43 | 1.6s
2026-08-03 23:21:06,249 [INFO]   进度 140/162 | trades=0 | skip=50 | 1.6s
2026-08-03 23:21:06,249 [INFO]   进度 160/162 | trades=0 | skip=69 | 1.6s
2026-08-03 23:21:06,249 [INFO] ========== ZT回测完成 | trades=0 | fill_rate=20% | 1.6s ==========
2026-08-03 23:21:06,249 [WARNING]   无任何交易产生！
2026-08-03 23:21:06,249 [INFO]   score=-1000.0 | 月复利=0.0% | 笔数=0 胜率=0.0% DD=0.0% | lev=1.75x | 1.6s
2026-08-03 23:21:06,249 [INFO] ========== ZT回测 2025-12-01→2026-07-31 | top=2 board=all entry=close_t0 sample=300 ==========
2026-08-03 23:21:06,250 [INFO]   进度 20/162 | trades=0 | skip=0 | 0.0s
2026-08-03 23:21:06,250 [INFO]   进度 40/162 | trades=0 | skip=0 | 0.0s
2026-08-03 23:21:06,251 [INFO]   进度 60/162 | trades=0 | skip=0 | 0.0s
2026-08-03 23:21:06,251 [INFO]   进度 80/162 | trades=0 | skip=0 | 0.0s
2026-08-03 23:21:06,252 [INFO]   进度 100/162 | trades=0 | skip=0 | 0.0s
2026-08-03 23:21:06,252 [INFO]   进度 120/162 | trades=0 | skip=0 | 0.0s
2026-08-03 23:21:06,252 [INFO]   进度 140/162 | trades=0 | skip=0 | 0.0s
2026-08-03 23:21:06,253 [INFO]   进度 160/162 | trades=0 | skip=0 | 0.0s
2026-08-03 23:21:06,255 [INFO] ========== ZT回测完成 | trades=0 | fill_rate=50% | 0.0s ==========
2026-08-03 23:21:06,255 [WARNING]   无任何交易产生！
2026-08-03 23:21:06,255 [INFO]   score=-1000.0 | 月复利=0.0% | 笔数=0 胜率=0.0% DD=0.0% | lev=1.50x | 0.0s
2026-08-03 23:21:06,255 [INFO] ========== ZT回测 2025-12-01→2026-07-31 | top=3 board=gem+star entry=open_t1 sample=300 ==========
2026-08-03 23:21:07,839 [INFO] HS300 regime 预计算: 365 天 (bull=203 bear=41 crash=62 unknown=59)
2026-08-03 23:21:07,839 [INFO]   进度 20/162 | trades=0 | skip=6 | 1.6s
2026-08-03 23:21:07,840 [INFO]   进度 40/162 | trades=0 | skip=8 | 1.6s
2026-08-03 23:21:07,840 [INFO]   进度 60/162 | trades=0 | skip=18 | 1.6s
2026-08-03 23:21:07,841 [INFO]   进度 80/162 | trades=0 | skip=36 | 1.6s
2026-08-03 23:21:07,842 [INFO]   进度 100/162 | trades=0 | skip=40 | 1.6s
2026-08-03 23:21:07,843 [INFO]   进度 120/162 | trades=0 | skip=43 | 1.6s
2026-08-03 23:21:07,844 [INFO]   进度 140/162 | trades=0 | skip=50 | 1.6s
2026-08-03 23:21:07,845 [INFO]   进度 160/162 | trades=0 | skip=69 | 1.6s
2026-08-03 23:21:07,845 [INFO] ========== ZT回测完成 | trades=0 | fill_rate=100% | 1.6s ==========
2026-08-03 23:21:07,845 [WARNING]   无任何交易产生！
2026-08-03 23:21:07,845 [INFO]   score=-1000.0 | 月复利=0.0% | 笔数=0 胜率=0.0% DD=0.0% | lev=1.00x | 1.6s
2026-08-03 23:21:07,845 [INFO] ========== ZT回测 2025-12-01→2026-07-31 | top=5 board=main entry=close_t0 sample=300 ==========
2026-08-03 23:21:07,931 [INFO]   进度 20/162 | trades=95 | skip=0 | 0.1s
2026-08-03 23:21:08,019 [INFO]   进度 40/162 | trades=195 | skip=0 | 0.2s
2026-08-03 23:21:08,107 [INFO]   进度 60/162 | trades=295 | skip=0 | 0.3s
2026-08-03 23:21:08,177 [INFO]   进度 80/162 | trades=395 | skip=0 | 0.3s
2026-08-03 23:21:08,260 [INFO]   进度 100/162 | trades=495 | skip=0 | 0.4s
2026-08-03 23:21:08,331 [INFO]   进度 120/162 | trades=595 | skip=0 | 0.5s
2026-08-03 23:21:08,422 [INFO]   进度 140/162 | trades=695 | skip=0 | 0.6s
2026-08-03 23:21:08,520 [INFO]   进度 160/162 | trades=795 | skip=0 | 0.7s
2026-08-03 23:21:08,527 [INFO] ========== ZT回测完成 | trades=805 | fill_rate=20% | 0.7s ==========
2026-08-03 23:21:08,774 [INFO]   笔数=805 | 胜率=79.0% | 平均=0.61% | 日均=79.40% | 总收益=12783.1% | 最大回撤=-10.2%
2026-08-03 23:21:08,774 [INFO]   [best      ] n=798 胜率=82.6% 平均=1.43% 累计=7520798.8%
2026-08-03 23:21:08,774 [INFO]   [close_t1  ] n=798 胜率=49.0% 平均=-0.19% 累计=-79.3%
2026-08-03 23:21:08,774 [INFO]   [close_t2  ] n=791 胜率=44.2% 平均=-0.09% 累计=-60.5%
2026-08-03 23:21:08,774 [INFO]   [close_t3  ] n=785 胜率=44.0% 平均=-0.15% 累计=-77.5%
2026-08-03 23:21:08,774 [INFO]   [gap_t1    ] n=798 胜率=41.4% 平均=-0.15% 累计=-71.1%
2026-08-03 23:21:08,774 [INFO]   [open_t2   ] n=791 胜率=43.2% 平均=-0.12% 累计=-67.7%
2026-08-03 23:21:08,774 [INFO]   [stop_t1   ] n=172 胜率=0.0% 平均=-2.58% 累计=-98.9%
2026-08-03 23:21:08,774 [INFO]   [trail_t2  ] n=600 胜率=86.2% 平均=0.67% 累计=5472.7%
2026-08-03 23:21:08,774 [INFO]   score=6.9 | 月复利=4.5% | 笔数=805 胜率=79.0% DD=-0.7% | lev=2.00x | 0.9s
2026-08-03 23:21:08,775 [INFO] ========== ZT回测 2025-12-01→2026-07-31 | top=5 board=gem+star entry=close_t0 sample=300 ==========
2026-08-03 23:21:10,341 [INFO] HS300 regime 预计算: 365 天 (bull=203 bear=41 crash=62 unknown=59)
2026-08-03 23:21:10,342 [INFO]   进度 20/162 | trades=0 | skip=6 | 1.6s
2026-08-03 23:21:10,343 [INFO]   进度 40/162 | trades=0 | skip=8 | 1.6s
2026-08-03 23:21:10,343 [INFO]   进度 60/162 | trades=0 | skip=18 | 1.6s
2026-08-03 23:21:10,344 [INFO]   进度 80/162 | trades=0 | skip=36 | 1.6s
2026-08-03 23:21:10,344 [INFO]   进度 100/162 | trades=0 | skip=40 | 1.6s
2026-08-03 23:21:10,345 [INFO]   进度 120/162 | trades=0 | skip=43 | 1.6s
2026-08-03 23:21:10,346 [INFO]   进度 140/162 | trades=0 | skip=50 | 1.6s
2026-08-03 23:21:10,346 [INFO]   进度 160/162 | trades=0 | skip=69 | 1.6s
2026-08-03 23:21:10,346 [INFO] ========== ZT回测完成 | trades=0 | fill_rate=100% | 1.6s ==========
2026-08-03 23:21:10,346 [WARNING]   无任何交易产生！
2026-08-03 23:21:10,346 [INFO]   score=-1000.0 | 月复利=0.0% | 笔数=0 胜率=0.0% DD=0.0% | lev=2.00x | 1.6s
2026-08-03 23:21:10,347 [INFO] ========== ZT回测 2025-12-01→2026-07-31 | top=5 board=all entry=open_t1 sample=300 ==========
2026-08-03 23:21:11,803 [INFO] HS300 regime 预计算: 365 天 (bull=203 bear=41 crash=62 unknown=59)
2026-08-03 23:21:11,804 [INFO]   进度 20/162 | trades=0 | skip=6 | 1.5s
2026-08-03 23:21:11,804 [INFO]   进度 40/162 | trades=0 | skip=8 | 1.5s
2026-08-03 23:21:11,806 [INFO]   进度 60/162 | trades=0 | skip=18 | 1.5s
2026-08-03 23:21:11,806 [INFO]   进度 80/162 | trades=0 | skip=36 | 1.5s
2026-08-03 23:21:11,807 [INFO]   进度 100/162 | trades=0 | skip=40 | 1.5s
2026-08-03 23:21:11,808 [INFO]   进度 120/162 | trades=0 | skip=43 | 1.5s
2026-08-03 23:21:11,808 [INFO]   进度 140/162 | trades=0 | skip=50 | 1.5s
2026-08-03 23:21:11,809 [INFO]   进度 160/162 | trades=0 | skip=69 | 1.5s
2026-08-03 23:21:11,809 [INFO] ========== ZT回测完成 | trades=0 | fill_rate=50% | 1.5s ==========
2026-08-03 23:21:11,809 [WARNING]   无任何交易产生！
2026-08-03 23:21:11,809 [INFO]   score=-1000.0 | 月复利=0.0% | 笔数=0 胜率=0.0% DD=0.0% | lev=2.00x | 1.5s
2026-08-03 23:21:11,809 [INFO] ========== ZT回测 2025-12-01→2026-07-31 | top=5 board=gem+star entry=open_t1 sample=300 ==========
2026-08-03 23:21:13,272 [INFO] HS300 regime 预计算: 365 天 (bull=203 bear=41 crash=62 unknown=59)
2026-08-03 23:21:13,274 [INFO]   进度 20/162 | trades=0 | skip=6 | 1.5s
2026-08-03 23:21:13,276 [INFO]   进度 40/162 | trades=0 | skip=8 | 1.5s
2026-08-03 23:21:13,276 [INFO]   进度 60/162 | trades=0 | skip=18 | 1.5s
2026-08-03 23:21:13,277 [INFO]   进度 80/162 | trades=0 | skip=36 | 1.5s
2026-08-03 23:21:13,278 [INFO]   进度 100/162 | trades=0 | skip=40 | 1.5s
2026-08-03 23:21:13,280 [INFO]   进度 120/162 | trades=0 | skip=43 | 1.5s
2026-08-03 23:21:13,281 [INFO]   进度 140/162 | trades=0 | skip=50 | 1.5s
2026-08-03 23:21:13,281 [INFO]   进度 160/162 | trades=0 | skip=69 | 1.5s
2026-08-03 23:21:13,282 [INFO] ========== ZT回测完成 | trades=0 | fill_rate=100% | 1.5s ==========
2026-08-03 23:21:13,282 [WARNING]   无任何交易产生！
2026-08-03 23:21:13,282 [INFO]   score=-1000.0 | 月复利=0.0% | 笔数=0 胜率=0.0% DD=0.0% | lev=2.00x | 1.5s
2026-08-03 23:21:13,282 [INFO] ========== ZT回测 2025-12-01→2026-07-31 | top=5 board=main entry=open_t1 sample=300 ==========
2026-08-03 23:21:13,366 [INFO]   进度 20/162 | trades=95 | skip=0 | 0.1s
2026-08-03 23:21:13,492 [INFO]   进度 40/162 | trades=195 | skip=0 | 0.2s
2026-08-03 23:21:13,616 [INFO]   进度 60/162 | trades=295 | skip=0 | 0.3s
2026-08-03 23:21:13,714 [INFO]   进度 80/162 | trades=395 | skip=0 | 0.4s
2026-08-03 23:21:13,798 [INFO]   进度 100/162 | trades=495 | skip=0 | 0.5s
2026-08-03 23:21:13,872 [INFO]   进度 120/162 | trades=595 | skip=0 | 0.6s
2026-08-03 23:21:13,959 [INFO]   进度 140/162 | trades=695 | skip=0 | 0.7s
2026-08-03 23:21:14,053 [INFO]   进度 160/162 | trades=786 | skip=0 | 0.8s
2026-08-03 23:21:14,057 [INFO] ========== ZT回测完成 | trades=794 | fill_rate=100% | 0.8s ==========
2026-08-03 23:21:14,508 [INFO]   笔数=794 | 胜率=43.7% | 平均=-1.67% | 日均=-0.62% | 总收益=-100.0% | 最大回撤=-100.0%
2026-08-03 23:21:14,509 [INFO]   [best      ] n=794 胜率=69.9% 平均=3.54% 累计=31356320425171.1%
2026-08-03 23:21:14,509 [INFO]   [close_t1  ] n=794 胜率=26.7% 平均=-3.42% 累计=-100.0%
2026-08-03 23:21:14,509 [INFO]   [close_t2  ] n=788 胜率=31.2% 平均=-3.58% 累计=-100.0%
2026-08-03 23:21:14,509 [INFO]   [close_t3  ] n=783 胜率=32.8% 平均=-3.86% 累计=-100.0%
2026-08-03 23:21:14,509 [INFO]   [gap_t1    ] n=794 胜率=0.0% 平均=0.00% 累计=0.0%
2026-08-03 23:21:14,509 [INFO]   [open_t2   ] n=788 胜率=26.1% 平均=-3.79% 累计=-100.0%
2026-08-03 23:21:14,509 [INFO]   [stop_t1   ] n=154 胜率=0.0% 平均=-13.13% 累计=-100.0%
2026-08-03 23:21:14,509 [INFO]   [trail_t2  ] n=530 胜率=57.7% 平均=2.07% 累计=1852364.4%
2026-08-03 23:21:14,509 [INFO]   score=-1.6 | 月复利=-11.3% | 笔数=794 胜率=43.7% DD=-61.9% | lev=1.75x | 1.2s
2026-08-03 23:21:14,510 [INFO] ========== ZT回测 2025-12-01→2026-07-31 | top=2 board=gem+star entry=close_t0 sample=300 ==========
2026-08-03 23:21:14,555 [INFO]   进度 20/162 | trades=38 | skip=0 | 0.0s
2026-08-03 23:21:14,587 [INFO]   进度 40/162 | trades=78 | skip=0 | 0.1s
2026-08-03 23:21:14,621 [INFO]   进度 60/162 | trades=116 | skip=0 | 0.1s
2026-08-03 23:21:14,648 [INFO]   进度 80/162 | trades=154 | skip=0 | 0.1s
2026-08-03 23:21:14,680 [INFO]   进度 100/162 | trades=194 | skip=0 | 0.2s
2026-08-03 23:21:14,723 [INFO]   进度 120/162 | trades=234 | skip=0 | 0.2s
2026-08-03 23:21:14,760 [INFO]   进度 140/162 | trades=274 | skip=0 | 0.3s
2026-08-03 23:21:14,787 [INFO]   进度 160/162 | trades=314 | skip=0 | 0.3s
2026-08-03 23:21:14,791 [INFO] ========== ZT回测完成 | trades=317 | fill_rate=50% | 0.3s ==========
2026-08-03 23:21:15,002 [INFO]   笔数=317 | 胜率=76.3% | 平均=1.17% | 日均=20.76% | 总收益=3322.1% | 最大回撤=-18.2%
2026-08-03 23:21:15,002 [INFO]   [best      ] n=316 胜率=85.1% 平均=3.28% 累计=2258396.4%
2026-08-03 23:21:15,002 [INFO]   [close_t1  ] n=316 胜率=43.7% 平均=-0.60% 累计=-87.3%
2026-08-03 23:21:15,002 [INFO]   [close_t2  ] n=315 胜率=40.3% 平均=-0.53% 累计=-87.2%
2026-08-03 23:21:15,002 [INFO]   [close_t3  ] n=313 胜率=39.6% 平均=-0.82% 累计=-95.8%
2026-08-03 23:21:15,002 [INFO]   [gap_t1    ] n=316 胜率=38.9% 平均=-0.51% 累计=-81.5%
2026-08-03 23:21:15,002 [INFO]   [open_t2   ] n=315 胜率=37.8% 平均=-0.59% 累计=-89.1%
2026-08-03 23:21:15,002 [INFO]   [stop_t1   ] n=50 胜率=0.0% 平均=-6.37% 累计=-96.3%
2026-08-03 23:21:15,002 [INFO]   [trail_t2  ] n=254 胜率=84.2% 平均=1.67% 累计=6354.3%
2026-08-03 23:21:15,002 [INFO]   score=33.4 | 月复利=19.0% | 笔数=317 胜率=76.3% DD=-7.0% | lev=1.50x | 0.5s
2026-08-03 23:21:15,002 [INFO] ========== ZT回测 2025-12-01→2026-07-31 | top=2 board=all entry=open_t1 sample=300 ==========
2026-08-03 23:21:15,003 [INFO]   进度 20/162 | trades=0 | skip=0 | 0.0s
2026-08-03 23:21:15,005 [INFO]   进度 40/162 | trades=0 | skip=0 | 0.0s
2026-08-03 23:21:15,006 [INFO]   进度 60/162 | trades=0 | skip=0 | 0.0s
2026-08-03 23:21:15,006 [INFO]   进度 80/162 | trades=0 | skip=0 | 0.0s
2026-08-03 23:21:15,007 [INFO]   进度 100/162 | trades=0 | skip=0 | 0.0s
2026-08-03 23:21:15,007 [INFO]   进度 120/162 | trades=0 | skip=0 | 0.0s
2026-08-03 23:21:15,008 [INFO]   进度 140/162 | trades=0 | skip=0 | 0.0s
2026-08-03 23:21:15,009 [INFO]   进度 160/162 | trades=0 | skip=0 | 0.0s
2026-08-03 23:21:15,009 [INFO] ========== ZT回测完成 | trades=0 | fill_rate=40% | 0.0s ==========
2026-08-03 23:21:15,009 [WARNING]   无任何交易产生！
2026-08-03 23:21:15,009 [INFO]   score=-1000.0 | 月复利=0.0% | 笔数=0 胜率=0.0% DD=0.0% | lev=1.50x | 0.0s
2026-08-03 23:21:15,009 [INFO] ========== ZT回测 2025-12-01→2026-07-31 | top=2 board=all entry=open_t1 sample=300 ==========
2026-08-03 23:21:16,805 [INFO] HS300 regime 预计算: 365 天 (bull=203 bear=41 crash=62 unknown=59)
2026-08-03 23:21:16,806 [INFO]   进度 20/162 | trades=0 | skip=6 | 1.8s
2026-08-03 23:21:16,807 [INFO]   进度 40/162 | trades=0 | skip=8 | 1.8s
2026-08-03 23:21:16,807 [INFO]   进度 60/162 | trades=0 | skip=18 | 1.8s
2026-08-03 23:21:16,807 [INFO]   进度 80/162 | trades=0 | skip=36 | 1.8s
2026-08-03 23:21:16,808 [INFO]   进度 100/162 | trades=0 | skip=40 | 1.8s
2026-08-03 23:21:16,808 [INFO]   进度 120/162 | trades=0 | skip=43 | 1.8s
2026-08-03 23:21:16,809 [INFO]   进度 140/162 | trades=0 | skip=50 | 1.8s
2026-08-03 23:21:16,809 [INFO]   进度 160/162 | trades=0 | skip=69 | 1.8s
2026-08-03 23:21:16,809 [INFO] ========== ZT回测完成 | trades=0 | fill_rate=50% | 1.8s ==========
2026-08-03 23:21:16,809 [WARNING]   无任何交易产生！
2026-08-03 23:21:16,809 [INFO]   score=-1000.0 | 月复利=0.0% | 笔数=0 胜率=0.0% DD=0.0% | lev=1.75x | 1.8s
2026-08-03 23:21:16,809 [INFO] ========== ZT回测 2025-12-01→2026-07-31 | top=1 board=gem+star entry=open_t1 sample=300 ==========
2026-08-03 23:21:18,333 [INFO] HS300 regime 预计算: 365 天 (bull=203 bear=41 crash=62 unknown=59)
2026-08-03 23:21:18,333 [INFO]   进度 20/162 | trades=0 | skip=6 | 1.5s
2026-08-03 23:21:18,334 [INFO]   进度 40/162 | trades=0 | skip=8 | 1.5s
2026-08-03 23:21:18,334 [INFO]   进度 60/162 | trades=0 | skip=18 | 1.5s
2026-08-03 23:21:18,335 [INFO]   进度 80/162 | trades=0 | skip=36 | 1.5s
2026-08-03 23:21:18,335 [INFO]   进度 100/162 | trades=0 | skip=40 | 1.5s
2026-08-03 23:21:18,336 [INFO]   进度 120/162 | trades=0 | skip=43 | 1.5s
2026-08-03 23:21:18,337 [INFO]   进度 140/162 | trades=0 | skip=50 | 1.5s
2026-08-03 23:21:18,338 [INFO]   进度 160/162 | trades=0 | skip=69 | 1.5s
2026-08-03 23:21:18,338 [INFO] ========== ZT回测完成 | trades=0 | fill_rate=20% | 1.5s ==========
2026-08-03 23:21:18,338 [WARNING]   无任何交易产生！
2026-08-03 23:21:18,338 [INFO]   score=-1000.0 | 月复利=0.0% | 笔数=0 胜率=0.0% DD=0.0% | lev=1.25x | 1.5s
2026-08-03 23:21:18,338 [INFO] ========== ZT回测 2025-12-01→2026-07-31 | top=1 board=gem+star entry=close_t0 sample=300 ==========
2026-08-03 23:21:19,815 [INFO] HS300 regime 预计算: 365 天 (bull=203 bear=41 crash=62 unknown=59)
2026-08-03 23:21:19,815 [INFO]   进度 20/162 | trades=0 | skip=6 | 1.5s
2026-08-03 23:21:19,816 [INFO]   进度 40/162 | trades=0 | skip=8 | 1.5s
2026-08-03 23:21:19,816 [INFO]   进度 60/162 | trades=0 | skip=18 | 1.5s
2026-08-03 23:21:19,816 [INFO]   进度 80/162 | trades=0 | skip=36 | 1.5s
2026-08-03 23:21:19,817 [INFO]   进度 100/162 | trades=0 | skip=40 | 1.5s
2026-08-03 23:21:19,817 [INFO]   进度 120/162 | trades=0 | skip=43 | 1.5s
2026-08-03 23:21:19,818 [INFO]   进度 140/162 | trades=0 | skip=50 | 1.5s
2026-08-03 23:21:19,818 [INFO]   进度 160/162 | trades=0 | skip=69 | 1.5s
2026-08-03 23:21:19,818 [INFO] ========== ZT回测完成 | trades=0 | fill_rate=20% | 1.5s ==========
2026-08-03 23:21:19,818 [WARNING]   无任何交易产生！
2026-08-03 23:21:19,818 [INFO]   score=-1000.0 | 月复利=0.0% | 笔数=0 胜率=0.0% DD=0.0% | lev=1.25x | 1.5s
2026-08-03 23:21:19,819 [INFO] ========== ZT回测 2025-12-01→2026-07-31 | top=3 board=gem+star entry=close_t0 sample=300 ==========
2026-08-03 23:21:21,421 [INFO] HS300 regime 预计算: 365 天 (bull=203 bear=41 crash=62 unknown=59)
2026-08-03 23:21:21,422 [INFO]   进度 20/162 | trades=0 | skip=6 | 1.6s
2026-08-03 23:21:21,423 [INFO]   进度 40/162 | trades=0 | skip=8 | 1.6s
2026-08-03 23:21:21,423 [INFO]   进度 60/162 | trades=0 | skip=18 | 1.6s
2026-08-03 23:21:21,423 [INFO]   进度 80/162 | trades=0 | skip=36 | 1.6s
2026-08-03 23:21:21,424 [INFO]   进度 100/162 | trades=0 | skip=40 | 1.6s
2026-08-03 23:21:21,425 [INFO]   进度 120/162 | trades=0 | skip=43 | 1.6s
2026-08-03 23:21:21,427 [INFO]   进度 140/162 | trades=0 | skip=50 | 1.6s
2026-08-03 23:21:21,427 [INFO]   进度 160/162 | trades=0 | skip=69 | 1.6s
2026-08-03 23:21:21,427 [INFO] ========== ZT回测完成 | trades=0 | fill_rate=30% | 1.6s ==========
2026-08-03 23:21:21,427 [WARNING]   无任何交易产生！
2026-08-03 23:21:21,427 [INFO]   score=-1000.0 | 月复利=0.0% | 笔数=0 胜率=0.0% DD=0.0% | lev=1.25x | 1.6s
2026-08-03 23:21:21,427 [INFO] ========== ZT回测 2025-12-01→2026-07-31 | top=3 board=gem+star entry=close_t0 sample=300 ==========
2026-08-03 23:21:22,988 [INFO] HS300 regime 预计算: 365 天 (bull=203 bear=41 crash=62 unknown=59)
2026-08-03 23:21:22,989 [INFO]   进度 20/162 | trades=0 | skip=6 | 1.6s
2026-08-03 23:21:22,990 [INFO]   进度 40/162 | trades=0 | skip=8 | 1.6s
2026-08-03 23:21:22,991 [INFO]   进度 60/162 | trades=0 | skip=18 | 1.6s
2026-08-03 23:21:22,991 [INFO]   进度 80/162 | trades=0 | skip=36 | 1.6s
2026-08-03 23:21:22,993 [INFO]   进度 100/162 | trades=0 | skip=40 | 1.6s
2026-08-03 23:21:22,994 [INFO]   进度 120/162 | trades=0 | skip=43 | 1.6s
2026-08-03 23:21:22,996 [INFO]   进度 140/162 | trades=0 | skip=50 | 1.6s
2026-08-03 23:21:22,996 [INFO]   进度 160/162 | trades=0 | skip=69 | 1.6s
2026-08-03 23:21:22,996 [INFO] ========== ZT回测完成 | trades=0 | fill_rate=25% | 1.6s ==========
2026-08-03 23:21:22,996 [WARNING]   无任何交易产生！
2026-08-03 23:21:22,996 [INFO]   score=-1000.0 | 月复利=0.0% | 笔数=0 胜率=0.0% DD=0.0% | lev=1.25x | 1.6s
2026-08-03 23:21:22,996 [INFO] ========== ZT回测 2025-12-01→2026-07-31 | top=1 board=main entry=close_t0 sample=300 ==========
2026-08-03 23:21:24,464 [INFO] HS300 regime 预计算: 365 天 (bull=203 bear=41 crash=62 unknown=59)
2026-08-03 23:21:24,465 [INFO]   进度 20/162 | trades=0 | skip=6 | 1.5s
2026-08-03 23:21:24,466 [INFO]   进度 40/162 | trades=0 | skip=8 | 1.5s
2026-08-03 23:21:24,466 [INFO]   进度 60/162 | trades=0 | skip=18 | 1.5s
2026-08-03 23:21:24,466 [INFO]   进度 80/162 | trades=0 | skip=36 | 1.5s
2026-08-03 23:21:24,467 [INFO]   进度 100/162 | trades=0 | skip=40 | 1.5s
2026-08-03 23:21:24,467 [INFO]   进度 120/162 | trades=0 | skip=43 | 1.5s
2026-08-03 23:21:24,467 [INFO]   进度 140/162 | trades=0 | skip=50 | 1.5s
2026-08-03 23:21:24,467 [INFO]   进度 160/162 | trades=0 | skip=69 | 1.5s
2026-08-03 23:21:24,467 [INFO] ========== ZT回测完成 | trades=0 | fill_rate=50% | 1.5s ==========
2026-08-03 23:21:24,467 [WARNING]   无任何交易产生！
2026-08-03 23:21:24,467 [INFO]   score=-1000.0 | 月复利=0.0% | 笔数=0 胜率=0.0% DD=0.0% | lev=1.50x | 1.5s
2026-08-03 23:21:24,468 [INFO] ========== ZT回测 2025-12-01→2026-07-31 | top=3 board=all entry=open_t1 sample=300 ==========
2026-08-03 23:21:24,468 [INFO]   进度 20/162 | trades=0 | skip=0 | 0.0s
2026-08-03 23:21:24,469 [INFO]   进度 40/162 | trades=0 | skip=0 | 0.0s
2026-08-03 23:21:24,469 [INFO]   进度 60/162 | trades=0 | skip=0 | 0.0s
2026-08-03 23:21:24,470 [INFO]   进度 80/162 | trades=0 | skip=0 | 0.0s
2026-08-03 23:21:24,471 [INFO]   进度 100/162 | trades=0 | skip=0 | 0.0s
2026-08-03 23:21:24,473 [INFO]   进度 120/162 | trades=0 | skip=0 | 0.0s
2026-08-03 23:21:24,475 [INFO]   进度 140/162 | trades=0 | skip=0 | 0.0s
2026-08-03 23:21:24,477 [INFO]   进度 160/162 | trades=0 | skip=0 | 0.0s
2026-08-03 23:21:24,477 [INFO] ========== ZT回测完成 | trades=0 | fill_rate=20% | 0.0s ==========
2026-08-03 23:21:24,477 [WARNING]   无任何交易产生！
2026-08-03 23:21:24,477 [INFO]   score=-1000.0 | 月复利=0.0% | 笔数=0 胜率=0.0% DD=0.0% | lev=2.00x | 0.0s
2026-08-03 23:21:24,478 [INFO] ========== ZT回测 2025-12-01→2026-07-31 | top=1 board=main entry=open_t1 sample=300 ==========
2026-08-03 23:21:24,479 [INFO]   进度 20/162 | trades=0 | skip=0 | 0.0s
2026-08-03 23:21:24,481 [INFO]   进度 40/162 | trades=0 | skip=0 | 0.0s
2026-08-03 23:21:24,482 [INFO]   进度 60/162 | trades=0 | skip=0 | 0.0s
2026-08-03 23:21:24,483 [INFO]   进度 80/162 | trades=0 | skip=0 | 0.0s
2026-08-03 23:21:24,483 [INFO]   进度 100/162 | trades=0 | skip=0 | 0.0s
2026-08-03 23:21:24,484 [INFO]   进度 120/162 | trades=0 | skip=0 | 0.0s
2026-08-03 23:21:24,485 [INFO]   进度 140/162 | trades=0 | skip=0 | 0.0s
2026-08-03 23:21:24,486 [INFO]   进度 160/162 | trades=0 | skip=0 | 0.0s
2026-08-03 23:21:24,486 [INFO] ========== ZT回测完成 | trades=0 | fill_rate=20% | 0.0s ==========
2026-08-03 23:21:24,486 [WARNING]   无任何交易产生！
2026-08-03 23:21:24,486 [INFO]   score=-1000.0 | 月复利=0.0% | 笔数=0 胜率=0.0% DD=0.0% | lev=2.00x | 0.0s
2026-08-03 23:21:24,486 [INFO] ========== ZT回测 2025-12-01→2026-07-31 | top=2 board=all entry=close_t0 sample=300 ==========
2026-08-03 23:21:24,520 [INFO]   进度 20/162 | trades=38 | skip=0 | 0.0s
2026-08-03 23:21:24,553 [INFO]   进度 40/162 | trades=78 | skip=0 | 0.1s
2026-08-03 23:21:24,593 [INFO]   进度 60/162 | trades=116 | skip=0 | 0.1s
2026-08-03 23:21:24,619 [INFO]   进度 80/162 | trades=154 | skip=0 | 0.1s
2026-08-03 23:21:24,655 [INFO]   进度 100/162 | trades=194 | skip=0 | 0.2s
2026-08-03 23:21:24,696 [INFO]   进度 120/162 | trades=234 | skip=0 | 0.2s
2026-08-03 23:21:24,734 [INFO]   进度 140/162 | trades=274 | skip=0 | 0.2s
2026-08-03 23:21:24,766 [INFO]   进度 160/162 | trades=314 | skip=0 | 0.3s
2026-08-03 23:21:24,767 [INFO] ========== ZT回测完成 | trades=317 | fill_rate=35% | 0.3s ==========
2026-08-03 23:21:24,989 [INFO]   笔数=317 | 胜率=81.4% | 平均=1.12% | 日均=19.98% | 总收益=3196.4% | 最大回撤=-6.2%
2026-08-03 23:21:24,989 [INFO]   [best      ] n=316 胜率=85.1% 平均=2.29% 累计=119406.7%
2026-08-03 23:21:24,989 [INFO]   [close_t1  ] n=316 胜率=43.7% 平均=-0.42% 累计=-75.5%
2026-08-03 23:21:24,989 [INFO]   [close_t2  ] n=315 胜率=40.3% 平均=-0.37% 累计=-74.2%
2026-08-03 23:21:24,989 [INFO]   [close_t3  ] n=313 胜率=39.6% 平均=-0.57% 累计=-87.7%
2026-08-03 23:21:24,990 [INFO]   [gap_t1    ] n=316 胜率=38.9% 平均=-0.35% 累计=-68.7%
2026-08-03 23:21:24,990 [INFO]   [open_t2   ] n=315 胜率=37.8% 平均=-0.41% 累计=-77.1%
2026-08-03 23:21:24,990 [INFO]   [stop_t1   ] n=50 胜率=0.0% 平均=-4.46% 累计=-89.8%
2026-08-03 23:21:24,990 [INFO]   [trail_t2  ] n=231 胜率=78.3% 平均=1.21% 累计=1444.2%
2026-08-03 23:21:24,990 [INFO]   score=19.0 | 月复利=11.9% | 笔数=317 胜率=81.4% DD=-1.5% | lev=1.00x | 0.5s
2026-08-03 23:21:24,990 [INFO] ========== ZT回测 2025-12-01→2026-07-31 | top=3 board=gem+star entry=close_t0 sample=300 ==========
2026-08-03 23:21:26,795 [INFO] HS300 regime 预计算: 365 天 (bull=203 bear=41 crash=62 unknown=59)
2026-08-03 23:21:26,824 [INFO]   进度 20/162 | trades=38 | skip=6 | 1.8s
2026-08-03 23:21:26,878 [INFO]   进度 40/162 | trades=91 | skip=8 | 1.9s
2026-08-03 23:21:26,905 [INFO]   进度 60/162 | trades=121 | skip=18 | 1.9s
2026-08-03 23:21:26,911 [INFO]   进度 80/162 | trades=127 | skip=36 | 1.9s
2026-08-03 23:21:26,939 [INFO]   进度 100/162 | trades=170 | skip=40 | 1.9s
2026-08-03 23:21:26,985 [INFO]   进度 120/162 | trades=220 | skip=43 | 2.0s
2026-08-03 23:21:27,025 [INFO]   进度 140/162 | trades=255 | skip=50 | 2.0s
2026-08-03 23:21:27,027 [INFO]   进度 160/162 | trades=258 | skip=69 | 2.0s
2026-08-03 23:21:27,027 [INFO] ========== ZT回测完成 | trades=258 | fill_rate=50% | 2.0s ==========
2026-08-03 23:21:27,180 [INFO]   笔数=258 | 胜率=86.8% | 平均=1.95% | 日均=146.48% | 总收益=13183.5% | 最大回撤=-14.9%
2026-08-03 23:21:27,180 [INFO]   [best      ] n=258 胜率=90.3% 平均=4.82% 累计=16136106.1%
2026-08-03 23:21:27,180 [INFO]   [close_t1  ] n=258 胜率=65.1% 平均=0.70% 累计=423.9%
2026-08-03 23:21:27,180 [INFO]   [close_t2  ] n=258 胜率=57.8% 平均=1.50% 累计=3018.0%
2026-08-03 23:21:27,181 [INFO]   [close_t3  ] n=258 胜率=57.4% 平均=2.03% 累计=8692.4%
2026-08-03 23:21:27,181 [INFO]   [gap_t1    ] n=258 胜率=62.4% 平均=0.79% 累计=608.7%
2026-08-03 23:21:27,181 [INFO]   [open_t2   ] n=258 胜率=57.4% 平均=1.42% 累计=2617.2%
2026-08-03 23:21:27,181 [INFO]   [stop_t1   ] n=32 胜率=0.0% 平均=-6.39% 累计=-87.9%
2026-08-03 23:21:27,181 [INFO]   [trail_t2  ] n=225 胜率=95.1% 平均=2.59% 累计=31128.7%
2026-08-03 23:21:27,181 [INFO]   score=21.6 | 月复利=13.6% | 笔数=258 胜率=86.8% DD=-1.8% | lev=1.75x | 2.2s
2026-08-03 23:21:27,181 [INFO] ========== ZT回测 2025-12-01→2026-07-31 | top=3 board=gem+star entry=open_t1 sample=300 ==========
2026-08-03 23:21:28,766 [INFO] HS300 regime 预计算: 365 天 (bull=203 bear=41 crash=62 unknown=59)
2026-08-03 23:21:28,767 [INFO]   进度 20/162 | trades=0 | skip=6 | 1.6s
2026-08-03 23:21:28,768 [INFO]   进度 40/162 | trades=0 | skip=8 | 1.6s
2026-08-03 23:21:28,768 [INFO]   进度 60/162 | trades=0 | skip=18 | 1.6s
2026-08-03 23:21:28,768 [INFO]   进度 80/162 | trades=0 | skip=36 | 1.6s
2026-08-03 23:21:28,769 [INFO]   进度 100/162 | trades=0 | skip=40 | 1.6s
2026-08-03 23:21:28,771 [INFO]   进度 120/162 | trades=0 | skip=43 | 1.6s
2026-08-03 23:21:28,773 [INFO]   进度 140/162 | trades=0 | skip=50 | 1.6s
2026-08-03 23:21:28,773 [INFO]   进度 160/162 | trades=0 | skip=69 | 1.6s
2026-08-03 23:21:28,773 [INFO] ========== ZT回测完成 | trades=0 | fill_rate=35% | 1.6s ==========
2026-08-03 23:21:28,773 [WARNING]   无任何交易产生！
2026-08-03 23:21:28,773 [INFO]   score=-1000.0 | 月复利=0.0% | 笔数=0 胜率=0.0% DD=0.0% | lev=1.25x | 1.6s
2026-08-03 23:21:28,773 [INFO] ========== ZT回测 2025-12-01→2026-07-31 | top=2 board=main entry=close_t0 sample=300 ==========
2026-08-03 23:21:28,775 [INFO]   进度 20/162 | trades=0 | skip=0 | 0.0s
2026-08-03 23:21:28,777 [INFO]   进度 40/162 | trades=0 | skip=0 | 0.0s
2026-08-03 23:21:28,777 [INFO]   进度 60/162 | trades=0 | skip=0 | 0.0s
2026-08-03 23:21:28,778 [INFO]   进度 80/162 | trades=0 | skip=0 | 0.0s
2026-08-03 23:21:28,781 [INFO]   进度 100/162 | trades=0 | skip=0 | 0.0s
2026-08-03 23:21:28,782 [INFO]   进度 120/162 | trades=0 | skip=0 | 0.0s
2026-08-03 23:21:28,783 [INFO]   进度 140/162 | trades=0 | skip=0 | 0.0s
2026-08-03 23:21:28,783 [INFO]   进度 160/162 | trades=0 | skip=0 | 0.0s
2026-08-03 23:21:28,784 [INFO] ========== ZT回测完成 | trades=0 | fill_rate=100% | 0.0s ==========
2026-08-03 23:21:28,784 [WARNING]   无任何交易产生！
2026-08-03 23:21:28,784 [INFO]   score=-1000.0 | 月复利=0.0% | 笔数=0 胜率=0.0% DD=0.0% | lev=1.75x | 0.0s
2026-08-03 23:21:28,784 [INFO] ========== ZT回测 2025-12-01→2026-07-31 | top=2 board=all entry=open_t1 sample=300 ==========
2026-08-03 23:21:30,266 [INFO] HS300 regime 预计算: 365 天 (bull=203 bear=41 crash=62 unknown=59)
2026-08-03 23:21:30,268 [INFO]   进度 20/162 | trades=0 | skip=6 | 1.5s
2026-08-03 23:21:30,269 [INFO]   进度 40/162 | trades=0 | skip=8 | 1.5s
2026-08-03 23:21:30,269 [INFO]   进度 60/162 | trades=0 | skip=18 | 1.5s
2026-08-03 23:21:30,269 [INFO]   进度 80/162 | trades=0 | skip=36 | 1.5s
2026-08-03 23:21:30,270 [INFO]   进度 100/162 | trades=0 | skip=40 | 1.5s
2026-08-03 23:21:30,271 [INFO]   进度 120/162 | trades=0 | skip=43 | 1.5s
2026-08-03 23:21:30,272 [INFO]   进度 140/162 | trades=0 | skip=50 | 1.5s
2026-08-03 23:21:30,272 [INFO]   进度 160/162 | trades=0 | skip=69 | 1.5s
2026-08-03 23:21:30,272 [INFO] ========== ZT回测完成 | trades=0 | fill_rate=20% | 1.5s ==========
2026-08-03 23:21:30,272 [WARNING]   无任何交易产生！
2026-08-03 23:21:30,272 [INFO]   score=-1000.0 | 月复利=0.0% | 笔数=0 胜率=0.0% DD=0.0% | lev=1.75x | 1.5s
2026-08-03 23:21:30,273 [INFO] ========== ZT回测 2025-12-01→2026-07-31 | top=2 board=main entry=open_t1 sample=300 ==========
2026-08-03 23:21:31,760 [INFO] HS300 regime 预计算: 365 天 (bull=203 bear=41 crash=62 unknown=59)
2026-08-03 23:21:31,761 [INFO]   进度 20/162 | trades=0 | skip=6 | 1.5s
2026-08-03 23:21:31,763 [INFO]   进度 40/162 | trades=0 | skip=8 | 1.5s
2026-08-03 23:21:31,763 [INFO]   进度 60/162 | trades=0 | skip=18 | 1.5s
2026-08-03 23:21:31,764 [INFO]   进度 80/162 | trades=0 | skip=36 | 1.5s
2026-08-03 23:21:31,764 [INFO]   进度 100/162 | trades=0 | skip=40 | 1.5s
2026-08-03 23:21:31,765 [INFO]   进度 120/162 | trades=0 | skip=43 | 1.5s
2026-08-03 23:21:31,766 [INFO]   进度 140/162 | trades=0 | skip=50 | 1.5s
2026-08-03 23:21:31,766 [INFO]   进度 160/162 | trades=0 | skip=69 | 1.5s
2026-08-03 23:21:31,766 [INFO] ========== ZT回测完成 | trades=0 | fill_rate=30% | 1.5s ==========
2026-08-03 23:21:31,766 [WARNING]   无任何交易产生！
2026-08-03 23:21:31,766 [INFO]   score=-1000.0 | 月复利=0.0% | 笔数=0 胜率=0.0% DD=0.0% | lev=2.00x | 1.5s
2026-08-03 23:21:31,766 [INFO] ========== ZT回测 2025-12-01→2026-07-31 | top=3 board=gem+star entry=open_t1 sample=300 ==========
2026-08-03 23:21:33,363 [INFO] HS300 regime 预计算: 365 天 (bull=203 bear=41 crash=62 unknown=59)
2026-08-03 23:21:33,401 [INFO]   进度 20/162 | trades=39 | skip=6 | 1.6s
2026-08-03 23:21:33,460 [INFO]   进度 40/162 | trades=93 | skip=8 | 1.7s
2026-08-03 23:21:33,480 [INFO]   进度 60/162 | trades=123 | skip=18 | 1.7s
2026-08-03 23:21:33,487 [INFO]   进度 80/162 | trades=129 | skip=36 | 1.7s
2026-08-03 23:21:33,527 [INFO]   进度 100/162 | trades=177 | skip=40 | 1.8s
2026-08-03 23:21:33,573 [INFO]   进度 120/162 | trades=228 | skip=43 | 1.8s
2026-08-03 23:21:33,609 [INFO]   进度 140/162 | trades=267 | skip=50 | 1.8s
2026-08-03 23:21:33,611 [INFO]   进度 160/162 | trades=270 | skip=69 | 1.8s
2026-08-03 23:21:33,611 [INFO] ========== ZT回测完成 | trades=270 | fill_rate=25% | 1.8s ==========
2026-08-03 23:21:33,781 [INFO]   笔数=270 | 胜率=52.6% | 平均=-0.40% | 日均=-0.77% | 总收益=-69.1% | 最大回撤=-71.8%
2026-08-03 23:21:33,781 [INFO]   [best      ] n=270 胜率=70.0% 平均=0.96% 累计=1184.7%
2026-08-03 23:21:33,781 [INFO]   [close_t1  ] n=270 胜率=26.3% 平均=-0.97% 累计=-93.0%
2026-08-03 23:21:33,781 [INFO]   [close_t2  ] n=270 胜率=30.0% 平均=-1.01% 累计=-94.1%
2026-08-03 23:21:33,781 [INFO]   [close_t3  ] n=270 胜率=31.1% 平均=-1.11% 累计=-95.6%
2026-08-03 23:21:33,781 [INFO]   [gap_t1    ] n=270 胜率=0.0% 平均=0.00% 累计=0.0%
2026-08-03 23:21:33,781 [INFO]   [open_t2   ] n=270 胜率=30.4% 平均=-1.02% 累计=-94.2%
2026-08-03 23:21:33,781 [INFO]   [stop_t1   ] n=119 胜率=0.0% 平均=-3.14% 累计=-97.8%
2026-08-03 23:21:33,781 [INFO]   [trail_t2  ] n=132 胜率=85.6% 平均=1.66% 累计=762.1%
2026-08-03 23:21:33,781 [INFO]   score=-1.6 | 月复利=-2.5% | 笔数=270 胜率=52.6% DD=-16.8% | lev=1.50x | 2.0s
2026-08-03 23:21:33,782 [INFO] ========== ZT回测 2025-12-01→2026-07-31 | top=1 board=main entry=close_t0 sample=300 ==========
2026-08-03 23:21:35,391 [INFO] HS300 regime 预计算: 365 天 (bull=203 bear=41 crash=62 unknown=59)
2026-08-03 23:21:35,402 [INFO]   进度 20/162 | trades=13 | skip=6 | 1.6s
2026-08-03 23:21:35,417 [INFO]   进度 40/162 | trades=31 | skip=8 | 1.6s
2026-08-03 23:21:35,431 [INFO]   进度 60/162 | trades=41 | skip=18 | 1.6s
2026-08-03 23:21:35,432 [INFO]   进度 80/162 | trades=43 | skip=36 | 1.6s
2026-08-03 23:21:35,442 [INFO]   进度 100/162 | trades=59 | skip=40 | 1.7s
2026-08-03 23:21:35,460 [INFO]   进度 120/162 | trades=76 | skip=43 | 1.7s
2026-08-03 23:21:35,484 [INFO]   进度 140/162 | trades=89 | skip=50 | 1.7s
2026-08-03 23:21:35,485 [INFO]   进度 160/162 | trades=90 | skip=69 | 1.7s
2026-08-03 23:21:35,486 [INFO] ========== ZT回测完成 | trades=90 | fill_rate=35% | 1.7s ==========
2026-08-03 23:21:35,676 [INFO]   笔数=90 | 胜率=87.8% | 平均=1.48% | 日均=3.00% | 总收益=269.7% | 最大回撤=-7.5%
2026-08-03 23:21:35,676 [INFO]   [best      ] n=90 胜率=87.8% 平均=3.45% 累计=1941.2%
2026-08-03 23:21:35,676 [INFO]   [close_t1  ] n=90 胜率=65.6% 平均=0.41% 累计=40.8%
2026-08-03 23:21:35,676 [INFO]   [close_t2  ] n=90 胜率=60.0% 平均=1.11% 累计=149.4%
2026-08-03 23:21:35,676 [INFO]   [close_t3  ] n=90 胜率=58.9% 平均=1.45% 累计=214.6%
2026-08-03 23:21:35,676 [INFO]   [gap_t1    ] n=90 胜率=64.4% 平均=0.45% 累计=46.9%
2026-08-03 23:21:35,676 [INFO]   [open_t2   ] n=90 胜率=62.2% 平均=0.87% 累计=102.4%
2026-08-03 23:21:35,676 [INFO]   [stop_t1   ] n=25 胜率=0.0% 平均=-4.14% 累计=-65.3%
2026-08-03 23:21:35,676 [INFO]   [trail_t2  ] n=63 胜率=100.0% 平均=1.98% 累计=242.7%
2026-08-03 23:21:35,676 [INFO]   score=49.8 | 月复利=28.6% | 笔数=90 胜率=87.8% DD=-11.2% | lev=1.50x | 1.9s
2026-08-03 23:21:35,676 [INFO] ========== ZT回测 2025-12-01→2026-07-31 | top=2 board=main entry=close_t0 sample=300 ==========
2026-08-03 23:21:37,288 [INFO] HS300 regime 预计算: 365 天 (bull=203 bear=41 crash=62 unknown=59)
2026-08-03 23:21:37,289 [INFO]   进度 20/162 | trades=0 | skip=6 | 1.6s
2026-08-03 23:21:37,291 [INFO]   进度 40/162 | trades=0 | skip=8 | 1.6s
2026-08-03 23:21:37,292 [INFO]   进度 60/162 | trades=0 | skip=18 | 1.6s
2026-08-03 23:21:37,292 [INFO]   进度 80/162 | trades=0 | skip=36 | 1.6s
2026-08-03 23:21:37,293 [INFO]   进度 100/162 | trades=0 | skip=40 | 1.6s
2026-08-03 23:21:37,295 [INFO]   进度 120/162 | trades=0 | skip=43 | 1.6s
2026-08-03 23:21:37,296 [INFO]   进度 140/162 | trades=0 | skip=50 | 1.6s
2026-08-03 23:21:37,297 [INFO]   进度 160/162 | trades=0 | skip=69 | 1.6s
2026-08-03 23:21:37,297 [INFO] ========== ZT回测完成 | trades=0 | fill_rate=50% | 1.6s ==========
2026-08-03 23:21:37,297 [WARNING]   无任何交易产生！
2026-08-03 23:21:37,297 [INFO]   score=-1000.0 | 月复利=0.0% | 笔数=0 胜率=0.0% DD=0.0% | lev=1.00x | 1.6s
2026-08-03 23:21:37,297 [INFO] ========== ZT回测 2025-12-01→2026-07-31 | top=1 board=gem+star entry=close_t0 sample=300 ==========
2026-08-03 23:21:38,827 [INFO] HS300 regime 预计算: 365 天 (bull=203 bear=41 crash=62 unknown=59)
2026-08-03 23:21:38,828 [INFO]   进度 20/162 | trades=0 | skip=6 | 1.5s
2026-08-03 23:21:38,829 [INFO]   进度 40/162 | trades=0 | skip=8 | 1.5s
2026-08-03 23:21:38,830 [INFO]   进度 60/162 | trades=0 | skip=18 | 1.5s
2026-08-03 23:21:38,830 [INFO]   进度 80/162 | trades=0 | skip=36 | 1.5s
2026-08-03 23:21:38,830 [INFO]   进度 100/162 | trades=0 | skip=40 | 1.5s
2026-08-03 23:21:38,831 [INFO]   进度 120/162 | trades=0 | skip=43 | 1.5s
2026-08-03 23:21:38,831 [INFO]   进度 140/162 | trades=0 | skip=50 | 1.5s
2026-08-03 23:21:38,832 [INFO]   进度 160/162 | trades=0 | skip=69 | 1.5s
2026-08-03 23:21:38,832 [INFO] ========== ZT回测完成 | trades=0 | fill_rate=35% | 1.5s ==========
2026-08-03 23:21:38,832 [WARNING]   无任何交易产生！
2026-08-03 23:21:38,832 [INFO]   score=-1000.0 | 月复利=0.0% | 笔数=0 胜率=0.0% DD=0.0% | lev=1.25x | 1.5s
2026-08-03 23:21:38,832 [INFO] ========== ZT回测 2025-12-01→2026-07-31 | top=5 board=main entry=close_t0 sample=300 ==========
2026-08-03 23:21:40,305 [INFO] HS300 regime 预计算: 365 天 (bull=203 bear=41 crash=62 unknown=59)
2026-08-03 23:21:40,306 [INFO]   进度 20/162 | trades=0 | skip=6 | 1.5s
2026-08-03 23:21:40,307 [INFO]   进度 40/162 | trades=0 | skip=8 | 1.5s
2026-08-03 23:21:40,308 [INFO]   进度 60/162 | trades=0 | skip=18 | 1.5s
2026-08-03 23:21:40,308 [INFO]   进度 80/162 | trades=0 | skip=36 | 1.5s
2026-08-03 23:21:40,308 [INFO]   进度 100/162 | trades=0 | skip=40 | 1.5s
2026-08-03 23:21:40,309 [INFO]   进度 120/162 | trades=0 | skip=43 | 1.5s
2026-08-03 23:21:40,310 [INFO]   进度 140/162 | trades=0 | skip=50 | 1.5s
2026-08-03 23:21:40,310 [INFO]   进度 160/162 | trades=0 | skip=69 | 1.5s
2026-08-03 23:21:40,310 [INFO] ========== ZT回测完成 | trades=0 | fill_rate=50% | 1.5s ==========
2026-08-03 23:21:40,310 [WARNING]   无任何交易产生！
2026-08-03 23:21:40,310 [INFO]   score=-1000.0 | 月复利=0.0% | 笔数=0 胜率=0.0% DD=0.0% | lev=2.00x | 1.5s
2026-08-03 23:21:40,311 [INFO] ========== ZT回测 2025-12-01→2026-07-31 | top=2 board=gem+star entry=open_t1 sample=300 ==========
2026-08-03 23:21:41,847 [INFO] HS300 regime 预计算: 365 天 (bull=203 bear=41 crash=62 unknown=59)
2026-08-03 23:21:41,847 [INFO]   进度 20/162 | trades=0 | skip=6 | 1.5s
2026-08-03 23:21:41,849 [INFO]   进度 40/162 | trades=0 | skip=8 | 1.5s
2026-08-03 23:21:41,849 [INFO]   进度 60/162 | trades=0 | skip=18 | 1.5s
2026-08-03 23:21:41,849 [INFO]   进度 80/162 | trades=0 | skip=36 | 1.5s
2026-08-03 23:21:41,851 [INFO]   进度 100/162 | trades=0 | skip=40 | 1.5s
2026-08-03 23:21:41,852 [INFO]   进度 120/162 | trades=0 | skip=43 | 1.5s
2026-08-03 23:21:41,854 [INFO]   进度 140/162 | trades=0 | skip=50 | 1.5s
2026-08-03 23:21:41,854 [INFO]   进度 160/162 | trades=0 | skip=69 | 1.5s
2026-08-03 23:21:41,855 [INFO] ========== ZT回测完成 | trades=0 | fill_rate=20% | 1.5s ==========
2026-08-03 23:21:41,855 [WARNING]   无任何交易产生！
2026-08-03 23:21:41,855 [INFO]   score=-1000.0 | 月复利=0.0% | 笔数=0 胜率=0.0% DD=0.0% | lev=2.00x | 1.5s
2026-08-03 23:21:41,855 [INFO] ========== ZT回测 2025-12-01→2026-07-31 | top=5 board=all entry=close_t0 sample=300 ==========
2026-08-03 23:21:43,359 [INFO] HS300 regime 预计算: 365 天 (bull=203 bear=41 crash=62 unknown=59)
2026-08-03 23:21:43,359 [INFO]   进度 20/162 | trades=0 | skip=6 | 1.5s
2026-08-03 23:21:43,360 [INFO]   进度 40/162 | trades=0 | skip=8 | 1.5s
2026-08-03 23:21:43,360 [INFO]   进度 60/162 | trades=0 | skip=18 | 1.5s
2026-08-03 23:21:43,360 [INFO]   进度 80/162 | trades=0 | skip=36 | 1.5s
2026-08-03 23:21:43,360 [INFO]   进度 100/162 | trades=0 | skip=40 | 1.5s
2026-08-03 23:21:43,361 [INFO]   进度 120/162 | trades=0 | skip=43 | 1.5s
2026-08-03 23:21:43,362 [INFO]   进度 140/162 | trades=0 | skip=50 | 1.5s
2026-08-03 23:21:43,362 [INFO]   进度 160/162 | trades=0 | skip=69 | 1.5s
2026-08-03 23:21:43,362 [INFO] ========== ZT回测完成 | trades=0 | fill_rate=20% | 1.5s ==========
2026-08-03 23:21:43,362 [WARNING]   无任何交易产生！
2026-08-03 23:21:43,362 [INFO]   score=-1000.0 | 月复利=0.0% | 笔数=0 胜率=0.0% DD=0.0% | lev=1.00x | 1.5s
2026-08-03 23:21:43,362 [INFO] ========== ZT回测 2025-12-01→2026-07-31 | top=1 board=main entry=close_t0 sample=300 ==========
2026-08-03 23:21:43,363 [INFO]   进度 20/162 | trades=0 | skip=0 | 0.0s
2026-08-03 23:21:43,363 [INFO]   进度 40/162 | trades=0 | skip=0 | 0.0s
2026-08-03 23:21:43,364 [INFO]   进度 60/162 | trades=0 | skip=0 | 0.0s
2026-08-03 23:21:43,364 [INFO]   进度 80/162 | trades=0 | skip=0 | 0.0s
2026-08-03 23:21:43,365 [INFO]   进度 100/162 | trades=0 | skip=0 | 0.0s
2026-08-03 23:21:43,365 [INFO]   进度 120/162 | trades=0 | skip=0 | 0.0s
2026-08-03 23:21:43,366 [INFO]   进度 140/162 | trades=0 | skip=0 | 0.0s
2026-08-03 23:21:43,367 [INFO]   进度 160/162 | trades=0 | skip=0 | 0.0s
2026-08-03 23:21:43,367 [INFO] ========== ZT回测完成 | trades=0 | fill_rate=35% | 0.0s ==========
2026-08-03 23:21:43,367 [WARNING]   无任何交易产生！
2026-08-03 23:21:43,367 [INFO]   score=-1000.0 | 月复利=0.0% | 笔数=0 胜率=0.0% DD=0.0% | lev=1.25x | 0.0s
2026-08-03 23:21:43,368 [INFO] ========== ZT回测 2025-12-01→2026-07-31 | top=3 board=gem+star entry=open_t1 sample=300 ==========
2026-08-03 23:21:44,917 [INFO] HS300 regime 预计算: 365 天 (bull=203 bear=41 crash=62 unknown=59)
2026-08-03 23:21:44,918 [INFO]   进度 20/162 | trades=0 | skip=6 | 1.6s
2026-08-03 23:21:44,919 [INFO]   进度 40/162 | trades=0 | skip=8 | 1.6s
2026-08-03 23:21:44,920 [INFO]   进度 60/162 | trades=0 | skip=18 | 1.6s
2026-08-03 23:21:44,921 [INFO]   进度 80/162 | trades=0 | skip=36 | 1.6s
2026-08-03 23:21:44,921 [INFO]   进度 100/162 | trades=0 | skip=40 | 1.6s
2026-08-03 23:21:44,922 [INFO]   进度 120/162 | trades=0 | skip=43 | 1.6s
2026-08-03 23:21:44,923 [INFO]   进度 140/162 | trades=0 | skip=50 | 1.6s
2026-08-03 23:21:44,923 [INFO]   进度 160/162 | trades=0 | skip=69 | 1.6s
2026-08-03 23:21:44,923 [INFO] ========== ZT回测完成 | trades=0 | fill_rate=20% | 1.6s ==========
2026-08-03 23:21:44,923 [WARNING]   无任何交易产生！
2026-08-03 23:21:44,923 [INFO]   score=-1000.0 | 月复利=0.0% | 笔数=0 胜率=0.0% DD=0.0% | lev=2.00x | 1.6s
2026-08-03 23:21:44,923 [INFO] ========== ZT回测 2025-12-01→2026-07-31 | top=2 board=main entry=open_t1 sample=300 ==========
2026-08-03 23:21:46,531 [INFO] HS300 regime 预计算: 365 天 (bull=203 bear=41 crash=62 unknown=59)
2026-08-03 23:21:46,532 [INFO]   进度 20/162 | trades=0 | skip=6 | 1.6s
2026-08-03 23:21:46,533 [INFO]   进度 40/162 | trades=0 | skip=8 | 1.6s
2026-08-03 23:21:46,533 [INFO]   进度 60/162 | trades=0 | skip=18 | 1.6s
2026-08-03 23:21:46,533 [INFO]   进度 80/162 | trades=0 | skip=36 | 1.6s
2026-08-03 23:21:46,534 [INFO]   进度 100/162 | trades=0 | skip=40 | 1.6s
2026-08-03 23:21:46,534 [INFO]   进度 120/162 | trades=0 | skip=43 | 1.6s
2026-08-03 23:21:46,535 [INFO]   进度 140/162 | trades=0 | skip=50 | 1.6s
2026-08-03 23:21:46,535 [INFO]   进度 160/162 | trades=0 | skip=69 | 1.6s
2026-08-03 23:21:46,536 [INFO] ========== ZT回测完成 | trades=0 | fill_rate=30% | 1.6s ==========
2026-08-03 23:21:46,536 [WARNING]   无任何交易产生！
2026-08-03 23:21:46,536 [INFO]   score=-1000.0 | 月复利=0.0% | 笔数=0 胜率=0.0% DD=0.0% | lev=1.25x | 1.6s
2026-08-03 23:21:46,536 [INFO] ========== ZT回测 2025-12-01→2026-07-31 | top=1 board=main entry=close_t0 sample=300 ==========
2026-08-03 23:21:47,981 [INFO] HS300 regime 预计算: 365 天 (bull=203 bear=41 crash=62 unknown=59)
2026-08-03 23:21:47,991 [INFO]   进度 20/162 | trades=13 | skip=6 | 1.5s
2026-08-03 23:21:48,013 [INFO]   进度 40/162 | trades=31 | skip=8 | 1.5s
2026-08-03 23:21:48,021 [INFO]   进度 60/162 | trades=41 | skip=18 | 1.5s
2026-08-03 23:21:48,024 [INFO]   进度 80/162 | trades=43 | skip=36 | 1.5s
2026-08-03 23:21:48,035 [INFO]   进度 100/162 | trades=58 | skip=40 | 1.5s
2026-08-03 23:21:48,057 [INFO]   进度 120/162 | trades=75 | skip=43 | 1.5s
2026-08-03 23:21:48,070 [INFO]   进度 140/162 | trades=86 | skip=50 | 1.5s
2026-08-03 23:21:48,071 [INFO]   进度 160/162 | trades=87 | skip=69 | 1.5s
2026-08-03 23:21:48,071 [INFO] ========== ZT回测完成 | trades=87 | fill_rate=25% | 1.5s ==========
2026-08-03 23:21:48,210 [INFO]   笔数=87 | 胜率=83.9% | 平均=0.81% | 日均=1.15% | 总收益=99.8% | 最大回撤=-10.3%
2026-08-03 23:21:48,210 [INFO]   [best      ] n=87 胜率=87.4% 平均=2.45% 累计=705.8%
2026-08-03 23:21:48,210 [INFO]   [close_t1  ] n=87 胜率=65.5% 平均=0.28% 累计=25.9%
2026-08-03 23:21:48,210 [INFO]   [close_t2  ] n=87 胜率=58.6% 平均=0.77% 累计=87.0%
2026-08-03 23:21:48,210 [INFO]   [close_t3  ] n=87 胜率=57.5% 平均=1.01% 累计=123.0%
2026-08-03 23:21:48,210 [INFO]   [gap_t1    ] n=87 胜率=64.4% 平均=0.32% 累计=31.5%
2026-08-03 23:21:48,210 [INFO]   [open_t2   ] n=87 胜率=62.1% 平均=0.59% 累计=60.5%
2026-08-03 23:21:48,210 [INFO]   [stop_t1   ] n=18 胜率=0.0% 平均=-3.31% 累计=-45.4%
2026-08-03 23:21:48,210 [INFO]   [trail_t2  ] n=69 胜率=100.0% 平均=1.46% 累计=171.1%
2026-08-03 23:21:48,210 [INFO]   score=11.7 | 月复利=9.3% | 笔数=87 胜率=83.9% DD=-10.3% | lev=1.00x | 1.7s
2026-08-03 23:21:48,211 [INFO] ========== ZT回测 2025-12-01→2026-07-31 | top=2 board=main entry=close_t0 sample=300 ==========
2026-08-03 23:21:49,792 [INFO] HS300 regime 预计算: 365 天 (bull=203 bear=41 crash=62 unknown=59)
2026-08-03 23:21:49,793 [INFO]   进度 20/162 | trades=0 | skip=6 | 1.6s
2026-08-03 23:21:49,794 [INFO]   进度 40/162 | trades=0 | skip=8 | 1.6s
2026-08-03 23:21:49,795 [INFO]   进度 60/162 | trades=0 | skip=18 | 1.6s
2026-08-03 23:21:49,795 [INFO]   进度 80/162 | trades=0 | skip=36 | 1.6s
2026-08-03 23:21:49,796 [INFO]   进度 100/162 | trades=0 | skip=40 | 1.6s
2026-08-03 23:21:49,797 [INFO]   进度 120/162 | trades=0 | skip=43 | 1.6s
2026-08-03 23:21:49,798 [INFO]   进度 140/162 | trades=0 | skip=50 | 1.6s
2026-08-03 23:21:49,798 [INFO]   进度 160/162 | trades=0 | skip=69 | 1.6s
2026-08-03 23:21:49,798 [INFO] ========== ZT回测完成 | trades=0 | fill_rate=20% | 1.6s ==========
2026-08-03 23:21:49,798 [WARNING]   无任何交易产生！
2026-08-03 23:21:49,798 [INFO]   score=-1000.0 | 月复利=0.0% | 笔数=0 胜率=0.0% DD=0.0% | lev=1.25x | 1.6s
2026-08-03 23:21:49,798 [INFO] ========== ZT回测 2025-12-01→2026-07-31 | top=2 board=gem+star entry=open_t1 sample=300 ==========
2026-08-03 23:21:49,799 [INFO]   进度 20/162 | trades=0 | skip=0 | 0.0s
2026-08-03 23:21:49,799 [INFO]   进度 40/162 | trades=0 | skip=0 | 0.0s
2026-08-03 23:21:49,799 [INFO]   进度 60/162 | trades=0 | skip=0 | 0.0s
2026-08-03 23:21:49,800 [INFO]   进度 80/162 | trades=0 | skip=0 | 0.0s
2026-08-03 23:21:49,800 [INFO]   进度 100/162 | trades=0 | skip=0 | 0.0s
2026-08-03 23:21:49,800 [INFO]   进度 120/162 | trades=0 | skip=0 | 0.0s
2026-08-03 23:21:49,800 [INFO]   进度 140/162 | trades=0 | skip=0 | 0.0s
2026-08-03 23:21:49,801 [INFO]   进度 160/162 | trades=0 | skip=0 | 0.0s
2026-08-03 23:21:49,801 [INFO] ========== ZT回测完成 | trades=0 | fill_rate=40% | 0.0s ==========
2026-08-03 23:21:49,801 [WARNING]   无任何交易产生！
2026-08-03 23:21:49,801 [INFO]   score=-1000.0 | 月复利=0.0% | 笔数=0 胜率=0.0% DD=0.0% | lev=1.00x | 0.0s
2026-08-03 23:21:49,801 [INFO] ========== ZT回测 2025-12-01→2026-07-31 | top=3 board=all entry=open_t1 sample=300 ==========
2026-08-03 23:21:51,312 [INFO] HS300 regime 预计算: 365 天 (bull=203 bear=41 crash=62 unknown=59)
2026-08-03 23:21:51,313 [INFO]   进度 20/162 | trades=0 | skip=6 | 1.5s
2026-08-03 23:21:51,314 [INFO]   进度 40/162 | trades=0 | skip=8 | 1.5s
2026-08-03 23:21:51,315 [INFO]   进度 60/162 | trades=0 | skip=18 | 1.5s
2026-08-03 23:21:51,315 [INFO]   进度 80/162 | trades=0 | skip=36 | 1.5s
2026-08-03 23:21:51,316 [INFO]   进度 100/162 | trades=0 | skip=40 | 1.5s
2026-08-03 23:21:51,317 [INFO]   进度 120/162 | trades=0 | skip=43 | 1.5s
2026-08-03 23:21:51,318 [INFO]   进度 140/162 | trades=0 | skip=50 | 1.5s
2026-08-03 23:21:51,319 [INFO]   进度 160/162 | trades=0 | skip=69 | 1.5s
2026-08-03 23:21:51,319 [INFO] ========== ZT回测完成 | trades=0 | fill_rate=40% | 1.5s ==========
2026-08-03 23:21:51,319 [WARNING]   无任何交易产生！
2026-08-03 23:21:51,319 [INFO]   score=-1000.0 | 月复利=0.0% | 笔数=0 胜率=0.0% DD=0.0% | lev=2.00x | 1.5s
2026-08-03 23:21:51,319 [INFO] ========== ZT回测 2025-12-01→2026-07-31 | top=2 board=main entry=open_t1 sample=300 ==========
2026-08-03 23:21:52,839 [INFO] HS300 regime 预计算: 365 天 (bull=203 bear=41 crash=62 unknown=59)
2026-08-03 23:21:52,840 [INFO]   进度 20/162 | trades=0 | skip=6 | 1.5s
2026-08-03 23:21:52,841 [INFO]   进度 40/162 | trades=0 | skip=8 | 1.5s
2026-08-03 23:21:52,842 [INFO]   进度 60/162 | trades=0 | skip=18 | 1.5s
2026-08-03 23:21:52,842 [INFO]   进度 80/162 | trades=0 | skip=36 | 1.5s
2026-08-03 23:21:52,843 [INFO]   进度 100/162 | trades=0 | skip=40 | 1.5s
2026-08-03 23:21:52,845 [INFO]   进度 120/162 | trades=0 | skip=43 | 1.5s
2026-08-03 23:21:52,847 [INFO]   进度 140/162 | trades=0 | skip=50 | 1.5s
2026-08-03 23:21:52,848 [INFO]   进度 160/162 | trades=0 | skip=69 | 1.5s
2026-08-03 23:21:52,848 [INFO] ========== ZT回测完成 | trades=0 | fill_rate=40% | 1.5s ==========
2026-08-03 23:21:52,848 [WARNING]   无任何交易产生！
2026-08-03 23:21:52,848 [INFO]   score=-1000.0 | 月复利=0.0% | 笔数=0 胜率=0.0% DD=0.0% | lev=1.50x | 1.5s
2026-08-03 23:21:52,848 [INFO] ========== ZT回测 2025-12-01→2026-07-31 | top=3 board=main entry=open_t1 sample=300 ==========
2026-08-03 23:21:54,587 [INFO] HS300 regime 预计算: 365 天 (bull=203 bear=41 crash=62 unknown=59)
2026-08-03 23:21:54,588 [INFO]   进度 20/162 | trades=0 | skip=6 | 1.7s
2026-08-03 23:21:54,589 [INFO]   进度 40/162 | trades=0 | skip=8 | 1.7s
2026-08-03 23:21:54,590 [INFO]   进度 60/162 | trades=0 | skip=18 | 1.7s
2026-08-03 23:21:54,590 [INFO]   进度 80/162 | trades=0 | skip=36 | 1.7s
2026-08-03 23:21:54,592 [INFO]   进度 100/162 | trades=0 | skip=40 | 1.7s
2026-08-03 23:21:54,592 [INFO]   进度 120/162 | trades=0 | skip=43 | 1.7s
2026-08-03 23:21:54,593 [INFO]   进度 140/162 | trades=0 | skip=50 | 1.7s
2026-08-03 23:21:54,593 [INFO]   进度 160/162 | trades=0 | skip=69 | 1.7s
2026-08-03 23:21:54,593 [INFO] ========== ZT回测完成 | trades=0 | fill_rate=30% | 1.7s ==========
2026-08-03 23:21:54,594 [WARNING]   无任何交易产生！
2026-08-03 23:21:54,594 [INFO]   score=-1000.0 | 月复利=0.0% | 笔数=0 胜率=0.0% DD=0.0% | lev=1.00x | 1.7s
2026-08-03 23:21:54,594 [INFO] ========== ZT回测 2025-12-01→2026-07-31 | top=5 board=gem+star entry=open_t1 sample=300 ==========
2026-08-03 23:21:56,264 [INFO] HS300 regime 预计算: 365 天 (bull=203 bear=41 crash=62 unknown=59)
2026-08-03 23:21:56,264 [INFO]   进度 20/162 | trades=0 | skip=6 | 1.7s
2026-08-03 23:21:56,265 [INFO]   进度 40/162 | trades=0 | skip=8 | 1.7s
2026-08-03 23:21:56,265 [INFO]   进度 60/162 | trades=0 | skip=18 | 1.7s
2026-08-03 23:21:56,265 [INFO]   进度 80/162 | trades=0 | skip=36 | 1.7s
2026-08-03 23:21:56,266 [INFO]   进度 100/162 | trades=0 | skip=40 | 1.7s
2026-08-03 23:21:56,267 [INFO]   进度 120/162 | trades=0 | skip=43 | 1.7s
2026-08-03 23:21:56,267 [INFO]   进度 140/162 | trades=0 | skip=50 | 1.7s
2026-08-03 23:21:56,267 [INFO]   进度 160/162 | trades=0 | skip=69 | 1.7s
2026-08-03 23:21:56,267 [INFO] ========== ZT回测完成 | trades=0 | fill_rate=20% | 1.7s ==========
2026-08-03 23:21:56,267 [WARNING]   无任何交易产生！
2026-08-03 23:21:56,267 [INFO]   score=-1000.0 | 月复利=0.0% | 笔数=0 胜率=0.0% DD=0.0% | lev=1.25x | 1.7s
2026-08-03 23:21:56,267 [INFO] ========== ZT回测 2025-12-01→2026-07-31 | top=1 board=main entry=close_t0 sample=300 ==========
2026-08-03 23:21:57,982 [INFO] HS300 regime 预计算: 365 天 (bull=203 bear=41 crash=62 unknown=59)
2026-08-03 23:21:57,982 [INFO]   进度 20/162 | trades=0 | skip=6 | 1.7s
2026-08-03 23:21:57,982 [INFO]   进度 40/162 | trades=0 | skip=8 | 1.7s
2026-08-03 23:21:57,983 [INFO]   进度 60/162 | trades=0 | skip=18 | 1.7s
2026-08-03 23:21:57,983 [INFO]   进度 80/162 | trades=0 | skip=36 | 1.7s
2026-08-03 23:21:57,983 [INFO]   进度 100/162 | trades=0 | skip=40 | 1.7s
2026-08-03 23:21:57,983 [INFO]   进度 120/162 | trades=0 | skip=43 | 1.7s
2026-08-03 23:21:57,983 [INFO]   进度 140/162 | trades=0 | skip=50 | 1.7s
2026-08-03 23:21:57,983 [INFO]   进度 160/162 | trades=0 | skip=69 | 1.7s
2026-08-03 23:21:57,983 [INFO] ========== ZT回测完成 | trades=0 | fill_rate=40% | 1.7s ==========
2026-08-03 23:21:57,984 [WARNING]   无任何交易产生！
2026-08-03 23:21:57,984 [INFO]   score=-1000.0 | 月复利=0.0% | 笔数=0 胜率=0.0% DD=0.0% | lev=1.75x | 1.7s
2026-08-03 23:21:57,984 [INFO] ========== ZT回测 2025-12-01→2026-07-31 | top=2 board=all entry=close_t0 sample=300 ==========
2026-08-03 23:21:59,572 [INFO] HS300 regime 预计算: 365 天 (bull=203 bear=41 crash=62 unknown=59)
2026-08-03 23:21:59,574 [INFO]   进度 20/162 | trades=0 | skip=6 | 1.6s
2026-08-03 23:21:59,574 [INFO]   进度 40/162 | trades=0 | skip=8 | 1.6s
2026-08-03 23:21:59,574 [INFO]   进度 60/162 | trades=0 | skip=18 | 1.6s
2026-08-03 23:21:59,574 [INFO]   进度 80/162 | trades=0 | skip=36 | 1.6s
2026-08-03 23:21:59,575 [INFO]   进度 100/162 | trades=0 | skip=40 | 1.6s
2026-08-03 23:21:59,575 [INFO]   进度 120/162 | trades=0 | skip=43 | 1.6s
2026-08-03 23:21:59,575 [INFO]   进度 140/162 | trades=0 | skip=50 | 1.6s
2026-08-03 23:21:59,575 [INFO]   进度 160/162 | trades=0 | skip=69 | 1.6s
2026-08-03 23:21:59,575 [INFO] ========== ZT回测完成 | trades=0 | fill_rate=20% | 1.6s ==========
2026-08-03 23:21:59,575 [WARNING]   无任何交易产生！
2026-08-03 23:21:59,575 [INFO]   score=-1000.0 | 月复利=0.0% | 笔数=0 胜率=0.0% DD=0.0% | lev=2.00x | 1.6s
2026-08-03 23:21:59,576 [INFO] ========== ZT回测 2025-12-01→2026-07-31 | top=5 board=all entry=open_t1 sample=300 ==========
2026-08-03 23:22:01,050 [INFO] HS300 regime 预计算: 365 天 (bull=203 bear=41 crash=62 unknown=59)
2026-08-03 23:22:01,050 [INFO]   进度 20/162 | trades=0 | skip=6 | 1.5s
2026-08-03 23:22:01,051 [INFO]   进度 40/162 | trades=0 | skip=8 | 1.5s
2026-08-03 23:22:01,051 [INFO]   进度 60/162 | trades=0 | skip=18 | 1.5s
2026-08-03 23:22:01,052 [INFO]   进度 80/162 | trades=0 | skip=36 | 1.5s
2026-08-03 23:22:01,052 [INFO]   进度 100/162 | trades=0 | skip=40 | 1.5s
2026-08-03 23:22:01,053 [INFO]   进度 120/162 | trades=0 | skip=43 | 1.5s
2026-08-03 23:22:01,054 [INFO]   进度 140/162 | trades=0 | skip=50 | 1.5s
2026-08-03 23:22:01,054 [INFO]   进度 160/162 | trades=0 | skip=69 | 1.5s
2026-08-03 23:22:01,054 [INFO] ========== ZT回测完成 | trades=0 | fill_rate=20% | 1.5s ==========
2026-08-03 23:22:01,054 [WARNING]   无任何交易产生！
2026-08-03 23:22:01,054 [INFO]   score=-1000.0 | 月复利=0.0% | 笔数=0 胜率=0.0% DD=0.0% | lev=1.50x | 1.5s
2026-08-03 23:22:01,055 [INFO] ========== ZT回测 2025-12-01→2026-07-31 | top=1 board=gem+star entry=open_t1 sample=300 ==========
2026-08-03 23:22:02,530 [INFO] HS300 regime 预计算: 365 天 (bull=203 bear=41 crash=62 unknown=59)
2026-08-03 23:22:02,539 [INFO]   进度 20/162 | trades=13 | skip=6 | 1.5s
2026-08-03 23:22:02,560 [INFO]   进度 40/162 | trades=31 | skip=8 | 1.5s
2026-08-03 23:22:02,567 [INFO]   进度 60/162 | trades=41 | skip=18 | 1.5s
2026-08-03 23:22:02,569 [INFO]   进度 80/162 | trades=43 | skip=36 | 1.5s
2026-08-03 23:22:02,580 [INFO]   进度 100/162 | trades=59 | skip=40 | 1.5s
2026-08-03 23:22:02,592 [INFO]   进度 120/162 | trades=76 | skip=43 | 1.5s
2026-08-03 23:22:02,605 [INFO]   进度 140/162 | trades=89 | skip=50 | 1.6s
2026-08-03 23:22:02,606 [INFO]   进度 160/162 | trades=90 | skip=69 | 1.6s
2026-08-03 23:22:02,606 [INFO] ========== ZT回测完成 | trades=90 | fill_rate=40% | 1.6s ==========
2026-08-03 23:22:02,734 [INFO]   笔数=90 | 胜率=50.0% | 平均=-1.11% | 日均=-0.74% | 总收益=-67.0% | 最大回撤=-66.6%
2026-08-03 23:22:02,734 [INFO]   [best      ] n=90 胜率=65.6% 平均=1.42% 累计=245.9%
2026-08-03 23:22:02,734 [INFO]   [close_t1  ] n=90 胜率=23.3% 平均=-2.05% 累计=-85.0%
2026-08-03 23:22:02,734 [INFO]   [close_t2  ] n=90 胜率=30.0% 平均=-1.84% 累计=-82.5%
2026-08-03 23:22:02,734 [INFO]   [close_t3  ] n=90 胜率=28.9% 平均=-2.06% 累计=-86.4%
2026-08-03 23:22:02,734 [INFO]   [gap_t1    ] n=90 胜率=0.0% 平均=0.00% 累计=0.0%
2026-08-03 23:22:02,734 [INFO]   [open_t2   ] n=90 胜率=30.0% 平均=-2.19% 累计=-87.4%
2026-08-03 23:22:02,734 [INFO]   [stop_t1   ] n=59 胜率=0.0% 平均=-4.82% 累计=-94.6%
2026-08-03 23:22:02,734 [INFO]   [trail_t2  ] n=27 胜率=85.2% 平均=3.25% 累计=135.5%
2026-08-03 23:22:02,735 [INFO]   score=-1.8 | 月复利=-19.9% | 笔数=90 胜率=50.0% DD=-87.3% | lev=1.75x | 1.7s
2026-08-03 23:22:02,735 [INFO] ========== ZT回测 2025-12-01→2026-07-31 | top=1 board=gem+star entry=close_t0 sample=300 ==========
2026-08-03 23:22:04,201 [INFO] HS300 regime 预计算: 365 天 (bull=203 bear=41 crash=62 unknown=59)
2026-08-03 23:22:04,209 [INFO]   进度 20/162 | trades=13 | skip=6 | 1.5s
2026-08-03 23:22:04,230 [INFO]   进度 40/162 | trades=31 | skip=8 | 1.5s
2026-08-03 23:22:04,241 [INFO]   进度 60/162 | trades=40 | skip=18 | 1.5s
2026-08-03 23:22:04,246 [INFO]   进度 80/162 | trades=42 | skip=36 | 1.5s
2026-08-03 23:22:04,259 [INFO]   进度 100/162 | trades=55 | skip=40 | 1.5s
2026-08-03 23:22:04,281 [INFO]   进度 120/162 | trades=71 | skip=43 | 1.5s
2026-08-03 23:22:04,298 [INFO]   进度 140/162 | trades=82 | skip=50 | 1.6s
2026-08-03 23:22:04,300 [INFO]   进度 160/162 | trades=83 | skip=69 | 1.6s
2026-08-03 23:22:04,300 [INFO] ========== ZT回测完成 | trades=83 | fill_rate=35% | 1.6s ==========
2026-08-03 23:22:04,450 [INFO]   笔数=83 | 胜率=88.0% | 平均=1.35% | 日均=2.40% | 总收益=198.8% | 最大回撤=-7.9%
2026-08-03 23:22:04,450 [INFO]   [best      ] n=83 胜率=88.0% 平均=3.43% 累计=1495.4%
2026-08-03 23:22:04,450 [INFO]   [close_t1  ] n=83 胜率=62.6% 平均=0.36% 累计=31.7%
2026-08-03 23:22:04,450 [INFO]   [close_t2  ] n=83 胜率=59.0% 平均=1.01% 累计=115.0%
2026-08-03 23:22:04,450 [INFO]   [close_t3  ] n=83 胜率=57.8% 平均=1.35% 累计=167.3%
2026-08-03 23:22:04,450 [INFO]   [gap_t1    ] n=83 胜率=62.6% 平均=0.45% 累计=43.0%
2026-08-03 23:22:04,450 [INFO]   [open_t2   ] n=83 胜率=59.0% 平均=0.79% 累计=80.2%
2026-08-03 23:22:04,450 [INFO]   [stop_t1   ] n=4 胜率=0.0% 平均=-4.75% 累计=-17.7%
2026-08-03 23:22:04,450 [INFO]   [trail_t2  ] n=76 胜率=89.5% 平均=1.34% 累计=174.7%
2026-08-03 23:22:04,450 [INFO]   score=56.8 | 月复利=32.7% | 笔数=83 胜率=88.0% DD=-15.8% | lev=2.00x | 1.7s
2026-08-03 23:22:04,450 [INFO] ========== ZT回测 2025-12-01→2026-07-31 | top=3 board=main entry=close_t0 sample=300 ==========
2026-08-03 23:22:05,931 [INFO] HS300 regime 预计算: 365 天 (bull=203 bear=41 crash=62 unknown=59)
2026-08-03 23:22:05,931 [INFO]   进度 20/162 | trades=0 | skip=6 | 1.5s
2026-08-03 23:22:05,932 [INFO]   进度 40/162 | trades=0 | skip=8 | 1.5s
2026-08-03 23:22:05,932 [INFO]   进度 60/162 | trades=0 | skip=18 | 1.5s
2026-08-03 23:22:05,933 [INFO]   进度 80/162 | trades=0 | skip=36 | 1.5s
2026-08-03 23:22:05,933 [INFO]   进度 100/162 | trades=0 | skip=40 | 1.5s
2026-08-03 23:22:05,933 [INFO]   进度 120/162 | trades=0 | skip=43 | 1.5s
2026-08-03 23:22:05,934 [INFO]   进度 140/162 | trades=0 | skip=50 | 1.5s
2026-08-03 23:22:05,934 [INFO]   进度 160/162 | trades=0 | skip=69 | 1.5s
2026-08-03 23:22:05,934 [INFO] ========== ZT回测完成 | trades=0 | fill_rate=40% | 1.5s ==========
2026-08-03 23:22:05,934 [WARNING]   无任何交易产生！
2026-08-03 23:22:05,934 [INFO]   score=-1000.0 | 月复利=0.0% | 笔数=0 胜率=0.0% DD=0.0% | lev=1.50x | 1.5s
2026-08-03 23:22:05,934 [INFO] ========== ZT回测 2025-12-01→2026-07-31 | top=1 board=all entry=close_t0 sample=300 ==========
2026-08-03 23:22:07,429 [INFO] HS300 regime 预计算: 365 天 (bull=203 bear=41 crash=62 unknown=59)
2026-08-03 23:22:07,430 [INFO]   进度 20/162 | trades=0 | skip=6 | 1.5s
2026-08-03 23:22:07,430 [INFO]   进度 40/162 | trades=0 | skip=8 | 1.5s
2026-08-03 23:22:07,431 [INFO]   进度 60/162 | trades=0 | skip=18 | 1.5s
2026-08-03 23:22:07,431 [INFO]   进度 80/162 | trades=0 | skip=36 | 1.5s
2026-08-03 23:22:07,432 [INFO]   进度 100/162 | trades=0 | skip=40 | 1.5s
2026-08-03 23:22:07,432 [INFO]   进度 120/162 | trades=0 | skip=43 | 1.5s
2026-08-03 23:22:07,433 [INFO]   进度 140/162 | trades=0 | skip=50 | 1.5s
2026-08-03 23:22:07,433 [INFO]   进度 160/162 | trades=0 | skip=69 | 1.5s
2026-08-03 23:22:07,433 [INFO] ========== ZT回测完成 | trades=0 | fill_rate=25% | 1.5s ==========
2026-08-03 23:22:07,433 [WARNING]   无任何交易产生！
2026-08-03 23:22:07,433 [INFO]   score=-1000.0 | 月复利=0.0% | 笔数=0 胜率=0.0% DD=0.0% | lev=1.00x | 1.5s
2026-08-03 23:22:07,433 [INFO] ========== ZT回测 2025-12-01→2026-07-31 | top=3 board=main entry=open_t1 sample=300 ==========
2026-08-03 23:22:09,015 [INFO] HS300 regime 预计算: 365 天 (bull=203 bear=41 crash=62 unknown=59)
2026-08-03 23:22:09,016 [INFO]   进度 20/162 | trades=0 | skip=6 | 1.6s
2026-08-03 23:22:09,017 [INFO]   进度 40/162 | trades=0 | skip=8 | 1.6s
2026-08-03 23:22:09,017 [INFO]   进度 60/162 | trades=0 | skip=18 | 1.6s
2026-08-03 23:22:09,017 [INFO]   进度 80/162 | trades=0 | skip=36 | 1.6s
2026-08-03 23:22:09,018 [INFO]   进度 100/162 | trades=0 | skip=40 | 1.6s
2026-08-03 23:22:09,018 [INFO]   进度 120/162 | trades=0 | skip=43 | 1.6s
2026-08-03 23:22:09,018 [INFO]   进度 140/162 | trades=0 | skip=50 | 1.6s
2026-08-03 23:22:09,019 [INFO]   进度 160/162 | trades=0 | skip=69 | 1.6s
2026-08-03 23:22:09,019 [INFO] ========== ZT回测完成 | trades=0 | fill_rate=30% | 1.6s ==========
2026-08-03 23:22:09,019 [WARNING]   无任何交易产生！
2026-08-03 23:22:09,019 [INFO]   score=-1000.0 | 月复利=0.0% | 笔数=0 胜率=0.0% DD=0.0% | lev=1.75x | 1.6s
2026-08-03 23:22:09,019 [INFO] ========== ZT回测 2025-12-01→2026-07-31 | top=1 board=all entry=close_t0 sample=300 ==========
2026-08-03 23:22:10,482 [INFO] HS300 regime 预计算: 365 天 (bull=203 bear=41 crash=62 unknown=59)
2026-08-03 23:22:10,483 [INFO]   进度 20/162 | trades=0 | skip=6 | 1.5s
2026-08-03 23:22:10,484 [INFO]   进度 40/162 | trades=0 | skip=8 | 1.5s
2026-08-03 23:22:10,484 [INFO]   进度 60/162 | trades=0 | skip=18 | 1.5s
2026-08-03 23:22:10,484 [INFO]   进度 80/162 | trades=0 | skip=36 | 1.5s
2026-08-03 23:22:10,485 [INFO]   进度 100/162 | trades=0 | skip=40 | 1.5s
2026-08-03 23:22:10,486 [INFO]   进度 120/162 | trades=0 | skip=43 | 1.5s
2026-08-03 23:22:10,488 [INFO]   进度 140/162 | trades=0 | skip=50 | 1.5s
2026-08-03 23:22:10,488 [INFO]   进度 160/162 | trades=0 | skip=69 | 1.5s
2026-08-03 23:22:10,489 [INFO] ========== ZT回测完成 | trades=0 | fill_rate=40% | 1.5s ==========
2026-08-03 23:22:10,489 [WARNING]   无任何交易产生！
2026-08-03 23:22:10,489 [INFO]   score=-1000.0 | 月复利=0.0% | 笔数=0 胜率=0.0% DD=0.0% | lev=1.75x | 1.5s
2026-08-03 23:22:10,489 [INFO] ========== ZT回测 2025-12-01→2026-07-31 | top=5 board=gem+star entry=open_t1 sample=300 ==========
2026-08-03 23:22:11,890 [INFO] HS300 regime 预计算: 365 天 (bull=203 bear=41 crash=62 unknown=59)
2026-08-03 23:22:11,890 [INFO]   进度 20/162 | trades=0 | skip=6 | 1.4s
2026-08-03 23:22:11,891 [INFO]   进度 40/162 | trades=0 | skip=8 | 1.4s
2026-08-03 23:22:11,891 [INFO]   进度 60/162 | trades=0 | skip=18 | 1.4s
2026-08-03 23:22:11,891 [INFO]   进度 80/162 | trades=0 | skip=36 | 1.4s
2026-08-03 23:22:11,892 [INFO]   进度 100/162 | trades=0 | skip=40 | 1.4s
2026-08-03 23:22:11,893 [INFO]   进度 120/162 | trades=0 | skip=43 | 1.4s
2026-08-03 23:22:11,893 [INFO]   进度 140/162 | trades=0 | skip=50 | 1.4s
2026-08-03 23:22:11,894 [INFO]   进度 160/162 | trades=0 | skip=69 | 1.4s
2026-08-03 23:22:11,894 [INFO] ========== ZT回测完成 | trades=0 | fill_rate=20% | 1.4s ==========
2026-08-03 23:22:11,894 [WARNING]   无任何交易产生！
2026-08-03 23:22:11,894 [INFO]   score=-1000.0 | 月复利=0.0% | 笔数=0 胜率=0.0% DD=0.0% | lev=1.00x | 1.4s
2026-08-03 23:22:11,894 [INFO] ========== ZT回测 2025-12-01→2026-07-31 | top=3 board=main entry=open_t1 sample=300 ==========
2026-08-03 23:22:11,895 [INFO]   进度 20/162 | trades=0 | skip=0 | 0.0s
2026-08-03 23:22:11,896 [INFO]   进度 40/162 | trades=0 | skip=0 | 0.0s
2026-08-03 23:22:11,897 [INFO]   进度 60/162 | trades=0 | skip=0 | 0.0s
2026-08-03 23:22:11,898 [INFO]   进度 80/162 | trades=0 | skip=0 | 0.0s
2026-08-03 23:22:11,898 [INFO]   进度 100/162 | trades=0 | skip=0 | 0.0s
2026-08-03 23:22:11,899 [INFO]   进度 120/162 | trades=0 | skip=0 | 0.0s
2026-08-03 23:22:11,900 [INFO]   进度 140/162 | trades=0 | skip=0 | 0.0s
2026-08-03 23:22:11,901 [INFO]   进度 160/162 | trades=0 | skip=0 | 0.0s
2026-08-03 23:22:11,901 [INFO] ========== ZT回测完成 | trades=0 | fill_rate=35% | 0.0s ==========
2026-08-03 23:22:11,901 [WARNING]   无任何交易产生！
2026-08-03 23:22:11,901 [INFO]   score=-1000.0 | 月复利=0.0% | 笔数=0 胜率=0.0% DD=0.0% | lev=1.25x | 0.0s
2026-08-03 23:22:11,901 [INFO] ========== ZT回测 2025-12-01→2026-07-31 | top=2 board=main entry=open_t1 sample=300 ==========
2026-08-03 23:22:11,902 [INFO]   进度 20/162 | trades=0 | skip=0 | 0.0s
2026-08-03 23:22:11,903 [INFO]   进度 40/162 | trades=0 | skip=0 | 0.0s
2026-08-03 23:22:11,903 [INFO]   进度 60/162 | trades=0 | skip=0 | 0.0s
2026-08-03 23:22:11,904 [INFO]   进度 80/162 | trades=0 | skip=0 | 0.0s
2026-08-03 23:22:11,905 [INFO]   进度 100/162 | trades=0 | skip=0 | 0.0s
2026-08-03 23:22:11,906 [INFO]   进度 120/162 | trades=0 | skip=0 | 0.0s
2026-08-03 23:22:11,907 [INFO]   进度 140/162 | trades=0 | skip=0 | 0.0s
2026-08-03 23:22:11,909 [INFO]   进度 160/162 | trades=0 | skip=0 | 0.0s
2026-08-03 23:22:11,909 [INFO] ========== ZT回测完成 | trades=0 | fill_rate=35% | 0.0s ==========
2026-08-03 23:22:11,909 [WARNING]   无任何交易产生！
2026-08-03 23:22:11,909 [INFO]   score=-1000.0 | 月复利=0.0% | 笔数=0 胜率=0.0% DD=0.0% | lev=2.00x | 0.0s
2026-08-03 23:22:11,909 [INFO] ========== ZT回测 2025-12-01→2026-07-31 | top=5 board=main entry=open_t1 sample=300 ==========
2026-08-03 23:22:13,401 [INFO] HS300 regime 预计算: 365 天 (bull=203 bear=41 crash=62 unknown=59)
2026-08-03 23:22:13,401 [INFO]   进度 20/162 | trades=0 | skip=6 | 1.5s
2026-08-03 23:22:13,402 [INFO]   进度 40/162 | trades=0 | skip=8 | 1.5s
2026-08-03 23:22:13,403 [INFO]   进度 60/162 | trades=0 | skip=18 | 1.5s
2026-08-03 23:22:13,403 [INFO]   进度 80/162 | trades=0 | skip=36 | 1.5s
2026-08-03 23:22:13,404 [INFO]   进度 100/162 | trades=0 | skip=40 | 1.5s
2026-08-03 23:22:13,405 [INFO]   进度 120/162 | trades=0 | skip=43 | 1.5s
2026-08-03 23:22:13,407 [INFO]   进度 140/162 | trades=0 | skip=50 | 1.5s
2026-08-03 23:22:13,407 [INFO]   进度 160/162 | trades=0 | skip=69 | 1.5s
2026-08-03 23:22:13,407 [INFO] ========== ZT回测完成 | trades=0 | fill_rate=100% | 1.5s ==========
2026-08-03 23:22:13,407 [WARNING]   无任何交易产生！
2026-08-03 23:22:13,407 [INFO]   score=-1000.0 | 月复利=0.0% | 笔数=0 胜率=0.0% DD=0.0% | lev=1.00x | 1.5s
2026-08-03 23:22:13,407 [INFO] ========== ZT回测 2025-12-01→2026-07-31 | top=5 board=all entry=open_t1 sample=300 ==========
2026-08-03 23:22:13,408 [INFO]   进度 20/162 | trades=0 | skip=0 | 0.0s
2026-08-03 23:22:13,409 [INFO]   进度 40/162 | trades=0 | skip=0 | 0.0s
2026-08-03 23:22:13,409 [INFO]   进度 60/162 | trades=0 | skip=0 | 0.0s
2026-08-03 23:22:13,410 [INFO]   进度 80/162 | trades=0 | skip=0 | 0.0s
2026-08-03 23:22:13,410 [INFO]   进度 100/162 | trades=0 | skip=0 | 0.0s
2026-08-03 23:22:13,411 [INFO]   进度 120/162 | trades=0 | skip=0 | 0.0s
2026-08-03 23:22:13,412 [INFO]   进度 140/162 | trades=0 | skip=0 | 0.0s
2026-08-03 23:22:13,412 [INFO]   进度 160/162 | trades=0 | skip=0 | 0.0s
2026-08-03 23:22:13,412 [INFO] ========== ZT回测完成 | trades=0 | fill_rate=20% | 0.0s ==========
2026-08-03 23:22:13,412 [WARNING]   无任何交易产生！
2026-08-03 23:22:13,412 [INFO]   score=-1000.0 | 月复利=0.0% | 笔数=0 胜率=0.0% DD=0.0% | lev=1.75x | 0.0s
2026-08-03 23:22:13,412 [INFO] ========== ZT回测 2025-12-01→2026-07-31 | top=3 board=gem+star entry=open_t1 sample=300 ==========
2026-08-03 23:22:14,929 [INFO] HS300 regime 预计算: 365 天 (bull=203 bear=41 crash=62 unknown=59)
2026-08-03 23:22:14,949 [INFO]   进度 20/162 | trades=37 | skip=6 | 1.5s
2026-08-03 23:22:14,989 [INFO]   进度 40/162 | trades=89 | skip=8 | 1.6s
2026-08-03 23:22:15,013 [INFO]   进度 60/162 | trades=115 | skip=18 | 1.6s
2026-08-03 23:22:15,017 [INFO]   进度 80/162 | trades=120 | skip=36 | 1.6s
2026-08-03 23:22:15,047 [INFO]   进度 100/162 | trades=150 | skip=40 | 1.6s
2026-08-03 23:22:15,084 [INFO]   进度 120/162 | trades=193 | skip=43 | 1.7s
2026-08-03 23:22:15,112 [INFO]   进度 140/162 | trades=222 | skip=50 | 1.7s
2026-08-03 23:22:15,113 [INFO]   进度 160/162 | trades=224 | skip=69 | 1.7s
2026-08-03 23:22:15,113 [INFO] ========== ZT回测完成 | trades=224 | fill_rate=50% | 1.7s ==========
2026-08-03 23:22:15,246 [INFO]   笔数=224 | 胜率=64.3% | 平均=0.26% | 日均=0.36% | 总收益=31.1% | 最大回撤=-64.0%
2026-08-03 23:22:15,246 [INFO]   [best      ] n=224 胜率=73.7% 平均=2.18% 累计=11450.5%
2026-08-03 23:22:15,247 [INFO]   [close_t1  ] n=224 胜率=21.0% 平均=-1.95% 累计=-98.9%
2026-08-03 23:22:15,247 [INFO]   [close_t2  ] n=224 胜率=46.0% 平均=-1.14% 累计=-94.3%
2026-08-03 23:22:15,247 [INFO]   [close_t3  ] n=224 胜率=44.2% 平均=-0.75% 累计=-89.3%
2026-08-03 23:22:15,247 [INFO]   [gap_t1    ] n=224 胜率=0.0% 平均=0.00% 累计=0.0%
2026-08-03 23:22:15,247 [INFO]   [open_t2   ] n=224 胜率=44.2% 平均=-1.30% 累计=-95.8%
2026-08-03 23:22:15,247 [INFO]   [stop_t1   ] n=21 胜率=0.0% 平均=-8.77% 累计=-85.5%
2026-08-03 23:22:15,247 [INFO]   [trail_t2  ] n=166 胜率=84.3% 平均=2.55% 累计=5926.1%
2026-08-03 23:22:15,247 [INFO]   score=1.2 | 月复利=1.5% | 笔数=224 胜率=64.3% DD=-9.6% | lev=1.25x | 1.8s
2026-08-03 23:22:15,247 [INFO] ========== ZT回测 2025-12-01→2026-07-31 | top=1 board=gem+star entry=close_t0 sample=300 ==========
2026-08-03 23:22:15,247 [INFO]   进度 20/162 | trades=0 | skip=0 | 0.0s
2026-08-03 23:22:15,248 [INFO]   进度 40/162 | trades=0 | skip=0 | 0.0s
2026-08-03 23:22:15,248 [INFO]   进度 60/162 | trades=0 | skip=0 | 0.0s
2026-08-03 23:22:15,248 [INFO]   进度 80/162 | trades=0 | skip=0 | 0.0s
2026-08-03 23:22:15,249 [INFO]   进度 100/162 | trades=0 | skip=0 | 0.0s
2026-08-03 23:22:15,249 [INFO]   进度 120/162 | trades=0 | skip=0 | 0.0s
2026-08-03 23:22:15,250 [INFO]   进度 140/162 | trades=0 | skip=0 | 0.0s
2026-08-03 23:22:15,250 [INFO]   进度 160/162 | trades=0 | skip=0 | 0.0s
2026-08-03 23:22:15,250 [INFO] ========== ZT回测完成 | trades=0 | fill_rate=20% | 0.0s ==========
2026-08-03 23:22:15,250 [WARNING]   无任何交易产生！
2026-08-03 23:22:15,250 [INFO]   score=-1000.0 | 月复利=0.0% | 笔数=0 胜率=0.0% DD=0.0% | lev=1.00x | 0.0s
2026-08-03 23:22:15,250 [INFO] ========== ZT回测 2025-12-01→2026-07-31 | top=5 board=all entry=open_t1 sample=300 ==========
2026-08-03 23:22:15,251 [INFO]   进度 20/162 | trades=0 | skip=0 | 0.0s
2026-08-03 23:22:15,252 [INFO]   进度 40/162 | trades=0 | skip=0 | 0.0s
2026-08-03 23:22:15,253 [INFO]   进度 60/162 | trades=0 | skip=0 | 0.0s
2026-08-03 23:22:15,254 [INFO]   进度 80/162 | trades=0 | skip=0 | 0.0s
2026-08-03 23:22:15,254 [INFO]   进度 100/162 | trades=0 | skip=0 | 0.0s
2026-08-03 23:22:15,255 [INFO]   进度 120/162 | trades=0 | skip=0 | 0.0s
2026-08-03 23:22:15,256 [INFO]   进度 140/162 | trades=0 | skip=0 | 0.0s
2026-08-03 23:22:15,257 [INFO]   进度 160/162 | trades=0 | skip=0 | 0.0s
2026-08-03 23:22:15,257 [INFO] ========== ZT回测完成 | trades=0 | fill_rate=20% | 0.0s ==========
2026-08-03 23:22:15,257 [WARNING]   无任何交易产生！
2026-08-03 23:22:15,257 [INFO]   score=-1000.0 | 月复利=0.0% | 笔数=0 胜率=0.0% DD=0.0% | lev=1.25x | 0.0s
2026-08-03 23:22:15,257 [INFO] ========== ZT回测 2025-12-01→2026-07-31 | top=3 board=all entry=close_t0 sample=300 ==========
2026-08-03 23:22:15,258 [INFO]   进度 20/162 | trades=0 | skip=0 | 0.0s
2026-08-03 23:22:15,258 [INFO]   进度 40/162 | trades=0 | skip=0 | 0.0s
2026-08-03 23:22:15,259 [INFO]   进度 60/162 | trades=0 | skip=0 | 0.0s
2026-08-03 23:22:15,260 [INFO]   进度 80/162 | trades=0 | skip=0 | 0.0s
2026-08-03 23:22:15,260 [INFO]   进度 100/162 | trades=0 | skip=0 | 0.0s
2026-08-03 23:22:15,261 [INFO]   进度 120/162 | trades=0 | skip=0 | 0.0s
2026-08-03 23:22:15,262 [INFO]   进度 140/162 | trades=0 | skip=0 | 0.0s
2026-08-03 23:22:15,262 [INFO]   进度 160/162 | trades=0 | skip=0 | 0.0s
2026-08-03 23:22:15,262 [INFO] ========== ZT回测完成 | trades=0 | fill_rate=30% | 0.0s ==========
2026-08-03 23:22:15,262 [WARNING]   无任何交易产生！
2026-08-03 23:22:15,262 [INFO]   score=-1000.0 | 月复利=0.0% | 笔数=0 胜率=0.0% DD=0.0% | lev=1.75x | 0.0s
2026-08-03 23:22:15,263 [INFO] ========== ZT回测 2025-12-01→2026-07-31 | top=5 board=main entry=close_t0 sample=300 ==========
2026-08-03 23:22:15,315 [INFO]   进度 20/162 | trades=69 | skip=0 | 0.1s
2026-08-03 23:22:15,379 [INFO]   进度 40/162 | trades=153 | skip=0 | 0.1s
2026-08-03 23:22:15,439 [INFO]   进度 60/162 | trades=222 | skip=0 | 0.2s
2026-08-03 23:22:15,489 [INFO]   进度 80/162 | trades=276 | skip=0 | 0.2s
2026-08-03 23:22:15,554 [INFO]   进度 100/162 | trades=335 | skip=0 | 0.3s
2026-08-03 23:22:15,657 [INFO]   进度 120/162 | trades=410 | skip=0 | 0.4s
2026-08-03 23:22:15,720 [INFO]   进度 140/162 | trades=477 | skip=0 | 0.5s
2026-08-03 23:22:15,773 [INFO]   进度 160/162 | trades=546 | skip=0 | 0.5s
2026-08-03 23:22:15,776 [INFO] ========== ZT回测完成 | trades=550 | fill_rate=50% | 0.5s ==========
2026-08-03 23:22:16,001 [INFO]   笔数=550 | 胜率=84.0% | 平均=1.89% | 日均=15926.15% | 总收益=2516331.8% | 最大回撤=-12.7%
2026-08-03 23:22:16,001 [INFO]   [best      ] n=549 胜率=85.6% 平均=4.16% 累计=374789530411.8%
2026-08-03 23:22:16,001 [INFO]   [close_t1  ] n=549 胜率=57.6% 平均=0.26% 累计=207.1%
2026-08-03 23:22:16,001 [INFO]   [close_t2  ] n=545 胜率=52.7% 平均=1.12% 累计=19068.0%
2026-08-03 23:22:16,001 [INFO]   [close_t3  ] n=544 胜率=51.8% 平均=1.33% 累计=34409.1%
2026-08-03 23:22:16,001 [INFO]   [gap_t1    ] n=549 胜率=57.9% 平均=0.56% 累计=1779.1%
2026-08-03 23:22:16,001 [INFO]   [open_t2   ] n=545 胜率=49.4% 平均=0.76% 累计=3000.2%
2026-08-03 23:22:16,001 [INFO]   [stop_t1   ] n=72 胜率=0.0% 平均=-6.33% 累计=-99.1%
2026-08-03 23:22:16,001 [INFO]   [trail_t2  ] n=466 胜率=89.9% 平均=2.33% 累计=4325762.7%
2026-08-03 23:22:16,002 [INFO]   score=27.7 | 月复利=15.8% | 笔数=550 胜率=84.0% DD=-0.9% | lev=2.00x | 0.7s
2026-08-03 23:22:16,002 [INFO] ========== ZT回测 2025-12-01→2026-07-31 | top=2 board=all entry=close_t0 sample=300 ==========
2026-08-03 23:22:17,556 [INFO] HS300 regime 预计算: 365 天 (bull=203 bear=41 crash=62 unknown=59)
2026-08-03 23:22:17,557 [INFO]   进度 20/162 | trades=0 | skip=6 | 1.6s
2026-08-03 23:22:17,559 [INFO]   进度 40/162 | trades=0 | skip=8 | 1.6s
2026-08-03 23:22:17,561 [INFO]   进度 60/162 | trades=0 | skip=18 | 1.6s
2026-08-03 23:22:17,561 [INFO]   进度 80/162 | trades=0 | skip=36 | 1.6s
2026-08-03 23:22:17,561 [INFO]   进度 100/162 | trades=0 | skip=40 | 1.6s
2026-08-03 23:22:17,564 [INFO]   进度 120/162 | trades=0 | skip=43 | 1.6s
2026-08-03 23:22:17,565 [INFO]   进度 140/162 | trades=0 | skip=50 | 1.6s
2026-08-03 23:22:17,565 [INFO]   进度 160/162 | trades=0 | skip=69 | 1.6s
2026-08-03 23:22:17,565 [INFO] ========== ZT回测完成 | trades=0 | fill_rate=50% | 1.6s ==========
2026-08-03 23:22:17,565 [WARNING]   无任何交易产生！
2026-08-03 23:22:17,565 [INFO]   score=-1000.0 | 月复利=0.0% | 笔数=0 胜率=0.0% DD=0.0% | lev=1.25x | 1.6s
2026-08-03 23:22:17,566 [INFO] ========== ZT回测 2025-12-01→2026-07-31 | top=1 board=main entry=open_t1 sample=300 ==========
2026-08-03 23:22:18,938 [INFO] HS300 regime 预计算: 365 天 (bull=203 bear=41 crash=62 unknown=59)
2026-08-03 23:22:18,938 [INFO]   进度 20/162 | trades=0 | skip=6 | 1.4s
2026-08-03 23:22:18,939 [INFO]   进度 40/162 | trades=0 | skip=8 | 1.4s
2026-08-03 23:22:18,939 [INFO]   进度 60/162 | trades=0 | skip=18 | 1.4s
2026-08-03 23:22:18,939 [INFO]   进度 80/162 | trades=0 | skip=36 | 1.4s
2026-08-03 23:22:18,940 [INFO]   进度 100/162 | trades=0 | skip=40 | 1.4s
2026-08-03 23:22:18,941 [INFO]   进度 120/162 | trades=0 | skip=43 | 1.4s
2026-08-03 23:22:18,942 [INFO]   进度 140/162 | trades=0 | skip=50 | 1.4s
2026-08-03 23:22:18,942 [INFO]   进度 160/162 | trades=0 | skip=69 | 1.4s
2026-08-03 23:22:18,942 [INFO] ========== ZT回测完成 | trades=0 | fill_rate=35% | 1.4s ==========
2026-08-03 23:22:18,942 [WARNING]   无任何交易产生！
2026-08-03 23:22:18,942 [INFO]   score=-1000.0 | 月复利=0.0% | 笔数=0 胜率=0.0% DD=0.0% | lev=1.50x | 1.4s
2026-08-03 23:22:18,942 [INFO] ========== ZT回测 2025-12-01→2026-07-31 | top=3 board=all entry=close_t0 sample=300 ==========
2026-08-03 23:22:18,983 [INFO]   进度 20/162 | trades=57 | skip=0 | 0.0s
2026-08-03 23:22:19,036 [INFO]   进度 40/162 | trades=117 | skip=0 | 0.1s
2026-08-03 23:22:19,084 [INFO]   进度 60/162 | trades=177 | skip=0 | 0.1s
2026-08-03 23:22:19,117 [INFO]   进度 80/162 | trades=237 | skip=0 | 0.2s
2026-08-03 23:22:19,160 [INFO]   进度 100/162 | trades=297 | skip=0 | 0.2s
2026-08-03 23:22:19,201 [INFO]   进度 120/162 | trades=357 | skip=0 | 0.3s
2026-08-03 23:22:19,248 [INFO]   进度 140/162 | trades=417 | skip=0 | 0.3s
2026-08-03 23:22:19,296 [INFO]   进度 160/162 | trades=477 | skip=0 | 0.4s
2026-08-03 23:22:19,299 [INFO] ========== ZT回测完成 | trades=483 | fill_rate=30% | 0.4s ==========
2026-08-03 23:22:19,466 [INFO]   笔数=483 | 胜率=83.2% | 平均=0.96% | 日均=57.83% | 总收益=9310.5% | 最大回撤=-16.2%
2026-08-03 23:22:19,466 [INFO]   [best      ] n=483 胜率=84.5% 平均=2.33% 累计=6028796.5%
2026-08-03 23:22:19,466 [INFO]   [close_t1  ] n=483 胜率=52.8% 平均=-0.17% 累计=-60.5%
2026-08-03 23:22:19,466 [INFO]   [close_t2  ] n=479 胜率=46.1% 平均=-0.06% 累计=-43.4%
2026-08-03 23:22:19,466 [INFO]   [close_t3  ] n=476 胜率=44.8% 平均=-0.16% 累计=-70.3%
2026-08-03 23:22:19,466 [INFO]   [gap_t1    ] n=483 胜率=46.8% 平均=-0.12% 累计=-46.7%
2026-08-03 23:22:19,466 [INFO]   [open_t2   ] n=479 胜率=47.2% 平均=-0.07% 累计=-44.1%
2026-08-03 23:22:19,466 [INFO]   [stop_t1   ] n=236 胜率=0.0% 平均=-3.24% 累计=-100.0%
2026-08-03 23:22:19,466 [INFO]   [trail_t2  ] n=246 胜率=97.6% 平均=1.65% 累计=5442.4%
2026-08-03 23:22:19,466 [INFO]   score=20.1 | 月复利=13.2% | 笔数=483 胜率=83.2% DD=-3.8% | lev=2.00x | 0.5s
2026-08-03 23:22:19,466 [INFO] ========== ZT回测 2025-12-01→2026-07-31 | top=2 board=all entry=close_t0 sample=300 ==========
2026-08-03 23:22:20,875 [INFO] HS300 regime 预计算: 365 天 (bull=203 bear=41 crash=62 unknown=59)
2026-08-03 23:22:20,876 [INFO]   进度 20/162 | trades=0 | skip=6 | 1.4s
2026-08-03 23:22:20,876 [INFO]   进度 40/162 | trades=0 | skip=8 | 1.4s
2026-08-03 23:22:20,878 [INFO]   进度 60/162 | trades=0 | skip=18 | 1.4s
2026-08-03 23:22:20,878 [INFO]   进度 80/162 | trades=0 | skip=36 | 1.4s
2026-08-03 23:22:20,880 [INFO]   进度 100/162 | trades=0 | skip=40 | 1.4s
2026-08-03 23:22:20,881 [INFO]   进度 120/162 | trades=0 | skip=43 | 1.4s
2026-08-03 23:22:20,882 [INFO]   进度 140/162 | trades=0 | skip=50 | 1.4s
2026-08-03 23:22:20,883 [INFO]   进度 160/162 | trades=0 | skip=69 | 1.4s
2026-08-03 23:22:20,883 [INFO] ========== ZT回测完成 | trades=0 | fill_rate=50% | 1.4s ==========
2026-08-03 23:22:20,883 [WARNING]   无任何交易产生！
2026-08-03 23:22:20,883 [INFO]   score=-1000.0 | 月复利=0.0% | 笔数=0 胜率=0.0% DD=0.0% | lev=1.75x | 1.4s
2026-08-03 23:22:20,883 [INFO] ========== ZT回测 2025-12-01→2026-07-31 | top=3 board=all entry=open_t1 sample=300 ==========
2026-08-03 23:22:20,884 [INFO]   进度 20/162 | trades=0 | skip=0 | 0.0s
2026-08-03 23:22:20,885 [INFO]   进度 40/162 | trades=0 | skip=0 | 0.0s
2026-08-03 23:22:20,886 [INFO]   进度 60/162 | trades=0 | skip=0 | 0.0s
2026-08-03 23:22:20,886 [INFO]   进度 80/162 | trades=0 | skip=0 | 0.0s
2026-08-03 23:22:20,887 [INFO]   进度 100/162 | trades=0 | skip=0 | 0.0s
2026-08-03 23:22:20,888 [INFO]   进度 120/162 | trades=0 | skip=0 | 0.0s
2026-08-03 23:22:20,889 [INFO]   进度 140/162 | trades=0 | skip=0 | 0.0s
2026-08-03 23:22:20,889 [INFO]   进度 160/162 | trades=0 | skip=0 | 0.0s
2026-08-03 23:22:20,889 [INFO] ========== ZT回测完成 | trades=0 | fill_rate=100% | 0.0s ==========
2026-08-03 23:22:20,889 [WARNING]   无任何交易产生！
2026-08-03 23:22:20,889 [INFO]   score=-1000.0 | 月复利=0.0% | 笔数=0 胜率=0.0% DD=0.0% | lev=2.00x | 0.0s
2026-08-03 23:22:20,889 [INFO] ========== ZT回测 2025-12-01→2026-07-31 | top=3 board=main entry=close_t0 sample=300 ==========
2026-08-03 23:22:22,381 [INFO] HS300 regime 预计算: 365 天 (bull=203 bear=41 crash=62 unknown=59)
2026-08-03 23:22:22,382 [INFO]   进度 20/162 | trades=0 | skip=6 | 1.5s
2026-08-03 23:22:22,383 [INFO]   进度 40/162 | trades=0 | skip=8 | 1.5s
2026-08-03 23:22:22,383 [INFO]   进度 60/162 | trades=0 | skip=18 | 1.5s
2026-08-03 23:22:22,383 [INFO]   进度 80/162 | trades=0 | skip=36 | 1.5s
2026-08-03 23:22:22,383 [INFO]   进度 100/162 | trades=0 | skip=40 | 1.5s
2026-08-03 23:22:22,384 [INFO]   进度 120/162 | trades=0 | skip=43 | 1.5s
2026-08-03 23:22:22,385 [INFO]   进度 140/162 | trades=0 | skip=50 | 1.5s
2026-08-03 23:22:22,385 [INFO]   进度 160/162 | trades=0 | skip=69 | 1.5s
2026-08-03 23:22:22,385 [INFO] ========== ZT回测完成 | trades=0 | fill_rate=20% | 1.5s ==========
2026-08-03 23:22:22,385 [WARNING]   无任何交易产生！
2026-08-03 23:22:22,385 [INFO]   score=-1000.0 | 月复利=0.0% | 笔数=0 胜率=0.0% DD=0.0% | lev=1.25x | 1.5s
2026-08-03 23:22:22,385 [INFO] ========== ZT回测 2025-12-01→2026-07-31 | top=5 board=gem+star entry=open_t1 sample=300 ==========
2026-08-03 23:22:23,766 [INFO] HS300 regime 预计算: 365 天 (bull=203 bear=41 crash=62 unknown=59)
2026-08-03 23:22:23,807 [INFO]   进度 20/162 | trades=60 | skip=6 | 1.4s
2026-08-03 23:22:23,869 [INFO]   进度 40/162 | trades=143 | skip=8 | 1.5s
2026-08-03 23:22:23,910 [INFO]   进度 60/162 | trades=188 | skip=18 | 1.5s
2026-08-03 23:22:23,918 [INFO]   进度 80/162 | trades=196 | skip=36 | 1.5s
2026-08-03 23:22:23,964 [INFO]   进度 100/162 | trades=254 | skip=40 | 1.6s
2026-08-03 23:22:24,033 [INFO]   进度 120/162 | trades=328 | skip=43 | 1.6s
2026-08-03 23:22:24,081 [INFO]   进度 140/162 | trades=379 | skip=50 | 1.7s
2026-08-03 23:22:24,083 [INFO]   进度 160/162 | trades=384 | skip=69 | 1.7s
2026-08-03 23:22:24,084 [INFO] ========== ZT回测完成 | trades=384 | fill_rate=35% | 1.7s ==========
2026-08-03 23:22:24,205 [INFO]   笔数=384 | 胜率=56.8% | 平均=-0.30% | 日均=-0.83% | 总收益=-75.1% | 最大回撤=-85.1%
2026-08-03 23:22:24,206 [INFO]   [best      ] n=384 胜率=70.0% 平均=1.28% 累计=12403.0%
2026-08-03 23:22:24,206 [INFO]   [close_t1  ] n=384 胜率=18.0% 平均=-1.40% 累计=-99.6%
2026-08-03 23:22:24,206 [INFO]   [close_t2  ] n=384 胜率=42.2% 平均=-0.96% 累计=-98.0%
2026-08-03 23:22:24,206 [INFO]   [close_t3  ] n=383 胜率=40.5% 平均=-0.69% 累计=-95.2%
2026-08-03 23:22:24,206 [INFO]   [gap_t1    ] n=384 胜率=0.0% 平均=0.00% 累计=0.0%
2026-08-03 23:22:24,206 [INFO]   [open_t2   ] n=384 胜率=38.8% 平均=-0.97% 累计=-98.0%
2026-08-03 23:22:24,206 [INFO]   [stop_t1   ] n=81 胜率=0.0% 平均=-4.88% 累计=-98.3%
2026-08-03 23:22:24,206 [INFO]   [trail_t2  ] n=259 胜率=79.5% 平均=1.34% 累计=2898.4%
2026-08-03 23:22:24,206 [INFO]   score=-0.9 | 月复利=-1.3% | 笔数=384 胜率=56.8% DD=-12.1% | lev=1.25x | 1.8s
2026-08-03 23:22:24,206 [INFO] ========== ZT回测 2025-12-01→2026-07-31 | top=1 board=gem+star entry=open_t1 sample=300 ==========
2026-08-03 23:22:24,208 [INFO]   进度 20/162 | trades=0 | skip=0 | 0.0s
2026-08-03 23:22:24,209 [INFO]   进度 40/162 | trades=0 | skip=0 | 0.0s
2026-08-03 23:22:24,211 [INFO]   进度 60/162 | trades=0 | skip=0 | 0.0s
2026-08-03 23:22:24,211 [INFO]   进度 80/162 | trades=0 | skip=0 | 0.0s
2026-08-03 23:22:24,212 [INFO]   进度 100/162 | trades=0 | skip=0 | 0.0s
2026-08-03 23:22:24,213 [INFO]   进度 120/162 | trades=0 | skip=0 | 0.0s
2026-08-03 23:22:24,214 [INFO]   进度 140/162 | trades=0 | skip=0 | 0.0s
2026-08-03 23:22:24,215 [INFO]   进度 160/162 | trades=0 | skip=0 | 0.0s
2026-08-03 23:22:24,215 [INFO] ========== ZT回测完成 | trades=0 | fill_rate=20% | 0.0s ==========
2026-08-03 23:22:24,215 [WARNING]   无任何交易产生！
2026-08-03 23:22:24,215 [INFO]   score=-1000.0 | 月复利=0.0% | 笔数=0 胜率=0.0% DD=0.0% | lev=2.00x | 0.0s
2026-08-03 23:22:24,215 [INFO] ========== ZT回测 2025-12-01→2026-07-31 | top=5 board=all entry=open_t1 sample=300 ==========
2026-08-03 23:22:25,803 [INFO] HS300 regime 预计算: 365 天 (bull=203 bear=41 crash=62 unknown=59)
2026-08-03 23:22:25,856 [INFO]   进度 20/162 | trades=65 | skip=6 | 1.6s
2026-08-03 23:22:25,934 [INFO]   进度 40/162 | trades=155 | skip=8 | 1.7s
2026-08-03 23:22:25,967 [INFO]   进度 60/162 | trades=205 | skip=18 | 1.8s
2026-08-03 23:22:25,976 [INFO]   进度 80/162 | trades=215 | skip=36 | 1.8s
2026-08-03 23:22:26,032 [INFO]   进度 100/162 | trades=295 | skip=40 | 1.8s
2026-08-03 23:22:26,084 [INFO]   进度 120/162 | trades=380 | skip=43 | 1.9s
2026-08-03 23:22:26,124 [INFO]   进度 140/162 | trades=445 | skip=50 | 1.9s
2026-08-03 23:22:26,126 [INFO]   进度 160/162 | trades=450 | skip=69 | 1.9s
2026-08-03 23:22:26,126 [INFO] ========== ZT回测完成 | trades=450 | fill_rate=100% | 1.9s ==========
2026-08-03 23:22:26,254 [INFO]   笔数=450 | 胜率=56.2% | 平均=-0.69% | 日均=-1.11% | 总收益=-99.7% | 最大回撤=-99.8%
2026-08-03 23:22:26,254 [INFO]   [best      ] n=450 胜率=70.7% 平均=3.88% 累计=1439741159.9%
2026-08-03 23:22:26,254 [INFO]   [close_t1  ] n=450 胜率=24.4% 平均=-3.86% 累计=-100.0%
2026-08-03 23:22:26,254 [INFO]   [close_t2  ] n=450 胜率=34.2% 平均=-3.71% 累计=-100.0%
2026-08-03 23:22:26,254 [INFO]   [close_t3  ] n=449 胜率=34.3% 平均=-3.73% 累计=-100.0%
2026-08-03 23:22:26,254 [INFO]   [gap_t1    ] n=450 胜率=0.0% 平均=0.00% 累计=0.0%
2026-08-03 23:22:26,254 [INFO]   [open_t2   ] n=450 胜率=34.4% 平均=-3.66% 累计=-100.0%
2026-08-03 23:22:26,254 [INFO]   [stop_t1   ] n=263 胜率=0.0% 平均=-10.84% 累计=-100.0%
2026-08-03 23:22:26,254 [INFO]   [trail_t2  ] n=187 胜率=82.9% 平均=7.03% 累计=24050736.9%
2026-08-03 23:22:26,254 [INFO]   score=-1.6 | 月复利=-3.1% | 笔数=450 胜率=56.2% DD=-26.6% | lev=1.75x | 2.0s
2026-08-03 23:22:26,255 [INFO] ========== ZT回测 2025-12-01→2026-07-31 | top=3 board=all entry=open_t1 sample=300 ==========
2026-08-03 23:22:27,571 [INFO] HS300 regime 预计算: 365 天 (bull=203 bear=41 crash=62 unknown=59)
2026-08-03 23:22:27,572 [INFO]   进度 20/162 | trades=0 | skip=6 | 1.3s
2026-08-03 23:22:27,572 [INFO]   进度 40/162 | trades=0 | skip=8 | 1.3s
2026-08-03 23:22:27,572 [INFO]   进度 60/162 | trades=0 | skip=18 | 1.3s
2026-08-03 23:22:27,572 [INFO]   进度 80/162 | trades=0 | skip=36 | 1.3s
2026-08-03 23:22:27,573 [INFO]   进度 100/162 | trades=0 | skip=40 | 1.3s
2026-08-03 23:22:27,573 [INFO]   进度 120/162 | trades=0 | skip=43 | 1.3s
2026-08-03 23:22:27,573 [INFO]   进度 140/162 | trades=0 | skip=50 | 1.3s
2026-08-03 23:22:27,573 [INFO]   进度 160/162 | trades=0 | skip=69 | 1.3s
2026-08-03 23:22:27,573 [INFO] ========== ZT回测完成 | trades=0 | fill_rate=35% | 1.3s ==========
2026-08-03 23:22:27,573 [WARNING]   无任何交易产生！
2026-08-03 23:22:27,573 [INFO]   score=-1000.0 | 月复利=0.0% | 笔数=0 胜率=0.0% DD=0.0% | lev=1.50x | 1.3s
2026-08-03 23:22:27,574 [INFO] ========== ZT回测 2025-12-01→2026-07-31 | top=3 board=all entry=open_t1 sample=300 ==========
2026-08-03 23:22:29,087 [INFO] HS300 regime 预计算: 365 天 (bull=203 bear=41 crash=62 unknown=59)
2026-08-03 23:22:29,088 [INFO]   进度 20/162 | trades=0 | skip=6 | 1.5s
2026-08-03 23:22:29,090 [INFO]   进度 40/162 | trades=0 | skip=8 | 1.5s
2026-08-03 23:22:29,091 [INFO]   进度 60/162 | trades=0 | skip=18 | 1.5s
2026-08-03 23:22:29,092 [INFO]   进度 80/162 | trades=0 | skip=36 | 1.5s
2026-08-03 23:22:29,092 [INFO]   进度 100/162 | trades=0 | skip=40 | 1.5s
2026-08-03 23:22:29,093 [INFO]   进度 120/162 | trades=0 | skip=43 | 1.5s
2026-08-03 23:22:29,097 [INFO]   进度 140/162 | trades=0 | skip=50 | 1.5s
2026-08-03 23:22:29,098 [INFO]   进度 160/162 | trades=0 | skip=69 | 1.5s
2026-08-03 23:22:29,098 [INFO] ========== ZT回测完成 | trades=0 | fill_rate=40% | 1.5s ==========
2026-08-03 23:22:29,098 [WARNING]   无任何交易产生！
2026-08-03 23:22:29,098 [INFO]   score=-1000.0 | 月复利=0.0% | 笔数=0 胜率=0.0% DD=0.0% | lev=2.00x | 1.5s
2026-08-03 23:22:29,098 [INFO] ========== ZT回测 2025-12-01→2026-07-31 | top=3 board=all entry=close_t0 sample=300 ==========
2026-08-03 23:22:30,496 [INFO] HS300 regime 预计算: 365 天 (bull=203 bear=41 crash=62 unknown=59)
2026-08-03 23:22:30,496 [INFO]   进度 20/162 | trades=0 | skip=6 | 1.4s
2026-08-03 23:22:30,497 [INFO]   进度 40/162 | trades=0 | skip=8 | 1.4s
2026-08-03 23:22:30,497 [INFO]   进度 60/162 | trades=0 | skip=18 | 1.4s
2026-08-03 23:22:30,497 [INFO]   进度 80/162 | trades=0 | skip=36 | 1.4s
2026-08-03 23:22:30,497 [INFO]   进度 100/162 | trades=0 | skip=40 | 1.4s
2026-08-03 23:22:30,497 [INFO]   进度 120/162 | trades=0 | skip=43 | 1.4s
2026-08-03 23:22:30,498 [INFO]   进度 140/162 | trades=0 | skip=50 | 1.4s
2026-08-03 23:22:30,498 [INFO]   进度 160/162 | trades=0 | skip=69 | 1.4s
2026-08-03 23:22:30,498 [INFO] ========== ZT回测完成 | trades=0 | fill_rate=35% | 1.4s ==========
2026-08-03 23:22:30,498 [WARNING]   无任何交易产生！
2026-08-03 23:22:30,498 [INFO]   score=-1000.0 | 月复利=0.0% | 笔数=0 胜率=0.0% DD=0.0% | lev=1.25x | 1.4s
2026-08-03 23:22:30,498 [INFO] ========== ZT回测 2025-12-01→2026-07-31 | top=1 board=main entry=close_t0 sample=300 ==========
2026-08-03 23:22:30,498 [INFO]   进度 20/162 | trades=0 | skip=0 | 0.0s
2026-08-03 23:22:30,499 [INFO]   进度 40/162 | trades=0 | skip=0 | 0.0s
2026-08-03 23:22:30,499 [INFO]   进度 60/162 | trades=0 | skip=0 | 0.0s
2026-08-03 23:22:30,499 [INFO]   进度 80/162 | trades=0 | skip=0 | 0.0s
2026-08-03 23:22:30,499 [INFO]   进度 100/162 | trades=0 | skip=0 | 0.0s
2026-08-03 23:22:30,500 [INFO]   进度 120/162 | trades=0 | skip=0 | 0.0s
2026-08-03 23:22:30,500 [INFO]   进度 140/162 | trades=0 | skip=0 | 0.0s
2026-08-03 23:22:30,500 [INFO]   进度 160/162 | trades=0 | skip=0 | 0.0s
2026-08-03 23:22:30,500 [INFO] ========== ZT回测完成 | trades=0 | fill_rate=50% | 0.0s ==========
2026-08-03 23:22:30,500 [WARNING]   无任何交易产生！
2026-08-03 23:22:30,500 [INFO]   score=-1000.0 | 月复利=0.0% | 笔数=0 胜率=0.0% DD=0.0% | lev=2.00x | 0.0s
2026-08-03 23:22:30,500 [INFO] ========== ZT回测 2025-12-01→2026-07-31 | top=1 board=main entry=close_t0 sample=300 ==========
2026-08-03 23:22:30,500 [INFO]   进度 20/162 | trades=0 | skip=0 | 0.0s
2026-08-03 23:22:30,501 [INFO]   进度 40/162 | trades=0 | skip=0 | 0.0s
2026-08-03 23:22:30,501 [INFO]   进度 60/162 | trades=0 | skip=0 | 0.0s
2026-08-03 23:22:30,501 [INFO]   进度 80/162 | trades=0 | skip=0 | 0.0s
2026-08-03 23:22:30,501 [INFO]   进度 100/162 | trades=0 | skip=0 | 0.0s
2026-08-03 23:22:30,501 [INFO]   进度 120/162 | trades=0 | skip=0 | 0.0s
2026-08-03 23:22:30,502 [INFO]   进度 140/162 | trades=0 | skip=0 | 0.0s
2026-08-03 23:22:30,503 [INFO]   进度 160/162 | trades=0 | skip=0 | 0.0s
2026-08-03 23:22:30,503 [INFO] ========== ZT回测完成 | trades=0 | fill_rate=25% | 0.0s ==========
2026-08-03 23:22:30,503 [WARNING]   无任何交易产生！
2026-08-03 23:22:30,503 [INFO]   score=-1000.0 | 月复利=0.0% | 笔数=0 胜率=0.0% DD=0.0% | lev=2.00x | 0.0s
2026-08-03 23:22:30,503 [INFO] ========== ZT回测 2025-12-01→2026-07-31 | top=2 board=all entry=open_t1 sample=300 ==========
2026-08-03 23:22:31,911 [INFO] HS300 regime 预计算: 365 天 (bull=203 bear=41 crash=62 unknown=59)
2026-08-03 23:22:31,912 [INFO]   进度 20/162 | trades=0 | skip=6 | 1.4s
2026-08-03 23:22:31,913 [INFO]   进度 40/162 | trades=0 | skip=8 | 1.4s
2026-08-03 23:22:31,913 [INFO]   进度 60/162 | trades=0 | skip=18 | 1.4s
2026-08-03 23:22:31,913 [INFO]   进度 80/162 | trades=0 | skip=36 | 1.4s
2026-08-03 23:22:31,913 [INFO]   进度 100/162 | trades=0 | skip=40 | 1.4s
2026-08-03 23:22:31,913 [INFO]   进度 120/162 | trades=0 | skip=43 | 1.4s
2026-08-03 23:22:31,914 [INFO]   进度 140/162 | trades=0 | skip=50 | 1.4s
2026-08-03 23:22:31,914 [INFO]   进度 160/162 | trades=0 | skip=69 | 1.4s
2026-08-03 23:22:31,914 [INFO] ========== ZT回测完成 | trades=0 | fill_rate=50% | 1.4s ==========
2026-08-03 23:22:31,914 [WARNING]   无任何交易产生！
2026-08-03 23:22:31,914 [INFO]   score=-1000.0 | 月复利=0.0% | 笔数=0 胜率=0.0% DD=0.0% | lev=1.25x | 1.4s
2026-08-03 23:22:31,914 [INFO] ========== ZT回测 2025-12-01→2026-07-31 | top=3 board=main entry=close_t0 sample=300 ==========
2026-08-03 23:22:33,412 [INFO] HS300 regime 预计算: 365 天 (bull=203 bear=41 crash=62 unknown=59)
2026-08-03 23:22:33,439 [INFO]   进度 20/162 | trades=39 | skip=6 | 1.5s
2026-08-03 23:22:33,482 [INFO]   进度 40/162 | trades=93 | skip=8 | 1.6s
2026-08-03 23:22:33,500 [INFO]   进度 60/162 | trades=123 | skip=18 | 1.6s
2026-08-03 23:22:33,504 [INFO]   进度 80/162 | trades=129 | skip=36 | 1.6s
2026-08-03 23:22:33,539 [INFO]   进度 100/162 | trades=177 | skip=40 | 1.6s
2026-08-03 23:22:33,578 [INFO]   进度 120/162 | trades=228 | skip=43 | 1.7s
2026-08-03 23:22:33,603 [INFO]   进度 140/162 | trades=267 | skip=50 | 1.7s
2026-08-03 23:22:33,604 [INFO]   进度 160/162 | trades=270 | skip=69 | 1.7s
2026-08-03 23:22:33,605 [INFO] ========== ZT回测完成 | trades=270 | fill_rate=100% | 1.7s ==========
2026-08-03 23:22:33,710 [INFO]   笔数=270 | 胜率=81.5% | 平均=2.85% | 日均=1514.84% | 总收益=136335.7% | 最大回撤=-33.1%
2026-08-03 23:22:33,710 [INFO]   [best      ] n=270 胜率=85.6% 平均=6.33% 累计=907118518.8%
2026-08-03 23:22:33,710 [INFO]   [close_t1  ] n=270 胜率=41.5% 平均=-1.22% 累计=-97.9%
2026-08-03 23:22:33,710 [INFO]   [close_t2  ] n=270 胜率=38.9% 平均=-1.03% 累计=-98.4%
2026-08-03 23:22:33,710 [INFO]   [close_t3  ] n=270 胜率=42.6% 平均=-0.60% 累计=-97.6%
2026-08-03 23:22:33,710 [INFO]   [gap_t1    ] n=270 胜率=39.3% 平均=-0.98% 累计=-94.7%
2026-08-03 23:22:33,710 [INFO]   [open_t2   ] n=270 胜率=36.7% 平均=-1.08% 累计=-98.5%
2026-08-03 23:22:33,710 [INFO]   [stop_t1   ] n=10 胜率=0.0% 平均=-13.60% 累计=-76.8%
2026-08-03 23:22:33,710 [INFO]   [trail_t2  ] n=255 胜率=82.8% 平均=3.19% 累计=250617.8%
2026-08-03 23:22:33,710 [INFO]   score=40.3 | 月复利=21.0% | 笔数=270 胜率=81.5% DD=-6.0% | lev=1.75x | 1.8s
2026-08-03 23:22:33,710 [INFO] ========== ZT回测 2025-12-01→2026-07-31 | top=5 board=gem+star entry=open_t1 sample=300 ==========
2026-08-03 23:22:33,711 [INFO]   进度 20/162 | trades=0 | skip=0 | 0.0s
2026-08-03 23:22:33,711 [INFO]   进度 40/162 | trades=0 | skip=0 | 0.0s
2026-08-03 23:22:33,712 [INFO]   进度 60/162 | trades=0 | skip=0 | 0.0s
2026-08-03 23:22:33,712 [INFO]   进度 80/162 | trades=0 | skip=0 | 0.0s
2026-08-03 23:22:33,712 [INFO]   进度 100/162 | trades=0 | skip=0 | 0.0s
2026-08-03 23:22:33,712 [INFO]   进度 120/162 | trades=0 | skip=0 | 0.0s
2026-08-03 23:22:33,713 [INFO]   进度 140/162 | trades=0 | skip=0 | 0.0s
2026-08-03 23:22:33,713 [INFO]   进度 160/162 | trades=0 | skip=0 | 0.0s
2026-08-03 23:22:33,713 [INFO] ========== ZT回测完成 | trades=0 | fill_rate=35% | 0.0s ==========
2026-08-03 23:22:33,713 [WARNING]   无任何交易产生！
2026-08-03 23:22:33,713 [INFO]   score=-1000.0 | 月复利=0.0% | 笔数=0 胜率=0.0% DD=0.0% | lev=2.00x | 0.0s
2026-08-03 23:22:33,713 [INFO] ========== ZT回测 2025-12-01→2026-07-31 | top=2 board=all entry=close_t0 sample=300 ==========
2026-08-03 23:22:35,218 [INFO] HS300 regime 预计算: 365 天 (bull=203 bear=41 crash=62 unknown=59)
2026-08-03 23:22:35,236 [INFO]   进度 20/162 | trades=26 | skip=6 | 1.5s
2026-08-03 23:22:35,264 [INFO]   进度 40/162 | trades=62 | skip=8 | 1.6s
2026-08-03 23:22:35,290 [INFO]   进度 60/162 | trades=82 | skip=18 | 1.6s
2026-08-03 23:22:35,296 [INFO]   进度 80/162 | trades=86 | skip=36 | 1.6s
2026-08-03 23:22:35,330 [INFO]   进度 100/162 | trades=118 | skip=40 | 1.6s
2026-08-03 23:22:35,357 [INFO]   进度 120/162 | trades=152 | skip=43 | 1.6s
2026-08-03 23:22:35,380 [INFO]   进度 140/162 | trades=178 | skip=50 | 1.7s
2026-08-03 23:22:35,382 [INFO]   进度 160/162 | trades=180 | skip=69 | 1.7s
2026-08-03 23:22:35,382 [INFO] ========== ZT回测完成 | trades=180 | fill_rate=40% | 1.7s ==========
2026-08-03 23:22:35,535 [INFO]   笔数=180 | 胜率=76.1% | 平均=1.06% | 日均=5.98% | 总收益=538.0% | 最大回撤=-11.2%
2026-08-03 23:22:35,535 [INFO]   [best      ] n=180 胜率=79.4% 平均=2.53% 累计=8304.0%
2026-08-03 23:22:35,535 [INFO]   [close_t1  ] n=180 胜率=47.2% 平均=-0.60% 累计=-68.5%
2026-08-03 23:22:35,535 [INFO]   [close_t2  ] n=180 胜率=41.7% 平均=-0.59% 累计=-70.5%
2026-08-03 23:22:35,535 [INFO]   [close_t3  ] n=180 胜率=40.6% 平均=-0.71% 累计=-77.8%
2026-08-03 23:22:35,535 [INFO]   [gap_t1    ] n=180 胜率=37.8% 平均=-0.54% 累计=-63.5%
2026-08-03 23:22:35,535 [INFO]   [open_t2   ] n=180 胜率=41.1% 平均=-0.62% 累计=-72.3%
2026-08-03 23:22:35,535 [INFO]   [stop_t1   ] n=47 胜率=0.0% 平均=-5.16% 累计=-91.7%
2026-08-03 23:22:35,535 [INFO]   [trail_t2  ] n=129 胜率=75.2% 平均=0.90% 累计=214.2%
2026-08-03 23:22:35,536 [INFO]   score=13.1 | 月复利=9.1% | 笔数=180 胜率=76.1% DD=-4.3% | lev=1.50x | 1.8s
2026-08-03 23:22:35,536 [INFO] ========== ZT回测 2025-12-01→2026-07-31 | top=1 board=all entry=open_t1 sample=300 ==========
2026-08-03 23:22:35,536 [INFO]   进度 20/162 | trades=0 | skip=0 | 0.0s
2026-08-03 23:22:35,537 [INFO]   进度 40/162 | trades=0 | skip=0 | 0.0s
2026-08-03 23:22:35,537 [INFO]   进度 60/162 | trades=0 | skip=0 | 0.0s
2026-08-03 23:22:35,538 [INFO]   进度 80/162 | trades=0 | skip=0 | 0.0s
2026-08-03 23:22:35,538 [INFO]   进度 100/162 | trades=0 | skip=0 | 0.0s
2026-08-03 23:22:35,538 [INFO]   进度 120/162 | trades=0 | skip=0 | 0.0s
2026-08-03 23:22:35,539 [INFO]   进度 140/162 | trades=0 | skip=0 | 0.0s
2026-08-03 23:22:35,539 [INFO]   进度 160/162 | trades=0 | skip=0 | 0.0s
2026-08-03 23:22:35,539 [INFO] ========== ZT回测完成 | trades=0 | fill_rate=30% | 0.0s ==========
2026-08-03 23:22:35,539 [WARNING]   无任何交易产生！
2026-08-03 23:22:35,539 [INFO]   score=-1000.0 | 月复利=0.0% | 笔数=0 胜率=0.0% DD=0.0% | lev=1.00x | 0.0s
2026-08-03 23:22:35,540 [INFO] ========== ZT回测 2025-12-01→2026-07-31 | top=5 board=gem+star entry=close_t0 sample=300 ==========
2026-08-03 23:22:37,111 [INFO] HS300 regime 预计算: 365 天 (bull=203 bear=41 crash=62 unknown=59)
2026-08-03 23:22:37,112 [INFO]   进度 20/162 | trades=0 | skip=6 | 1.6s
2026-08-03 23:22:37,113 [INFO]   进度 40/162 | trades=0 | skip=8 | 1.6s
2026-08-03 23:22:37,114 [INFO]   进度 60/162 | trades=0 | skip=18 | 1.6s
2026-08-03 23:22:37,114 [INFO]   进度 80/162 | trades=0 | skip=36 | 1.6s
2026-08-03 23:22:37,115 [INFO]   进度 100/162 | trades=0 | skip=40 | 1.6s
2026-08-03 23:22:37,116 [INFO]   进度 120/162 | trades=0 | skip=43 | 1.6s
2026-08-03 23:22:37,118 [INFO]   进度 140/162 | trades=0 | skip=50 | 1.6s
2026-08-03 23:22:37,118 [INFO]   进度 160/162 | trades=0 | skip=69 | 1.6s
2026-08-03 23:22:37,118 [INFO] ========== ZT回测完成 | trades=0 | fill_rate=35% | 1.6s ==========
2026-08-03 23:22:37,118 [WARNING]   无任何交易产生！
2026-08-03 23:22:37,118 [INFO]   score=-1000.0 | 月复利=0.0% | 笔数=0 胜率=0.0% DD=0.0% | lev=1.75x | 1.6s
2026-08-03 23:22:37,118 [INFO] ========== ZT回测 2025-12-01→2026-07-31 | top=1 board=gem+star entry=open_t1 sample=300 ==========
2026-08-03 23:22:38,657 [INFO] HS300 regime 预计算: 365 天 (bull=203 bear=41 crash=62 unknown=59)
2026-08-03 23:22:38,658 [INFO]   进度 20/162 | trades=0 | skip=6 | 1.5s
2026-08-03 23:22:38,658 [INFO]   进度 40/162 | trades=0 | skip=8 | 1.5s
2026-08-03 23:22:38,659 [INFO]   进度 60/162 | trades=0 | skip=18 | 1.5s
2026-08-03 23:22:38,659 [INFO]   进度 80/162 | trades=0 | skip=36 | 1.5s
2026-08-03 23:22:38,659 [INFO]   进度 100/162 | trades=0 | skip=40 | 1.5s
2026-08-03 23:22:38,660 [INFO]   进度 120/162 | trades=0 | skip=43 | 1.5s
2026-08-03 23:22:38,661 [INFO]   进度 140/162 | trades=0 | skip=50 | 1.5s
2026-08-03 23:22:38,661 [INFO]   进度 160/162 | trades=0 | skip=69 | 1.5s
2026-08-03 23:22:38,661 [INFO] ========== ZT回测完成 | trades=0 | fill_rate=20% | 1.5s ==========
2026-08-03 23:22:38,661 [WARNING]   无任何交易产生！
2026-08-03 23:22:38,661 [INFO]   score=-1000.0 | 月复利=0.0% | 笔数=0 胜率=0.0% DD=0.0% | lev=1.50x | 1.5s
2026-08-03 23:22:38,662 [INFO] ========== ZT回测 2025-12-01→2026-07-31 | top=1 board=gem+star entry=open_t1 sample=300 ==========
2026-08-03 23:22:38,663 [INFO]   进度 20/162 | trades=0 | skip=0 | 0.0s
2026-08-03 23:22:38,663 [INFO]   进度 40/162 | trades=0 | skip=0 | 0.0s
2026-08-03 23:22:38,664 [INFO]   进度 60/162 | trades=0 | skip=0 | 0.0s
2026-08-03 23:22:38,665 [INFO]   进度 80/162 | trades=0 | skip=0 | 0.0s
2026-08-03 23:22:38,665 [INFO]   进度 100/162 | trades=0 | skip=0 | 0.0s
2026-08-03 23:22:38,665 [INFO]   进度 120/162 | trades=0 | skip=0 | 0.0s
2026-08-03 23:22:38,666 [INFO]   进度 140/162 | trades=0 | skip=0 | 0.0s
2026-08-03 23:22:38,666 [INFO]   进度 160/162 | trades=0 | skip=0 | 0.0s
2026-08-03 23:22:38,666 [INFO] ========== ZT回测完成 | trades=0 | fill_rate=25% | 0.0s ==========
2026-08-03 23:22:38,666 [WARNING]   无任何交易产生！
2026-08-03 23:22:38,666 [INFO]   score=-1000.0 | 月复利=0.0% | 笔数=0 胜率=0.0% DD=0.0% | lev=1.50x | 0.0s
2026-08-03 23:22:38,666 [INFO] ========== ZT回测 2025-12-01→2026-07-31 | top=2 board=gem+star entry=open_t1 sample=300 ==========
2026-08-03 23:22:40,132 [INFO] HS300 regime 预计算: 365 天 (bull=203 bear=41 crash=62 unknown=59)
2026-08-03 23:22:40,158 [INFO]   进度 20/162 | trades=21 | skip=6 | 1.5s
2026-08-03 23:22:40,183 [INFO]   进度 40/162 | trades=52 | skip=8 | 1.5s
2026-08-03 23:22:40,206 [INFO]   进度 60/162 | trades=67 | skip=18 | 1.5s
2026-08-03 23:22:40,207 [INFO]   进度 80/162 | trades=70 | skip=36 | 1.5s
2026-08-03 23:22:40,217 [INFO]   进度 100/162 | trades=85 | skip=40 | 1.6s
2026-08-03 23:22:40,233 [INFO]   进度 120/162 | trades=106 | skip=43 | 1.6s
2026-08-03 23:22:40,245 [INFO]   进度 140/162 | trades=122 | skip=50 | 1.6s
2026-08-03 23:22:40,248 [INFO]   进度 160/162 | trades=124 | skip=69 | 1.6s
2026-08-03 23:22:40,248 [INFO] ========== ZT回测完成 | trades=124 | fill_rate=100% | 1.6s ==========
2026-08-03 23:22:40,385 [INFO]   笔数=124 | 胜率=61.3% | 平均=-0.13% | 日均=-0.81% | 总收益=-61.1% | 最大回撤=-75.4%
2026-08-03 23:22:40,385 [INFO]   [best      ] n=124 胜率=71.8% 平均=4.17% 累计=13211.9%
2026-08-03 23:22:40,385 [INFO]   [close_t1  ] n=124 胜率=19.4% 平均=-4.18% 累计=-99.6%
2026-08-03 23:22:40,385 [INFO]   [close_t2  ] n=124 胜率=42.7% 平均=-2.43% 累计=-97.8%
2026-08-03 23:22:40,385 [INFO]   [close_t3  ] n=124 胜率=46.8% 平均=-1.08% 累计=-92.8%
2026-08-03 23:22:40,385 [INFO]   [gap_t1    ] n=124 胜率=0.0% 平均=0.00% 累计=0.0%
2026-08-03 23:22:40,385 [INFO]   [open_t2   ] n=124 胜率=38.7% 平均=-3.14% 累计=-98.9%
2026-08-03 23:22:40,385 [INFO]   [stop_t1   ] n=43 胜率=0.0% 平均=-13.01% 累计=-99.8%
2026-08-03 23:22:40,385 [INFO]   [trail_t2  ] n=73 胜率=90.4% 平均=6.71% 累计=10535.4%
2026-08-03 23:22:40,385 [INFO]   score=-1.1 | 月复利=-2.6% | 笔数=124 胜率=61.3% DD=-35.2% | lev=1.50x | 1.7s
2026-08-03 23:22:40,386 [INFO] ========== ZT回测 2025-12-01→2026-07-31 | top=5 board=main entry=close_t0 sample=300 ==========
2026-08-03 23:22:40,386 [INFO]   进度 20/162 | trades=0 | skip=0 | 0.0s
2026-08-03 23:22:40,387 [INFO]   进度 40/162 | trades=0 | skip=0 | 0.0s
2026-08-03 23:22:40,388 [INFO]   进度 60/162 | trades=0 | skip=0 | 0.0s
2026-08-03 23:22:40,389 [INFO]   进度 80/162 | trades=0 | skip=0 | 0.0s
2026-08-03 23:22:40,390 [INFO]   进度 100/162 | trades=0 | skip=0 | 0.0s
2026-08-03 23:22:40,391 [INFO]   进度 120/162 | trades=0 | skip=0 | 0.0s
2026-08-03 23:22:40,392 [INFO]   进度 140/162 | trades=0 | skip=0 | 0.0s
2026-08-03 23:22:40,393 [INFO]   进度 160/162 | trades=0 | skip=0 | 0.0s
2026-08-03 23:22:40,393 [INFO] ========== ZT回测完成 | trades=0 | fill_rate=50% | 0.0s ==========
2026-08-03 23:22:40,393 [WARNING]   无任何交易产生！
2026-08-03 23:22:40,393 [INFO]   score=-1000.0 | 月复利=0.0% | 笔数=0 胜率=0.0% DD=0.0% | lev=1.25x | 0.0s
2026-08-03 23:22:40,394 [INFO] ========== ZT回测 2025-12-01→2026-07-31 | top=2 board=all entry=open_t1 sample=300 ==========
2026-08-03 23:22:40,395 [INFO]   进度 20/162 | trades=0 | skip=0 | 0.0s
2026-08-03 23:22:40,396 [INFO]   进度 40/162 | trades=0 | skip=0 | 0.0s
2026-08-03 23:22:40,397 [INFO]   进度 60/162 | trades=0 | skip=0 | 0.0s
2026-08-03 23:22:40,397 [INFO]   进度 80/162 | trades=0 | skip=0 | 0.0s
2026-08-03 23:22:40,398 [INFO]   进度 100/162 | trades=0 | skip=0 | 0.0s
2026-08-03 23:22:40,400 [INFO]   进度 120/162 | trades=0 | skip=0 | 0.0s
2026-08-03 23:22:40,402 [INFO]   进度 140/162 | trades=0 | skip=0 | 0.0s
2026-08-03 23:22:40,403 [INFO]   进度 160/162 | trades=0 | skip=0 | 0.0s
2026-08-03 23:22:40,403 [INFO] ========== ZT回测完成 | trades=0 | fill_rate=25% | 0.0s ==========
2026-08-03 23:22:40,403 [WARNING]   无任何交易产生！
2026-08-03 23:22:40,403 [INFO]   score=-1000.0 | 月复利=0.0% | 笔数=0 胜率=0.0% DD=0.0% | lev=1.25x | 0.0s
2026-08-03 23:22:40,403 [INFO] ========== ZT回测 2025-12-01→2026-07-31 | top=1 board=all entry=close_t0 sample=300 ==========
2026-08-03 23:22:41,766 [INFO] HS300 regime 预计算: 365 天 (bull=203 bear=41 crash=62 unknown=59)
2026-08-03 23:22:41,774 [INFO]   进度 20/162 | trades=13 | skip=6 | 1.4s
2026-08-03 23:22:41,787 [INFO]   进度 40/162 | trades=31 | skip=8 | 1.4s
2026-08-03 23:22:41,792 [INFO]   进度 60/162 | trades=41 | skip=18 | 1.4s
2026-08-03 23:22:41,794 [INFO]   进度 80/162 | trades=43 | skip=36 | 1.4s
2026-08-03 23:22:41,803 [INFO]   进度 100/162 | trades=59 | skip=40 | 1.4s
2026-08-03 23:22:41,815 [INFO]   进度 120/162 | trades=76 | skip=43 | 1.4s
2026-08-03 23:22:41,823 [INFO]   进度 140/162 | trades=89 | skip=50 | 1.4s
2026-08-03 23:22:41,824 [INFO]   进度 160/162 | trades=90 | skip=69 | 1.4s
2026-08-03 23:22:41,824 [INFO] ========== ZT回测完成 | trades=90 | fill_rate=50% | 1.4s ==========
2026-08-03 23:22:41,913 [INFO]   笔数=90 | 胜率=74.4% | 平均=1.23% | 日均=2.14% | 总收益=192.7% | 最大回撤=-10.8%
2026-08-03 23:22:41,913 [INFO]   [best      ] n=90 胜率=82.2% 平均=2.66% 累计=911.7%
2026-08-03 23:22:41,913 [INFO]   [close_t1  ] n=90 胜率=36.7% 平均=-0.88% 累计=-56.5%
2026-08-03 23:22:41,913 [INFO]   [close_t2  ] n=90 胜率=36.7% 平均=-0.89% 累计=-59.2%
2026-08-03 23:22:41,913 [INFO]   [close_t3  ] n=90 胜率=41.1% 平均=-0.72% 累计=-55.2%
2026-08-03 23:22:41,913 [INFO]   [gap_t1    ] n=90 胜率=31.1% 平均=-0.84% 累计=-53.9%
2026-08-03 23:22:41,913 [INFO]   [open_t2   ] n=90 胜率=33.3% 平均=-1.02% 累计=-63.2%
2026-08-03 23:22:41,913 [INFO]   [stop_t1   ] n=45 胜率=0.0% 平均=-4.81% 累计=-89.1%
2026-08-03 23:22:41,913 [INFO]   [trail_t2  ] n=45 胜率=95.6% 平均=2.34% 累计=182.4%
2026-08-03 23:22:41,914 [INFO]   score=28.0 | 月复利=19.2% | 笔数=90 胜率=74.4% DD=-13.4% | lev=1.25x | 1.5s
2026-08-03 23:22:41,914 [INFO] ========== ZT回测 2025-12-01→2026-07-31 | top=5 board=gem+star entry=close_t0 sample=300 ==========
2026-08-03 23:22:43,184 [INFO] HS300 regime 预计算: 365 天 (bull=203 bear=41 crash=62 unknown=59)
2026-08-03 23:22:43,185 [INFO]   进度 20/162 | trades=0 | skip=6 | 1.3s
2026-08-03 23:22:43,186 [INFO]   进度 40/162 | trades=0 | skip=8 | 1.3s
2026-08-03 23:22:43,187 [INFO]   进度 60/162 | trades=0 | skip=18 | 1.3s
2026-08-03 23:22:43,187 [INFO]   进度 80/162 | trades=0 | skip=36 | 1.3s
2026-08-03 23:22:43,188 [INFO]   进度 100/162 | trades=0 | skip=40 | 1.3s
2026-08-03 23:22:43,188 [INFO]   进度 120/162 | trades=0 | skip=43 | 1.3s
2026-08-03 23:22:43,189 [INFO]   进度 140/162 | trades=0 | skip=50 | 1.3s
2026-08-03 23:22:43,189 [INFO]   进度 160/162 | trades=0 | skip=69 | 1.3s
2026-08-03 23:22:43,189 [INFO] ========== ZT回测完成 | trades=0 | fill_rate=40% | 1.3s ==========
2026-08-03 23:22:43,189 [WARNING]   无任何交易产生！
2026-08-03 23:22:43,189 [INFO]   score=-1000.0 | 月复利=0.0% | 笔数=0 胜率=0.0% DD=0.0% | lev=1.25x | 1.3s
2026-08-03 23:22:43,190 [INFO] ========== ZT回测 2025-12-01→2026-07-31 | top=2 board=main entry=open_t1 sample=300 ==========
2026-08-03 23:22:43,211 [INFO]   进度 20/162 | trades=38 | skip=0 | 0.0s
2026-08-03 23:22:43,232 [INFO]   进度 40/162 | trades=78 | skip=0 | 0.0s
2026-08-03 23:22:43,256 [INFO]   进度 60/162 | trades=118 | skip=0 | 0.1s
2026-08-03 23:22:43,281 [INFO]   进度 80/162 | trades=158 | skip=0 | 0.1s
2026-08-03 23:22:43,303 [INFO]   进度 100/162 | trades=198 | skip=0 | 0.1s
2026-08-03 23:22:43,327 [INFO]   进度 120/162 | trades=238 | skip=0 | 0.1s
2026-08-03 23:22:43,353 [INFO]   进度 140/162 | trades=278 | skip=0 | 0.2s
2026-08-03 23:22:43,374 [INFO]   进度 160/162 | trades=318 | skip=0 | 0.2s
2026-08-03 23:22:43,375 [INFO] ========== ZT回测完成 | trades=322 | fill_rate=35% | 0.2s ==========
2026-08-03 23:22:43,533 [INFO]   笔数=322 | 胜率=58.4% | 平均=0.02% | 日均=-0.10% | 总收益=-15.3% | 最大回撤=-51.6%
2026-08-03 23:22:43,533 [INFO]   [best      ] n=322 胜率=73.9% 平均=1.57% 累计=14145.4%
2026-08-03 23:22:43,533 [INFO]   [close_t1  ] n=322 胜率=23.9% 平均=-1.34% 累计=-98.8%
2026-08-03 23:22:43,533 [INFO]   [close_t2  ] n=319 胜率=38.6% 平均=-1.09% 累计=-97.5%
2026-08-03 23:22:43,533 [INFO]   [close_t3  ] n=317 胜率=34.7% 平均=-1.14% 累计=-98.1%
2026-08-03 23:22:43,533 [INFO]   [gap_t1    ] n=322 胜率=0.0% 平均=0.00% 累计=0.0%
2026-08-03 23:22:43,533 [INFO]   [open_t2   ] n=319 胜率=35.7% 平均=-1.22% 累计=-98.3%
2026-08-03 23:22:43,533 [INFO]   [stop_t1   ] n=97 胜率=0.0% 平均=-4.86% 累计=-99.2%
2026-08-03 23:22:43,533 [INFO]   [trail_t2  ] n=184 胜率=75.0% 平均=2.02% 累计=3602.6%
2026-08-03 23:22:43,533 [INFO]   score=0.1 | 月复利=0.1% | 笔数=322 胜率=58.4% DD=-21.8% | lev=1.50x | 0.3s
2026-08-03 23:22:43,534 [INFO] ========== ZT回测 2025-12-01→2026-07-31 | top=5 board=all entry=open_t1 sample=300 ==========
2026-08-03 23:22:43,534 [INFO]   进度 20/162 | trades=0 | skip=0 | 0.0s
2026-08-03 23:22:43,535 [INFO]   进度 40/162 | trades=0 | skip=0 | 0.0s
2026-08-03 23:22:43,535 [INFO]   进度 60/162 | trades=0 | skip=0 | 0.0s
2026-08-03 23:22:43,536 [INFO]   进度 80/162 | trades=0 | skip=0 | 0.0s
2026-08-03 23:22:43,537 [INFO]   进度 100/162 | trades=0 | skip=0 | 0.0s
2026-08-03 23:22:43,537 [INFO]   进度 120/162 | trades=0 | skip=0 | 0.0s
2026-08-03 23:22:43,537 [INFO]   进度 140/162 | trades=0 | skip=0 | 0.0s
2026-08-03 23:22:43,538 [INFO]   进度 160/162 | trades=0 | skip=0 | 0.0s
2026-08-03 23:22:43,538 [INFO] ========== ZT回测完成 | trades=0 | fill_rate=100% | 0.0s ==========
2026-08-03 23:22:43,538 [WARNING]   无任何交易产生！
2026-08-03 23:22:43,538 [INFO]   score=-1000.0 | 月复利=0.0% | 笔数=0 胜率=0.0% DD=0.0% | lev=2.00x | 0.0s
2026-08-03 23:22:43,538 [INFO] ========== ZT回测 2025-12-01→2026-07-31 | top=3 board=main entry=close_t0 sample=300 ==========
2026-08-03 23:22:44,994 [INFO] HS300 regime 预计算: 365 天 (bull=203 bear=41 crash=62 unknown=59)
2026-08-03 23:22:45,017 [INFO]   进度 20/162 | trades=39 | skip=6 | 1.5s
2026-08-03 23:22:45,066 [INFO]   进度 40/162 | trades=91 | skip=8 | 1.5s
2026-08-03 23:22:45,091 [INFO]   进度 60/162 | trades=120 | skip=18 | 1.6s
2026-08-03 23:22:45,098 [INFO]   进度 80/162 | trades=126 | skip=36 | 1.6s
2026-08-03 23:22:45,132 [INFO]   进度 100/162 | trades=174 | skip=40 | 1.6s
2026-08-03 23:22:45,159 [INFO]   进度 120/162 | trades=225 | skip=43 | 1.6s
2026-08-03 23:22:45,183 [INFO]   进度 140/162 | trades=264 | skip=50 | 1.6s
2026-08-03 23:22:45,184 [INFO]   进度 160/162 | trades=267 | skip=69 | 1.6s
2026-08-03 23:22:45,184 [INFO] ========== ZT回测完成 | trades=267 | fill_rate=35% | 1.6s ==========
2026-08-03 23:22:45,301 [INFO]   笔数=267 | 胜率=81.7% | 平均=1.01% | 日均=14.44% | 总收益=1299.2% | 最大回撤=-11.8%
2026-08-03 23:22:45,301 [INFO]   [best      ] n=267 胜率=85.0% 平均=2.22% 累计=32140.6%
2026-08-03 23:22:45,301 [INFO]   [close_t1  ] n=267 胜率=43.5% 平均=-0.54% 累计=-78.0%
2026-08-03 23:22:45,301 [INFO]   [close_t2  ] n=267 胜率=39.7% 平均=-0.55% 累计=-80.6%
2026-08-03 23:22:45,301 [INFO]   [close_t3  ] n=267 胜率=40.5% 平均=-0.68% 累计=-87.6%
2026-08-03 23:22:45,301 [INFO]   [gap_t1    ] n=267 胜率=39.0% 平均=-0.40% 累计=-66.9%
2026-08-03 23:22:45,301 [INFO]   [open_t2   ] n=267 胜率=39.7% 平均=-0.56% 累计=-81.0%
2026-08-03 23:22:45,301 [INFO]   [stop_t1   ] n=61 胜率=0.0% 平均=-4.52% 累计=-94.1%
2026-08-03 23:22:45,301 [INFO]   [trail_t2  ] n=203 胜率=89.7% 平均=1.44% 累计=1718.6%
2026-08-03 23:22:45,301 [INFO]   score=9.0 | 月复利=5.7% | 笔数=267 胜率=81.7% DD=-1.4% | lev=1.50x | 1.8s
2026-08-03 23:22:45,302 [INFO] ========== ZT回测 2025-12-01→2026-07-31 | top=2 board=all entry=close_t0 sample=300 ==========
2026-08-03 23:22:46,606 [INFO] HS300 regime 预计算: 365 天 (bull=203 bear=41 crash=62 unknown=59)
2026-08-03 23:22:46,607 [INFO]   进度 20/162 | trades=0 | skip=6 | 1.3s
2026-08-03 23:22:46,608 [INFO]   进度 40/162 | trades=0 | skip=8 | 1.3s
2026-08-03 23:22:46,609 [INFO]   进度 60/162 | trades=0 | skip=18 | 1.3s
2026-08-03 23:22:46,609 [INFO]   进度 80/162 | trades=0 | skip=36 | 1.3s
2026-08-03 23:22:46,610 [INFO]   进度 100/162 | trades=0 | skip=40 | 1.3s
2026-08-03 23:22:46,611 [INFO]   进度 120/162 | trades=0 | skip=43 | 1.3s
2026-08-03 23:22:46,613 [INFO]   进度 140/162 | trades=0 | skip=50 | 1.3s
2026-08-03 23:22:46,613 [INFO]   进度 160/162 | trades=0 | skip=69 | 1.3s
2026-08-03 23:22:46,613 [INFO] ========== ZT回测完成 | trades=0 | fill_rate=30% | 1.3s ==========
2026-08-03 23:22:46,613 [WARNING]   无任何交易产生！
2026-08-03 23:22:46,613 [INFO]   score=-1000.0 | 月复利=0.0% | 笔数=0 胜率=0.0% DD=0.0% | lev=1.50x | 1.3s
2026-08-03 23:22:46,613 [INFO] ========== ZT回测 2025-12-01→2026-07-31 | top=5 board=all entry=open_t1 sample=300 ==========
2026-08-03 23:22:47,882 [INFO] HS300 regime 预计算: 365 天 (bull=203 bear=41 crash=62 unknown=59)
2026-08-03 23:22:47,882 [INFO]   进度 20/162 | trades=0 | skip=6 | 1.3s
2026-08-03 23:22:47,883 [INFO]   进度 40/162 | trades=0 | skip=8 | 1.3s
2026-08-03 23:22:47,883 [INFO]   进度 60/162 | trades=0 | skip=18 | 1.3s
2026-08-03 23:22:47,883 [INFO]   进度 80/162 | trades=0 | skip=36 | 1.3s
2026-08-03 23:22:47,884 [INFO]   进度 100/162 | trades=0 | skip=40 | 1.3s
2026-08-03 23:22:47,884 [INFO]   进度 120/162 | trades=0 | skip=43 | 1.3s
2026-08-03 23:22:47,885 [INFO]   进度 140/162 | trades=0 | skip=50 | 1.3s
2026-08-03 23:22:47,885 [INFO]   进度 160/162 | trades=0 | skip=69 | 1.3s
2026-08-03 23:22:47,885 [INFO] ========== ZT回测完成 | trades=0 | fill_rate=25% | 1.3s ==========
2026-08-03 23:22:47,885 [WARNING]   无任何交易产生！
2026-08-03 23:22:47,885 [INFO]   score=-1000.0 | 月复利=0.0% | 笔数=0 胜率=0.0% DD=0.0% | lev=2.00x | 1.3s
2026-08-03 23:22:47,886 [INFO] ========== ZT回测 2025-12-01→2026-07-31 | top=2 board=gem+star entry=close_t0 sample=300 ==========
2026-08-03 23:22:49,152 [INFO] HS300 regime 预计算: 365 天 (bull=203 bear=41 crash=62 unknown=59)
2026-08-03 23:22:49,153 [INFO]   进度 20/162 | trades=0 | skip=6 | 1.3s
2026-08-03 23:22:49,154 [INFO]   进度 40/162 | trades=0 | skip=8 | 1.3s
2026-08-03 23:22:49,154 [INFO]   进度 60/162 | trades=0 | skip=18 | 1.3s
2026-08-03 23:22:49,154 [INFO]   进度 80/162 | trades=0 | skip=36 | 1.3s
2026-08-03 23:22:49,155 [INFO]   进度 100/162 | trades=0 | skip=40 | 1.3s
2026-08-03 23:22:49,156 [INFO]   进度 120/162 | trades=0 | skip=43 | 1.3s
2026-08-03 23:22:49,156 [INFO]   进度 140/162 | trades=0 | skip=50 | 1.3s
2026-08-03 23:22:49,156 [INFO]   进度 160/162 | trades=0 | skip=69 | 1.3s
2026-08-03 23:22:49,156 [INFO] ========== ZT回测完成 | trades=0 | fill_rate=35% | 1.3s ==========
2026-08-03 23:22:49,156 [WARNING]   无任何交易产生！
2026-08-03 23:22:49,156 [INFO]   score=-1000.0 | 月复利=0.0% | 笔数=0 胜率=0.0% DD=0.0% | lev=1.00x | 1.3s
2026-08-03 23:22:49,156 [INFO] ========== ZT回测 2025-12-01→2026-07-31 | top=3 board=main entry=open_t1 sample=300 ==========
2026-08-03 23:22:49,157 [INFO]   进度 20/162 | trades=0 | skip=0 | 0.0s
2026-08-03 23:22:49,158 [INFO]   进度 40/162 | trades=0 | skip=0 | 0.0s
2026-08-03 23:22:49,159 [INFO]   进度 60/162 | trades=0 | skip=0 | 0.0s
2026-08-03 23:22:49,159 [INFO]   进度 80/162 | trades=0 | skip=0 | 0.0s
2026-08-03 23:22:49,160 [INFO]   进度 100/162 | trades=0 | skip=0 | 0.0s
2026-08-03 23:22:49,161 [INFO]   进度 120/162 | trades=0 | skip=0 | 0.0s
2026-08-03 23:22:49,162 [INFO]   进度 140/162 | trades=0 | skip=0 | 0.0s
2026-08-03 23:22:49,163 [INFO]   进度 160/162 | trades=0 | skip=0 | 0.0s
2026-08-03 23:22:49,163 [INFO] ========== ZT回测完成 | trades=0 | fill_rate=40% | 0.0s ==========
2026-08-03 23:22:49,163 [WARNING]   无任何交易产生！
2026-08-03 23:22:49,163 [INFO]   score=-1000.0 | 月复利=0.0% | 笔数=0 胜率=0.0% DD=0.0% | lev=1.25x | 0.0s
2026-08-03 23:22:49,163 [INFO] ========== ZT回测 2025-12-01→2026-07-31 | top=2 board=all entry=close_t0 sample=300 ==========
2026-08-03 23:22:50,441 [INFO] HS300 regime 预计算: 365 天 (bull=203 bear=41 crash=62 unknown=59)
2026-08-03 23:22:50,442 [INFO]   进度 20/162 | trades=0 | skip=6 | 1.3s
2026-08-03 23:22:50,442 [INFO]   进度 40/162 | trades=0 | skip=8 | 1.3s
2026-08-03 23:22:50,442 [INFO]   进度 60/162 | trades=0 | skip=18 | 1.3s
2026-08-03 23:22:50,443 [INFO]   进度 80/162 | trades=0 | skip=36 | 1.3s
2026-08-03 23:22:50,443 [INFO]   进度 100/162 | trades=0 | skip=40 | 1.3s
2026-08-03 23:22:50,444 [INFO]   进度 120/162 | trades=0 | skip=43 | 1.3s
2026-08-03 23:22:50,445 [INFO]   进度 140/162 | trades=0 | skip=50 | 1.3s
2026-08-03 23:22:50,445 [INFO]   进度 160/162 | trades=0 | skip=69 | 1.3s
2026-08-03 23:22:50,445 [INFO] ========== ZT回测完成 | trades=0 | fill_rate=50% | 1.3s ==========
2026-08-03 23:22:50,445 [WARNING]   无任何交易产生！
2026-08-03 23:22:50,445 [INFO]   score=-1000.0 | 月复利=0.0% | 笔数=0 胜率=0.0% DD=0.0% | lev=1.00x | 1.3s
2026-08-03 23:22:50,445 [INFO] ========== ZT回测 2025-12-01→2026-07-31 | top=2 board=all entry=close_t0 sample=300 ==========
2026-08-03 23:22:51,792 [INFO] HS300 regime 预计算: 365 天 (bull=203 bear=41 crash=62 unknown=59)
2026-08-03 23:22:51,794 [INFO]   进度 20/162 | trades=0 | skip=6 | 1.3s
2026-08-03 23:22:51,796 [INFO]   进度 40/162 | trades=0 | skip=8 | 1.4s
2026-08-03 23:22:51,797 [INFO]   进度 60/162 | trades=0 | skip=18 | 1.4s
2026-08-03 23:22:51,797 [INFO]   进度 80/162 | trades=0 | skip=36 | 1.4s
2026-08-03 23:22:51,798 [INFO]   进度 100/162 | trades=0 | skip=40 | 1.4s
2026-08-03 23:22:51,800 [INFO]   进度 120/162 | trades=0 | skip=43 | 1.4s
2026-08-03 23:22:51,800 [INFO]   进度 140/162 | trades=0 | skip=50 | 1.4s
2026-08-03 23:22:51,801 [INFO]   进度 160/162 | trades=0 | skip=69 | 1.4s
2026-08-03 23:22:51,801 [INFO] ========== ZT回测完成 | trades=0 | fill_rate=20% | 1.4s ==========
2026-08-03 23:22:51,801 [WARNING]   无任何交易产生！
2026-08-03 23:22:51,801 [INFO]   score=-1000.0 | 月复利=0.0% | 笔数=0 胜率=0.0% DD=0.0% | lev=1.50x | 1.4s
2026-08-03 23:22:51,801 [INFO] ========== ZT回测 2025-12-01→2026-07-31 | top=3 board=all entry=open_t1 sample=300 ==========
2026-08-03 23:22:51,802 [INFO]   进度 20/162 | trades=0 | skip=0 | 0.0s
2026-08-03 23:22:51,803 [INFO]   进度 40/162 | trades=0 | skip=0 | 0.0s
2026-08-03 23:22:51,804 [INFO]   进度 60/162 | trades=0 | skip=0 | 0.0s
2026-08-03 23:22:51,804 [INFO]   进度 80/162 | trades=0 | skip=0 | 0.0s
2026-08-03 23:22:51,805 [INFO]   进度 100/162 | trades=0 | skip=0 | 0.0s
2026-08-03 23:22:51,806 [INFO]   进度 120/162 | trades=0 | skip=0 | 0.0s
2026-08-03 23:22:51,807 [INFO]   进度 140/162 | trades=0 | skip=0 | 0.0s
2026-08-03 23:22:51,808 [INFO]   进度 160/162 | trades=0 | skip=0 | 0.0s
2026-08-03 23:22:51,808 [INFO] ========== ZT回测完成 | trades=0 | fill_rate=40% | 0.0s ==========
2026-08-03 23:22:51,808 [WARNING]   无任何交易产生！
2026-08-03 23:22:51,808 [INFO]   score=-1000.0 | 月复利=0.0% | 笔数=0 胜率=0.0% DD=0.0% | lev=1.75x | 0.0s
2026-08-03 23:22:51,808 [INFO] ========== ZT回测 2025-12-01→2026-07-31 | top=2 board=all entry=open_t1 sample=300 ==========
2026-08-03 23:22:53,087 [INFO] HS300 regime 预计算: 365 天 (bull=203 bear=41 crash=62 unknown=59)
2026-08-03 23:22:53,088 [INFO]   进度 20/162 | trades=0 | skip=6 | 1.3s
2026-08-03 23:22:53,088 [INFO]   进度 40/162 | trades=0 | skip=8 | 1.3s
2026-08-03 23:22:53,088 [INFO]   进度 60/162 | trades=0 | skip=18 | 1.3s
2026-08-03 23:22:53,088 [INFO]   进度 80/162 | trades=0 | skip=36 | 1.3s
2026-08-03 23:22:53,089 [INFO]   进度 100/162 | trades=0 | skip=40 | 1.3s
2026-08-03 23:22:53,089 [INFO]   进度 120/162 | trades=0 | skip=43 | 1.3s
2026-08-03 23:22:53,089 [INFO]   进度 140/162 | trades=0 | skip=50 | 1.3s
2026-08-03 23:22:53,089 [INFO]   进度 160/162 | trades=0 | skip=69 | 1.3s
2026-08-03 23:22:53,089 [INFO] ========== ZT回测完成 | trades=0 | fill_rate=100% | 1.3s ==========
2026-08-03 23:22:53,089 [WARNING]   无任何交易产生！
2026-08-03 23:22:53,089 [INFO]   score=-1000.0 | 月复利=0.0% | 笔数=0 胜率=0.0% DD=0.0% | lev=1.00x | 1.3s
2026-08-03 23:22:53,090 [INFO] ========== ZT回测 2025-12-01→2026-07-31 | top=2 board=main entry=open_t1 sample=300 ==========
2026-08-03 23:22:54,333 [INFO] HS300 regime 预计算: 365 天 (bull=203 bear=41 crash=62 unknown=59)
2026-08-03 23:22:54,333 [INFO]   进度 20/162 | trades=0 | skip=6 | 1.2s
2026-08-03 23:22:54,334 [INFO]   进度 40/162 | trades=0 | skip=8 | 1.2s
2026-08-03 23:22:54,335 [INFO]   进度 60/162 | trades=0 | skip=18 | 1.2s
2026-08-03 23:22:54,336 [INFO]   进度 80/162 | trades=0 | skip=36 | 1.2s
2026-08-03 23:22:54,336 [INFO]   进度 100/162 | trades=0 | skip=40 | 1.2s
2026-08-03 23:22:54,337 [INFO]   进度 120/162 | trades=0 | skip=43 | 1.2s
2026-08-03 23:22:54,337 [INFO]   进度 140/162 | trades=0 | skip=50 | 1.2s
2026-08-03 23:22:54,337 [INFO]   进度 160/162 | trades=0 | skip=69 | 1.2s
2026-08-03 23:22:54,337 [INFO] ========== ZT回测完成 | trades=0 | fill_rate=100% | 1.2s ==========
2026-08-03 23:22:54,338 [WARNING]   无任何交易产生！
2026-08-03 23:22:54,338 [INFO]   score=-1000.0 | 月复利=0.0% | 笔数=0 胜率=0.0% DD=0.0% | lev=1.50x | 1.2s
2026-08-03 23:22:54,338 [INFO] ========== ZT回测 2025-12-01→2026-07-31 | top=1 board=main entry=open_t1 sample=300 ==========
2026-08-03 23:22:54,338 [INFO]   进度 20/162 | trades=0 | skip=0 | 0.0s
2026-08-03 23:22:54,339 [INFO]   进度 40/162 | trades=0 | skip=0 | 0.0s
2026-08-03 23:22:54,340 [INFO]   进度 60/162 | trades=0 | skip=0 | 0.0s
2026-08-03 23:22:54,340 [INFO]   进度 80/162 | trades=0 | skip=0 | 0.0s
2026-08-03 23:22:54,341 [INFO]   进度 100/162 | trades=0 | skip=0 | 0.0s
2026-08-03 23:22:54,341 [INFO]   进度 120/162 | trades=0 | skip=0 | 0.0s
2026-08-03 23:22:54,342 [INFO]   进度 140/162 | trades=0 | skip=0 | 0.0s
2026-08-03 23:22:54,344 [INFO]   进度 160/162 | trades=0 | skip=0 | 0.0s
2026-08-03 23:22:54,344 [INFO] ========== ZT回测完成 | trades=0 | fill_rate=25% | 0.0s ==========
2026-08-03 23:22:54,344 [WARNING]   无任何交易产生！
2026-08-03 23:22:54,344 [INFO]   score=-1000.0 | 月复利=0.0% | 笔数=0 胜率=0.0% DD=0.0% | lev=1.75x | 0.0s
2026-08-03 23:22:54,344 [INFO] ========== ZT回测 2025-12-01→2026-07-31 | top=2 board=gem+star entry=open_t1 sample=300 ==========
2026-08-03 23:22:55,852 [INFO] HS300 regime 预计算: 365 天 (bull=203 bear=41 crash=62 unknown=59)
2026-08-03 23:22:55,852 [INFO]   进度 20/162 | trades=0 | skip=6 | 1.5s
2026-08-03 23:22:55,853 [INFO]   进度 40/162 | trades=0 | skip=8 | 1.5s
2026-08-03 23:22:55,853 [INFO]   进度 60/162 | trades=0 | skip=18 | 1.5s
2026-08-03 23:22:55,853 [INFO]   进度 80/162 | trades=0 | skip=36 | 1.5s
2026-08-03 23:22:55,854 [INFO]   进度 100/162 | trades=0 | skip=40 | 1.5s
2026-08-03 23:22:55,854 [INFO]   进度 120/162 | trades=0 | skip=43 | 1.5s
2026-08-03 23:22:55,855 [INFO]   进度 140/162 | trades=0 | skip=50 | 1.5s
2026-08-03 23:22:55,856 [INFO]   进度 160/162 | trades=0 | skip=69 | 1.5s
2026-08-03 23:22:55,856 [INFO] ========== ZT回测完成 | trades=0 | fill_rate=25% | 1.5s ==========
2026-08-03 23:22:55,856 [WARNING]   无任何交易产生！
2026-08-03 23:22:55,856 [INFO]   score=-1000.0 | 月复利=0.0% | 笔数=0 胜率=0.0% DD=0.0% | lev=1.00x | 1.5s
2026-08-03 23:22:55,856 [INFO] ========== ZT回测 2025-12-01→2026-07-31 | top=3 board=gem+star entry=close_t0 sample=300 ==========
2026-08-03 23:22:55,857 [INFO]   进度 20/162 | trades=0 | skip=0 | 0.0s
2026-08-03 23:22:55,858 [INFO]   进度 40/162 | trades=0 | skip=0 | 0.0s
2026-08-03 23:22:55,860 [INFO]   进度 60/162 | trades=0 | skip=0 | 0.0s
2026-08-03 23:22:55,863 [INFO]   进度 80/162 | trades=0 | skip=0 | 0.0s
2026-08-03 23:22:55,864 [INFO]   进度 100/162 | trades=0 | skip=0 | 0.0s
2026-08-03 23:22:55,866 [INFO]   进度 120/162 | trades=0 | skip=0 | 0.0s
2026-08-03 23:22:55,869 [INFO]   进度 140/162 | trades=0 | skip=0 | 0.0s
2026-08-03 23:22:55,870 [INFO]   进度 160/162 | trades=0 | skip=0 | 0.0s
2026-08-03 23:22:55,871 [INFO] ========== ZT回测完成 | trades=0 | fill_rate=35% | 0.0s ==========
2026-08-03 23:22:55,871 [WARNING]   无任何交易产生！
2026-08-03 23:22:55,871 [INFO]   score=-1000.0 | 月复利=0.0% | 笔数=0 胜率=0.0% DD=0.0% | lev=1.00x | 0.0s
2026-08-03 23:22:55,871 [INFO] ========== ZT回测 2025-12-01→2026-07-31 | top=5 board=main entry=close_t0 sample=300 ==========
2026-08-03 23:22:57,164 [INFO] HS300 regime 预计算: 365 天 (bull=203 bear=41 crash=62 unknown=59)
2026-08-03 23:22:57,165 [INFO]   进度 20/162 | trades=0 | skip=6 | 1.3s
2026-08-03 23:22:57,165 [INFO]   进度 40/162 | trades=0 | skip=8 | 1.3s
2026-08-03 23:22:57,165 [INFO]   进度 60/162 | trades=0 | skip=18 | 1.3s
2026-08-03 23:22:57,165 [INFO]   进度 80/162 | trades=0 | skip=36 | 1.3s
2026-08-03 23:22:57,166 [INFO]   进度 100/162 | trades=0 | skip=40 | 1.3s
2026-08-03 23:22:57,166 [INFO]   进度 120/162 | trades=0 | skip=43 | 1.3s
2026-08-03 23:22:57,167 [INFO]   进度 140/162 | trades=0 | skip=50 | 1.3s
2026-08-03 23:22:57,167 [INFO]   进度 160/162 | trades=0 | skip=69 | 1.3s
2026-08-03 23:22:57,167 [INFO] ========== ZT回测完成 | trades=0 | fill_rate=30% | 1.3s ==========
2026-08-03 23:22:57,167 [WARNING]   无任何交易产生！
2026-08-03 23:22:57,167 [INFO]   score=-1000.0 | 月复利=0.0% | 笔数=0 胜率=0.0% DD=0.0% | lev=1.50x | 1.3s
2026-08-03 23:22:57,167 [INFO] ========== ZT回测 2025-12-01→2026-07-31 | top=5 board=all entry=close_t0 sample=300 ==========
2026-08-03 23:22:58,465 [INFO] HS300 regime 预计算: 365 天 (bull=203 bear=41 crash=62 unknown=59)
2026-08-03 23:22:58,466 [INFO]   进度 20/162 | trades=0 | skip=6 | 1.3s
2026-08-03 23:22:58,466 [INFO]   进度 40/162 | trades=0 | skip=8 | 1.3s
2026-08-03 23:22:58,467 [INFO]   进度 60/162 | trades=0 | skip=18 | 1.3s
2026-08-03 23:22:58,467 [INFO]   进度 80/162 | trades=0 | skip=36 | 1.3s
2026-08-03 23:22:58,467 [INFO]   进度 100/162 | trades=0 | skip=40 | 1.3s
2026-08-03 23:22:58,468 [INFO]   进度 120/162 | trades=0 | skip=43 | 1.3s
2026-08-03 23:22:58,469 [INFO]   进度 140/162 | trades=0 | skip=50 | 1.3s
2026-08-03 23:22:58,470 [INFO]   进度 160/162 | trades=0 | skip=69 | 1.3s
2026-08-03 23:22:58,470 [INFO] ========== ZT回测完成 | trades=0 | fill_rate=20% | 1.3s ==========
2026-08-03 23:22:58,470 [WARNING]   无任何交易产生！
2026-08-03 23:22:58,470 [INFO]   score=-1000.0 | 月复利=0.0% | 笔数=0 胜率=0.0% DD=0.0% | lev=2.00x | 1.3s
2026-08-03 23:22:58,470 [INFO] ========== ZT回测 2025-12-01→2026-07-31 | top=1 board=main entry=open_t1 sample=300 ==========
2026-08-03 23:22:59,820 [INFO] HS300 regime 预计算: 365 天 (bull=203 bear=41 crash=62 unknown=59)
2026-08-03 23:22:59,831 [INFO]   进度 20/162 | trades=13 | skip=6 | 1.4s
2026-08-03 23:22:59,842 [INFO]   进度 40/162 | trades=31 | skip=8 | 1.4s
2026-08-03 23:22:59,849 [INFO]   进度 60/162 | trades=41 | skip=18 | 1.4s
2026-08-03 23:22:59,850 [INFO]   进度 80/162 | trades=43 | skip=36 | 1.4s
2026-08-03 23:22:59,858 [INFO]   进度 100/162 | trades=58 | skip=40 | 1.4s
2026-08-03 23:22:59,870 [INFO]   进度 120/162 | trades=75 | skip=43 | 1.4s
2026-08-03 23:22:59,878 [INFO]   进度 140/162 | trades=86 | skip=50 | 1.4s
2026-08-03 23:22:59,879 [INFO]   进度 160/162 | trades=87 | skip=69 | 1.4s
2026-08-03 23:22:59,879 [INFO] ========== ZT回测完成 | trades=87 | fill_rate=50% | 1.4s ==========
2026-08-03 23:22:59,975 [INFO]   笔数=87 | 胜率=62.1% | 平均=0.18% | 日均=0.04% | 总收益=3.1% | 最大回撤=-36.9%
2026-08-03 23:22:59,975 [INFO]   [best      ] n=87 胜率=74.7% 平均=2.27% 累计=584.2%
2026-08-03 23:22:59,976 [INFO]   [close_t1  ] n=87 胜率=24.1% 平均=-1.84% 累计=-80.8%
2026-08-03 23:22:59,976 [INFO]   [close_t2  ] n=87 胜率=50.6% 平均=-0.96% 累计=-61.4%
2026-08-03 23:22:59,976 [INFO]   [close_t3  ] n=87 胜率=42.5% 平均=-0.56% 累计=-50.3%
2026-08-03 23:22:59,976 [INFO]   [gap_t1    ] n=87 胜率=0.0% 平均=0.00% 累计=0.0%
2026-08-03 23:22:59,976 [INFO]   [open_t2   ] n=87 胜率=43.7% 平均=-1.32% 累计=-71.3%
2026-08-03 23:22:59,976 [INFO]   [stop_t1   ] n=40 胜率=0.0% 平均=-5.38% 累计=-89.1%
2026-08-03 23:22:59,976 [INFO]   [trail_t2  ] n=46 胜率=93.5% 平均=3.72% 累计=431.0%
2026-08-03 23:22:59,976 [INFO]   score=-0.1 | 月复利=-0.2% | 笔数=87 胜率=62.1% DD=-59.9% | lev=1.75x | 1.5s
2026-08-03 23:22:59,976 [INFO] ========== ZT回测 2025-12-01→2026-07-31 | top=5 board=main entry=close_t0 sample=300 ==========
2026-08-03 23:23:01,290 [INFO] HS300 regime 预计算: 365 天 (bull=203 bear=41 crash=62 unknown=59)
2026-08-03 23:23:01,291 [INFO]   进度 20/162 | trades=0 | skip=6 | 1.3s
2026-08-03 23:23:01,292 [INFO]   进度 40/162 | trades=0 | skip=8 | 1.3s
2026-08-03 23:23:01,293 [INFO]   进度 60/162 | trades=0 | skip=18 | 1.3s
2026-08-03 23:23:01,293 [INFO]   进度 80/162 | trades=0 | skip=36 | 1.3s
2026-08-03 23:23:01,294 [INFO]   进度 100/162 | trades=0 | skip=40 | 1.3s
2026-08-03 23:23:01,295 [INFO]   进度 120/162 | trades=0 | skip=43 | 1.3s
2026-08-03 23:23:01,296 [INFO]   进度 140/162 | trades=0 | skip=50 | 1.3s
2026-08-03 23:23:01,296 [INFO]   进度 160/162 | trades=0 | skip=69 | 1.3s
2026-08-03 23:23:01,296 [INFO] ========== ZT回测完成 | trades=0 | fill_rate=100% | 1.3s ==========
2026-08-03 23:23:01,296 [WARNING]   无任何交易产生！
2026-08-03 23:23:01,296 [INFO]   score=-1000.0 | 月复利=0.0% | 笔数=0 胜率=0.0% DD=0.0% | lev=1.75x | 1.3s
2026-08-03 23:23:01,296 [INFO] ========== ZT回测 2025-12-01→2026-07-31 | top=2 board=gem+star entry=open_t1 sample=300 ==========
2026-08-03 23:23:02,634 [INFO] HS300 regime 预计算: 365 天 (bull=203 bear=41 crash=62 unknown=59)
2026-08-03 23:23:02,634 [INFO]   进度 20/162 | trades=0 | skip=6 | 1.3s
2026-08-03 23:23:02,635 [INFO]   进度 40/162 | trades=0 | skip=8 | 1.3s
2026-08-03 23:23:02,635 [INFO]   进度 60/162 | trades=0 | skip=18 | 1.3s
2026-08-03 23:23:02,635 [INFO]   进度 80/162 | trades=0 | skip=36 | 1.3s
2026-08-03 23:23:02,635 [INFO]   进度 100/162 | trades=0 | skip=40 | 1.3s
2026-08-03 23:23:02,636 [INFO]   进度 120/162 | trades=0 | skip=43 | 1.3s
2026-08-03 23:23:02,636 [INFO]   进度 140/162 | trades=0 | skip=50 | 1.3s
2026-08-03 23:23:02,636 [INFO]   进度 160/162 | trades=0 | skip=69 | 1.3s
2026-08-03 23:23:02,636 [INFO] ========== ZT回测完成 | trades=0 | fill_rate=30% | 1.3s ==========
2026-08-03 23:23:02,636 [WARNING]   无任何交易产生！
2026-08-03 23:23:02,636 [INFO]   score=-1000.0 | 月复利=0.0% | 笔数=0 胜率=0.0% DD=0.0% | lev=1.25x | 1.3s
2026-08-03 23:23:02,636 [INFO] ========== ZT回测 2025-12-01→2026-07-31 | top=3 board=gem+star entry=open_t1 sample=300 ==========
2026-08-03 23:23:03,982 [INFO] HS300 regime 预计算: 365 天 (bull=203 bear=41 crash=62 unknown=59)
2026-08-03 23:23:04,005 [INFO]   进度 20/162 | trades=39 | skip=6 | 1.4s
2026-08-03 23:23:04,033 [INFO]   进度 40/162 | trades=93 | skip=8 | 1.4s
2026-08-03 23:23:04,048 [INFO]   进度 60/162 | trades=123 | skip=18 | 1.4s
2026-08-03 23:23:04,055 [INFO]   进度 80/162 | trades=129 | skip=36 | 1.4s
2026-08-03 23:23:04,083 [INFO]   进度 100/162 | trades=177 | skip=40 | 1.4s
2026-08-03 23:23:04,113 [INFO]   进度 120/162 | trades=228 | skip=43 | 1.5s
2026-08-03 23:23:04,138 [INFO]   进度 140/162 | trades=267 | skip=50 | 1.5s
2026-08-03 23:23:04,142 [INFO]   进度 160/162 | trades=270 | skip=69 | 1.5s
2026-08-03 23:23:04,142 [INFO] ========== ZT回测完成 | trades=270 | fill_rate=35% | 1.5s ==========
2026-08-03 23:23:04,248 [INFO]   笔数=270 | 胜率=58.1% | 平均=0.05% | 日均=-0.04% | 总收益=-3.9% | 最大回撤=-45.4%
2026-08-03 23:23:04,248 [INFO]   [best      ] n=270 胜率=71.8% 平均=1.50% 累计=5094.4%
2026-08-03 23:23:04,248 [INFO]   [close_t1  ] n=270 胜率=24.8% 平均=-1.28% 累计=-97.1%
2026-08-03 23:23:04,248 [INFO]   [close_t2  ] n=270 胜率=36.7% 平均=-1.11% 累计=-95.8%
2026-08-03 23:23:04,248 [INFO]   [close_t3  ] n=270 胜率=34.1% 平均=-1.11% 累计=-96.3%
2026-08-03 23:23:04,248 [INFO]   [gap_t1    ] n=270 胜率=0.0% 平均=0.00% 累计=0.0%
2026-08-03 23:23:04,248 [INFO]   [open_t2   ] n=270 胜率=37.0% 平均=-1.18% 累计=-96.5%
2026-08-03 23:23:04,248 [INFO]   [stop_t1   ] n=105 胜率=0.0% 平均=-4.35% 累计=-99.1%
2026-08-03 23:23:04,248 [INFO]   [trail_t2  ] n=138 胜率=84.1% 平均=2.18% 累计=1807.6%
2026-08-03 23:23:04,248 [INFO]   score=0.0 | 月复利=0.0% | 笔数=270 胜率=58.1% DD=-7.7% | lev=1.50x | 1.6s
2026-08-03 23:23:04,248 [INFO] ========== ZT回测 2025-12-01→2026-07-31 | top=1 board=gem+star entry=close_t0 sample=300 ==========
2026-08-03 23:23:05,768 [INFO] HS300 regime 预计算: 365 天 (bull=203 bear=41 crash=62 unknown=59)
2026-08-03 23:23:05,769 [INFO]   进度 20/162 | trades=0 | skip=6 | 1.5s
2026-08-03 23:23:05,770 [INFO]   进度 40/162 | trades=0 | skip=8 | 1.5s
2026-08-03 23:23:05,771 [INFO]   进度 60/162 | trades=0 | skip=18 | 1.5s
2026-08-03 23:23:05,771 [INFO]   进度 80/162 | trades=0 | skip=36 | 1.5s
2026-08-03 23:23:05,772 [INFO]   进度 100/162 | trades=0 | skip=40 | 1.5s
2026-08-03 23:23:05,773 [INFO]   进度 120/162 | trades=0 | skip=43 | 1.5s
2026-08-03 23:23:05,774 [INFO]   进度 140/162 | trades=0 | skip=50 | 1.5s
2026-08-03 23:23:05,774 [INFO]   进度 160/162 | trades=0 | skip=69 | 1.5s
2026-08-03 23:23:05,774 [INFO] ========== ZT回测完成 | trades=0 | fill_rate=50% | 1.5s ==========
2026-08-03 23:23:05,774 [WARNING]   无任何交易产生！
2026-08-03 23:23:05,774 [INFO]   score=-1000.0 | 月复利=0.0% | 笔数=0 胜率=0.0% DD=0.0% | lev=1.00x | 1.5s
2026-08-03 23:23:05,774 [INFO] ========== ZT回测 2025-12-01→2026-07-31 | top=5 board=all entry=open_t1 sample=300 ==========
2026-08-03 23:23:07,065 [INFO] HS300 regime 预计算: 365 天 (bull=203 bear=41 crash=62 unknown=59)
2026-08-03 23:23:07,102 [INFO]   进度 20/162 | trades=65 | skip=6 | 1.3s
2026-08-03 23:23:07,149 [INFO]   进度 40/162 | trades=155 | skip=8 | 1.4s
2026-08-03 23:23:07,175 [INFO]   进度 60/162 | trades=205 | skip=18 | 1.4s
2026-08-03 23:23:07,182 [INFO]   进度 80/162 | trades=215 | skip=36 | 1.4s
2026-08-03 23:23:07,227 [INFO]   进度 100/162 | trades=295 | skip=40 | 1.5s
2026-08-03 23:23:07,271 [INFO]   进度 120/162 | trades=380 | skip=43 | 1.5s
2026-08-03 23:23:07,310 [INFO]   进度 140/162 | trades=445 | skip=50 | 1.5s
2026-08-03 23:23:07,312 [INFO]   进度 160/162 | trades=450 | skip=69 | 1.5s
2026-08-03 23:23:07,313 [INFO] ========== ZT回测完成 | trades=450 | fill_rate=100% | 1.5s ==========
2026-08-03 23:23:07,422 [INFO]   笔数=450 | 胜率=53.3% | 平均=-0.83% | 日均=-1.11% | 总收益=-99.7% | 最大回撤=-99.9%
2026-08-03 23:23:07,422 [INFO]   [best      ] n=450 胜率=72.0% 平均=3.63% 累计=497494076.9%
2026-08-03 23:23:07,422 [INFO]   [close_t1  ] n=450 胜率=27.1% 平均=-3.22% 累计=-100.0%
2026-08-03 23:23:07,422 [INFO]   [close_t2  ] n=450 胜率=31.8% 平均=-3.28% 累计=-100.0%
2026-08-03 23:23:07,422 [INFO]   [close_t3  ] n=450 胜率=34.7% 平均=-3.22% 累计=-100.0%
2026-08-03 23:23:07,422 [INFO]   [gap_t1    ] n=450 胜率=0.0% 平均=0.00% 累计=0.0%
2026-08-03 23:23:07,422 [INFO]   [open_t2   ] n=450 胜率=28.2% 平均=-3.43% 累计=-100.0%
2026-08-03 23:23:07,422 [INFO]   [stop_t1   ] n=77 胜率=0.0% 平均=-13.34% 累计=-100.0%
2026-08-03 23:23:07,422 [INFO]   [trail_t2  ] n=310 胜率=71.6% 平均=3.88% 累计=7011501.9%
2026-08-03 23:23:07,422 [INFO]   score=-1.3 | 月复利=-2.5% | 笔数=450 胜率=53.3% DD=-20.6% | lev=1.25x | 1.6s
2026-08-03 23:23:07,422 [INFO] ========== ZT回测 2025-12-01→2026-07-31 | top=2 board=all entry=close_t0 sample=300 ==========
2026-08-03 23:23:08,681 [INFO] HS300 regime 预计算: 365 天 (bull=203 bear=41 crash=62 unknown=59)
2026-08-03 23:23:08,698 [INFO]   进度 20/162 | trades=26 | skip=6 | 1.3s
2026-08-03 23:23:08,719 [INFO]   进度 40/162 | trades=62 | skip=8 | 1.3s
2026-08-03 23:23:08,735 [INFO]   进度 60/162 | trades=82 | skip=18 | 1.3s
2026-08-03 23:23:08,737 [INFO]   进度 80/162 | trades=86 | skip=36 | 1.3s
2026-08-03 23:23:08,756 [INFO]   进度 100/162 | trades=118 | skip=40 | 1.3s
2026-08-03 23:23:08,776 [INFO]   进度 120/162 | trades=152 | skip=43 | 1.4s
2026-08-03 23:23:08,795 [INFO]   进度 140/162 | trades=178 | skip=50 | 1.4s
2026-08-03 23:23:08,803 [INFO]   进度 160/162 | trades=180 | skip=69 | 1.4s
2026-08-03 23:23:08,803 [INFO] ========== ZT回测完成 | trades=180 | fill_rate=50% | 1.4s ==========
2026-08-03 23:23:08,907 [INFO]   笔数=180 | 胜率=77.2% | 平均=1.51% | 日均=14.29% | 总收益=1286.4% | 最大回撤=-13.2%
2026-08-03 23:23:08,907 [INFO]   [best      ] n=180 胜率=79.4% 平均=3.64% 累计=54508.1%
2026-08-03 23:23:08,907 [INFO]   [close_t1  ] n=180 胜率=49.4% 平均=-0.56% 累计=-67.8%
2026-08-03 23:23:08,907 [INFO]   [close_t2  ] n=180 胜率=45.0% 平均=-0.08% 累计=-34.0%
2026-08-03 23:23:08,907 [INFO]   [close_t3  ] n=180 胜率=45.6% 平均=-0.10% 累计=-45.0%
2026-08-03 23:23:08,907 [INFO]   [gap_t1    ] n=180 胜率=46.1% 平均=-0.25% 累计=-41.0%
2026-08-03 23:23:08,907 [INFO]   [open_t2   ] n=180 胜率=43.9% 平均=-0.45% 累计=-66.0%
2026-08-03 23:23:08,907 [INFO]   [stop_t1   ] n=94 胜率=0.0% 平均=-5.29% 累计=-99.4%
2026-08-03 23:23:08,907 [INFO]   [trail_t2  ] n=86 胜率=97.7% 平均=2.57% 累计=787.6%
2026-08-03 23:23:08,907 [INFO]   score=24.9 | 月复利=15.6% | 笔数=180 胜率=77.2% DD=-4.6% | lev=1.75x | 1.5s
2026-08-03 23:23:08,908 [INFO] ========== ZT回测 2025-12-01→2026-07-31 | top=2 board=gem+star entry=open_t1 sample=300 ==========
2026-08-03 23:23:08,909 [INFO]   进度 20/162 | trades=0 | skip=0 | 0.0s
2026-08-03 23:23:08,911 [INFO]   进度 40/162 | trades=0 | skip=0 | 0.0s
2026-08-03 23:23:08,912 [INFO]   进度 60/162 | trades=0 | skip=0 | 0.0s
2026-08-03 23:23:08,912 [INFO]   进度 80/162 | trades=0 | skip=0 | 0.0s
2026-08-03 23:23:08,913 [INFO]   进度 100/162 | trades=0 | skip=0 | 0.0s
2026-08-03 23:23:08,914 [INFO]   进度 120/162 | trades=0 | skip=0 | 0.0s
2026-08-03 23:23:08,915 [INFO]   进度 140/162 | trades=0 | skip=0 | 0.0s
2026-08-03 23:23:08,915 [INFO]   进度 160/162 | trades=0 | skip=0 | 0.0s
2026-08-03 23:23:08,916 [INFO] ========== ZT回测完成 | trades=0 | fill_rate=25% | 0.0s ==========
2026-08-03 23:23:08,916 [WARNING]   无任何交易产生！
2026-08-03 23:23:08,916 [INFO]   score=-1000.0 | 月复利=0.0% | 笔数=0 胜率=0.0% DD=0.0% | lev=1.25x | 0.0s
2026-08-03 23:23:08,916 [INFO] ========== ZT回测 2025-12-01→2026-07-31 | top=2 board=gem+star entry=close_t0 sample=300 ==========
2026-08-03 23:23:10,196 [INFO] HS300 regime 预计算: 365 天 (bull=203 bear=41 crash=62 unknown=59)
2026-08-03 23:23:10,197 [INFO]   进度 20/162 | trades=0 | skip=6 | 1.3s
2026-08-03 23:23:10,197 [INFO]   进度 40/162 | trades=0 | skip=8 | 1.3s
2026-08-03 23:23:10,197 [INFO]   进度 60/162 | trades=0 | skip=18 | 1.3s
2026-08-03 23:23:10,197 [INFO]   进度 80/162 | trades=0 | skip=36 | 1.3s
2026-08-03 23:23:10,198 [INFO]   进度 100/162 | trades=0 | skip=40 | 1.3s
2026-08-03 23:23:10,199 [INFO]   进度 120/162 | trades=0 | skip=43 | 1.3s
2026-08-03 23:23:10,199 [INFO]   进度 140/162 | trades=0 | skip=50 | 1.3s
2026-08-03 23:23:10,199 [INFO]   进度 160/162 | trades=0 | skip=69 | 1.3s
2026-08-03 23:23:10,199 [INFO] ========== ZT回测完成 | trades=0 | fill_rate=30% | 1.3s ==========
2026-08-03 23:23:10,199 [WARNING]   无任何交易产生！
2026-08-03 23:23:10,199 [INFO]   score=-1000.0 | 月复利=0.0% | 笔数=0 胜率=0.0% DD=0.0% | lev=1.50x | 1.3s
2026-08-03 23:23:10,199 [INFO] ========== ZT回测 2025-12-01→2026-07-31 | top=3 board=main entry=close_t0 sample=300 ==========
2026-08-03 23:23:11,631 [INFO] HS300 regime 预计算: 365 天 (bull=203 bear=41 crash=62 unknown=59)
2026-08-03 23:23:11,632 [INFO]   进度 20/162 | trades=0 | skip=6 | 1.4s
2026-08-03 23:23:11,632 [INFO]   进度 40/162 | trades=0 | skip=8 | 1.4s
2026-08-03 23:23:11,633 [INFO]   进度 60/162 | trades=0 | skip=18 | 1.4s
2026-08-03 23:23:11,633 [INFO]   进度 80/162 | trades=0 | skip=36 | 1.4s
2026-08-03 23:23:11,633 [INFO]   进度 100/162 | trades=0 | skip=40 | 1.4s
2026-08-03 23:23:11,634 [INFO]   进度 120/162 | trades=0 | skip=43 | 1.4s
2026-08-03 23:23:11,636 [INFO]   进度 140/162 | trades=0 | skip=50 | 1.4s
2026-08-03 23:23:11,636 [INFO]   进度 160/162 | trades=0 | skip=69 | 1.4s
2026-08-03 23:23:11,636 [INFO] ========== ZT回测完成 | trades=0 | fill_rate=50% | 1.4s ==========
2026-08-03 23:23:11,636 [WARNING]   无任何交易产生！
2026-08-03 23:23:11,636 [INFO]   score=-1000.0 | 月复利=0.0% | 笔数=0 胜率=0.0% DD=0.0% | lev=1.75x | 1.4s
2026-08-03 23:23:11,636 [INFO] ========== ZT回测 2025-12-01→2026-07-31 | top=5 board=main entry=open_t1 sample=300 ==========
2026-08-03 23:23:12,964 [INFO] HS300 regime 预计算: 365 天 (bull=203 bear=41 crash=62 unknown=59)
2026-08-03 23:23:13,007 [INFO]   进度 20/162 | trades=65 | skip=6 | 1.4s
2026-08-03 23:23:13,097 [INFO]   进度 40/162 | trades=155 | skip=8 | 1.5s
2026-08-03 23:23:13,132 [INFO]   进度 60/162 | trades=205 | skip=18 | 1.5s
2026-08-03 23:23:13,138 [INFO]   进度 80/162 | trades=215 | skip=36 | 1.5s
2026-08-03 23:23:13,199 [INFO]   进度 100/162 | trades=295 | skip=40 | 1.6s
2026-08-03 23:23:13,289 [INFO]   进度 120/162 | trades=380 | skip=43 | 1.7s
2026-08-03 23:23:13,355 [INFO]   进度 140/162 | trades=445 | skip=50 | 1.7s
2026-08-03 23:23:13,357 [INFO]   进度 160/162 | trades=450 | skip=69 | 1.7s
2026-08-03 23:23:13,357 [INFO] ========== ZT回测完成 | trades=450 | fill_rate=30% | 1.7s ==========
2026-08-03 23:23:13,567 [INFO]   笔数=450 | 胜率=56.2% | 平均=-0.09% | 日均=-0.51% | 总收益=-45.8% | 最大回撤=-66.6%
2026-08-03 23:23:13,568 [INFO]   [best      ] n=450 胜率=70.7% 平均=1.17% 累计=17121.7%
2026-08-03 23:23:13,568 [INFO]   [close_t1  ] n=450 胜率=24.4% 平均=-1.16% 累计=-99.5%
2026-08-03 23:23:13,568 [INFO]   [close_t2  ] n=450 胜率=34.2% 平均=-1.11% 累计=-99.5%
2026-08-03 23:23:13,568 [INFO]   [close_t3  ] n=449 胜率=34.3% 平均=-1.12% 累计=-99.5%
2026-08-03 23:23:13,568 [INFO]   [gap_t1    ] n=450 胜率=0.0% 平均=0.00% 累计=0.0%
2026-08-03 23:23:13,568 [INFO]   [open_t2   ] n=450 胜率=34.4% 平均=-1.10% 累计=-99.4%
2026-08-03 23:23:13,568 [INFO]   [stop_t1   ] n=263 胜率=0.0% 平均=-3.25% 累计=-100.0%
2026-08-03 23:23:13,568 [INFO]   [trail_t2  ] n=187 胜率=85.6% 平均=1.76% 累计=2443.2%
2026-08-03 23:23:13,568 [INFO]   score=-0.8 | 月复利=-0.9% | 笔数=450 胜率=56.2% DD=-7.1% | lev=2.00x | 1.9s
2026-08-03 23:23:13,569 [INFO] ========== ZT回测 2025-12-01→2026-07-31 | top=5 board=all entry=open_t1 sample=300 ==========
2026-08-03 23:23:14,920 [INFO] HS300 regime 预计算: 365 天 (bull=203 bear=41 crash=62 unknown=59)
2026-08-03 23:23:14,922 [INFO]   进度 20/162 | trades=0 | skip=6 | 1.4s
2026-08-03 23:23:14,924 [INFO]   进度 40/162 | trades=0 | skip=8 | 1.4s
2026-08-03 23:23:14,925 [INFO]   进度 60/162 | trades=0 | skip=18 | 1.4s
2026-08-03 23:23:14,926 [INFO]   进度 80/162 | trades=0 | skip=36 | 1.4s
2026-08-03 23:23:14,927 [INFO]   进度 100/162 | trades=0 | skip=40 | 1.4s
2026-08-03 23:23:14,930 [INFO]   进度 120/162 | trades=0 | skip=43 | 1.4s
2026-08-03 23:23:14,932 [INFO]   进度 140/162 | trades=0 | skip=50 | 1.4s
2026-08-03 23:23:14,932 [INFO]   进度 160/162 | trades=0 | skip=69 | 1.4s
2026-08-03 23:23:14,932 [INFO] ========== ZT回测完成 | trades=0 | fill_rate=40% | 1.4s ==========
2026-08-03 23:23:14,932 [WARNING]   无任何交易产生！
2026-08-03 23:23:14,932 [INFO]   score=-1000.0 | 月复利=0.0% | 笔数=0 胜率=0.0% DD=0.0% | lev=1.75x | 1.4s
2026-08-03 23:23:14,933 [INFO] ========== ZT回测 2025-12-01→2026-07-31 | top=1 board=gem+star entry=close_t0 sample=300 ==========
2026-08-03 23:23:14,934 [INFO]   进度 20/162 | trades=0 | skip=0 | 0.0s
2026-08-03 23:23:14,937 [INFO]   进度 40/162 | trades=0 | skip=0 | 0.0s
2026-08-03 23:23:14,938 [INFO]   进度 60/162 | trades=0 | skip=0 | 0.0s
2026-08-03 23:23:14,939 [INFO]   进度 80/162 | trades=0 | skip=0 | 0.0s
2026-08-03 23:23:14,941 [INFO]   进度 100/162 | trades=0 | skip=0 | 0.0s
2026-08-03 23:23:14,943 [INFO]   进度 120/162 | trades=0 | skip=0 | 0.0s
2026-08-03 23:23:14,945 [INFO]   进度 140/162 | trades=0 | skip=0 | 0.0s
2026-08-03 23:23:14,946 [INFO]   进度 160/162 | trades=0 | skip=0 | 0.0s
2026-08-03 23:23:14,947 [INFO] ========== ZT回测完成 | trades=0 | fill_rate=20% | 0.0s ==========
2026-08-03 23:23:14,947 [WARNING]   无任何交易产生！
2026-08-03 23:23:14,947 [INFO]   score=-1000.0 | 月复利=0.0% | 笔数=0 胜率=0.0% DD=0.0% | lev=1.25x | 0.0s
2026-08-03 23:23:14,947 [INFO] ========== ZT回测 2025-12-01→2026-07-31 | top=3 board=gem+star entry=close_t0 sample=300 ==========
2026-08-03 23:23:14,948 [INFO]   进度 20/162 | trades=0 | skip=0 | 0.0s
2026-08-03 23:23:14,949 [INFO]   进度 40/162 | trades=0 | skip=0 | 0.0s
2026-08-03 23:23:14,950 [INFO]   进度 60/162 | trades=0 | skip=0 | 0.0s
2026-08-03 23:23:14,950 [INFO]   进度 80/162 | trades=0 | skip=0 | 0.0s
2026-08-03 23:23:14,953 [INFO]   进度 100/162 | trades=0 | skip=0 | 0.0s
2026-08-03 23:23:14,955 [INFO]   进度 120/162 | trades=0 | skip=0 | 0.0s
2026-08-03 23:23:14,956 [INFO]   进度 140/162 | trades=0 | skip=0 | 0.0s
2026-08-03 23:23:14,957 [INFO]   进度 160/162 | trades=0 | skip=0 | 0.0s
2026-08-03 23:23:14,957 [INFO] ========== ZT回测完成 | trades=0 | fill_rate=20% | 0.0s ==========
2026-08-03 23:23:14,958 [WARNING]   无任何交易产生！
2026-08-03 23:23:14,958 [INFO]   score=-1000.0 | 月复利=0.0% | 笔数=0 胜率=0.0% DD=0.0% | lev=1.50x | 0.0s
2026-08-03 23:23:14,958 [INFO] ========== ZT回测 2025-12-01→2026-07-31 | top=3 board=main entry=open_t1 sample=300 ==========
2026-08-03 23:23:16,489 [INFO] HS300 regime 预计算: 365 天 (bull=203 bear=41 crash=62 unknown=59)
2026-08-03 23:23:16,490 [INFO]   进度 20/162 | trades=0 | skip=6 | 1.5s
2026-08-03 23:23:16,492 [INFO]   进度 40/162 | trades=0 | skip=8 | 1.5s
2026-08-03 23:23:16,494 [INFO]   进度 60/162 | trades=0 | skip=18 | 1.5s
2026-08-03 23:23:16,494 [INFO]   进度 80/162 | trades=0 | skip=36 | 1.5s
2026-08-03 23:23:16,496 [INFO]   进度 100/162 | trades=0 | skip=40 | 1.5s
2026-08-03 23:23:16,497 [INFO]   进度 120/162 | trades=0 | skip=43 | 1.5s
2026-08-03 23:23:16,499 [INFO]   进度 140/162 | trades=0 | skip=50 | 1.5s
2026-08-03 23:23:16,500 [INFO]   进度 160/162 | trades=0 | skip=69 | 1.5s
2026-08-03 23:23:16,500 [INFO] ========== ZT回测完成 | trades=0 | fill_rate=40% | 1.5s ==========
2026-08-03 23:23:16,500 [WARNING]   无任何交易产生！
2026-08-03 23:23:16,500 [INFO]   score=-1000.0 | 月复利=0.0% | 笔数=0 胜率=0.0% DD=0.0% | lev=1.25x | 1.5s
2026-08-03 23:23:16,501 [INFO] ========== ZT回测 2025-12-01→2026-07-31 | top=2 board=gem+star entry=open_t1 sample=300 ==========
2026-08-03 23:23:16,502 [INFO]   进度 20/162 | trades=0 | skip=0 | 0.0s
2026-08-03 23:23:16,503 [INFO]   进度 40/162 | trades=0 | skip=0 | 0.0s
2026-08-03 23:23:16,504 [INFO]   进度 60/162 | trades=0 | skip=0 | 0.0s
2026-08-03 23:23:16,505 [INFO]   进度 80/162 | trades=0 | skip=0 | 0.0s
2026-08-03 23:23:16,505 [INFO]   进度 100/162 | trades=0 | skip=0 | 0.0s
2026-08-03 23:23:16,506 [INFO]   进度 120/162 | trades=0 | skip=0 | 0.0s
2026-08-03 23:23:16,506 [INFO]   进度 140/162 | trades=0 | skip=0 | 0.0s
2026-08-03 23:23:16,507 [INFO]   进度 160/162 | trades=0 | skip=0 | 0.0s
2026-08-03 23:23:16,508 [INFO] ========== ZT回测完成 | trades=0 | fill_rate=30% | 0.0s ==========
2026-08-03 23:23:16,508 [WARNING]   无任何交易产生！
2026-08-03 23:23:16,508 [INFO]   score=-1000.0 | 月复利=0.0% | 笔数=0 胜率=0.0% DD=0.0% | lev=1.50x | 0.0s
2026-08-03 23:23:16,509 [INFO] ========== ZT回测 2025-12-01→2026-07-31 | top=5 board=all entry=close_t0 sample=300 ==========
2026-08-03 23:23:17,793 [INFO] HS300 regime 预计算: 365 天 (bull=203 bear=41 crash=62 unknown=59)
2026-08-03 23:23:17,794 [INFO]   进度 20/162 | trades=0 | skip=6 | 1.3s
2026-08-03 23:23:17,796 [INFO]   进度 40/162 | trades=0 | skip=8 | 1.3s
2026-08-03 23:23:17,796 [INFO]   进度 60/162 | trades=0 | skip=18 | 1.3s
2026-08-03 23:23:17,796 [INFO]   进度 80/162 | trades=0 | skip=36 | 1.3s
2026-08-03 23:23:17,797 [INFO]   进度 100/162 | trades=0 | skip=40 | 1.3s
2026-08-03 23:23:17,798 [INFO]   进度 120/162 | trades=0 | skip=43 | 1.3s
2026-08-03 23:23:17,799 [INFO]   进度 140/162 | trades=0 | skip=50 | 1.3s
2026-08-03 23:23:17,799 [INFO]   进度 160/162 | trades=0 | skip=69 | 1.3s
2026-08-03 23:23:17,799 [INFO] ========== ZT回测完成 | trades=0 | fill_rate=30% | 1.3s ==========
2026-08-03 23:23:17,799 [WARNING]   无任何交易产生！
2026-08-03 23:23:17,799 [INFO]   score=-1000.0 | 月复利=0.0% | 笔数=0 胜率=0.0% DD=0.0% | lev=1.50x | 1.3s
2026-08-03 23:23:17,799 [INFO] ========== ZT回测 2025-12-01→2026-07-31 | top=5 board=all entry=close_t0 sample=300 ==========
2026-08-03 23:23:19,172 [INFO] HS300 regime 预计算: 365 天 (bull=203 bear=41 crash=62 unknown=59)
2026-08-03 23:23:19,205 [INFO]   进度 20/162 | trades=60 | skip=6 | 1.4s
2026-08-03 23:23:19,248 [INFO]   进度 40/162 | trades=143 | skip=8 | 1.4s
2026-08-03 23:23:19,272 [INFO]   进度 60/162 | trades=188 | skip=18 | 1.5s
2026-08-03 23:23:19,277 [INFO]   进度 80/162 | trades=196 | skip=36 | 1.5s
2026-08-03 23:23:19,305 [INFO]   进度 100/162 | trades=254 | skip=40 | 1.5s
2026-08-03 23:23:19,345 [INFO]   进度 120/162 | trades=328 | skip=43 | 1.5s
2026-08-03 23:23:19,382 [INFO]   进度 140/162 | trades=379 | skip=50 | 1.6s
2026-08-03 23:23:19,386 [INFO]   进度 160/162 | trades=384 | skip=69 | 1.6s
2026-08-03 23:23:19,386 [INFO] ========== ZT回测完成 | trades=384 | fill_rate=100% | 1.6s ==========
2026-08-03 23:23:19,486 [INFO]   笔数=384 | 胜率=86.7% | 平均=3.92% | 日均=1741812.15% | 总收益=156763093.6% | 最大回撤=-22.6%
2026-08-03 23:23:19,486 [INFO]   [best      ] n=384 胜率=87.5% 平均=8.99% 累计=9527438954763648.0%
2026-08-03 23:23:19,486 [INFO]   [close_t1  ] n=384 胜率=61.5% 平均=0.92% 累计=1301.4%
2026-08-03 23:23:19,486 [INFO]   [close_t2  ] n=384 胜率=55.2% 平均=2.34% 累计=66605.6%
2026-08-03 23:23:19,486 [INFO]   [close_t3  ] n=383 胜率=54.6% 平均=3.22% 累计=310244.7%
2026-08-03 23:23:19,486 [INFO]   [gap_t1    ] n=384 胜率=60.2% 平均=1.42% 累计=14317.3%
2026-08-03 23:23:19,486 [INFO]   [open_t2   ] n=384 胜率=54.7% 平均=2.32% 累计=80337.5%
2026-08-03 23:23:19,486 [INFO]   [stop_t1   ] n=11 胜率=0.0% 平均=-13.57% 累计=-79.9%
2026-08-03 23:23:19,486 [INFO]   [trail_t2  ] n=344 胜率=82.8% 平均=3.06% 累计=2142926.0%
2026-08-03 23:23:19,486 [INFO]   score=20.5 | 月复利=11.8% | 笔数=384 胜率=86.7% DD=-0.9% | lev=1.25x | 1.7s
2026-08-03 23:23:19,486 [INFO] ========== ZT回测 2025-12-01→2026-07-31 | top=5 board=all entry=close_t0 sample=300 ==========
2026-08-03 23:23:20,754 [INFO] HS300 regime 预计算: 365 天 (bull=203 bear=41 crash=62 unknown=59)
2026-08-03 23:23:20,755 [INFO]   进度 20/162 | trades=0 | skip=6 | 1.3s
2026-08-03 23:23:20,755 [INFO]   进度 40/162 | trades=0 | skip=8 | 1.3s
2026-08-03 23:23:20,756 [INFO]   进度 60/162 | trades=0 | skip=18 | 1.3s
2026-08-03 23:23:20,756 [INFO]   进度 80/162 | trades=0 | skip=36 | 1.3s
2026-08-03 23:23:20,757 [INFO]   进度 100/162 | trades=0 | skip=40 | 1.3s
2026-08-03 23:23:20,758 [INFO]   进度 120/162 | trades=0 | skip=43 | 1.3s
2026-08-03 23:23:20,759 [INFO]   进度 140/162 | trades=0 | skip=50 | 1.3s
2026-08-03 23:23:20,759 [INFO]   进度 160/162 | trades=0 | skip=69 | 1.3s
2026-08-03 23:23:20,759 [INFO] ========== ZT回测完成 | trades=0 | fill_rate=100% | 1.3s ==========
2026-08-03 23:23:20,760 [WARNING]   无任何交易产生！
2026-08-03 23:23:20,760 [INFO]   score=-1000.0 | 月复利=0.0% | 笔数=0 胜率=0.0% DD=0.0% | lev=1.00x | 1.3s
2026-08-03 23:23:20,760 [INFO] ========== ZT回测 2025-12-01→2026-07-31 | top=1 board=gem+star entry=close_t0 sample=300 ==========
2026-08-03 23:23:22,039 [INFO] HS300 regime 预计算: 365 天 (bull=203 bear=41 crash=62 unknown=59)
2026-08-03 23:23:22,040 [INFO]   进度 20/162 | trades=0 | skip=6 | 1.3s
2026-08-03 23:23:22,040 [INFO]   进度 40/162 | trades=0 | skip=8 | 1.3s
2026-08-03 23:23:22,040 [INFO]   进度 60/162 | trades=0 | skip=18 | 1.3s
2026-08-03 23:23:22,040 [INFO]   进度 80/162 | trades=0 | skip=36 | 1.3s
2026-08-03 23:23:22,041 [INFO]   进度 100/162 | trades=0 | skip=40 | 1.3s
2026-08-03 23:23:22,041 [INFO]   进度 120/162 | trades=0 | skip=43 | 1.3s
2026-08-03 23:23:22,041 [INFO]   进度 140/162 | trades=0 | skip=50 | 1.3s
2026-08-03 23:23:22,041 [INFO]   进度 160/162 | trades=0 | skip=69 | 1.3s
2026-08-03 23:23:22,041 [INFO] ========== ZT回测完成 | trades=0 | fill_rate=50% | 1.3s ==========
2026-08-03 23:23:22,041 [WARNING]   无任何交易产生！
2026-08-03 23:23:22,041 [INFO]   score=-1000.0 | 月复利=0.0% | 笔数=0 胜率=0.0% DD=0.0% | lev=1.50x | 1.3s
2026-08-03 23:23:22,042 [INFO] ========== ZT回测 2025-12-01→2026-07-31 | top=1 board=gem+star entry=open_t1 sample=300 ==========
2026-08-03 23:23:23,350 [INFO] HS300 regime 预计算: 365 天 (bull=203 bear=41 crash=62 unknown=59)
2026-08-03 23:23:23,350 [INFO]   进度 20/162 | trades=0 | skip=6 | 1.3s
2026-08-03 23:23:23,351 [INFO]   进度 40/162 | trades=0 | skip=8 | 1.3s
2026-08-03 23:23:23,351 [INFO]   进度 60/162 | trades=0 | skip=18 | 1.3s
2026-08-03 23:23:23,351 [INFO]   进度 80/162 | trades=0 | skip=36 | 1.3s
2026-08-03 23:23:23,351 [INFO]   进度 100/162 | trades=0 | skip=40 | 1.3s
2026-08-03 23:23:23,352 [INFO]   进度 120/162 | trades=0 | skip=43 | 1.3s
2026-08-03 23:23:23,352 [INFO]   进度 140/162 | trades=0 | skip=50 | 1.3s
2026-08-03 23:23:23,352 [INFO]   进度 160/162 | trades=0 | skip=69 | 1.3s
2026-08-03 23:23:23,352 [INFO] ========== ZT回测完成 | trades=0 | fill_rate=40% | 1.3s ==========
2026-08-03 23:23:23,352 [WARNING]   无任何交易产生！
2026-08-03 23:23:23,352 [INFO]   score=-1000.0 | 月复利=0.0% | 笔数=0 胜率=0.0% DD=0.0% | lev=1.75x | 1.3s
2026-08-03 23:23:23,352 [INFO] ========== ZT回测 2025-12-01→2026-07-31 | top=1 board=gem+star entry=open_t1 sample=300 ==========
2026-08-03 23:23:23,353 [INFO]   进度 20/162 | trades=0 | skip=0 | 0.0s
2026-08-03 23:23:23,353 [INFO]   进度 40/162 | trades=0 | skip=0 | 0.0s
2026-08-03 23:23:23,354 [INFO]   进度 60/162 | trades=0 | skip=0 | 0.0s
2026-08-03 23:23:23,354 [INFO]   进度 80/162 | trades=0 | skip=0 | 0.0s
2026-08-03 23:23:23,355 [INFO]   进度 100/162 | trades=0 | skip=0 | 0.0s
2026-08-03 23:23:23,355 [INFO]   进度 120/162 | trades=0 | skip=0 | 0.0s
2026-08-03 23:23:23,356 [INFO]   进度 140/162 | trades=0 | skip=0 | 0.0s
2026-08-03 23:23:23,357 [INFO]   进度 160/162 | trades=0 | skip=0 | 0.0s
2026-08-03 23:23:23,357 [INFO] ========== ZT回测完成 | trades=0 | fill_rate=40% | 0.0s ==========
2026-08-03 23:23:23,357 [WARNING]   无任何交易产生！
2026-08-03 23:23:23,357 [INFO]   score=-1000.0 | 月复利=0.0% | 笔数=0 胜率=0.0% DD=0.0% | lev=1.50x | 0.0s
2026-08-03 23:23:23,357 [INFO] ========== ZT回测 2025-12-01→2026-07-31 | top=1 board=all entry=open_t1 sample=300 ==========
2026-08-03 23:23:23,358 [INFO]   进度 20/162 | trades=0 | skip=0 | 0.0s
2026-08-03 23:23:23,358 [INFO]   进度 40/162 | trades=0 | skip=0 | 0.0s
2026-08-03 23:23:23,358 [INFO]   进度 60/162 | trades=0 | skip=0 | 0.0s
2026-08-03 23:23:23,360 [INFO]   进度 80/162 | trades=0 | skip=0 | 0.0s
2026-08-03 23:23:23,360 [INFO]   进度 100/162 | trades=0 | skip=0 | 0.0s
2026-08-03 23:23:23,361 [INFO]   进度 120/162 | trades=0 | skip=0 | 0.0s
2026-08-03 23:23:23,362 [INFO]   进度 140/162 | trades=0 | skip=0 | 0.0s
2026-08-03 23:23:23,362 [INFO]   进度 160/162 | trades=0 | skip=0 | 0.0s
2026-08-03 23:23:23,362 [INFO] ========== ZT回测完成 | trades=0 | fill_rate=100% | 0.0s ==========
2026-08-03 23:23:23,362 [WARNING]   无任何交易产生！
2026-08-03 23:23:23,362 [INFO]   score=-1000.0 | 月复利=0.0% | 笔数=0 胜率=0.0% DD=0.0% | lev=1.75x | 0.0s
2026-08-03 23:23:23,363 [INFO] ========== ZT回测 2025-12-01→2026-07-31 | top=5 board=all entry=open_t1 sample=300 ==========
2026-08-03 23:23:24,633 [INFO] HS300 regime 预计算: 365 天 (bull=203 bear=41 crash=62 unknown=59)
2026-08-03 23:23:24,667 [INFO]   进度 20/162 | trades=62 | skip=6 | 1.3s
2026-08-03 23:23:24,716 [INFO]   进度 40/162 | trades=150 | skip=8 | 1.4s
2026-08-03 23:23:24,740 [INFO]   进度 60/162 | trades=197 | skip=18 | 1.4s
2026-08-03 23:23:24,746 [INFO]   进度 80/162 | trades=206 | skip=36 | 1.4s
2026-08-03 23:23:24,780 [INFO]   进度 100/162 | trades=270 | skip=40 | 1.4s
2026-08-03 23:23:24,825 [INFO]   进度 120/162 | trades=349 | skip=43 | 1.5s
2026-08-03 23:23:24,857 [INFO]   进度 140/162 | trades=403 | skip=50 | 1.5s
2026-08-03 23:23:24,861 [INFO]   进度 160/162 | trades=408 | skip=69 | 1.5s
2026-08-03 23:23:24,861 [INFO] ========== ZT回测完成 | trades=408 | fill_rate=25% | 1.5s ==========
2026-08-03 23:23:24,981 [INFO]   笔数=408 | 胜率=60.3% | 平均=-0.05% | 日均=-0.30% | 总收益=-27.1% | 最大回撤=-65.4%
2026-08-03 23:23:24,981 [INFO]   [best      ] n=408 胜率=69.1% 平均=0.93% 累计=4160.5%
2026-08-03 23:23:24,981 [INFO]   [close_t1  ] n=408 胜率=18.1% 平均=-1.04% 累计=-98.6%
2026-08-03 23:23:24,981 [INFO]   [close_t2  ] n=408 胜率=42.6% 平均=-0.69% 累计=-94.6%
2026-08-03 23:23:24,981 [INFO]   [close_t3  ] n=407 胜率=42.0% 平均=-0.48% 累计=-89.0%
2026-08-03 23:23:24,981 [INFO]   [gap_t1    ] n=408 胜率=0.0% 平均=0.00% 累计=0.0%
2026-08-03 23:23:24,981 [INFO]   [open_t2   ] n=408 胜率=41.2% 平均=-0.69% 累计=-94.5%
2026-08-03 23:23:24,981 [INFO]   [stop_t1   ] n=189 胜率=0.0% 平均=-2.82% 累计=-99.6%
2026-08-03 23:23:24,981 [INFO]   [trail_t2  ] n=198 胜率=87.9% 平均=1.50% 累计=1771.7%
2026-08-03 23:23:24,981 [INFO]   score=-0.3 | 月复利=-0.3% | 笔数=408 胜率=60.3% DD=-5.4% | lev=1.25x | 1.6s
2026-08-03 23:23:24,981 [INFO] ========== ZT回测 2025-12-01→2026-07-31 | top=3 board=gem+star entry=close_t0 sample=300 ==========
2026-08-03 23:23:26,307 [INFO] HS300 regime 预计算: 365 天 (bull=203 bear=41 crash=62 unknown=59)
2026-08-03 23:23:26,308 [INFO]   进度 20/162 | trades=0 | skip=6 | 1.3s
2026-08-03 23:23:26,309 [INFO]   进度 40/162 | trades=0 | skip=8 | 1.3s
2026-08-03 23:23:26,310 [INFO]   进度 60/162 | trades=0 | skip=18 | 1.3s
2026-08-03 23:23:26,310 [INFO]   进度 80/162 | trades=0 | skip=36 | 1.3s
2026-08-03 23:23:26,310 [INFO]   进度 100/162 | trades=0 | skip=40 | 1.3s
2026-08-03 23:23:26,311 [INFO]   进度 120/162 | trades=0 | skip=43 | 1.3s
2026-08-03 23:23:26,312 [INFO]   进度 140/162 | trades=0 | skip=50 | 1.3s
2026-08-03 23:23:26,312 [INFO]   进度 160/162 | trades=0 | skip=69 | 1.3s
2026-08-03 23:23:26,312 [INFO] ========== ZT回测完成 | trades=0 | fill_rate=50% | 1.3s ==========
2026-08-03 23:23:26,312 [WARNING]   无任何交易产生！
2026-08-03 23:23:26,312 [INFO]   score=-1000.0 | 月复利=0.0% | 笔数=0 胜率=0.0% DD=0.0% | lev=1.25x | 1.3s
2026-08-03 23:23:26,312 [INFO] ========== ZT回测 2025-12-01→2026-07-31 | top=3 board=main entry=close_t0 sample=300 ==========
2026-08-03 23:23:26,345 [INFO]   进度 20/162 | trades=57 | skip=0 | 0.0s
2026-08-03 23:23:26,385 [INFO]   进度 40/162 | trades=117 | skip=0 | 0.1s
2026-08-03 23:23:26,431 [INFO]   进度 60/162 | trades=176 | skip=0 | 0.1s
2026-08-03 23:23:26,462 [INFO]   进度 80/162 | trades=232 | skip=0 | 0.2s
2026-08-03 23:23:26,494 [INFO]   进度 100/162 | trades=291 | skip=0 | 0.2s
2026-08-03 23:23:26,532 [INFO]   进度 120/162 | trades=351 | skip=0 | 0.2s
2026-08-03 23:23:26,571 [INFO]   进度 140/162 | trades=411 | skip=0 | 0.3s
2026-08-03 23:23:26,605 [INFO]   进度 160/162 | trades=471 | skip=0 | 0.3s
2026-08-03 23:23:26,607 [INFO] ========== ZT回测完成 | trades=474 | fill_rate=35% | 0.3s ==========
2026-08-03 23:23:27,032 [INFO]   笔数=474 | 胜率=80.0% | 平均=1.06% | 日均=84.56% | 总收益=13528.8% | 最大回撤=-10.5%
2026-08-03 23:23:27,032 [INFO]   [best      ] n=474 胜率=83.5% 平均=2.20% 累计=2646920.0%
2026-08-03 23:23:27,032 [INFO]   [close_t1  ] n=474 胜率=42.8% 平均=-0.61% 累计=-95.2%
2026-08-03 23:23:27,032 [INFO]   [close_t2  ] n=472 胜率=39.2% 平均=-0.62% 累计=-96.2%
2026-08-03 23:23:27,032 [INFO]   [close_t3  ] n=469 胜率=38.8% 平均=-0.85% 累计=-98.8%
2026-08-03 23:23:27,032 [INFO]   [gap_t1    ] n=474 胜率=35.2% 平均=-0.53% 累计=-92.4%
2026-08-03 23:23:27,032 [INFO]   [open_t2   ] n=472 胜率=36.9% 平均=-0.71% 累计=-97.5%
2026-08-03 23:23:27,032 [INFO]   [stop_t1   ] n=270 胜率=0.0% 平均=-3.66% 累计=-100.0%
2026-08-03 23:23:27,032 [INFO]   [trail_t2  ] n=204 胜率=95.6% 平均=1.76% 累计=3382.7%
2026-08-03 23:23:27,032 [INFO]   score=17.3 | 月复利=10.9% | 笔数=474 胜率=80.0% DD=-1.4% | lev=1.50x | 0.7s
2026-08-03 23:23:27,032 [INFO] ========== ZT回测 2025-12-01→2026-07-31 | top=2 board=gem+star entry=close_t0 sample=300 ==========
2026-08-03 23:23:27,033 [INFO]   进度 20/162 | trades=0 | skip=0 | 0.0s
2026-08-03 23:23:27,033 [INFO]   进度 40/162 | trades=0 | skip=0 | 0.0s
2026-08-03 23:23:27,034 [INFO]   进度 60/162 | trades=0 | skip=0 | 0.0s
2026-08-03 23:23:27,035 [INFO]   进度 80/162 | trades=0 | skip=0 | 0.0s
2026-08-03 23:23:27,036 [INFO]   进度 100/162 | trades=0 | skip=0 | 0.0s
2026-08-03 23:23:27,036 [INFO]   进度 120/162 | trades=0 | skip=0 | 0.0s
2026-08-03 23:23:27,037 [INFO]   进度 140/162 | trades=0 | skip=0 | 0.0s
2026-08-03 23:23:27,037 [INFO]   进度 160/162 | trades=0 | skip=0 | 0.0s
2026-08-03 23:23:27,037 [INFO] ========== ZT回测完成 | trades=0 | fill_rate=40% | 0.0s ==========
2026-08-03 23:23:27,037 [WARNING]   无任何交易产生！
2026-08-03 23:23:27,037 [INFO]   score=-1000.0 | 月复利=0.0% | 笔数=0 胜率=0.0% DD=0.0% | lev=1.75x | 0.0s
2026-08-03 23:23:27,038 [INFO] ========== ZT回测 2025-12-01→2026-07-31 | top=3 board=main entry=open_t1 sample=300 ==========
2026-08-03 23:23:27,038 [INFO]   进度 20/162 | trades=0 | skip=0 | 0.0s
2026-08-03 23:23:27,039 [INFO]   进度 40/162 | trades=0 | skip=0 | 0.0s
2026-08-03 23:23:27,040 [INFO]   进度 60/162 | trades=0 | skip=0 | 0.0s
2026-08-03 23:23:27,041 [INFO]   进度 80/162 | trades=0 | skip=0 | 0.0s
2026-08-03 23:23:27,042 [INFO]   进度 100/162 | trades=0 | skip=0 | 0.0s
2026-08-03 23:23:27,043 [INFO]   进度 120/162 | trades=0 | skip=0 | 0.0s
2026-08-03 23:23:27,045 [INFO]   进度 140/162 | trades=0 | skip=0 | 0.0s
2026-08-03 23:23:27,046 [INFO]   进度 160/162 | trades=0 | skip=0 | 0.0s
2026-08-03 23:23:27,046 [INFO] ========== ZT回测完成 | trades=0 | fill_rate=40% | 0.0s ==========
2026-08-03 23:23:27,046 [WARNING]   无任何交易产生！
2026-08-03 23:23:27,046 [INFO]   score=-1000.0 | 月复利=0.0% | 笔数=0 胜率=0.0% DD=0.0% | lev=2.00x | 0.0s
2026-08-03 23:23:27,046 [INFO] ========== ZT回测 2025-12-01→2026-07-31 | top=3 board=main entry=close_t0 sample=300 ==========
2026-08-03 23:23:28,594 [INFO] HS300 regime 预计算: 365 天 (bull=203 bear=41 crash=62 unknown=59)
2026-08-03 23:23:28,595 [INFO]   进度 20/162 | trades=0 | skip=6 | 1.5s
2026-08-03 23:23:28,596 [INFO]   进度 40/162 | trades=0 | skip=8 | 1.5s
2026-08-03 23:23:28,596 [INFO]   进度 60/162 | trades=0 | skip=18 | 1.5s
2026-08-03 23:23:28,596 [INFO]   进度 80/162 | trades=0 | skip=36 | 1.5s
2026-08-03 23:23:28,597 [INFO]   进度 100/162 | trades=0 | skip=40 | 1.6s
2026-08-03 23:23:28,598 [INFO]   进度 120/162 | trades=0 | skip=43 | 1.6s
2026-08-03 23:23:28,599 [INFO]   进度 140/162 | trades=0 | skip=50 | 1.6s
2026-08-03 23:23:28,599 [INFO]   进度 160/162 | trades=0 | skip=69 | 1.6s
2026-08-03 23:23:28,599 [INFO] ========== ZT回测完成 | trades=0 | fill_rate=100% | 1.6s ==========
2026-08-03 23:23:28,599 [WARNING]   无任何交易产生！
2026-08-03 23:23:28,599 [INFO]   score=-1000.0 | 月复利=0.0% | 笔数=0 胜率=0.0% DD=0.0% | lev=1.00x | 1.6s
2026-08-03 23:23:28,599 [INFO] ========== ZT回测 2025-12-01→2026-07-31 | top=1 board=gem+star entry=open_t1 sample=300 ==========
2026-08-03 23:23:28,599 [INFO]   进度 20/162 | trades=0 | skip=0 | 0.0s
2026-08-03 23:23:28,600 [INFO]   进度 40/162 | trades=0 | skip=0 | 0.0s
2026-08-03 23:23:28,601 [INFO]   进度 60/162 | trades=0 | skip=0 | 0.0s
2026-08-03 23:23:28,602 [INFO]   进度 80/162 | trades=0 | skip=0 | 0.0s
2026-08-03 23:23:28,602 [INFO]   进度 100/162 | trades=0 | skip=0 | 0.0s
2026-08-03 23:23:28,603 [INFO]   进度 120/162 | trades=0 | skip=0 | 0.0s
2026-08-03 23:23:28,603 [INFO]   进度 140/162 | trades=0 | skip=0 | 0.0s
2026-08-03 23:23:28,604 [INFO]   进度 160/162 | trades=0 | skip=0 | 0.0s
2026-08-03 23:23:28,604 [INFO] ========== ZT回测完成 | trades=0 | fill_rate=35% | 0.0s ==========
2026-08-03 23:23:28,604 [WARNING]   无任何交易产生！
2026-08-03 23:23:28,604 [INFO]   score=-1000.0 | 月复利=0.0% | 笔数=0 胜率=0.0% DD=0.0% | lev=1.25x | 0.0s
2026-08-03 23:23:28,604 [INFO] ========== ZT回测 2025-12-01→2026-07-31 | top=1 board=main entry=close_t0 sample=300 ==========
2026-08-03 23:23:28,604 [INFO]   进度 20/162 | trades=0 | skip=0 | 0.0s
2026-08-03 23:23:28,605 [INFO]   进度 40/162 | trades=0 | skip=0 | 0.0s
2026-08-03 23:23:28,605 [INFO]   进度 60/162 | trades=0 | skip=0 | 0.0s
2026-08-03 23:23:28,605 [INFO]   进度 80/162 | trades=0 | skip=0 | 0.0s
2026-08-03 23:23:28,605 [INFO]   进度 100/162 | trades=0 | skip=0 | 0.0s
2026-08-03 23:23:28,606 [INFO]   进度 120/162 | trades=0 | skip=0 | 0.0s
2026-08-03 23:23:28,606 [INFO]   进度 140/162 | trades=0 | skip=0 | 0.0s
2026-08-03 23:23:28,606 [INFO]   进度 160/162 | trades=0 | skip=0 | 0.0s
2026-08-03 23:23:28,606 [INFO] ========== ZT回测完成 | trades=0 | fill_rate=50% | 0.0s ==========
2026-08-03 23:23:28,606 [WARNING]   无任何交易产生！
2026-08-03 23:23:28,606 [INFO]   score=-1000.0 | 月复利=0.0% | 笔数=0 胜率=0.0% DD=0.0% | lev=1.25x | 0.0s
2026-08-03 23:23:28,607 [INFO] ========== ZT回测 2025-12-01→2026-07-31 | top=3 board=gem+star entry=open_t1 sample=300 ==========
2026-08-03 23:23:28,607 [INFO]   进度 20/162 | trades=0 | skip=0 | 0.0s
2026-08-03 23:23:28,607 [INFO]   进度 40/162 | trades=0 | skip=0 | 0.0s
2026-08-03 23:23:28,608 [INFO]   进度 60/162 | trades=0 | skip=0 | 0.0s
2026-08-03 23:23:28,608 [INFO]   进度 80/162 | trades=0 | skip=0 | 0.0s
2026-08-03 23:23:28,609 [INFO]   进度 100/162 | trades=0 | skip=0 | 0.0s
2026-08-03 23:23:28,610 [INFO]   进度 120/162 | trades=0 | skip=0 | 0.0s
2026-08-03 23:23:28,610 [INFO]   进度 140/162 | trades=0 | skip=0 | 0.0s
2026-08-03 23:23:28,611 [INFO]   进度 160/162 | trades=0 | skip=0 | 0.0s
2026-08-03 23:23:28,611 [INFO] ========== ZT回测完成 | trades=0 | fill_rate=35% | 0.0s ==========
2026-08-03 23:23:28,611 [WARNING]   无任何交易产生！
2026-08-03 23:23:28,611 [INFO]   score=-1000.0 | 月复利=0.0% | 笔数=0 胜率=0.0% DD=0.0% | lev=1.25x | 0.0s
2026-08-03 23:23:28,612 [INFO] ========== ZT回测 2025-12-01→2026-07-31 | top=5 board=gem+star entry=close_t0 sample=300 ==========
2026-08-03 23:23:30,002 [INFO] HS300 regime 预计算: 365 天 (bull=203 bear=41 crash=62 unknown=59)
2026-08-03 23:23:30,003 [INFO]   进度 20/162 | trades=0 | skip=6 | 1.4s
2026-08-03 23:23:30,005 [INFO]   进度 40/162 | trades=0 | skip=8 | 1.4s
2026-08-03 23:23:30,005 [INFO]   进度 60/162 | trades=0 | skip=18 | 1.4s
2026-08-03 23:23:30,005 [INFO]   进度 80/162 | trades=0 | skip=36 | 1.4s
2026-08-03 23:23:30,006 [INFO]   进度 100/162 | trades=0 | skip=40 | 1.4s
2026-08-03 23:23:30,007 [INFO]   进度 120/162 | trades=0 | skip=43 | 1.4s
2026-08-03 23:23:30,007 [INFO]   进度 140/162 | trades=0 | skip=50 | 1.4s
2026-08-03 23:23:30,007 [INFO]   进度 160/162 | trades=0 | skip=69 | 1.4s
2026-08-03 23:23:30,007 [INFO] ========== ZT回测完成 | trades=0 | fill_rate=35% | 1.4s ==========
2026-08-03 23:23:30,007 [WARNING]   无任何交易产生！
2026-08-03 23:23:30,007 [INFO]   score=-1000.0 | 月复利=0.0% | 笔数=0 胜率=0.0% DD=0.0% | lev=2.00x | 1.4s
2026-08-03 23:23:30,008 [INFO] ========== ZT回测 2025-12-01→2026-07-31 | top=1 board=all entry=open_t1 sample=300 ==========
2026-08-03 23:23:30,023 [INFO]   进度 20/162 | trades=19 | skip=0 | 0.0s
2026-08-03 23:23:30,039 [INFO]   进度 40/162 | trades=39 | skip=0 | 0.0s
2026-08-03 23:23:30,056 [INFO]   进度 60/162 | trades=59 | skip=0 | 0.0s
2026-08-03 23:23:30,071 [INFO]   进度 80/162 | trades=79 | skip=0 | 0.1s
2026-08-03 23:23:30,086 [INFO]   进度 100/162 | trades=99 | skip=0 | 0.1s
2026-08-03 23:23:30,101 [INFO]   进度 120/162 | trades=119 | skip=0 | 0.1s
2026-08-03 23:23:30,123 [INFO]   进度 140/162 | trades=139 | skip=0 | 0.1s
2026-08-03 23:23:30,137 [INFO]   进度 160/162 | trades=159 | skip=0 | 0.1s
2026-08-03 23:23:30,138 [INFO] ========== ZT回测完成 | trades=161 | fill_rate=20% | 0.1s ==========
2026-08-03 23:23:30,294 [INFO]   笔数=161 | 胜率=59.0% | 平均=0.02% | 日均=-0.01% | 总收益=-1.2% | 最大回撤=-21.4%
2026-08-03 23:23:30,294 [INFO]   [best      ] n=161 胜率=75.2% 平均=0.92% 累计=332.6%
2026-08-03 23:23:30,294 [INFO]   [close_t1  ] n=161 胜率=26.1% 平均=-0.81% 累计=-73.5%
2026-08-03 23:23:30,294 [INFO]   [close_t2  ] n=159 胜率=37.7% 平均=-0.64% 累计=-64.9%
2026-08-03 23:23:30,294 [INFO]   [close_t3  ] n=158 胜率=34.8% 平均=-0.61% 累计=-63.7%
2026-08-03 23:23:30,294 [INFO]   [gap_t1    ] n=161 胜率=0.0% 平均=0.00% 累计=0.0%
2026-08-03 23:23:30,294 [INFO]   [open_t2   ] n=159 胜率=35.9% 平均=-0.78% 累计=-72.1%
2026-08-03 23:23:30,294 [INFO]   [stop_t1   ] n=73 胜率=0.0% 平均=-2.60% 累计=-85.4%
2026-08-03 23:23:30,294 [INFO]   [trail_t2  ] n=77 胜率=87.0% 平均=1.30% 累计=169.2%
2026-08-03 23:23:30,294 [INFO]   score=0.1 | 月复利=0.2% | 笔数=161 胜率=59.0% DD=-21.4% | lev=1.00x | 0.3s
2026-08-03 23:23:30,294 [INFO] ========== ZT回测 2025-12-01→2026-07-31 | top=5 board=gem+star entry=close_t0 sample=300 ==========
2026-08-03 23:23:30,294 [INFO]   进度 20/162 | trades=0 | skip=0 | 0.0s
2026-08-03 23:23:30,295 [INFO]   进度 40/162 | trades=0 | skip=0 | 0.0s
2026-08-03 23:23:30,296 [INFO]   进度 60/162 | trades=0 | skip=0 | 0.0s
2026-08-03 23:23:30,297 [INFO]   进度 80/162 | trades=0 | skip=0 | 0.0s
2026-08-03 23:23:30,298 [INFO]   进度 100/162 | trades=0 | skip=0 | 0.0s
2026-08-03 23:23:30,298 [INFO]   进度 120/162 | trades=0 | skip=0 | 0.0s
2026-08-03 23:23:30,299 [INFO]   进度 140/162 | trades=0 | skip=0 | 0.0s
2026-08-03 23:23:30,300 [INFO]   进度 160/162 | trades=0 | skip=0 | 0.0s
2026-08-03 23:23:30,300 [INFO] ========== ZT回测完成 | trades=0 | fill_rate=100% | 0.0s ==========
2026-08-03 23:23:30,300 [WARNING]   无任何交易产生！
2026-08-03 23:23:30,300 [INFO]   score=-1000.0 | 月复利=0.0% | 笔数=0 胜率=0.0% DD=0.0% | lev=1.75x | 0.0s
2026-08-03 23:23:30,300 [INFO] ========== ZT回测 2025-12-01→2026-07-31 | top=1 board=main entry=close_t0 sample=300 ==========
2026-08-03 23:23:31,629 [INFO] HS300 regime 预计算: 365 天 (bull=203 bear=41 crash=62 unknown=59)
2026-08-03 23:23:31,630 [INFO]   进度 20/162 | trades=0 | skip=6 | 1.3s
2026-08-03 23:23:31,630 [INFO]   进度 40/162 | trades=0 | skip=8 | 1.3s
2026-08-03 23:23:31,630 [INFO]   进度 60/162 | trades=0 | skip=18 | 1.3s
2026-08-03 23:23:31,630 [INFO]   进度 80/162 | trades=0 | skip=36 | 1.3s
2026-08-03 23:23:31,631 [INFO]   进度 100/162 | trades=0 | skip=40 | 1.3s
2026-08-03 23:23:31,631 [INFO]   进度 120/162 | trades=0 | skip=43 | 1.3s
2026-08-03 23:23:31,632 [INFO]   进度 140/162 | trades=0 | skip=50 | 1.3s
2026-08-03 23:23:31,632 [INFO]   进度 160/162 | trades=0 | skip=69 | 1.3s
2026-08-03 23:23:31,632 [INFO] ========== ZT回测完成 | trades=0 | fill_rate=100% | 1.3s ==========
2026-08-03 23:23:31,632 [WARNING]   无任何交易产生！
2026-08-03 23:23:31,632 [INFO]   score=-1000.0 | 月复利=0.0% | 笔数=0 胜率=0.0% DD=0.0% | lev=1.50x | 1.3s
2026-08-03 23:23:31,632 [INFO] ========== ZT回测 2025-12-01→2026-07-31 | top=5 board=main entry=open_t1 sample=300 ==========
2026-08-03 23:23:32,986 [INFO] HS300 regime 预计算: 365 天 (bull=203 bear=41 crash=62 unknown=59)
2026-08-03 23:23:32,986 [INFO]   进度 20/162 | trades=0 | skip=6 | 1.4s
2026-08-03 23:23:32,987 [INFO]   进度 40/162 | trades=0 | skip=8 | 1.4s
2026-08-03 23:23:32,988 [INFO]   进度 60/162 | trades=0 | skip=18 | 1.4s
2026-08-03 23:23:32,988 [INFO]   进度 80/162 | trades=0 | skip=36 | 1.4s
2026-08-03 23:23:32,989 [INFO]   进度 100/162 | trades=0 | skip=40 | 1.4s
2026-08-03 23:23:32,990 [INFO]   进度 120/162 | trades=0 | skip=43 | 1.4s
2026-08-03 23:23:32,990 [INFO]   进度 140/162 | trades=0 | skip=50 | 1.4s
2026-08-03 23:23:32,990 [INFO]   进度 160/162 | trades=0 | skip=69 | 1.4s
2026-08-03 23:23:32,990 [INFO] ========== ZT回测完成 | trades=0 | fill_rate=25% | 1.4s ==========
2026-08-03 23:23:32,990 [WARNING]   无任何交易产生！
2026-08-03 23:23:32,990 [INFO]   score=-1000.0 | 月复利=0.0% | 笔数=0 胜率=0.0% DD=0.0% | lev=1.50x | 1.4s
2026-08-03 23:23:32,991 [INFO] ========== ZT回测 2025-12-01→2026-07-31 | top=5 board=all entry=open_t1 sample=300 ==========
2026-08-03 23:23:36,618 [INFO] HS300 regime 预计算: 365 天 (bull=203 bear=41 crash=62 unknown=59)
2026-08-03 23:23:36,619 [INFO]   进度 20/162 | trades=0 | skip=6 | 3.6s
2026-08-03 23:23:36,619 [INFO]   进度 40/162 | trades=0 | skip=8 | 3.6s
2026-08-03 23:23:36,619 [INFO]   进度 60/162 | trades=0 | skip=18 | 3.6s
2026-08-03 23:23:36,619 [INFO]   进度 80/162 | trades=0 | skip=36 | 3.6s
2026-08-03 23:23:36,619 [INFO]   进度 100/162 | trades=0 | skip=40 | 3.6s
2026-08-03 23:23:36,620 [INFO]   进度 120/162 | trades=0 | skip=43 | 3.6s
2026-08-03 23:23:36,620 [INFO]   进度 140/162 | trades=0 | skip=50 | 3.6s
2026-08-03 23:23:36,621 [INFO]   进度 160/162 | trades=0 | skip=69 | 3.6s
2026-08-03 23:23:36,621 [INFO] ========== ZT回测完成 | trades=0 | fill_rate=30% | 3.6s ==========
2026-08-03 23:23:36,621 [WARNING]   无任何交易产生！
2026-08-03 23:23:36,621 [INFO]   score=-1000.0 | 月复利=0.0% | 笔数=0 胜率=0.0% DD=0.0% | lev=1.75x | 3.6s
2026-08-03 23:23:36,621 [INFO] ========== ZT回测 2025-12-01→2026-07-31 | top=5 board=all entry=open_t1 sample=300 ==========
2026-08-03 23:23:36,622 [INFO]   进度 20/162 | trades=0 | skip=0 | 0.0s
2026-08-03 23:23:36,623 [INFO]   进度 40/162 | trades=0 | skip=0 | 0.0s
2026-08-03 23:23:36,623 [INFO]   进度 60/162 | trades=0 | skip=0 | 0.0s
2026-08-03 23:23:36,624 [INFO]   进度 80/162 | trades=0 | skip=0 | 0.0s
2026-08-03 23:23:36,625 [INFO]   进度 100/162 | trades=0 | skip=0 | 0.0s
2026-08-03 23:23:36,626 [INFO]   进度 120/162 | trades=0 | skip=0 | 0.0s
2026-08-03 23:23:36,627 [INFO]   进度 140/162 | trades=0 | skip=0 | 0.0s
2026-08-03 23:23:36,628 [INFO]   进度 160/162 | trades=0 | skip=0 | 0.0s
2026-08-03 23:23:36,628 [INFO] ========== ZT回测完成 | trades=0 | fill_rate=25% | 0.0s ==========
2026-08-03 23:23:36,628 [WARNING]   无任何交易产生！
2026-08-03 23:23:36,628 [INFO]   score=-1000.0 | 月复利=0.0% | 笔数=0 胜率=0.0% DD=0.0% | lev=1.25x | 0.0s
2026-08-03 23:23:36,628 [INFO] ========== ZT回测 2025-12-01→2026-07-31 | top=3 board=all entry=close_t0 sample=300 ==========
2026-08-03 23:23:37,929 [INFO] HS300 regime 预计算: 365 天 (bull=203 bear=41 crash=62 unknown=59)
2026-08-03 23:23:37,930 [INFO]   进度 20/162 | trades=0 | skip=6 | 1.3s
2026-08-03 23:23:37,930 [INFO]   进度 40/162 | trades=0 | skip=8 | 1.3s
2026-08-03 23:23:37,930 [INFO]   进度 60/162 | trades=0 | skip=18 | 1.3s
2026-08-03 23:23:37,930 [INFO]   进度 80/162 | trades=0 | skip=36 | 1.3s
2026-08-03 23:23:37,931 [INFO]   进度 100/162 | trades=0 | skip=40 | 1.3s
2026-08-03 23:23:37,931 [INFO]   进度 120/162 | trades=0 | skip=43 | 1.3s
2026-08-03 23:23:37,932 [INFO]   进度 140/162 | trades=0 | skip=50 | 1.3s
2026-08-03 23:23:37,932 [INFO]   进度 160/162 | trades=0 | skip=69 | 1.3s
2026-08-03 23:23:37,932 [INFO] ========== ZT回测完成 | trades=0 | fill_rate=35% | 1.3s ==========
2026-08-03 23:23:37,932 [WARNING]   无任何交易产生！
2026-08-03 23:23:37,932 [INFO]   score=-1000.0 | 月复利=0.0% | 笔数=0 胜率=0.0% DD=0.0% | lev=1.75x | 1.3s
2026-08-03 23:23:37,932 [INFO] ========== ZT回测 2025-12-01→2026-07-31 | top=5 board=main entry=close_t0 sample=300 ==========
2026-08-03 23:23:37,932 [INFO]   进度 20/162 | trades=0 | skip=0 | 0.0s
2026-08-03 23:23:37,933 [INFO]   进度 40/162 | trades=0 | skip=0 | 0.0s
2026-08-03 23:23:37,933 [INFO]   进度 60/162 | trades=0 | skip=0 | 0.0s
2026-08-03 23:23:37,933 [INFO]   进度 80/162 | trades=0 | skip=0 | 0.0s
2026-08-03 23:23:37,934 [INFO]   进度 100/162 | trades=0 | skip=0 | 0.0s
2026-08-03 23:23:37,934 [INFO]   进度 120/162 | trades=0 | skip=0 | 0.0s
2026-08-03 23:23:37,935 [INFO]   进度 140/162 | trades=0 | skip=0 | 0.0s
2026-08-03 23:23:37,936 [INFO]   进度 160/162 | trades=0 | skip=0 | 0.0s
2026-08-03 23:23:37,936 [INFO] ========== ZT回测完成 | trades=0 | fill_rate=35% | 0.0s ==========
2026-08-03 23:23:37,936 [WARNING]   无任何交易产生！
2026-08-03 23:23:37,936 [INFO]   score=-1000.0 | 月复利=0.0% | 笔数=0 胜率=0.0% DD=0.0% | lev=1.50x | 0.0s
2026-08-03 23:23:37,937 [INFO] ========== ZT回测 2025-12-01→2026-07-31 | top=2 board=gem+star entry=close_t0 sample=300 ==========
2026-08-03 23:23:39,224 [INFO] HS300 regime 预计算: 365 天 (bull=203 bear=41 crash=62 unknown=59)
2026-08-03 23:23:39,225 [INFO]   进度 20/162 | trades=0 | skip=6 | 1.3s
2026-08-03 23:23:39,226 [INFO]   进度 40/162 | trades=0 | skip=8 | 1.3s
2026-08-03 23:23:39,226 [INFO]   进度 60/162 | trades=0 | skip=18 | 1.3s
2026-08-03 23:23:39,226 [INFO]   进度 80/162 | trades=0 | skip=36 | 1.3s
2026-08-03 23:23:39,227 [INFO]   进度 100/162 | trades=0 | skip=40 | 1.3s
2026-08-03 23:23:39,227 [INFO]   进度 120/162 | trades=0 | skip=43 | 1.3s
2026-08-03 23:23:39,228 [INFO]   进度 140/162 | trades=0 | skip=50 | 1.3s
2026-08-03 23:23:39,228 [INFO]   进度 160/162 | trades=0 | skip=69 | 1.3s
2026-08-03 23:23:39,228 [INFO] ========== ZT回测完成 | trades=0 | fill_rate=50% | 1.3s ==========
2026-08-03 23:23:39,228 [WARNING]   无任何交易产生！
2026-08-03 23:23:39,228 [INFO]   score=-1000.0 | 月复利=0.0% | 笔数=0 胜率=0.0% DD=0.0% | lev=1.75x | 1.3s
2026-08-03 23:23:39,228 [INFO] ========== ZT回测 2025-12-01→2026-07-31 | top=2 board=main entry=close_t0 sample=300 ==========
2026-08-03 23:23:40,530 [INFO] HS300 regime 预计算: 365 天 (bull=203 bear=41 crash=62 unknown=59)
2026-08-03 23:23:40,530 [INFO]   进度 20/162 | trades=0 | skip=6 | 1.3s
2026-08-03 23:23:40,531 [INFO]   进度 40/162 | trades=0 | skip=8 | 1.3s
2026-08-03 23:23:40,531 [INFO]   进度 60/162 | trades=0 | skip=18 | 1.3s
2026-08-03 23:23:40,531 [INFO]   进度 80/162 | trades=0 | skip=36 | 1.3s
2026-08-03 23:23:40,531 [INFO]   进度 100/162 | trades=0 | skip=40 | 1.3s
2026-08-03 23:23:40,532 [INFO]   进度 120/162 | trades=0 | skip=43 | 1.3s
2026-08-03 23:23:40,532 [INFO]   进度 140/162 | trades=0 | skip=50 | 1.3s
2026-08-03 23:23:40,532 [INFO]   进度 160/162 | trades=0 | skip=69 | 1.3s
2026-08-03 23:23:40,532 [INFO] ========== ZT回测完成 | trades=0 | fill_rate=50% | 1.3s ==========
2026-08-03 23:23:40,532 [WARNING]   无任何交易产生！
2026-08-03 23:23:40,532 [INFO]   score=-1000.0 | 月复利=0.0% | 笔数=0 胜率=0.0% DD=0.0% | lev=1.75x | 1.3s
2026-08-03 23:23:40,533 [INFO] ========== ZT回测 2025-12-01→2026-07-31 | top=1 board=main entry=close_t0 sample=300 ==========
2026-08-03 23:23:41,844 [INFO] HS300 regime 预计算: 365 天 (bull=203 bear=41 crash=62 unknown=59)
2026-08-03 23:23:41,844 [INFO]   进度 20/162 | trades=0 | skip=6 | 1.3s
2026-08-03 23:23:41,845 [INFO]   进度 40/162 | trades=0 | skip=8 | 1.3s
2026-08-03 23:23:41,845 [INFO]   进度 60/162 | trades=0 | skip=18 | 1.3s
2026-08-03 23:23:41,845 [INFO]   进度 80/162 | trades=0 | skip=36 | 1.3s
2026-08-03 23:23:41,846 [INFO]   进度 100/162 | trades=0 | skip=40 | 1.3s
2026-08-03 23:23:41,847 [INFO]   进度 120/162 | trades=0 | skip=43 | 1.3s
2026-08-03 23:23:41,848 [INFO]   进度 140/162 | trades=0 | skip=50 | 1.3s
2026-08-03 23:23:41,848 [INFO]   进度 160/162 | trades=0 | skip=69 | 1.3s
2026-08-03 23:23:41,848 [INFO] ========== ZT回测完成 | trades=0 | fill_rate=100% | 1.3s ==========
2026-08-03 23:23:41,848 [WARNING]   无任何交易产生！
2026-08-03 23:23:41,848 [INFO]   score=-1000.0 | 月复利=0.0% | 笔数=0 胜率=0.0% DD=0.0% | lev=2.00x | 1.3s
2026-08-03 23:23:41,848 [INFO] ========== ZT回测 2025-12-01→2026-07-31 | top=2 board=gem+star entry=open_t1 sample=300 ==========
2026-08-03 23:23:41,849 [INFO]   进度 20/162 | trades=0 | skip=0 | 0.0s
2026-08-03 23:23:41,849 [INFO]   进度 40/162 | trades=0 | skip=0 | 0.0s
2026-08-03 23:23:41,851 [INFO]   进度 60/162 | trades=0 | skip=0 | 0.0s
2026-08-03 23:23:41,851 [INFO]   进度 80/162 | trades=0 | skip=0 | 0.0s
2026-08-03 23:23:41,852 [INFO]   进度 100/162 | trades=0 | skip=0 | 0.0s
2026-08-03 23:23:41,853 [INFO]   进度 120/162 | trades=0 | skip=0 | 0.0s
2026-08-03 23:23:41,854 [INFO]   进度 140/162 | trades=0 | skip=0 | 0.0s
2026-08-03 23:23:41,855 [INFO]   进度 160/162 | trades=0 | skip=0 | 0.0s
2026-08-03 23:23:41,855 [INFO] ========== ZT回测完成 | trades=0 | fill_rate=25% | 0.0s ==========
2026-08-03 23:23:41,855 [WARNING]   无任何交易产生！
2026-08-03 23:23:41,855 [INFO]   score=-1000.0 | 月复利=0.0% | 笔数=0 胜率=0.0% DD=0.0% | lev=1.00x | 0.0s
2026-08-03 23:23:41,856 [INFO] ========== ZT回测 2025-12-01→2026-07-31 | top=2 board=gem+star entry=open_t1 sample=300 ==========
2026-08-03 23:23:43,233 [INFO] HS300 regime 预计算: 365 天 (bull=203 bear=41 crash=62 unknown=59)
2026-08-03 23:23:43,233 [INFO]   进度 20/162 | trades=0 | skip=6 | 1.4s
2026-08-03 23:23:43,234 [INFO]   进度 40/162 | trades=0 | skip=8 | 1.4s
2026-08-03 23:23:43,234 [INFO]   进度 60/162 | trades=0 | skip=18 | 1.4s
2026-08-03 23:23:43,235 [INFO]   进度 80/162 | trades=0 | skip=36 | 1.4s
2026-08-03 23:23:43,235 [INFO]   进度 100/162 | trades=0 | skip=40 | 1.4s
2026-08-03 23:23:43,236 [INFO]   进度 120/162 | trades=0 | skip=43 | 1.4s
2026-08-03 23:23:43,236 [INFO]   进度 140/162 | trades=0 | skip=50 | 1.4s
2026-08-03 23:23:43,237 [INFO]   进度 160/162 | trades=0 | skip=69 | 1.4s
2026-08-03 23:23:43,237 [INFO] ========== ZT回测完成 | trades=0 | fill_rate=25% | 1.4s ==========
2026-08-03 23:23:43,237 [WARNING]   无任何交易产生！
2026-08-03 23:23:43,237 [INFO]   score=-1000.0 | 月复利=0.0% | 笔数=0 胜率=0.0% DD=0.0% | lev=1.25x | 1.4s
2026-08-03 23:23:43,237 [INFO] ========== ZT回测 2025-12-01→2026-07-31 | top=1 board=all entry=close_t0 sample=300 ==========
2026-08-03 23:23:44,582 [INFO] HS300 regime 预计算: 365 天 (bull=203 bear=41 crash=62 unknown=59)
2026-08-03 23:23:44,591 [INFO]   进度 20/162 | trades=13 | skip=6 | 1.4s
2026-08-03 23:23:44,602 [INFO]   进度 40/162 | trades=31 | skip=8 | 1.4s
2026-08-03 23:23:44,607 [INFO]   进度 60/162 | trades=41 | skip=18 | 1.4s
2026-08-03 23:23:44,609 [INFO]   进度 80/162 | trades=43 | skip=36 | 1.4s
2026-08-03 23:23:44,618 [INFO]   进度 100/162 | trades=59 | skip=40 | 1.4s
2026-08-03 23:23:44,630 [INFO]   进度 120/162 | trades=76 | skip=43 | 1.4s
2026-08-03 23:23:44,642 [INFO]   进度 140/162 | trades=89 | skip=50 | 1.4s
2026-08-03 23:23:44,645 [INFO]   进度 160/162 | trades=90 | skip=69 | 1.4s
2026-08-03 23:23:44,645 [INFO] ========== ZT回测完成 | trades=90 | fill_rate=35% | 1.4s ==========
2026-08-03 23:23:44,743 [INFO]   笔数=90 | 胜率=85.6% | 平均=1.25% | 日均=2.25% | 总收益=202.7% | 最大回撤=-3.9%
2026-08-03 23:23:44,743 [INFO]   [best      ] n=90 胜率=92.2% 平均=2.16% 累计=570.9%
2026-08-03 23:23:44,743 [INFO]   [close_t1  ] n=90 胜率=38.9% 平均=-0.46% 累计=-35.2%
2026-08-03 23:23:44,743 [INFO]   [close_t2  ] n=90 胜率=35.6% 平均=-0.67% 累计=-47.8%
2026-08-03 23:23:44,744 [INFO]   [close_t3  ] n=90 胜率=40.0% 平均=-0.71% 累计=-50.2%
2026-08-03 23:23:44,744 [INFO]   [gap_t1    ] n=90 胜率=40.0% 平均=-0.28% 累计=-23.0%
2026-08-03 23:23:44,744 [INFO]   [open_t2   ] n=90 胜率=34.4% 平均=-0.67% 累计=-47.4%
2026-08-03 23:23:44,744 [INFO]   [stop_t1   ] n=13 胜率=0.0% 平均=-4.31% 累计=-43.6%
2026-08-03 23:23:44,744 [INFO]   [trail_t2  ] n=73 胜率=78.1% 平均=0.78% 累计=75.1%
2026-08-03 23:23:44,744 [INFO]   score=48.9 | 月复利=28.1% | 笔数=90 胜率=85.6% DD=-6.8% | lev=1.75x | 1.5s
2026-08-03 23:23:44,744 [INFO] ========== ZT回测 2025-12-01→2026-07-31 | top=3 board=all entry=open_t1 sample=300 ==========
2026-08-03 23:23:46,088 [INFO] HS300 regime 预计算: 365 天 (bull=203 bear=41 crash=62 unknown=59)
2026-08-03 23:23:46,088 [INFO]   进度 20/162 | trades=0 | skip=6 | 1.3s
2026-08-03 23:23:46,089 [INFO]   进度 40/162 | trades=0 | skip=8 | 1.3s
2026-08-03 23:23:46,089 [INFO]   进度 60/162 | trades=0 | skip=18 | 1.3s
2026-08-03 23:23:46,089 [INFO]   进度 80/162 | trades=0 | skip=36 | 1.3s
2026-08-03 23:23:46,090 [INFO]   进度 100/162 | trades=0 | skip=40 | 1.3s
2026-08-03 23:23:46,091 [INFO]   进度 120/162 | trades=0 | skip=43 | 1.3s
2026-08-03 23:23:46,092 [INFO]   进度 140/162 | trades=0 | skip=50 | 1.3s
2026-08-03 23:23:46,093 [INFO]   进度 160/162 | trades=0 | skip=69 | 1.3s
2026-08-03 23:23:46,093 [INFO] ========== ZT回测完成 | trades=0 | fill_rate=20% | 1.3s ==========
2026-08-03 23:23:46,093 [WARNING]   无任何交易产生！
2026-08-03 23:23:46,093 [INFO]   score=-1000.0 | 月复利=0.0% | 笔数=0 胜率=0.0% DD=0.0% | lev=1.00x | 1.3s
2026-08-03 23:23:46,093 [INFO] ========== ZT回测 2025-12-01→2026-07-31 | top=3 board=gem+star entry=open_t1 sample=300 ==========
2026-08-03 23:23:47,333 [INFO] HS300 regime 预计算: 365 天 (bull=203 bear=41 crash=62 unknown=59)
2026-08-03 23:23:47,334 [INFO]   进度 20/162 | trades=0 | skip=6 | 1.2s
2026-08-03 23:23:47,334 [INFO]   进度 40/162 | trades=0 | skip=8 | 1.2s
2026-08-03 23:23:47,334 [INFO]   进度 60/162 | trades=0 | skip=18 | 1.2s
2026-08-03 23:23:47,334 [INFO]   进度 80/162 | trades=0 | skip=36 | 1.2s
2026-08-03 23:23:47,335 [INFO]   进度 100/162 | trades=0 | skip=40 | 1.2s
2026-08-03 23:23:47,335 [INFO]   进度 120/162 | trades=0 | skip=43 | 1.2s
2026-08-03 23:23:47,337 [INFO]   进度 140/162 | trades=0 | skip=50 | 1.2s
2026-08-03 23:23:47,337 [INFO]   进度 160/162 | trades=0 | skip=69 | 1.2s
2026-08-03 23:23:47,337 [INFO] ========== ZT回测完成 | trades=0 | fill_rate=25% | 1.2s ==========
2026-08-03 23:23:47,337 [WARNING]   无任何交易产生！
2026-08-03 23:23:47,337 [INFO]   score=-1000.0 | 月复利=0.0% | 笔数=0 胜率=0.0% DD=0.0% | lev=1.00x | 1.2s
2026-08-03 23:23:47,337 [INFO] ========== ZT回测 2025-12-01→2026-07-31 | top=5 board=main entry=close_t0 sample=300 ==========
2026-08-03 23:23:47,389 [INFO]   进度 20/162 | trades=82 | skip=0 | 0.1s
2026-08-03 23:23:47,449 [INFO]   进度 40/162 | trades=175 | skip=0 | 0.1s
2026-08-03 23:23:47,496 [INFO]   进度 60/162 | trades=255 | skip=0 | 0.2s
2026-08-03 23:23:47,531 [INFO]   进度 80/162 | trades=322 | skip=0 | 0.2s
2026-08-03 23:23:47,570 [INFO]   进度 100/162 | trades=390 | skip=0 | 0.2s
2026-08-03 23:23:47,622 [INFO]   进度 120/162 | trades=473 | skip=0 | 0.3s
2026-08-03 23:23:47,674 [INFO]   进度 140/162 | trades=553 | skip=0 | 0.3s
2026-08-03 23:23:47,718 [INFO]   进度 160/162 | trades=629 | skip=0 | 0.4s
2026-08-03 23:23:47,722 [INFO] ========== ZT回测完成 | trades=636 | fill_rate=30% | 0.4s ==========
2026-08-03 23:23:47,892 [INFO]   笔数=636 | 胜率=85.5% | 平均=1.20% | 日均=1187.27% | 总收益=189962.8% | 最大回撤=-8.5%
2026-08-03 23:23:47,892 [INFO]   [best      ] n=635 胜率=86.9% 平均=2.65% 累计=1402968235.6%
2026-08-03 23:23:47,892 [INFO]   [close_t1  ] n=635 胜率=60.9% 平均=0.26% 累计=348.2%
2026-08-03 23:23:47,893 [INFO]   [close_t2  ] n=630 胜率=54.4% 平均=0.72% 累计=6301.0%
2026-08-03 23:23:47,893 [INFO]   [close_t3  ] n=626 胜率=52.9% 平均=0.84% 累计=10075.9%
2026-08-03 23:23:47,893 [INFO]   [gap_t1    ] n=635 胜率=59.2% 平均=0.37% 累计=886.6%
2026-08-03 23:23:47,893 [INFO]   [open_t2   ] n=630 胜率=53.5% 平均=0.61% 累计=3243.4%
2026-08-03 23:23:47,893 [INFO]   [stop_t1   ] n=151 胜率=0.0% 平均=-3.45% 累计=-99.5%
2026-08-03 23:23:47,893 [INFO]   [trail_t2  ] n=465 胜率=96.1% 平均=1.46% 累计=84433.6%
2026-08-03 23:23:47,893 [INFO]   score=9.8 | 月复利=6.1% | 笔数=636 胜率=85.5% DD=-0.4% | lev=1.25x | 0.6s
2026-08-03 23:23:47,893 [INFO] ========== ZT回测 2025-12-01→2026-07-31 | top=1 board=all entry=close_t0 sample=300 ==========
2026-08-03 23:23:49,201 [INFO] HS300 regime 预计算: 365 天 (bull=203 bear=41 crash=62 unknown=59)
2026-08-03 23:23:49,202 [INFO]   进度 20/162 | trades=0 | skip=6 | 1.3s
2026-08-03 23:23:49,202 [INFO]   进度 40/162 | trades=0 | skip=8 | 1.3s
2026-08-03 23:23:49,202 [INFO]   进度 60/162 | trades=0 | skip=18 | 1.3s
2026-08-03 23:23:49,202 [INFO]   进度 80/162 | trades=0 | skip=36 | 1.3s
2026-08-03 23:23:49,203 [INFO]   进度 100/162 | trades=0 | skip=40 | 1.3s
2026-08-03 23:23:49,203 [INFO]   进度 120/162 | trades=0 | skip=43 | 1.3s
2026-08-03 23:23:49,203 [INFO]   进度 140/162 | trades=0 | skip=50 | 1.3s
2026-08-03 23:23:49,203 [INFO]   进度 160/162 | trades=0 | skip=69 | 1.3s
2026-08-03 23:23:49,203 [INFO] ========== ZT回测完成 | trades=0 | fill_rate=25% | 1.3s ==========
2026-08-03 23:23:49,203 [WARNING]   无任何交易产生！
2026-08-03 23:23:49,203 [INFO]   score=-1000.0 | 月复利=0.0% | 笔数=0 胜率=0.0% DD=0.0% | lev=2.00x | 1.3s
2026-08-03 23:23:49,204 [INFO] ========== ZT回测 2025-12-01→2026-07-31 | top=1 board=gem+star entry=close_t0 sample=300 ==========
2026-08-03 23:23:49,204 [INFO]   进度 20/162 | trades=0 | skip=0 | 0.0s
2026-08-03 23:23:49,205 [INFO]   进度 40/162 | trades=0 | skip=0 | 0.0s
2026-08-03 23:23:49,205 [INFO]   进度 60/162 | trades=0 | skip=0 | 0.0s
2026-08-03 23:23:49,206 [INFO]   进度 80/162 | trades=0 | skip=0 | 0.0s
2026-08-03 23:23:49,206 [INFO]   进度 100/162 | trades=0 | skip=0 | 0.0s
2026-08-03 23:23:49,207 [INFO]   进度 120/162 | trades=0 | skip=0 | 0.0s
2026-08-03 23:23:49,208 [INFO]   进度 140/162 | trades=0 | skip=0 | 0.0s
2026-08-03 23:23:49,209 [INFO]   进度 160/162 | trades=0 | skip=0 | 0.0s
2026-08-03 23:23:49,209 [INFO] ========== ZT回测完成 | trades=0 | fill_rate=100% | 0.0s ==========
2026-08-03 23:23:49,209 [WARNING]   无任何交易产生！
2026-08-03 23:23:49,210 [INFO]   score=-1000.0 | 月复利=0.0% | 笔数=0 胜率=0.0% DD=0.0% | lev=1.50x | 0.0s
2026-08-03 23:23:49,210 [INFO] ========== ZT回测 2025-12-01→2026-07-31 | top=3 board=all entry=close_t0 sample=300 ==========
2026-08-03 23:23:50,756 [INFO] HS300 regime 预计算: 365 天 (bull=203 bear=41 crash=62 unknown=59)
2026-08-03 23:23:50,757 [INFO]   进度 20/162 | trades=0 | skip=6 | 1.5s
2026-08-03 23:23:50,758 [INFO]   进度 40/162 | trades=0 | skip=8 | 1.5s
2026-08-03 23:23:50,759 [INFO]   进度 60/162 | trades=0 | skip=18 | 1.5s
2026-08-03 23:23:50,759 [INFO]   进度 80/162 | trades=0 | skip=36 | 1.5s
2026-08-03 23:23:50,760 [INFO]   进度 100/162 | trades=0 | skip=40 | 1.6s
2026-08-03 23:23:50,762 [INFO]   进度 120/162 | trades=0 | skip=43 | 1.6s
2026-08-03 23:23:50,764 [INFO]   进度 140/162 | trades=0 | skip=50 | 1.6s
2026-08-03 23:23:50,764 [INFO]   进度 160/162 | trades=0 | skip=69 | 1.6s
2026-08-03 23:23:50,765 [INFO] ========== ZT回测完成 | trades=0 | fill_rate=100% | 1.6s ==========
2026-08-03 23:23:50,765 [WARNING]   无任何交易产生！
2026-08-03 23:23:50,765 [INFO]   score=-1000.0 | 月复利=0.0% | 笔数=0 胜率=0.0% DD=0.0% | lev=1.00x | 1.6s
2026-08-03 23:23:50,765 [INFO] ========== ZT回测 2025-12-01→2026-07-31 | top=2 board=main entry=open_t1 sample=300 ==========
2026-08-03 23:23:52,068 [INFO] HS300 regime 预计算: 365 天 (bull=203 bear=41 crash=62 unknown=59)
2026-08-03 23:23:52,069 [INFO]   进度 20/162 | trades=0 | skip=6 | 1.3s
2026-08-03 23:23:52,070 [INFO]   进度 40/162 | trades=0 | skip=8 | 1.3s
2026-08-03 23:23:52,071 [INFO]   进度 60/162 | trades=0 | skip=18 | 1.3s
2026-08-03 23:23:52,072 [INFO]   进度 80/162 | trades=0 | skip=36 | 1.3s
2026-08-03 23:23:52,072 [INFO]   进度 100/162 | trades=0 | skip=40 | 1.3s
2026-08-03 23:23:52,073 [INFO]   进度 120/162 | trades=0 | skip=43 | 1.3s
2026-08-03 23:23:52,075 [INFO]   进度 140/162 | trades=0 | skip=50 | 1.3s
2026-08-03 23:23:52,075 [INFO]   进度 160/162 | trades=0 | skip=69 | 1.3s
2026-08-03 23:23:52,075 [INFO] ========== ZT回测完成 | trades=0 | fill_rate=50% | 1.3s ==========
2026-08-03 23:23:52,075 [WARNING]   无任何交易产生！
2026-08-03 23:23:52,075 [INFO]   score=-1000.0 | 月复利=0.0% | 笔数=0 胜率=0.0% DD=0.0% | lev=1.75x | 1.3s
2026-08-03 23:23:52,075 [INFO] ========== ZT回测 2025-12-01→2026-07-31 | top=1 board=all entry=open_t1 sample=300 ==========
2026-08-03 23:23:52,076 [INFO]   进度 20/162 | trades=0 | skip=0 | 0.0s
2026-08-03 23:23:52,076 [INFO]   进度 40/162 | trades=0 | skip=0 | 0.0s
2026-08-03 23:23:52,077 [INFO]   进度 60/162 | trades=0 | skip=0 | 0.0s
2026-08-03 23:23:52,077 [INFO]   进度 80/162 | trades=0 | skip=0 | 0.0s
2026-08-03 23:23:52,077 [INFO]   进度 100/162 | trades=0 | skip=0 | 0.0s
2026-08-03 23:23:52,079 [INFO]   进度 120/162 | trades=0 | skip=0 | 0.0s
2026-08-03 23:23:52,080 [INFO]   进度 140/162 | trades=0 | skip=0 | 0.0s
2026-08-03 23:23:52,080 [INFO]   进度 160/162 | trades=0 | skip=0 | 0.0s
2026-08-03 23:23:52,080 [INFO] ========== ZT回测完成 | trades=0 | fill_rate=40% | 0.0s ==========
2026-08-03 23:23:52,080 [WARNING]   无任何交易产生！
2026-08-03 23:23:52,080 [INFO]   score=-1000.0 | 月复利=0.0% | 笔数=0 胜率=0.0% DD=0.0% | lev=1.25x | 0.0s
2026-08-03 23:23:52,080 [INFO] ========== ZT回测 2025-12-01→2026-07-31 | top=3 board=gem+star entry=close_t0 sample=300 ==========
2026-08-03 23:23:52,105 [INFO]   进度 20/162 | trades=38 | skip=0 | 0.0s
2026-08-03 23:23:52,131 [INFO]   进度 40/162 | trades=82 | skip=0 | 0.1s
2026-08-03 23:23:52,151 [INFO]   进度 60/162 | trades=115 | skip=0 | 0.1s
2026-08-03 23:23:52,167 [INFO]   进度 80/162 | trades=139 | skip=0 | 0.1s
2026-08-03 23:23:52,177 [INFO]   进度 100/162 | trades=156 | skip=0 | 0.1s
2026-08-03 23:23:52,197 [INFO]   进度 120/162 | trades=186 | skip=0 | 0.1s
2026-08-03 23:23:52,214 [INFO]   进度 140/162 | trades=216 | skip=0 | 0.1s
2026-08-03 23:23:52,227 [INFO]   进度 160/162 | trades=236 | skip=0 | 0.1s
2026-08-03 23:23:52,227 [INFO] ========== ZT回测完成 | trades=237 | fill_rate=25% | 0.1s ==========
2026-08-03 23:23:52,376 [INFO]   笔数=237 | 胜率=89.0% | 平均=1.06% | 日均=9.07% | 总收益=1106.4% | 最大回撤=-7.8%
2026-08-03 23:23:52,376 [INFO]   [best      ] n=237 胜率=89.9% 平均=2.43% 累计=28237.1%
2026-08-03 23:23:52,376 [INFO]   [close_t1  ] n=237 胜率=61.6% 平均=0.23% 累计=66.9%
2026-08-03 23:23:52,376 [INFO]   [close_t2  ] n=236 胜率=58.0% 平均=0.87% 累计=593.0%
2026-08-03 23:23:52,376 [INFO]   [close_t3  ] n=236 胜率=56.4% 平均=1.01% 累计=815.2%
2026-08-03 23:23:52,376 [INFO]   [gap_t1    ] n=237 胜率=62.9% 平均=0.40% 累计=153.6%
2026-08-03 23:23:52,376 [INFO]   [open_t2   ] n=236 胜率=55.9% 平均=0.53% 累计=216.1%
2026-08-03 23:23:52,376 [INFO]   [stop_t1   ] n=6 胜率=0.0% 平均=-3.42% 累计=-18.8%
2026-08-03 23:23:52,376 [INFO]   [trail_t2  ] n=222 胜率=88.7% 平均=0.96% 累计=734.5%
2026-08-03 23:23:52,376 [INFO]   score=8.5 | 月复利=5.4% | 笔数=237 胜率=89.0% DD=-1.9% | lev=1.00x | 0.3s
2026-08-03 23:23:52,377 [INFO] ========== ZT回测 2025-12-01→2026-07-31 | top=5 board=gem+star entry=close_t0 sample=300 ==========
2026-08-03 23:23:53,681 [INFO] HS300 regime 预计算: 365 天 (bull=203 bear=41 crash=62 unknown=59)
2026-08-03 23:23:53,681 [INFO]   进度 20/162 | trades=0 | skip=6 | 1.3s
2026-08-03 23:23:53,682 [INFO]   进度 40/162 | trades=0 | skip=8 | 1.3s
2026-08-03 23:23:53,682 [INFO]   进度 60/162 | trades=0 | skip=18 | 1.3s
2026-08-03 23:23:53,682 [INFO]   进度 80/162 | trades=0 | skip=36 | 1.3s
2026-08-03 23:23:53,683 [INFO]   进度 100/162 | trades=0 | skip=40 | 1.3s
2026-08-03 23:23:53,684 [INFO]   进度 120/162 | trades=0 | skip=43 | 1.3s
2026-08-03 23:23:53,684 [INFO]   进度 140/162 | trades=0 | skip=50 | 1.3s
2026-08-03 23:23:53,684 [INFO]   进度 160/162 | trades=0 | skip=69 | 1.3s
2026-08-03 23:23:53,684 [INFO] ========== ZT回测完成 | trades=0 | fill_rate=40% | 1.3s ==========
2026-08-03 23:23:53,684 [WARNING]   无任何交易产生！
2026-08-03 23:23:53,684 [INFO]   score=-1000.0 | 月复利=0.0% | 笔数=0 胜率=0.0% DD=0.0% | lev=1.75x | 1.3s
2026-08-03 23:23:53,685 [INFO] ========== ZT回测 2025-12-01→2026-07-31 | top=3 board=all entry=close_t0 sample=300 ==========
2026-08-03 23:23:56,984 [INFO] HS300 regime 预计算: 365 天 (bull=203 bear=41 crash=62 unknown=59)
2026-08-03 23:23:56,985 [INFO]   进度 20/162 | trades=0 | skip=6 | 3.3s
2026-08-03 23:23:56,985 [INFO]   进度 40/162 | trades=0 | skip=8 | 3.3s
2026-08-03 23:23:56,986 [INFO]   进度 60/162 | trades=0 | skip=18 | 3.3s
2026-08-03 23:23:56,986 [INFO]   进度 80/162 | trades=0 | skip=36 | 3.3s
2026-08-03 23:23:56,987 [INFO]   进度 100/162 | trades=0 | skip=40 | 3.3s
2026-08-03 23:23:56,987 [INFO]   进度 120/162 | trades=0 | skip=43 | 3.3s
2026-08-03 23:23:56,988 [INFO]   进度 140/162 | trades=0 | skip=50 | 3.3s
2026-08-03 23:23:56,988 [INFO]   进度 160/162 | trades=0 | skip=69 | 3.3s
2026-08-03 23:23:56,988 [INFO] ========== ZT回测完成 | trades=0 | fill_rate=50% | 3.3s ==========
2026-08-03 23:23:56,988 [WARNING]   无任何交易产生！
2026-08-03 23:23:56,988 [INFO]   score=-1000.0 | 月复利=0.0% | 笔数=0 胜率=0.0% DD=0.0% | lev=1.75x | 3.3s
2026-08-03 23:23:56,988 [INFO] ========== ZT回测 2025-12-01→2026-07-31 | top=5 board=main entry=close_t0 sample=300 ==========
2026-08-03 23:23:56,988 [INFO]   进度 20/162 | trades=0 | skip=0 | 0.0s
2026-08-03 23:23:56,988 [INFO]   进度 40/162 | trades=0 | skip=0 | 0.0s
2026-08-03 23:23:56,989 [INFO]   进度 60/162 | trades=0 | skip=0 | 0.0s
2026-08-03 23:23:56,989 [INFO]   进度 80/162 | trades=0 | skip=0 | 0.0s
2026-08-03 23:23:56,989 [INFO]   进度 100/162 | trades=0 | skip=0 | 0.0s
2026-08-03 23:23:56,990 [INFO]   进度 120/162 | trades=0 | skip=0 | 0.0s
2026-08-03 23:23:56,990 [INFO]   进度 140/162 | trades=0 | skip=0 | 0.0s
2026-08-03 23:23:56,990 [INFO]   进度 160/162 | trades=0 | skip=0 | 0.0s
2026-08-03 23:23:56,990 [INFO] ========== ZT回测完成 | trades=0 | fill_rate=40% | 0.0s ==========
2026-08-03 23:23:56,991 [WARNING]   无任何交易产生！
2026-08-03 23:23:56,991 [INFO]   score=-1000.0 | 月复利=0.0% | 笔数=0 胜率=0.0% DD=0.0% | lev=2.00x | 0.0s
2026-08-03 23:23:56,991 [INFO] ========== ZT回测 2025-12-01→2026-07-31 | top=2 board=all entry=close_t0 sample=300 ==========
2026-08-03 23:23:58,386 [INFO] HS300 regime 预计算: 365 天 (bull=203 bear=41 crash=62 unknown=59)
2026-08-03 23:23:58,387 [INFO]   进度 20/162 | trades=0 | skip=6 | 1.4s
2026-08-03 23:23:58,388 [INFO]   进度 40/162 | trades=0 | skip=8 | 1.4s
2026-08-03 23:23:58,389 [INFO]   进度 60/162 | trades=0 | skip=18 | 1.4s
2026-08-03 23:23:58,389 [INFO]   进度 80/162 | trades=0 | skip=36 | 1.4s
2026-08-03 23:23:58,390 [INFO]   进度 100/162 | trades=0 | skip=40 | 1.4s
2026-08-03 23:23:58,390 [INFO]   进度 120/162 | trades=0 | skip=43 | 1.4s
2026-08-03 23:23:58,391 [INFO]   进度 140/162 | trades=0 | skip=50 | 1.4s
2026-08-03 23:23:58,392 [INFO]   进度 160/162 | trades=0 | skip=69 | 1.4s
2026-08-03 23:23:58,392 [INFO] ========== ZT回测完成 | trades=0 | fill_rate=35% | 1.4s ==========
2026-08-03 23:23:58,392 [WARNING]   无任何交易产生！
2026-08-03 23:23:58,392 [INFO]   score=-1000.0 | 月复利=0.0% | 笔数=0 胜率=0.0% DD=0.0% | lev=1.75x | 1.4s
2026-08-03 23:23:58,392 [INFO] ========== ZT回测 2025-12-01→2026-07-31 | top=2 board=all entry=open_t1 sample=300 ==========
2026-08-03 23:23:59,646 [INFO] HS300 regime 预计算: 365 天 (bull=203 bear=41 crash=62 unknown=59)
2026-08-03 23:23:59,661 [INFO]   进度 20/162 | trades=26 | skip=6 | 1.3s
2026-08-03 23:23:59,679 [INFO]   进度 40/162 | trades=62 | skip=8 | 1.3s
2026-08-03 23:23:59,689 [INFO]   进度 60/162 | trades=82 | skip=18 | 1.3s
2026-08-03 23:23:59,690 [INFO]   进度 80/162 | trades=86 | skip=36 | 1.3s
2026-08-03 23:23:59,709 [INFO]   进度 100/162 | trades=118 | skip=40 | 1.3s
2026-08-03 23:23:59,729 [INFO]   进度 120/162 | trades=152 | skip=43 | 1.3s
2026-08-03 23:23:59,746 [INFO]   进度 140/162 | trades=178 | skip=50 | 1.4s
2026-08-03 23:23:59,747 [INFO]   进度 160/162 | trades=180 | skip=69 | 1.4s
2026-08-03 23:23:59,747 [INFO] ========== ZT回测完成 | trades=180 | fill_rate=25% | 1.4s ==========
2026-08-03 23:23:59,855 [INFO]   笔数=180 | 胜率=53.9% | 平均=-0.21% | 日均=-0.40% | 总收益=-35.8% | 最大回撤=-39.8%
2026-08-03 23:23:59,855 [INFO]   [best      ] n=180 胜率=69.4% 平均=1.03% 累计=514.6%
2026-08-03 23:23:59,856 [INFO]   [close_t1  ] n=180 胜率=28.3% 平均=-0.93% 累计=-82.0%
2026-08-03 23:23:59,856 [INFO]   [close_t2  ] n=180 胜率=32.2% 平均=-0.95% 累计=-83.1%
2026-08-03 23:23:59,856 [INFO]   [close_t3  ] n=180 胜率=33.9% 平均=-1.06% 累计=-86.5%
2026-08-03 23:23:59,856 [INFO]   [gap_t1    ] n=180 胜率=0.0% 平均=0.00% 累计=0.0%
2026-08-03 23:23:59,856 [INFO]   [open_t2   ] n=180 胜率=33.3% 平均=-0.99% 累计=-84.2%
2026-08-03 23:23:59,856 [INFO]   [stop_t1   ] n=30 胜率=0.0% 平均=-4.14% 累计=-71.9%
2026-08-03 23:23:59,856 [INFO]   [trail_t2  ] n=136 胜率=55.9% 平均=0.51% 累计=94.0%
2026-08-03 23:23:59,856 [INFO]   score=-0.7 | 月复利=-1.2% | 笔数=180 胜率=53.9% DD=-11.0% | lev=1.00x | 1.5s
2026-08-03 23:23:59,856 [INFO] ========== ZT回测 2025-12-01→2026-07-31 | top=1 board=all entry=open_t1 sample=300 ==========
2026-08-03 23:24:01,369 [INFO] HS300 regime 预计算: 365 天 (bull=203 bear=41 crash=62 unknown=59)
2026-08-03 23:24:01,370 [INFO]   进度 20/162 | trades=0 | skip=6 | 1.5s
2026-08-03 23:24:01,371 [INFO]   进度 40/162 | trades=0 | skip=8 | 1.5s
2026-08-03 23:24:01,371 [INFO]   进度 60/162 | trades=0 | skip=18 | 1.5s
2026-08-03 23:24:01,371 [INFO]   进度 80/162 | trades=0 | skip=36 | 1.5s
2026-08-03 23:24:01,372 [INFO]   进度 100/162 | trades=0 | skip=40 | 1.5s
2026-08-03 23:24:01,373 [INFO]   进度 120/162 | trades=0 | skip=43 | 1.5s
2026-08-03 23:24:01,373 [INFO]   进度 140/162 | trades=0 | skip=50 | 1.5s
2026-08-03 23:24:01,374 [INFO]   进度 160/162 | trades=0 | skip=69 | 1.5s
2026-08-03 23:24:01,374 [INFO] ========== ZT回测完成 | trades=0 | fill_rate=35% | 1.5s ==========
2026-08-03 23:24:01,374 [WARNING]   无任何交易产生！
2026-08-03 23:24:01,374 [INFO]   score=-1000.0 | 月复利=0.0% | 笔数=0 胜率=0.0% DD=0.0% | lev=1.50x | 1.5s
2026-08-03 23:24:01,374 [INFO] ========== ZT回测 2025-12-01→2026-07-31 | top=2 board=gem+star entry=open_t1 sample=300 ==========
2026-08-03 23:24:02,958 [INFO] HS300 regime 预计算: 365 天 (bull=203 bear=41 crash=62 unknown=59)
2026-08-03 23:24:02,959 [INFO]   进度 20/162 | trades=0 | skip=6 | 1.6s
2026-08-03 23:24:02,959 [INFO]   进度 40/162 | trades=0 | skip=8 | 1.6s
2026-08-03 23:24:02,960 [INFO]   进度 60/162 | trades=0 | skip=18 | 1.6s
2026-08-03 23:24:02,960 [INFO]   进度 80/162 | trades=0 | skip=36 | 1.6s
2026-08-03 23:24:02,960 [INFO]   进度 100/162 | trades=0 | skip=40 | 1.6s
2026-08-03 23:24:02,962 [INFO]   进度 120/162 | trades=0 | skip=43 | 1.6s
2026-08-03 23:24:02,963 [INFO]   进度 140/162 | trades=0 | skip=50 | 1.6s
2026-08-03 23:24:02,963 [INFO]   进度 160/162 | trades=0 | skip=69 | 1.6s
2026-08-03 23:24:02,963 [INFO] ========== ZT回测完成 | trades=0 | fill_rate=40% | 1.6s ==========
2026-08-03 23:24:02,963 [WARNING]   无任何交易产生！
2026-08-03 23:24:02,963 [INFO]   score=-1000.0 | 月复利=0.0% | 笔数=0 胜率=0.0% DD=0.0% | lev=1.00x | 1.6s
2026-08-03 23:24:02,963 [INFO] ========== ZT回测 2025-12-01→2026-07-31 | top=5 board=main entry=close_t0 sample=300 ==========
2026-08-03 23:24:02,964 [INFO]   进度 20/162 | trades=0 | skip=0 | 0.0s
2026-08-03 23:24:02,965 [INFO]   进度 40/162 | trades=0 | skip=0 | 0.0s
2026-08-03 23:24:02,965 [INFO]   进度 60/162 | trades=0 | skip=0 | 0.0s
2026-08-03 23:24:02,966 [INFO]   进度 80/162 | trades=0 | skip=0 | 0.0s
2026-08-03 23:24:02,966 [INFO]   进度 100/162 | trades=0 | skip=0 | 0.0s
2026-08-03 23:24:02,967 [INFO]   进度 120/162 | trades=0 | skip=0 | 0.0s
2026-08-03 23:24:02,968 [INFO]   进度 140/162 | trades=0 | skip=0 | 0.0s
2026-08-03 23:24:02,969 [INFO]   进度 160/162 | trades=0 | skip=0 | 0.0s
2026-08-03 23:24:02,969 [INFO] ========== ZT回测完成 | trades=0 | fill_rate=35% | 0.0s ==========
2026-08-03 23:24:02,969 [WARNING]   无任何交易产生！
2026-08-03 23:24:02,969 [INFO]   score=-1000.0 | 月复利=0.0% | 笔数=0 胜率=0.0% DD=0.0% | lev=1.50x | 0.0s
2026-08-03 23:24:02,969 [INFO] ========== ZT回测 2025-12-01→2026-07-31 | top=2 board=all entry=close_t0 sample=300 ==========
2026-08-03 23:24:02,970 [INFO]   进度 20/162 | trades=0 | skip=0 | 0.0s
2026-08-03 23:24:02,971 [INFO]   进度 40/162 | trades=0 | skip=0 | 0.0s
2026-08-03 23:24:02,972 [INFO]   进度 60/162 | trades=0 | skip=0 | 0.0s
2026-08-03 23:24:02,972 [INFO]   进度 80/162 | trades=0 | skip=0 | 0.0s
2026-08-03 23:24:02,973 [INFO]   进度 100/162 | trades=0 | skip=0 | 0.0s
2026-08-03 23:24:02,974 [INFO]   进度 120/162 | trades=0 | skip=0 | 0.0s
2026-08-03 23:24:02,975 [INFO]   进度 140/162 | trades=0 | skip=0 | 0.0s
2026-08-03 23:24:02,976 [INFO]   进度 160/162 | trades=0 | skip=0 | 0.0s
2026-08-03 23:24:02,976 [INFO] ========== ZT回测完成 | trades=0 | fill_rate=20% | 0.0s ==========
2026-08-03 23:24:02,976 [WARNING]   无任何交易产生！
2026-08-03 23:24:02,976 [INFO]   score=-1000.0 | 月复利=0.0% | 笔数=0 胜率=0.0% DD=0.0% | lev=1.00x | 0.0s
2026-08-03 23:24:02,977 [INFO] ========== ZT回测 2025-12-01→2026-07-31 | top=3 board=main entry=open_t1 sample=300 ==========
2026-08-03 23:24:04,489 [INFO] HS300 regime 预计算: 365 天 (bull=203 bear=41 crash=62 unknown=59)
2026-08-03 23:24:04,490 [INFO]   进度 20/162 | trades=0 | skip=6 | 1.5s
2026-08-03 23:24:04,492 [INFO]   进度 40/162 | trades=0 | skip=8 | 1.5s
2026-08-03 23:24:04,492 [INFO]   进度 60/162 | trades=0 | skip=18 | 1.5s
2026-08-03 23:24:04,493 [INFO]   进度 80/162 | trades=0 | skip=36 | 1.5s
2026-08-03 23:24:04,493 [INFO]   进度 100/162 | trades=0 | skip=40 | 1.5s
2026-08-03 23:24:04,494 [INFO]   进度 120/162 | trades=0 | skip=43 | 1.5s
2026-08-03 23:24:04,494 [INFO]   进度 140/162 | trades=0 | skip=50 | 1.5s
2026-08-03 23:24:04,494 [INFO]   进度 160/162 | trades=0 | skip=69 | 1.5s
2026-08-03 23:24:04,494 [INFO] ========== ZT回测完成 | trades=0 | fill_rate=30% | 1.5s ==========
2026-08-03 23:24:04,495 [WARNING]   无任何交易产生！
2026-08-03 23:24:04,495 [INFO]   score=-1000.0 | 月复利=0.0% | 笔数=0 胜率=0.0% DD=0.0% | lev=1.25x | 1.5s
2026-08-03 23:24:04,495 [INFO] ========== ZT回测 2025-12-01→2026-07-31 | top=3 board=all entry=close_t0 sample=300 ==========
2026-08-03 23:24:04,495 [INFO]   进度 20/162 | trades=0 | skip=0 | 0.0s
2026-08-03 23:24:04,496 [INFO]   进度 40/162 | trades=0 | skip=0 | 0.0s
2026-08-03 23:24:04,496 [INFO]   进度 60/162 | trades=0 | skip=0 | 0.0s
2026-08-03 23:24:04,496 [INFO]   进度 80/162 | trades=0 | skip=0 | 0.0s
2026-08-03 23:24:04,497 [INFO]   进度 100/162 | trades=0 | skip=0 | 0.0s
2026-08-03 23:24:04,497 [INFO]   进度 120/162 | trades=0 | skip=0 | 0.0s
2026-08-03 23:24:04,497 [INFO]   进度 140/162 | trades=0 | skip=0 | 0.0s
2026-08-03 23:24:04,498 [INFO]   进度 160/162 | trades=0 | skip=0 | 0.0s
2026-08-03 23:24:04,498 [INFO] ========== ZT回测完成 | trades=0 | fill_rate=50% | 0.0s ==========
2026-08-03 23:24:04,498 [WARNING]   无任何交易产生！
2026-08-03 23:24:04,498 [INFO]   score=-1000.0 | 月复利=0.0% | 笔数=0 胜率=0.0% DD=0.0% | lev=2.00x | 0.0s
2026-08-03 23:24:04,498 [INFO] ========== ZT回测 2025-12-01→2026-07-31 | top=3 board=all entry=close_t0 sample=300 ==========
2026-08-03 23:24:05,870 [INFO] HS300 regime 预计算: 365 天 (bull=203 bear=41 crash=62 unknown=59)
2026-08-03 23:24:05,885 [INFO]   进度 20/162 | trades=26 | skip=6 | 1.4s
2026-08-03 23:24:05,908 [INFO]   进度 40/162 | trades=64 | skip=8 | 1.4s
2026-08-03 23:24:05,922 [INFO]   进度 60/162 | trades=84 | skip=18 | 1.4s
2026-08-03 23:24:05,923 [INFO]   进度 80/162 | trades=87 | skip=36 | 1.4s
2026-08-03 23:24:05,934 [INFO]   进度 100/162 | trades=103 | skip=40 | 1.4s
2026-08-03 23:24:05,952 [INFO]   进度 120/162 | trades=130 | skip=43 | 1.5s
2026-08-03 23:24:05,970 [INFO]   进度 140/162 | trades=149 | skip=50 | 1.5s
2026-08-03 23:24:05,971 [INFO]   进度 160/162 | trades=151 | skip=69 | 1.5s
2026-08-03 23:24:05,971 [INFO] ========== ZT回测完成 | trades=151 | fill_rate=25% | 1.5s ==========
2026-08-03 23:24:06,072 [INFO]   笔数=151 | 胜率=89.4% | 平均=1.17% | 日均=6.35% | 总收益=476.1% | 最大回撤=-2.6%
2026-08-03 23:24:06,073 [INFO]   [best      ] n=151 胜率=90.7% 平均=2.39% 累计=3347.3%
2026-08-03 23:24:06,073 [INFO]   [close_t1  ] n=151 胜率=58.9% 平均=0.20% 累计=32.4%
2026-08-03 23:24:06,073 [INFO]   [close_t2  ] n=151 胜率=55.0% 平均=0.68% 累计=160.2%
2026-08-03 23:24:06,073 [INFO]   [close_t3  ] n=151 胜率=54.3% 平均=0.95% 累计=273.2%
2026-08-03 23:24:06,073 [INFO]   [gap_t1    ] n=151 胜率=62.9% 平均=0.42% 累计=85.0%
2026-08-03 23:24:06,073 [INFO]   [open_t2   ] n=151 胜率=55.0% 平均=0.51% 累计=103.3%
2026-08-03 23:24:06,073 [INFO]   [stop_t1   ] n=50 胜率=0.0% 平均=-2.60% 累计=-73.3%
2026-08-03 23:24:06,073 [INFO]   [trail_t2  ] n=101 胜率=100.0% 平均=1.44% 累计=325.4%
2026-08-03 23:24:06,073 [INFO]   score=7.9 | 月复利=5.5% | 笔数=151 胜率=89.4% DD=-0.9% | lev=1.50x | 1.6s
2026-08-03 23:24:06,073 [INFO] ========== ZT回测 2025-12-01→2026-07-31 | top=2 board=gem+star entry=open_t1 sample=300 ==========
2026-08-03 23:24:07,654 [INFO] HS300 regime 预计算: 365 天 (bull=203 bear=41 crash=62 unknown=59)
2026-08-03 23:24:07,655 [INFO]   进度 20/162 | trades=0 | skip=6 | 1.6s
2026-08-03 23:24:07,656 [INFO]   进度 40/162 | trades=0 | skip=8 | 1.6s
2026-08-03 23:24:07,656 [INFO]   进度 60/162 | trades=0 | skip=18 | 1.6s
2026-08-03 23:24:07,656 [INFO]   进度 80/162 | trades=0 | skip=36 | 1.6s
2026-08-03 23:24:07,657 [INFO]   进度 100/162 | trades=0 | skip=40 | 1.6s
2026-08-03 23:24:07,658 [INFO]   进度 120/162 | trades=0 | skip=43 | 1.6s
2026-08-03 23:24:07,659 [INFO]   进度 140/162 | trades=0 | skip=50 | 1.6s
2026-08-03 23:24:07,659 [INFO]   进度 160/162 | trades=0 | skip=69 | 1.6s
2026-08-03 23:24:07,660 [INFO] ========== ZT回测完成 | trades=0 | fill_rate=35% | 1.6s ==========
2026-08-03 23:24:07,660 [WARNING]   无任何交易产生！
2026-08-03 23:24:07,660 [INFO]   score=-1000.0 | 月复利=0.0% | 笔数=0 胜率=0.0% DD=0.0% | lev=1.50x | 1.6s
2026-08-03 23:24:07,660 [INFO] ========== ZT回测 2025-12-01→2026-07-31 | top=1 board=main entry=close_t0 sample=300 ==========
2026-08-03 23:24:07,660 [INFO]   进度 20/162 | trades=0 | skip=0 | 0.0s
2026-08-03 23:24:07,662 [INFO]   进度 40/162 | trades=0 | skip=0 | 0.0s
2026-08-03 23:24:07,663 [INFO]   进度 60/162 | trades=0 | skip=0 | 0.0s
2026-08-03 23:24:07,663 [INFO]   进度 80/162 | trades=0 | skip=0 | 0.0s
2026-08-03 23:24:07,664 [INFO]   进度 100/162 | trades=0 | skip=0 | 0.0s
2026-08-03 23:24:07,665 [INFO]   进度 120/162 | trades=0 | skip=0 | 0.0s
2026-08-03 23:24:07,666 [INFO]   进度 140/162 | trades=0 | skip=0 | 0.0s
2026-08-03 23:24:07,667 [INFO]   进度 160/162 | trades=0 | skip=0 | 0.0s
2026-08-03 23:24:07,667 [INFO] ========== ZT回测完成 | trades=0 | fill_rate=40% | 0.0s ==========
2026-08-03 23:24:07,667 [WARNING]   无任何交易产生！
2026-08-03 23:24:07,667 [INFO]   score=-1000.0 | 月复利=0.0% | 笔数=0 胜率=0.0% DD=0.0% | lev=1.25x | 0.0s
2026-08-03 23:24:07,667 [INFO] ========== ZT回测 2025-12-01→2026-07-31 | top=5 board=gem+star entry=close_t0 sample=300 ==========
2026-08-03 23:24:07,668 [INFO]   进度 20/162 | trades=0 | skip=0 | 0.0s
2026-08-03 23:24:07,669 [INFO]   进度 40/162 | trades=0 | skip=0 | 0.0s
2026-08-03 23:24:07,670 [INFO]   进度 60/162 | trades=0 | skip=0 | 0.0s
2026-08-03 23:24:07,671 [INFO]   进度 80/162 | trades=0 | skip=0 | 0.0s
2026-08-03 23:24:07,672 [INFO]   进度 100/162 | trades=0 | skip=0 | 0.0s
2026-08-03 23:24:07,672 [INFO]   进度 120/162 | trades=0 | skip=0 | 0.0s
2026-08-03 23:24:07,673 [INFO]   进度 140/162 | trades=0 | skip=0 | 0.0s
2026-08-03 23:24:07,674 [INFO]   进度 160/162 | trades=0 | skip=0 | 0.0s
2026-08-03 23:24:07,674 [INFO] ========== ZT回测完成 | trades=0 | fill_rate=100% | 0.0s ==========
2026-08-03 23:24:07,674 [WARNING]   无任何交易产生！
2026-08-03 23:24:07,674 [INFO]   score=-1000.0 | 月复利=0.0% | 笔数=0 胜率=0.0% DD=0.0% | lev=2.00x | 0.0s
2026-08-03 23:24:07,675 [INFO] ========== ZT回测 2025-12-01→2026-07-31 | top=5 board=all entry=open_t1 sample=300 ==========
2026-08-03 23:24:09,016 [INFO] HS300 regime 预计算: 365 天 (bull=203 bear=41 crash=62 unknown=59)
2026-08-03 23:24:09,055 [INFO]   进度 20/162 | trades=62 | skip=6 | 1.4s
2026-08-03 23:24:09,102 [INFO]   进度 40/162 | trades=150 | skip=8 | 1.4s
2026-08-03 23:24:09,128 [INFO]   进度 60/162 | trades=197 | skip=18 | 1.5s
2026-08-03 23:24:09,132 [INFO]   进度 80/162 | trades=206 | skip=36 | 1.5s
2026-08-03 23:24:09,168 [INFO]   进度 100/162 | trades=270 | skip=40 | 1.5s
2026-08-03 23:24:09,213 [INFO]   进度 120/162 | trades=349 | skip=43 | 1.5s
2026-08-03 23:24:09,247 [INFO]   进度 140/162 | trades=403 | skip=50 | 1.6s
2026-08-03 23:24:09,251 [INFO]   进度 160/162 | trades=408 | skip=69 | 1.6s
2026-08-03 23:24:09,251 [INFO] ========== ZT回测完成 | trades=408 | fill_rate=100% | 1.6s ==========
2026-08-03 23:24:09,366 [INFO]   笔数=408 | 胜率=60.3% | 平均=-0.48% | 日均=-1.10% | 总收益=-98.6% | 最大回撤=-99.8%
2026-08-03 23:24:09,366 [INFO]   [best      ] n=408 胜率=69.1% 平均=3.73% 累计=183441832.3%
2026-08-03 23:24:09,366 [INFO]   [close_t1  ] n=408 胜率=18.1% 平均=-4.15% 累计=-100.0%
2026-08-03 23:24:09,366 [INFO]   [close_t2  ] n=408 胜率=42.6% 平均=-2.74% 累计=-100.0%
2026-08-03 23:24:09,366 [INFO]   [close_t3  ] n=407 胜率=42.0% 平均=-1.94% 累计=-100.0%
2026-08-03 23:24:09,366 [INFO]   [gap_t1    ] n=408 胜率=0.0% 平均=0.00% 累计=0.0%
2026-08-03 23:24:09,366 [INFO]   [open_t2   ] n=408 胜率=41.2% 平均=-2.74% 累计=-100.0%
2026-08-03 23:24:09,366 [INFO]   [stop_t1   ] n=39 胜率=0.0% 平均=-17.74% 累计=-100.0%
2026-08-03 23:24:09,366 [INFO]   [trail_t2  ] n=324 胜率=63.0% 平均=1.37% 累计=3550.7%
2026-08-03 23:24:09,367 [INFO]   score=-1.0 | 月复利=-1.6% | 笔数=408 胜率=60.3% DD=-25.2% | lev=1.25x | 1.7s
2026-08-03 23:24:09,367 [INFO] ========== ZT回测 2025-12-01→2026-07-31 | top=5 board=main entry=open_t1 sample=300 ==========
2026-08-03 23:24:10,662 [INFO] HS300 regime 预计算: 365 天 (bull=203 bear=41 crash=62 unknown=59)
2026-08-03 23:24:10,663 [INFO]   进度 20/162 | trades=0 | skip=6 | 1.3s
2026-08-03 23:24:10,663 [INFO]   进度 40/162 | trades=0 | skip=8 | 1.3s
2026-08-03 23:24:10,663 [INFO]   进度 60/162 | trades=0 | skip=18 | 1.3s
2026-08-03 23:24:10,663 [INFO]   进度 80/162 | trades=0 | skip=36 | 1.3s
2026-08-03 23:24:10,664 [INFO]   进度 100/162 | trades=0 | skip=40 | 1.3s
2026-08-03 23:24:10,664 [INFO]   进度 120/162 | trades=0 | skip=43 | 1.3s
2026-08-03 23:24:10,664 [INFO]   进度 140/162 | trades=0 | skip=50 | 1.3s
2026-08-03 23:24:10,665 [INFO]   进度 160/162 | trades=0 | skip=69 | 1.3s
2026-08-03 23:24:10,665 [INFO] ========== ZT回测完成 | trades=0 | fill_rate=40% | 1.3s ==========
2026-08-03 23:24:10,665 [WARNING]   无任何交易产生！
2026-08-03 23:24:10,665 [INFO]   score=-1000.0 | 月复利=0.0% | 笔数=0 胜率=0.0% DD=0.0% | lev=1.00x | 1.3s
2026-08-03 23:24:10,665 [INFO] ========== ZT回测 2025-12-01→2026-07-31 | top=1 board=main entry=close_t0 sample=300 ==========
2026-08-03 23:24:10,665 [INFO]   进度 20/162 | trades=0 | skip=0 | 0.0s
2026-08-03 23:24:10,666 [INFO]   进度 40/162 | trades=0 | skip=0 | 0.0s
2026-08-03 23:24:10,667 [INFO]   进度 60/162 | trades=0 | skip=0 | 0.0s
2026-08-03 23:24:10,667 [INFO]   进度 80/162 | trades=0 | skip=0 | 0.0s
2026-08-03 23:24:10,668 [INFO]   进度 100/162 | trades=0 | skip=0 | 0.0s
2026-08-03 23:24:10,668 [INFO]   进度 120/162 | trades=0 | skip=0 | 0.0s
2026-08-03 23:24:10,670 [INFO]   进度 140/162 | trades=0 | skip=0 | 0.0s
2026-08-03 23:24:10,672 [INFO]   进度 160/162 | trades=0 | skip=0 | 0.0s
2026-08-03 23:24:10,673 [INFO] ========== ZT回测完成 | trades=0 | fill_rate=20% | 0.0s ==========
2026-08-03 23:24:10,673 [WARNING]   无任何交易产生！
2026-08-03 23:24:10,673 [INFO]   score=-1000.0 | 月复利=0.0% | 笔数=0 胜率=0.0% DD=0.0% | lev=1.25x | 0.0s
2026-08-03 23:24:10,673 [INFO] ========== ZT回测 2025-12-01→2026-07-31 | top=5 board=main entry=open_t1 sample=300 ==========
2026-08-03 23:24:12,147 [INFO] HS300 regime 预计算: 365 天 (bull=203 bear=41 crash=62 unknown=59)
2026-08-03 23:24:12,148 [INFO]   进度 20/162 | trades=0 | skip=6 | 1.5s
2026-08-03 23:24:12,150 [INFO]   进度 40/162 | trades=0 | skip=8 | 1.5s
2026-08-03 23:24:12,151 [INFO]   进度 60/162 | trades=0 | skip=18 | 1.5s
2026-08-03 23:24:12,151 [INFO]   进度 80/162 | trades=0 | skip=36 | 1.5s
2026-08-03 23:24:12,152 [INFO]   进度 100/162 | trades=0 | skip=40 | 1.5s
2026-08-03 23:24:12,153 [INFO]   进度 120/162 | trades=0 | skip=43 | 1.5s
2026-08-03 23:24:12,153 [INFO]   进度 140/162 | trades=0 | skip=50 | 1.5s
2026-08-03 23:24:12,153 [INFO]   进度 160/162 | trades=0 | skip=69 | 1.5s
2026-08-03 23:24:12,153 [INFO] ========== ZT回测完成 | trades=0 | fill_rate=35% | 1.5s ==========
2026-08-03 23:24:12,153 [WARNING]   无任何交易产生！
2026-08-03 23:24:12,153 [INFO]   score=-1000.0 | 月复利=0.0% | 笔数=0 胜率=0.0% DD=0.0% | lev=1.75x | 1.5s
2026-08-03 23:24:12,155 [INFO] ========== ZT回测 2025-12-01→2026-07-31 | top=2 board=main entry=close_t0 sample=300 ==========
2026-08-03 23:24:13,887 [INFO] HS300 regime 预计算: 365 天 (bull=203 bear=41 crash=62 unknown=59)
2026-08-03 23:24:13,888 [INFO]   进度 20/162 | trades=0 | skip=6 | 1.7s
2026-08-03 23:24:13,889 [INFO]   进度 40/162 | trades=0 | skip=8 | 1.7s
2026-08-03 23:24:13,889 [INFO]   进度 60/162 | trades=0 | skip=18 | 1.7s
2026-08-03 23:24:13,889 [INFO]   进度 80/162 | trades=0 | skip=36 | 1.7s
2026-08-03 23:24:13,890 [INFO]   进度 100/162 | trades=0 | skip=40 | 1.7s
2026-08-03 23:24:13,892 [INFO]   进度 120/162 | trades=0 | skip=43 | 1.7s
2026-08-03 23:24:13,892 [INFO]   进度 140/162 | trades=0 | skip=50 | 1.7s
2026-08-03 23:24:13,892 [INFO]   进度 160/162 | trades=0 | skip=69 | 1.7s
2026-08-03 23:24:13,892 [INFO] ========== ZT回测完成 | trades=0 | fill_rate=30% | 1.7s ==========
2026-08-03 23:24:13,892 [WARNING]   无任何交易产生！
2026-08-03 23:24:13,892 [INFO]   score=-1000.0 | 月复利=0.0% | 笔数=0 胜率=0.0% DD=0.0% | lev=2.00x | 1.7s
2026-08-03 23:24:13,893 [INFO] ========== ZT回测 2025-12-01→2026-07-31 | top=5 board=main entry=close_t0 sample=300 ==========
2026-08-03 23:24:15,196 [INFO] HS300 regime 预计算: 365 天 (bull=203 bear=41 crash=62 unknown=59)
2026-08-03 23:24:15,196 [INFO]   进度 20/162 | trades=0 | skip=6 | 1.3s
2026-08-03 23:24:15,197 [INFO]   进度 40/162 | trades=0 | skip=8 | 1.3s
2026-08-03 23:24:15,198 [INFO]   进度 60/162 | trades=0 | skip=18 | 1.3s
2026-08-03 23:24:15,198 [INFO]   进度 80/162 | trades=0 | skip=36 | 1.3s
2026-08-03 23:24:15,199 [INFO]   进度 100/162 | trades=0 | skip=40 | 1.3s
2026-08-03 23:24:15,200 [INFO]   进度 120/162 | trades=0 | skip=43 | 1.3s
2026-08-03 23:24:15,202 [INFO]   进度 140/162 | trades=0 | skip=50 | 1.3s
2026-08-03 23:24:15,202 [INFO]   进度 160/162 | trades=0 | skip=69 | 1.3s
2026-08-03 23:24:15,203 [INFO] ========== ZT回测完成 | trades=0 | fill_rate=30% | 1.3s ==========
2026-08-03 23:24:15,203 [WARNING]   无任何交易产生！
2026-08-03 23:24:15,203 [INFO]   score=-1000.0 | 月复利=0.0% | 笔数=0 胜率=0.0% DD=0.0% | lev=1.50x | 1.3s
2026-08-03 23:24:15,203 [INFO] ========== ZT回测 2025-12-01→2026-07-31 | top=3 board=gem+star entry=open_t1 sample=300 ==========
2026-08-03 23:24:15,204 [INFO]   进度 20/162 | trades=0 | skip=0 | 0.0s
2026-08-03 23:24:15,205 [INFO]   进度 40/162 | trades=0 | skip=0 | 0.0s
2026-08-03 23:24:15,205 [INFO]   进度 60/162 | trades=0 | skip=0 | 0.0s
2026-08-03 23:24:15,206 [INFO]   进度 80/162 | trades=0 | skip=0 | 0.0s
2026-08-03 23:24:15,208 [INFO]   进度 100/162 | trades=0 | skip=0 | 0.0s
2026-08-03 23:24:15,209 [INFO]   进度 120/162 | trades=0 | skip=0 | 0.0s
2026-08-03 23:24:15,212 [INFO]   进度 140/162 | trades=0 | skip=0 | 0.0s
2026-08-03 23:24:15,214 [INFO]   进度 160/162 | trades=0 | skip=0 | 0.0s
2026-08-03 23:24:15,214 [INFO] ========== ZT回测完成 | trades=0 | fill_rate=30% | 0.0s ==========
2026-08-03 23:24:15,214 [WARNING]   无任何交易产生！
2026-08-03 23:24:15,214 [INFO]   score=-1000.0 | 月复利=0.0% | 笔数=0 胜率=0.0% DD=0.0% | lev=1.00x | 0.0s
2026-08-03 23:24:15,214 [INFO] ========== ZT回测 2025-12-01→2026-07-31 | top=2 board=gem+star entry=open_t1 sample=300 ==========
2026-08-03 23:24:15,215 [INFO]   进度 20/162 | trades=0 | skip=0 | 0.0s
2026-08-03 23:24:15,216 [INFO]   进度 40/162 | trades=0 | skip=0 | 0.0s
2026-08-03 23:24:15,217 [INFO]   进度 60/162 | trades=0 | skip=0 | 0.0s
2026-08-03 23:24:15,218 [INFO]   进度 80/162 | trades=0 | skip=0 | 0.0s
2026-08-03 23:24:15,218 [INFO]   进度 100/162 | trades=0 | skip=0 | 0.0s
2026-08-03 23:24:15,219 [INFO]   进度 120/162 | trades=0 | skip=0 | 0.0s
2026-08-03 23:24:15,219 [INFO]   进度 140/162 | trades=0 | skip=0 | 0.0s
2026-08-03 23:24:15,220 [INFO]   进度 160/162 | trades=0 | skip=0 | 0.0s
2026-08-03 23:24:15,220 [INFO] ========== ZT回测完成 | trades=0 | fill_rate=100% | 0.0s ==========
2026-08-03 23:24:15,220 [WARNING]   无任何交易产生！
2026-08-03 23:24:15,220 [INFO]   score=-1000.0 | 月复利=0.0% | 笔数=0 胜率=0.0% DD=0.0% | lev=1.50x | 0.0s
2026-08-03 23:24:15,220 [INFO] ========== ZT回测 2025-12-01→2026-07-31 | top=1 board=gem+star entry=close_t0 sample=300 ==========
2026-08-03 23:24:17,450 [INFO] HS300 regime 预计算: 365 天 (bull=203 bear=41 crash=62 unknown=59)
2026-08-03 23:24:17,459 [INFO]   进度 20/162 | trades=13 | skip=6 | 2.2s
2026-08-03 23:24:17,470 [INFO]   进度 40/162 | trades=31 | skip=8 | 2.3s
2026-08-03 23:24:17,477 [INFO]   进度 60/162 | trades=41 | skip=18 | 2.3s
2026-08-03 23:24:17,478 [INFO]   进度 80/162 | trades=43 | skip=36 | 2.3s
2026-08-03 23:24:17,495 [INFO]   进度 100/162 | trades=59 | skip=40 | 2.3s
2026-08-03 23:24:17,505 [INFO]   进度 120/162 | trades=76 | skip=43 | 2.3s
2026-08-03 23:24:17,513 [INFO]   进度 140/162 | trades=89 | skip=50 | 2.3s
2026-08-03 23:24:17,513 [INFO]   进度 160/162 | trades=90 | skip=69 | 2.3s
2026-08-03 23:24:17,514 [INFO] ========== ZT回测完成 | trades=90 | fill_rate=20% | 2.3s ==========
2026-08-03 23:24:17,602 [INFO]   笔数=90 | 胜率=80.0% | 平均=0.51% | 日均=0.63% | 总收益=57.0% | 最大回撤=-6.3%
2026-08-03 23:24:17,602 [INFO]   [best      ] n=90 胜率=80.0% 平均=1.35% 累计=232.2%
2026-08-03 23:24:17,602 [INFO]   [close_t1  ] n=90 胜率=43.3% 平均=-0.43% 累计=-33.1%
2026-08-03 23:24:17,602 [INFO]   [close_t2  ] n=90 胜率=41.1% 平均=-0.31% 累计=-25.9%
2026-08-03 23:24:17,602 [INFO]   [close_t3  ] n=90 胜率=42.2% 平均=-0.42% 累计=-34.0%
2026-08-03 23:24:17,602 [INFO]   [gap_t1    ] n=90 胜率=44.4% 平均=-0.10% 累计=-8.7%
2026-08-03 23:24:17,602 [INFO]   [open_t2   ] n=90 胜率=41.1% 平均=-0.49% 累计=-36.9%
2026-08-03 23:24:17,602 [INFO]   [stop_t1   ] n=8 胜率=0.0% 平均=-2.72% 累计=-19.8%
2026-08-03 23:24:17,602 [INFO]   [trail_t2  ] n=77 胜率=84.4% 平均=0.65% 累计=63.9%
2026-08-03 23:24:17,602 [INFO]   score=13.9 | 月复利=10.0% | 笔数=90 胜率=80.0% DD=-11.2% | lev=1.75x | 2.4s
2026-08-03 23:24:17,603 [INFO] ========== ZT回测 2025-12-01→2026-07-31 | top=5 board=all entry=open_t1 sample=300 ==========
2026-08-03 23:24:18,816 [INFO] HS300 regime 预计算: 365 天 (bull=203 bear=41 crash=62 unknown=59)
2026-08-03 23:24:18,817 [INFO]   进度 20/162 | trades=0 | skip=6 | 1.2s
2026-08-03 23:24:18,817 [INFO]   进度 40/162 | trades=0 | skip=8 | 1.2s
2026-08-03 23:24:18,817 [INFO]   进度 60/162 | trades=0 | skip=18 | 1.2s
2026-08-03 23:24:18,817 [INFO]   进度 80/162 | trades=0 | skip=36 | 1.2s
2026-08-03 23:24:18,818 [INFO]   进度 100/162 | trades=0 | skip=40 | 1.2s
2026-08-03 23:24:18,818 [INFO]   进度 120/162 | trades=0 | skip=43 | 1.2s
2026-08-03 23:24:18,818 [INFO]   进度 140/162 | trades=0 | skip=50 | 1.2s
2026-08-03 23:24:18,818 [INFO]   进度 160/162 | trades=0 | skip=69 | 1.2s
2026-08-03 23:24:18,818 [INFO] ========== ZT回测完成 | trades=0 | fill_rate=35% | 1.2s ==========
2026-08-03 23:24:18,818 [WARNING]   无任何交易产生！
2026-08-03 23:24:18,818 [INFO]   score=-1000.0 | 月复利=0.0% | 笔数=0 胜率=0.0% DD=0.0% | lev=1.00x | 1.2s
2026-08-03 23:24:18,819 [INFO] ========== ZT回测 2025-12-01→2026-07-31 | top=1 board=all entry=close_t0 sample=300 ==========
2026-08-03 23:24:18,819 [INFO]   进度 20/162 | trades=0 | skip=0 | 0.0s
2026-08-03 23:24:18,820 [INFO]   进度 40/162 | trades=0 | skip=0 | 0.0s
2026-08-03 23:24:18,820 [INFO]   进度 60/162 | trades=0 | skip=0 | 0.0s
2026-08-03 23:24:18,821 [INFO]   进度 80/162 | trades=0 | skip=0 | 0.0s
2026-08-03 23:24:18,821 [INFO]   进度 100/162 | trades=0 | skip=0 | 0.0s
2026-08-03 23:24:18,822 [INFO]   进度 120/162 | trades=0 | skip=0 | 0.0s
2026-08-03 23:24:18,822 [INFO]   进度 140/162 | trades=0 | skip=0 | 0.0s
2026-08-03 23:24:18,823 [INFO]   进度 160/162 | trades=0 | skip=0 | 0.0s
2026-08-03 23:24:18,823 [INFO] ========== ZT回测完成 | trades=0 | fill_rate=100% | 0.0s ==========
2026-08-03 23:24:18,823 [WARNING]   无任何交易产生！
2026-08-03 23:24:18,823 [INFO]   score=-1000.0 | 月复利=0.0% | 笔数=0 胜率=0.0% DD=0.0% | lev=1.00x | 0.0s
2026-08-03 23:24:18,824 [INFO] ========== ZT回测 2025-12-01→2026-07-31 | top=2 board=all entry=close_t0 sample=300 ==========
2026-08-03 23:24:20,096 [INFO] HS300 regime 预计算: 365 天 (bull=203 bear=41 crash=62 unknown=59)
2026-08-03 23:24:20,096 [INFO]   进度 20/162 | trades=0 | skip=6 | 1.3s
2026-08-03 23:24:20,098 [INFO]   进度 40/162 | trades=0 | skip=8 | 1.3s
2026-08-03 23:24:20,099 [INFO]   进度 60/162 | trades=0 | skip=18 | 1.3s
2026-08-03 23:24:20,099 [INFO]   进度 80/162 | trades=0 | skip=36 | 1.3s
2026-08-03 23:24:20,100 [INFO]   进度 100/162 | trades=0 | skip=40 | 1.3s
2026-08-03 23:24:20,101 [INFO]   进度 120/162 | trades=0 | skip=43 | 1.3s
2026-08-03 23:24:20,102 [INFO]   进度 140/162 | trades=0 | skip=50 | 1.3s
2026-08-03 23:24:20,102 [INFO]   进度 160/162 | trades=0 | skip=69 | 1.3s
2026-08-03 23:24:20,102 [INFO] ========== ZT回测完成 | trades=0 | fill_rate=25% | 1.3s ==========
2026-08-03 23:24:20,102 [WARNING]   无任何交易产生！
2026-08-03 23:24:20,102 [INFO]   score=-1000.0 | 月复利=0.0% | 笔数=0 胜率=0.0% DD=0.0% | lev=1.25x | 1.3s
2026-08-03 23:24:20,103 [INFO] ========== ZT回测 2025-12-01→2026-07-31 | top=3 board=gem+star entry=close_t0 sample=300 ==========
2026-08-03 23:24:21,439 [INFO] HS300 regime 预计算: 365 天 (bull=203 bear=41 crash=62 unknown=59)
2026-08-03 23:24:21,439 [INFO]   进度 20/162 | trades=0 | skip=6 | 1.3s
2026-08-03 23:24:21,441 [INFO]   进度 40/162 | trades=0 | skip=8 | 1.3s
2026-08-03 23:24:21,442 [INFO]   进度 60/162 | trades=0 | skip=18 | 1.3s
2026-08-03 23:24:21,442 [INFO]   进度 80/162 | trades=0 | skip=36 | 1.3s
2026-08-03 23:24:21,443 [INFO]   进度 100/162 | trades=0 | skip=40 | 1.3s
2026-08-03 23:24:21,444 [INFO]   进度 120/162 | trades=0 | skip=43 | 1.3s
2026-08-03 23:24:21,444 [INFO]   进度 140/162 | trades=0 | skip=50 | 1.3s
2026-08-03 23:24:21,445 [INFO]   进度 160/162 | trades=0 | skip=69 | 1.3s
2026-08-03 23:24:21,445 [INFO] ========== ZT回测完成 | trades=0 | fill_rate=25% | 1.3s ==========
2026-08-03 23:24:21,445 [WARNING]   无任何交易产生！
2026-08-03 23:24:21,445 [INFO]   score=-1000.0 | 月复利=0.0% | 笔数=0 胜率=0.0% DD=0.0% | lev=1.00x | 1.3s
2026-08-03 23:24:21,445 [INFO] ========== ZT回测 2025-12-01→2026-07-31 | top=5 board=all entry=close_t0 sample=300 ==========
2026-08-03 23:24:21,445 [INFO]   进度 20/162 | trades=0 | skip=0 | 0.0s
2026-08-03 23:24:21,446 [INFO]   进度 40/162 | trades=0 | skip=0 | 0.0s
2026-08-03 23:24:21,447 [INFO]   进度 60/162 | trades=0 | skip=0 | 0.0s
2026-08-03 23:24:21,447 [INFO]   进度 80/162 | trades=0 | skip=0 | 0.0s
2026-08-03 23:24:21,448 [INFO]   进度 100/162 | trades=0 | skip=0 | 0.0s
2026-08-03 23:24:21,449 [INFO]   进度 120/162 | trades=0 | skip=0 | 0.0s
2026-08-03 23:24:21,451 [INFO]   进度 140/162 | trades=0 | skip=0 | 0.0s
2026-08-03 23:24:21,452 [INFO]   进度 160/162 | trades=0 | skip=0 | 0.0s
2026-08-03 23:24:21,452 [INFO] ========== ZT回测完成 | trades=0 | fill_rate=100% | 0.0s ==========
2026-08-03 23:24:21,452 [WARNING]   无任何交易产生！
2026-08-03 23:24:21,452 [INFO]   score=-1000.0 | 月复利=0.0% | 笔数=0 胜率=0.0% DD=0.0% | lev=1.25x | 0.0s
2026-08-03 23:24:21,452 [INFO] ========== ZT回测 2025-12-01→2026-07-31 | top=2 board=gem+star entry=close_t0 sample=300 ==========
2026-08-03 23:24:22,696 [INFO] HS300 regime 预计算: 365 天 (bull=203 bear=41 crash=62 unknown=59)
2026-08-03 23:24:22,697 [INFO]   进度 20/162 | trades=0 | skip=6 | 1.2s
2026-08-03 23:24:22,697 [INFO]   进度 40/162 | trades=0 | skip=8 | 1.2s
2026-08-03 23:24:22,698 [INFO]   进度 60/162 | trades=0 | skip=18 | 1.2s
2026-08-03 23:24:22,698 [INFO]   进度 80/162 | trades=0 | skip=36 | 1.2s
2026-08-03 23:24:22,698 [INFO]   进度 100/162 | trades=0 | skip=40 | 1.2s
2026-08-03 23:24:22,698 [INFO]   进度 120/162 | trades=0 | skip=43 | 1.2s
2026-08-03 23:24:22,698 [INFO]   进度 140/162 | trades=0 | skip=50 | 1.2s
2026-08-03 23:24:22,698 [INFO]   进度 160/162 | trades=0 | skip=69 | 1.2s
2026-08-03 23:24:22,698 [INFO] ========== ZT回测完成 | trades=0 | fill_rate=100% | 1.2s ==========
2026-08-03 23:24:22,699 [WARNING]   无任何交易产生！
2026-08-03 23:24:22,699 [INFO]   score=-1000.0 | 月复利=0.0% | 笔数=0 胜率=0.0% DD=0.0% | lev=1.75x | 1.2s
2026-08-03 23:24:22,699 [INFO] ========== ZT回测 2025-12-01→2026-07-31 | top=2 board=main entry=close_t0 sample=300 ==========
2026-08-03 23:24:22,717 [INFO]   进度 20/162 | trades=38 | skip=0 | 0.0s
2026-08-03 23:24:22,736 [INFO]   进度 40/162 | trades=78 | skip=0 | 0.0s
2026-08-03 23:24:22,757 [INFO]   进度 60/162 | trades=118 | skip=0 | 0.1s
2026-08-03 23:24:22,777 [INFO]   进度 80/162 | trades=156 | skip=0 | 0.1s
2026-08-03 23:24:22,795 [INFO]   进度 100/162 | trades=196 | skip=0 | 0.1s
2026-08-03 23:24:22,814 [INFO]   进度 120/162 | trades=236 | skip=0 | 0.1s
2026-08-03 23:24:22,833 [INFO]   进度 140/162 | trades=276 | skip=0 | 0.1s
2026-08-03 23:24:22,852 [INFO]   进度 160/162 | trades=316 | skip=0 | 0.2s
2026-08-03 23:24:22,854 [INFO] ========== ZT回测完成 | trades=318 | fill_rate=20% | 0.2s ==========
2026-08-03 23:24:22,987 [INFO]   笔数=318 | 胜率=78.9% | 平均=0.51% | 日均=2.44% | 总收益=388.7% | 最大回撤=-12.7%
2026-08-03 23:24:22,987 [INFO]   [best      ] n=318 胜率=81.8% 平均=1.25% 累计=4900.3%
2026-08-03 23:24:22,987 [INFO]   [close_t1  ] n=318 胜率=42.8% 平均=-0.38% 累计=-70.9%
2026-08-03 23:24:22,987 [INFO]   [close_t2  ] n=317 胜率=38.8% 平均=-0.42% 累计=-75.4%
2026-08-03 23:24:22,987 [INFO]   [close_t3  ] n=315 胜率=38.7% 平均=-0.54% 累计=-83.5%
2026-08-03 23:24:22,987 [INFO]   [gap_t1    ] n=318 胜率=34.9% 平均=-0.29% 累计=-61.2%
2026-08-03 23:24:22,987 [INFO]   [open_t2   ] n=317 胜率=37.5% 平均=-0.43% 累计=-76.1%
2026-08-03 23:24:22,987 [INFO]   [stop_t1   ] n=31 胜率=0.0% 平均=-2.72% 累计=-57.4%
2026-08-03 23:24:22,987 [INFO]   [trail_t2  ] n=277 胜率=77.3% 平均=0.49% 累计=283.8%
2026-08-03 23:24:22,987 [INFO]   score=7.8 | 月复利=5.2% | 笔数=318 胜率=78.9% DD=-3.3% | lev=1.00x | 0.3s
2026-08-03 23:24:22,987 [INFO] ========== ZT回测 2025-12-01→2026-07-31 | top=2 board=gem+star entry=open_t1 sample=300 ==========
2026-08-03 23:24:22,988 [INFO]   进度 20/162 | trades=0 | skip=0 | 0.0s
2026-08-03 23:24:22,988 [INFO]   进度 40/162 | trades=0 | skip=0 | 0.0s
2026-08-03 23:24:22,988 [INFO]   进度 60/162 | trades=0 | skip=0 | 0.0s
2026-08-03 23:24:22,989 [INFO]   进度 80/162 | trades=0 | skip=0 | 0.0s
2026-08-03 23:24:22,989 [INFO]   进度 100/162 | trades=0 | skip=0 | 0.0s
2026-08-03 23:24:22,989 [INFO]   进度 120/162 | trades=0 | skip=0 | 0.0s
2026-08-03 23:24:22,990 [INFO]   进度 140/162 | trades=0 | skip=0 | 0.0s
2026-08-03 23:24:22,991 [INFO]   进度 160/162 | trades=0 | skip=0 | 0.0s
2026-08-03 23:24:22,991 [INFO] ========== ZT回测完成 | trades=0 | fill_rate=100% | 0.0s ==========
2026-08-03 23:24:22,991 [WARNING]   无任何交易产生！
2026-08-03 23:24:22,991 [INFO]   score=-1000.0 | 月复利=0.0% | 笔数=0 胜率=0.0% DD=0.0% | lev=1.25x | 0.0s
2026-08-03 23:24:22,991 [INFO] ========== ZT回测 2025-12-01→2026-07-31 | top=1 board=gem+star entry=open_t1 sample=300 ==========
2026-08-03 23:24:24,186 [INFO] HS300 regime 预计算: 365 天 (bull=203 bear=41 crash=62 unknown=59)
2026-08-03 23:24:24,186 [INFO]   进度 20/162 | trades=0 | skip=6 | 1.2s
2026-08-03 23:24:24,187 [INFO]   进度 40/162 | trades=0 | skip=8 | 1.2s
2026-08-03 23:24:24,187 [INFO]   进度 60/162 | trades=0 | skip=18 | 1.2s
2026-08-03 23:24:24,187 [INFO]   进度 80/162 | trades=0 | skip=36 | 1.2s
2026-08-03 23:24:24,187 [INFO]   进度 100/162 | trades=0 | skip=40 | 1.2s
2026-08-03 23:24:24,188 [INFO]   进度 120/162 | trades=0 | skip=43 | 1.2s
2026-08-03 23:24:24,188 [INFO]   进度 140/162 | trades=0 | skip=50 | 1.2s
2026-08-03 23:24:24,188 [INFO]   进度 160/162 | trades=0 | skip=69 | 1.2s
2026-08-03 23:24:24,188 [INFO] ========== ZT回测完成 | trades=0 | fill_rate=25% | 1.2s ==========
2026-08-03 23:24:24,188 [WARNING]   无任何交易产生！
2026-08-03 23:24:24,188 [INFO]   score=-1000.0 | 月复利=0.0% | 笔数=0 胜率=0.0% DD=0.0% | lev=1.00x | 1.2s
2026-08-03 23:24:24,188 [INFO] ========== ZT回测 2025-12-01→2026-07-31 | top=3 board=gem+star entry=close_t0 sample=300 ==========
2026-08-03 23:24:25,486 [INFO] HS300 regime 预计算: 365 天 (bull=203 bear=41 crash=62 unknown=59)
2026-08-03 23:24:25,487 [INFO]   进度 20/162 | trades=0 | skip=6 | 1.3s
2026-08-03 23:24:25,488 [INFO]   进度 40/162 | trades=0 | skip=8 | 1.3s
2026-08-03 23:24:25,488 [INFO]   进度 60/162 | trades=0 | skip=18 | 1.3s
2026-08-03 23:24:25,488 [INFO]   进度 80/162 | trades=0 | skip=36 | 1.3s
2026-08-03 23:24:25,488 [INFO]   进度 100/162 | trades=0 | skip=40 | 1.3s
2026-08-03 23:24:25,489 [INFO]   进度 120/162 | trades=0 | skip=43 | 1.3s
2026-08-03 23:24:25,492 [INFO]   进度 140/162 | trades=0 | skip=50 | 1.3s
2026-08-03 23:24:25,492 [INFO]   进度 160/162 | trades=0 | skip=69 | 1.3s
2026-08-03 23:24:25,492 [INFO] ========== ZT回测完成 | trades=0 | fill_rate=100% | 1.3s ==========
2026-08-03 23:24:25,492 [WARNING]   无任何交易产生！
2026-08-03 23:24:25,492 [INFO]   score=-1000.0 | 月复利=0.0% | 笔数=0 胜率=0.0% DD=0.0% | lev=1.50x | 1.3s
2026-08-03 23:24:25,493 [INFO] ========== ZT回测 2025-12-01→2026-07-31 | top=5 board=all entry=close_t0 sample=300 ==========
2026-08-03 23:24:25,539 [INFO]   进度 20/162 | trades=43 | skip=0 | 0.0s
2026-08-03 23:24:25,584 [INFO]   进度 40/162 | trades=99 | skip=0 | 0.1s
2026-08-03 23:24:25,605 [INFO]   进度 60/162 | trades=141 | skip=0 | 0.1s
2026-08-03 23:24:25,622 [INFO]   进度 80/162 | trades=168 | skip=0 | 0.1s
2026-08-03 23:24:25,637 [INFO]   进度 100/162 | trades=185 | skip=0 | 0.1s
2026-08-03 23:24:25,657 [INFO]   进度 120/162 | trades=217 | skip=0 | 0.2s
2026-08-03 23:24:25,683 [INFO]   进度 140/162 | trades=251 | skip=0 | 0.2s
2026-08-03 23:24:25,697 [INFO]   进度 160/162 | trades=271 | skip=0 | 0.2s
2026-08-03 23:24:25,697 [INFO] ========== ZT回测完成 | trades=272 | fill_rate=35% | 0.2s ==========
2026-08-03 23:24:25,864 [INFO]   笔数=272 | 胜率=89.3% | 平均=1.45% | 日均=38.32% | 总收益=4675.1% | 最大回撤=-17.9%
2026-08-03 23:24:25,864 [INFO]   [best      ] n=272 胜率=90.1% 平均=3.46% 累计=978566.9%
2026-08-03 23:24:25,864 [INFO]   [close_t1  ] n=272 胜率=63.6% 平均=0.39% 累计=165.0%
2026-08-03 23:24:25,864 [INFO]   [close_t2  ] n=271 胜率=57.6% 平均=1.25% 累计=2252.3%
2026-08-03 23:24:25,864 [INFO]   [close_t3  ] n=271 胜率=57.2% 平均=1.48% 累计=3563.8%
2026-08-03 23:24:25,864 [INFO]   [gap_t1    ] n=272 胜率=63.2% 平均=0.59% 累计=378.1%
2026-08-03 23:24:25,864 [INFO]   [open_t2   ] n=271 胜率=56.5% 平均=0.87% 累计=753.9%
2026-08-03 23:24:25,864 [INFO]   [stop_t1   ] n=8 胜率=0.0% 平均=-4.77% 累计=-32.4%
2026-08-03 23:24:25,864 [INFO]   [trail_t2  ] n=248 胜率=94.3% 平均=1.56% 累计=4508.1%
2026-08-03 23:24:25,864 [INFO]   score=6.8 | 月复利=4.3% | 笔数=272 胜率=89.3% DD=-1.6% | lev=1.00x | 0.4s
2026-08-03 23:24:25,864 [INFO] ========== ZT回测 2025-12-01→2026-07-31 | top=5 board=all entry=close_t0 sample=300 ==========
2026-08-03 23:24:25,864 [INFO]   进度 20/162 | trades=0 | skip=0 | 0.0s
2026-08-03 23:24:25,865 [INFO]   进度 40/162 | trades=0 | skip=0 | 0.0s
2026-08-03 23:24:25,866 [INFO]   进度 60/162 | trades=0 | skip=0 | 0.0s
2026-08-03 23:24:25,866 [INFO]   进度 80/162 | trades=0 | skip=0 | 0.0s
2026-08-03 23:24:25,867 [INFO]   进度 100/162 | trades=0 | skip=0 | 0.0s
2026-08-03 23:24:25,867 [INFO]   进度 120/162 | trades=0 | skip=0 | 0.0s
2026-08-03 23:24:25,868 [INFO]   进度 140/162 | trades=0 | skip=0 | 0.0s
2026-08-03 23:24:25,868 [INFO]   进度 160/162 | trades=0 | skip=0 | 0.0s
2026-08-03 23:24:25,868 [INFO] ========== ZT回测完成 | trades=0 | fill_rate=25% | 0.0s ==========
2026-08-03 23:24:25,868 [WARNING]   无任何交易产生！
2026-08-03 23:24:25,868 [INFO]   score=-1000.0 | 月复利=0.0% | 笔数=0 胜率=0.0% DD=0.0% | lev=1.00x | 0.0s
2026-08-03 23:24:25,869 [INFO] ========== ZT回测 2025-12-01→2026-07-31 | top=5 board=all entry=open_t1 sample=300 ==========
2026-08-03 23:24:27,329 [INFO] HS300 regime 预计算: 365 天 (bull=203 bear=41 crash=62 unknown=59)
2026-08-03 23:24:27,330 [INFO]   进度 20/162 | trades=0 | skip=6 | 1.5s
2026-08-03 23:24:27,331 [INFO]   进度 40/162 | trades=0 | skip=8 | 1.5s
2026-08-03 23:24:27,331 [INFO]   进度 60/162 | trades=0 | skip=18 | 1.5s
2026-08-03 23:24:27,331 [INFO]   进度 80/162 | trades=0 | skip=36 | 1.5s
2026-08-03 23:24:27,331 [INFO]   进度 100/162 | trades=0 | skip=40 | 1.5s
2026-08-03 23:24:27,331 [INFO]   进度 120/162 | trades=0 | skip=43 | 1.5s
2026-08-03 23:24:27,332 [INFO]   进度 140/162 | trades=0 | skip=50 | 1.5s
2026-08-03 23:24:27,332 [INFO]   进度 160/162 | trades=0 | skip=69 | 1.5s
2026-08-03 23:24:27,333 [INFO] ========== ZT回测完成 | trades=0 | fill_rate=25% | 1.5s ==========
2026-08-03 23:24:27,333 [WARNING]   无任何交易产生！
2026-08-03 23:24:27,333 [INFO]   score=-1000.0 | 月复利=0.0% | 笔数=0 胜率=0.0% DD=0.0% | lev=2.00x | 1.5s
2026-08-03 23:24:27,333 [INFO] ========== ZT回测 2025-12-01→2026-07-31 | top=1 board=gem+star entry=close_t0 sample=300 ==========
2026-08-03 23:24:28,748 [INFO] HS300 regime 预计算: 365 天 (bull=203 bear=41 crash=62 unknown=59)
2026-08-03 23:24:28,748 [INFO]   进度 20/162 | trades=0 | skip=6 | 1.4s
2026-08-03 23:24:28,749 [INFO]   进度 40/162 | trades=0 | skip=8 | 1.4s
2026-08-03 23:24:28,750 [INFO]   进度 60/162 | trades=0 | skip=18 | 1.4s
2026-08-03 23:24:28,750 [INFO]   进度 80/162 | trades=0 | skip=36 | 1.4s
2026-08-03 23:24:28,751 [INFO]   进度 100/162 | trades=0 | skip=40 | 1.4s
2026-08-03 23:24:28,751 [INFO]   进度 120/162 | trades=0 | skip=43 | 1.4s
2026-08-03 23:24:28,752 [INFO]   进度 140/162 | trades=0 | skip=50 | 1.4s
2026-08-03 23:24:28,752 [INFO]   进度 160/162 | trades=0 | skip=69 | 1.4s
2026-08-03 23:24:28,752 [INFO] ========== ZT回测完成 | trades=0 | fill_rate=100% | 1.4s ==========
2026-08-03 23:24:28,752 [WARNING]   无任何交易产生！
2026-08-03 23:24:28,752 [INFO]   score=-1000.0 | 月复利=0.0% | 笔数=0 胜率=0.0% DD=0.0% | lev=1.25x | 1.4s
2026-08-03 23:24:28,752 [INFO] ========== ZT回测 2025-12-01→2026-07-31 | top=2 board=gem+star entry=open_t1 sample=300 ==========
2026-08-03 23:24:30,014 [INFO] HS300 regime 预计算: 365 天 (bull=203 bear=41 crash=62 unknown=59)
2026-08-03 23:24:30,014 [INFO]   进度 20/162 | trades=0 | skip=6 | 1.3s
2026-08-03 23:24:30,016 [INFO]   进度 40/162 | trades=0 | skip=8 | 1.3s
2026-08-03 23:24:30,017 [INFO]   进度 60/162 | trades=0 | skip=18 | 1.3s
2026-08-03 23:24:30,017 [INFO]   进度 80/162 | trades=0 | skip=36 | 1.3s
2026-08-03 23:24:30,018 [INFO]   进度 100/162 | trades=0 | skip=40 | 1.3s
2026-08-03 23:24:30,019 [INFO]   进度 120/162 | trades=0 | skip=43 | 1.3s
2026-08-03 23:24:30,020 [INFO]   进度 140/162 | trades=0 | skip=50 | 1.3s
2026-08-03 23:24:30,020 [INFO]   进度 160/162 | trades=0 | skip=69 | 1.3s
2026-08-03 23:24:30,020 [INFO] ========== ZT回测完成 | trades=0 | fill_rate=20% | 1.3s ==========
2026-08-03 23:24:30,020 [WARNING]   无任何交易产生！
2026-08-03 23:24:30,020 [INFO]   score=-1000.0 | 月复利=0.0% | 笔数=0 胜率=0.0% DD=0.0% | lev=2.00x | 1.3s
2026-08-03 23:24:30,020 [INFO] ========== ZT回测 2025-12-01→2026-07-31 | top=1 board=all entry=open_t1 sample=300 ==========
